response_id,birth_year,gender,industry,occupation,org_size,is_manager,household_type,tenure,location,remote_time_last_year,preferred_remote_last_year,remote_time_last_3months,org_encouraged_remote,org_prepared,remote_was_common,easy_permission,easy_collaboration,preferred_remote_last_3months,post_covid_preference,expect_employer_encourage,expect_employer_changes,expect_more_choice,productivity_remote,office_commute_hrs,office_working_hrs,office_personal_hrs,office_caring_hrs,remote_commute_hrs,remote_working_hrs,remote_personal_hrs,remote_caring_hrs,year
1,1972,Female,Manufacturing,Clerical and administrative ,Between 20 and 199,No,Couple with no dependent children,More than 5 years,Regional,Rarely or never ,I would not have preferred to work remotely ,90%,Strongly agree,Somewhat agree,Somewhat agree,Strongly agree,Somewhat agree,80%,90%,Somewhat disagree,Somewhat disagree,Strongly disagree,I’m 50% more productive when working remotely (or more),2.0,8.0,2.0,2.0,0.5,8.0,3.5,2.0,2020
2,1972,Male,Wholesale Trade,Managers,Between 1 and 4,Yes,Couple with dependent children,More than 5 years,Metro,20%,20%,20%,Somewhat agree,Somewhat agree,Somewhat agree,Somewhat agree,Somewhat agree,20%,20%,Somewhat agree,Somewhat agree,Somewhat agree,I’m 20% less productive when working remotely,2.0,7.0,3.0,3.0,0.0,7.0,3.0,3.0,2020
3,1982,Male,"Electricity, Gas, Water and Waste Services",Managers,More than 200,Yes,One  parent family with dependent children,More than 5 years,Metro,60%,50% - About half of my time,50% - I spent about half of my time remote working,Neither agree nor disagree,Somewhat agree,Somewhat agree,Neither agree nor disagree,Somewhat agree,60%,60%,Somewhat agree,Somewhat agree,Somewhat agree,I’m 10% less productive when working remotely,6.0,1.0,6.0,5.0,5.0,2.0,7.0,7.0,2020
4,1987,Female,"Professional, Scientific and Technical Services",Professionals,Between 20 and 199,No,Couple with dependent children,Between 1 and 5 years,Metro,20%,50% - About half of my time,100% - I spent all of my time remote working,Strongly agree,Somewhat disagree,Somewhat agree,Strongly agree,Strongly agree,100% - All of my time,100% - All of my time,Somewhat agree,Strongly agree,Somewhat agree,My productivity is about same when I work remotely,1.0,9.0,1.0,2.0,0.0,9.0,3.0,2.0,2020
5,1991,Male,"Transport, Postal and Warehousing",Managers,Between 5 and 19,Yes,Couple with no dependent children,More than 5 years,Metro,Less than 10% of my time,60%,90%,Somewhat disagree,Somewhat agree,Strongly agree,Somewhat disagree,Somewhat agree,100% - All of my time,60%,Strongly disagree,Strongly disagree,Strongly disagree,I’m 20% more productive when working remotely,1.0,8.0,13.0,2.0,0.0,6.0,15.0,3.0,2020
6,1989,Male,Retail Trade,Sales ,Between 20 and 199,No,Single person,Between 1 and 5 years,Metro,Less than 10% of my time,40%,70%,Strongly agree,Strongly agree,Strongly agree,Strongly agree,Strongly agree,50% - About half of my time,50% - About half of my time,Somewhat agree,Somewhat agree,Somewhat agree,My productivity is about same when I work remotely,1.0,8.0,2.0,2.0,0.0,7.0,3.0,3.0,2020
7,1973,Male,Financial and Insurance Services,Clerical and administrative ,More than 200,No,Couple with dependent children,More than 5 years,Metro,Rarely or never ,70%,100% - I spent all of my time remote working,Strongly agree,Somewhat agree,Strongly agree,Strongly disagree,Strongly agree,100% - All of my time,90%,Somewhat agree,Strongly agree,Strongly agree,I’m 50% more productive when working remotely (or more),2.0,8.0,4.0,1.0,0.0,8.0,5.0,3.0,2020
8,1992,Male,Manufacturing,Managers,Between 5 and 19,Yes,Couple with dependent children,Between 6 and 12 months,Metro,80%,90%,90%,Strongly agree,Strongly agree,Somewhat agree,Somewhat agree,Strongly agree,80%,80%,Somewhat agree,Somewhat agree,Strongly agree,I’m 30% less productive when working remotely,1.0,8.0,4.0,3.0,0.4,6.0,4.0,6.0,2020
9,1977,Male,Administrative and Support Services,Clerical and administrative ,More than 200,No,Single person,More than 5 years,Metro,60%,60%,60%,Strongly agree,Somewhat agree,Strongly agree,Somewhat agree,Somewhat agree,70%,20%,Neither agree nor disagree,Neither agree nor disagree,Somewhat disagree,I’m 30% more productive when working remotely,0.0,8.0,12.0,4.0,0.0,8.0,13.0,1.0,2020
10,1985,Male,"Electricity, Gas, Water and Waste Services",Managers,More than 200,No,Group household,More than 5 years,Metro,20%,20%,40%,Strongly agree,Somewhat agree,Strongly agree,Strongly agree,Neither agree nor disagree,I would not have preferred to work remotely ,I would prefer not to work remotely ,Somewhat agree,Somewhat agree,Somewhat agree,I’m 20% less productive when working remotely,3.0,8.5,4.0,2.0,1.0,8.5,6.0,2.0,2020
11,1980,Female,Administrative and Support Services,Clerical and administrative ,More than 200,No,Single person,Between 6 and 12 months,Metro,Rarely or never ,70%,100% - I spent all of my time remote working,Strongly agree,Strongly agree,Neither agree nor disagree,Strongly agree,Strongly agree,100% - All of my time,70%,Somewhat agree,Somewhat agree,Somewhat agree,My productivity is about same when I work remotely,3.0,8.0,3.0,2.0,0.5,8.0,5.0,2.0,2020
12,1989,Male,Financial and Insurance Services,Professionals,More than 200,No,Couple with no dependent children,More than 5 years,Metro,Rarely or never ,40%,100% - I spent all of my time remote working,Strongly agree,Somewhat agree,Strongly agree,Strongly agree,Somewhat agree,100% - All of my time,50% - About half of my time,Somewhat agree,Somewhat agree,Somewhat agree,I’m 10% more productive when working remotely,2.0,10.0,3.0,2.0,0.5,12.0,4.0,2.0,2020
13,1994,Female,Financial and Insurance Services,Professionals,More than 200,No,Single person,Between 6 and 12 months,Metro,100% - I spent all of my time remote working,50% - About half of my time,100% - I spent all of my time remote working,Strongly agree,Strongly agree,Strongly agree,Strongly agree,Strongly agree,50% - About half of my time,50% - About half of my time,Somewhat agree,Somewhat agree,Strongly agree,I’m 10% less productive when working remotely,2.0,8.0,1.0,1.0,0.0,9.0,2.0,1.0,2020
14,1970,Female,"Professional, Scientific and Technical Services",Managers,Between 20 and 199,Yes,Couple with no dependent children,Between 1 and 5 years,Metro,40%,50% - About half of my time,80%,Somewhat agree,Somewhat agree,Somewhat agree,Somewhat agree,Somewhat agree,80%,80%,Neither agree nor disagree,Somewhat agree,Somewhat agree,I’m 50% more productive when working remotely (or more),1.0,12.0,4.0,1.0,0.0,13.0,5.0,1.0,2020
15,1962,Female,Construction,Clerical and administrative ,Between 5 and 19,No,Couple with dependent children,More than 5 years,Metro,40%,50% - About half of my time,50% - I spent about half of my time remote working,Somewhat agree,Strongly agree,Neither agree nor disagree,Strongly agree,Somewhat agree,50% - About half of my time,50% - About half of my time,Strongly agree,Somewhat agree,Strongly agree,My productivity is about same when I work remotely,1.0,5.0,3.0,2.0,0.5,5.0,4.0,2.0,2020
16,1959,Male,Health Care and Social Assistance,Professionals,More than 200,Yes,Couple with no dependent children,Between 1 and 5 years,Metro,Rarely or never ,50% - About half of my time,100% - I spent all of my time remote working,Strongly agree,Somewhat agree,Strongly agree,Strongly agree,Somewhat agree,80%,80%,Somewhat agree,Somewhat agree,Strongly agree,My productivity is about same when I work remotely,2.5,8.0,4.0,1.5,0.5,9.0,6.0,2.0,2020
17,1971,Female,"Transport, Postal and Warehousing",Clerical and administrative ,Between 1 and 4,No,Couple with no dependent children,More than 5 years,Metro,Rarely or never ,50% - About half of my time,80%,Somewhat agree,Somewhat agree,Somewhat agree,Somewhat agree,Somewhat agree,100% - All of my time,50% - About half of my time,Neither agree nor disagree,Neither agree nor disagree,Neither agree nor disagree,I’m 50% more productive when working remotely (or more),0.5,8.0,2.0,2.0,0.25,9.0,2.0,2.0,2020
18,1960,Male,Financial and Insurance Services,Professionals,More than 200,Yes,Couple with no dependent children,Between 1 and 5 years,Metro,Less than 10% of my time,40%,10%,Strongly agree,Neither agree nor disagree,Strongly agree,Strongly agree,Somewhat disagree,40%,40%,Somewhat disagree,Somewhat agree,Strongly agree,I’m 30% less productive when working remotely,3.0,10.0,2.0,2.0,1.0,12.0,2.0,2.0,2020
19,1966,Male,"Professional, Scientific and Technical Services",Sales ,Between 5 and 19,Yes,Couple with dependent children,Between 6 and 12 months,Metro,50% - I spent about half of my time remote working,50% - About half of my time,30%,Strongly agree,Strongly agree,Strongly agree,Strongly agree,Strongly agree,30%,50% - About half of my time,Strongly agree,Strongly agree,Strongly agree,I’m 50% more productive when working remotely (or more),0.5,4.0,8.0,0.5,0.0,5.0,8.0,0.5,2020
20,1969,Male,Public Administration and Safety,Community and personal service ,More than 200,No,Couple with dependent children,More than 5 years,Metro,40%,60%,10%,Strongly disagree,Strongly disagree,Strongly disagree,Strongly disagree,Somewhat agree,40%,40%,Strongly disagree,Strongly disagree,Somewhat disagree,I’m 50% more productive when working remotely (or more),2.0,8.0,1.0,3.0,0.5,8.0,1.5,3.0,2020
21,1961,Male,"Electricity, Gas, Water and Waste Services",Managers,More than 200,No,Couple with no dependent children,More than 5 years,Metro,20%,20%,100% - I spent all of my time remote working,Strongly agree,Somewhat agree,Somewhat agree,Strongly agree,Somewhat agree,100% - All of my time,90%,Somewhat agree,Somewhat agree,Strongly agree,My productivity is about same when I work remotely,3.0,8.0,2.0,2.0,0.5,8.0,4.0,3.0,2020
22,1969,Male,Administrative and Support Services,Clerical and administrative ,More than 200,No,Couple with dependent children,Between 6 and 12 months,Metro,Rarely or never ,50% - About half of my time,90%,Somewhat agree,Somewhat agree,Strongly agree,Somewhat agree,Somewhat agree,70%,60%,Somewhat agree,Somewhat agree,Somewhat agree,I’m 30% more productive when working remotely,2.0,7.0,9.0,6.0,0.5,9.0,9.5,5.0,2020
23,1959,Male,"Transport, Postal and Warehousing",Professionals,Between 20 and 199,No,Couple with dependent children,Between 1 and 5 years,Metro,80%,50% - About half of my time,80%,Neither agree nor disagree,Strongly agree,Strongly agree,Strongly agree,Neither agree nor disagree,80%,50% - About half of my time,Neither agree nor disagree,Neither agree nor disagree,Neither agree nor disagree,I’m 20% more productive when working remotely,1.5,7.5,4.0,3.0,1.0,7.5,2.0,2.0,2020
24,1963,Male,Public Administration and Safety,Clerical and administrative ,More than 200,No,Couple with no dependent children,More than 5 years,Metro,30%,20%,20%,Somewhat agree,Somewhat agree,Somewhat agree,Somewhat agree,Somewhat agree,50% - About half of my time,50% - About half of my time,Somewhat agree,Somewhat agree,Somewhat agree,I’m 40% more productive when working remotely,2.0,8.0,10.0,4.0,0.0,8.0,12.0,4.0,2020
25,1962,Male,Financial and Insurance Services,Professionals,More than 200,Yes,Couple with no dependent children,More than 5 years,Metro,10%,70%,90%,Somewhat agree,Strongly agree,Strongly agree,Strongly agree,Somewhat agree,100% - All of my time,70%,Somewhat agree,Somewhat agree,Somewhat agree,I’m 30% more productive when working remotely,3.0,10.0,3.0,2.0,1.0,11.0,5.0,2.0,2020
26,1965,Male,Accommodation and Food Services,Managers,Between 20 and 199,Yes,Couple with dependent children,More than 5 years,Metro,Less than 10% of my time,Less than 10% of my time,Less than 10% of my time,Strongly disagree,Strongly disagree,Strongly disagree,Somewhat disagree,Strongly disagree,Less than 10% of my time,Less than 10% of my time,Strongly disagree,Strongly disagree,Strongly disagree,I’m 30% less productive when working remotely,2.0,10.0,10.0,2.0,0.0,10.0,10.0,4.0,2020
27,1962,Female,Financial and Insurance Services,Professionals,More than 200,Yes,Other one family household,More than 5 years,Metro,Less than 10% of my time,20%,80%,Strongly agree,Somewhat agree,Strongly agree,Strongly agree,Somewhat agree,40%,40%,Strongly agree,Strongly agree,Strongly agree,I’m 10% less productive when working remotely,2.0,6.0,0.5,0.0,0.0,8.0,1.0,0.0,2020
28,1963,Female,"Transport, Postal and Warehousing",Clerical and administrative ,Between 20 and 199,No,Couple with dependent children,More than 5 years,Metro,100% - I spent all of my time remote working,100% - All of my time,Rarely or never ,,,,,,I would not have preferred to work remotely ,100% - All of my time,Strongly agree,Neither agree nor disagree,Strongly disagree,My productivity is about same when I work remotely,0.5,6.0,8.0,2.0,0.5,6.0,10.0,2.0,2020
29,1984,Female,"Professional, Scientific and Technical Services",Professionals,More than 200,Yes,Couple with dependent children,Between 1 and 5 years,Regional,40%,30%,30%,Somewhat agree,Somewhat agree,Neither agree nor disagree,Neither agree nor disagree,Neither agree nor disagree,30%,30%,Neither agree nor disagree,Somewhat agree,Neither agree nor disagree,I’m 30% more productive when working remotely,1.0,8.0,5.0,2.0,1.0,8.0,6.0,6.0,2020
30,1957,Male,Education and Training,Professionals,I am the only employee,No,Single person,More than 5 years,Regional,50% - I spent about half of my time remote working,60%,100% - I spent all of my time remote working,Strongly agree,Strongly agree,Strongly agree,Strongly agree,Strongly agree,60%,60%,Somewhat agree,Neither agree nor disagree,Somewhat agree,I’m 30% more productive when working remotely,2.0,8.0,4.0,0.0,0.0,8.0,5.0,1.0,2020
31,1962,Male,Public Administration and Safety,Managers,More than 200,Yes,Couple with dependent children,More than 5 years,Metro,10%,30%,80%,Strongly agree,Somewhat agree,Strongly agree,Strongly agree,Somewhat agree,80%,60%,Strongly agree,Somewhat agree,Strongly agree,I’m 10% less productive when working remotely,1.0,8.5,3.0,2.0,0.0,9.5,4.0,3.0,2020
32,1958,Male,Financial and Insurance Services,Managers,More than 200,No,Couple with dependent children,More than 5 years,Metro,50% - I spent about half of my time remote working,80%,100% - I spent all of my time remote working,Strongly agree,Strongly agree,Strongly agree,Strongly agree,Strongly agree,100% - All of my time,80%,Somewhat agree,Somewhat agree,Somewhat agree,I’m 20% more productive when working remotely,4.0,8.5,3.5,1.0,0.0,9.5,3.5,1.0,2020
33,1961,Male,Arts and Recreation Services,Managers,More than 200,Yes,Couple with no dependent children,Between 6 and 12 months,Metro,90%,30%,90%,Strongly agree,Neither agree nor disagree,Somewhat agree,Strongly agree,Strongly disagree,30%,30%,Somewhat agree,Neither agree nor disagree,Neither agree nor disagree,I’m 30% less productive when working remotely,2.0,8.0,8.0,6.0,1.0,10.0,5.0,8.0,2020
34,1959,Male,Information Media and Telecommunications,Managers,More than 200,No,Couple with dependent children,Between 6 and 12 months,Metro,20%,50% - About half of my time,100% - I spent all of my time remote working,Strongly disagree,Somewhat agree,Somewhat disagree,Strongly disagree,Somewhat agree,50% - About half of my time,50% - About half of my time,Strongly disagree,Somewhat disagree,Somewhat disagree,I’m 30% more productive when working remotely,1.0,6.0,2.0,1.0,1.0,8.0,2.0,1.0,2020
35,1980,Female,Retail Trade,Clerical and administrative ,More than 200,No,Couple with dependent children,More than 5 years,Metro,Less than 10% of my time,50% - About half of my time,90%,Strongly agree,Somewhat agree,Somewhat agree,Somewhat agree,Somewhat agree,100% - All of my time,60%,Strongly agree,Strongly agree,Strongly agree,My productivity is about same when I work remotely,0.5,8.0,3.0,5.0,0.0,8.0,4.0,4.0,2020
36,1991,Female,"Rental, Hiring and Real Estate Services",Clerical and administrative ,More than 200,No,Single person,More than 5 years,Metro,Rarely or never ,Less than 10% of my time,20%,Neither agree nor disagree,Strongly agree,Somewhat agree,Somewhat agree,Somewhat agree,20%,10%,Somewhat agree,Somewhat agree,Somewhat agree,My productivity is about same when I work remotely,1.5,9.0,4.0,1.0,0.5,9.0,5.0,1.0,2020
37,1973,Male,Information Media and Telecommunications,Managers,More than 200,Yes,Couple with dependent children,More than 5 years,Metro,40%,20%,50% - I spent about half of my time remote working,Strongly agree,Strongly agree,Strongly agree,Strongly agree,Strongly agree,50% - About half of my time,50% - About half of my time,Somewhat disagree,Somewhat agree,Strongly agree,I’m 30% more productive when working remotely,1.0,10.0,2.0,2.0,0.0,12.0,2.0,3.0,2020
38,1971,Female,Education and Training,Professionals,More than 200,No,Single person,Between 1 and 5 years,Metro,Rarely or never ,20%,40%,Strongly agree,Strongly agree,Strongly agree,Strongly agree,Somewhat agree,100% - All of my time,10%,Strongly disagree,Strongly disagree,Strongly disagree,I’m 30% more productive when working remotely,1.0,12.0,2.0,3.0,0.5,12.0,3.0,3.0,2020
39,1996,Male,"Professional, Scientific and Technical Services",Professionals,More than 200,No,Single person,Between 6 and 12 months,Metro,60%,30%,60%,Somewhat agree,Somewhat agree,Somewhat agree,Somewhat agree,Somewhat agree,70%,40%,Neither agree nor disagree,Neither agree nor disagree,Neither agree nor disagree,I’m 20% less productive when working remotely,3.0,8.0,4.0,1.0,1.0,9.0,5.0,1.0,2020
40,1975,Male,Information Media and Telecommunications,Managers,More than 200,Yes,Couple with dependent children,More than 5 years,Metro,20%,30%,90%,Strongly agree,Strongly agree,Strongly agree,Strongly agree,Strongly agree,50% - About half of my time,50% - About half of my time,Somewhat agree,Somewhat agree,Somewhat agree,I’m 20% more productive when working remotely,1.0,8.0,4.0,2.0,0.2,9.0,4.0,2.0,2020
41,1996,Female,Arts and Recreation Services,Professionals,Between 20 and 199,Yes,Single person,Between 6 and 12 months,Metro,Rarely or never ,I would not have preferred to work remotely ,20%,Somewhat disagree,Somewhat disagree,Strongly disagree,Somewhat disagree,Somewhat disagree,10%,20%,Somewhat disagree,Somewhat disagree,Somewhat disagree,I’m 20% less productive when working remotely,2.0,10.0,2.0,1.0,0.5,10.0,3.0,3.0,2020
42,1987,Male,"Professional, Scientific and Technical Services",Professionals,More than 200,No,Couple with dependent children,Between 6 and 12 months,Metro,60%,50% - About half of my time,90%,Strongly agree,Strongly agree,Strongly agree,Strongly agree,Somewhat agree,80%,50% - About half of my time,Somewhat agree,Neither agree nor disagree,Somewhat agree,I’m 10% more productive when working remotely,2.0,8.5,4.0,1.0,0.5,9.0,5.0,2.0,2020
43,1966,Female,Health Care and Social Assistance,Community and personal service ,More than 200,No,Couple with no dependent children,Between 6 and 12 months,Metro,90%,80%,90%,Strongly agree,Strongly agree,Strongly agree,Strongly agree,Strongly agree,90%,80%,Strongly agree,Strongly agree,Strongly agree,I’m 30% more productive when working remotely,4.0,8.0,2.0,1.0,0.0,10.0,2.0,1.0,2020
44,1976,Female,Retail Trade,Managers,Between 5 and 19,No,Single person,Between 1 and 5 years,Metro,10%,50% - About half of my time,60%,Neither agree nor disagree,Somewhat disagree,Somewhat disagree,Somewhat agree,Somewhat disagree,60%,40%,Somewhat disagree,Somewhat disagree,Strongly disagree,I’m 50% more productive when working remotely (or more),2.0,7.0,11.0,3.0,0.0,8.0,12.0,4.0,2020
45,1967,Female,Other Services,Sales ,Between 5 and 19,No,Couple with dependent children,More than 5 years,Metro,10%,Less than 10% of my time,90%,Somewhat agree,Strongly agree,Strongly agree,Strongly agree,Somewhat agree,50% - About half of my time,50% - About half of my time,Somewhat disagree,Somewhat agree,Somewhat agree,I’m 20% more productive when working remotely,1.0,8.0,5.0,2.0,0.5,8.0,8.0,2.0,2020
46,1965,Male,"Professional, Scientific and Technical Services",Professionals,More than 200,Yes,Couple with dependent children,More than 5 years,Metro,30%,40%,80%,Strongly agree,Strongly agree,Strongly agree,Strongly agree,Strongly agree,50% - About half of my time,30%,Somewhat agree,Neither agree nor disagree,Somewhat agree,I’m 20% less productive when working remotely,1.0,8.0,4.0,2.0,0.5,6.0,6.0,2.0,2020
47,1961,Female,Health Care and Social Assistance,Professionals,Between 5 and 19,No,Couple with no dependent children,More than 5 years,Metro,10%,20%,100% - I spent all of my time remote working,Somewhat agree,Neither agree nor disagree,Somewhat disagree,Strongly agree,Somewhat disagree,80%,80%,Somewhat disagree,Neither agree nor disagree,Neither agree nor disagree,I’m 10% less productive when working remotely,0.5,6.0,6.0,2.0,0.5,8.0,4.0,2.0,2020
48,1964,Male,Financial and Insurance Services,Managers,Between 20 and 199,Yes,Single person,More than 5 years,Metro,Rarely or never ,80%,100% - I spent all of my time remote working,Neither agree nor disagree,Somewhat agree,Strongly agree,Neither agree nor disagree,Strongly agree,100% - All of my time,100% - All of my time,Strongly disagree,Strongly disagree,Strongly disagree,I’m 30% more productive when working remotely,1.5,8.0,2.5,0.5,0.0,9.5,2.5,0.5,2020
49,1978,Female,Retail Trade,Managers,More than 200,Yes,Couple with no dependent children,More than 5 years,Metro,Less than 10% of my time,40%,100% - I spent all of my time remote working,Strongly agree,Somewhat agree,Strongly agree,Strongly agree,Somewhat agree,40%,40%,Strongly agree,Strongly agree,Strongly agree,I’m 10% more productive when working remotely,2.5,8.5,3.0,2.0,0.5,9.0,4.0,2.0,2020
50,1979,Male,Information Media and Telecommunications,Managers,More than 200,Yes,Multiple family household,Between 6 and 12 months,Metro,Rarely or never ,40%,100% - I spent all of my time remote working,Strongly agree,Strongly agree,Strongly agree,Strongly agree,Somewhat agree,70%,80%,Strongly agree,Strongly agree,Strongly agree,I’m 30% less productive when working remotely,3.0,7.5,2.0,0.0,0.0,10.0,4.0,2.0,2020
51,1974,Male,Manufacturing,Clerical and administrative ,More than 200,No,Couple with dependent children,More than 5 years,Metro,30%,60%,100% - I spent all of my time remote working,Strongly agree,Strongly agree,Strongly agree,Strongly agree,Somewhat agree,80%,70%,Somewhat agree,Somewhat agree,Somewhat agree,I’m 10% less productive when working remotely,2.0,8.0,11.0,3.0,0.0,12.0,7.0,3.0,2020
52,1969,Male,Arts and Recreation Services,Professionals,I am the only employee,No,Single person,More than 5 years,Regional,30%,30%,80%,Strongly agree,Strongly agree,Somewhat agree,Strongly agree,Somewhat disagree,70%,60%,Strongly agree,Neither agree nor disagree,Neither agree nor disagree,My productivity is about same when I work remotely,0.1,6.0,6.0,3.0,0.0,7.0,6.0,3.0,2020
53,1995,Female,Retail Trade,Sales ,Between 5 and 19,Yes,Couple with no dependent children,Between 1 and 5 years,Metro,10%,40%,90%,Strongly agree,Strongly agree,Strongly agree,Strongly agree,Strongly agree,90%,20%,Neither agree nor disagree,Neither agree nor disagree,Neither agree nor disagree,I’m 40% more productive when working remotely,2.0,8.0,1.0,0.0,0.5,10.0,2.0,1.0,2020
54,1960,Female,Retail Trade,Managers,Between 5 and 19,Yes,Couple with no dependent children,More than 5 years,Metro,50% - I spent about half of my time remote working,50% - About half of my time,50% - I spent about half of my time remote working,Somewhat disagree,Strongly agree,Neither agree nor disagree,Strongly agree,Neither agree nor disagree,50% - About half of my time,50% - About half of my time,Strongly disagree,Strongly disagree,Strongly agree,My productivity is about same when I work remotely,0.5,3.0,17.5,3.0,0.0,2.0,18.0,4.0,2020
55,1985,Male,"Transport, Postal and Warehousing",Managers,More than 200,Yes,Single person,More than 5 years,Metro,10%,40%,20%,Strongly agree,Somewhat disagree,Strongly agree,Strongly agree,Strongly disagree,80%,60%,Somewhat agree,Somewhat agree,Neither agree nor disagree,I’m 50% more productive when working remotely (or more),1.5,10.0,11.0,1.5,0.0,10.0,10.0,4.0,2020
56,1962,Male,Other Services,Technicians and trades ,More than 200,No,Single person,More than 5 years,Metro,Rarely or never ,I would not have preferred to work remotely ,100% - I spent all of my time remote working,Strongly agree,Strongly agree,Somewhat agree,Somewhat disagree,Strongly agree,I would not have preferred to work remotely ,I would prefer not to work remotely ,Neither agree nor disagree,Neither agree nor disagree,Neither agree nor disagree,My productivity is about same when I work remotely,1.5,8.0,8.0,0.5,0.5,8.0,10.0,0.5,2020
57,1964,Male,Financial and Insurance Services,Professionals,Between 20 and 199,Yes,Couple with dependent children,More than 5 years,Metro,30%,50% - About half of my time,50% - I spent about half of my time remote working,Somewhat agree,Strongly agree,Somewhat agree,Strongly agree,Somewhat agree,50% - About half of my time,50% - About half of my time,Somewhat disagree,Somewhat disagree,Neither agree nor disagree,I’m 10% less productive when working remotely,1.0,8.0,3.0,2.0,0.0,8.0,3.0,3.0,2020
58,1965,Male,Health Care and Social Assistance,Managers,More than 200,Yes,Single person,Between 1 and 5 years,Metro,10%,20%,10%,Somewhat agree,Somewhat agree,Strongly agree,Somewhat agree,Strongly agree,50% - About half of my time,50% - About half of my time,Neither agree nor disagree,Neither agree nor disagree,Somewhat agree,I’m 20% more productive when working remotely,2.0,8.0,4.0,0.0,0.3,7.5,6.0,0.0,2020
59,1988,Male,Accommodation and Food Services,Professionals,More than 200,Yes,Couple with no dependent children,Between 1 and 5 years,Metro,Less than 10% of my time,50% - About half of my time,40%,Somewhat disagree,Somewhat disagree,Somewhat disagree,Somewhat disagree,Strongly disagree,50% - About half of my time,50% - About half of my time,Strongly agree,Strongly agree,Somewhat agree,I’m 10% more productive when working remotely,1.5,6.0,5.0,2.0,0.5,6.0,7.0,3.0,2020
60,1959,Male,Financial and Insurance Services,Professionals,Between 1 and 4,Yes,Couple with no dependent children,More than 5 years,Regional,70%,90%,100% - I spent all of my time remote working,Strongly agree,Strongly agree,Strongly agree,Strongly agree,Strongly agree,100% - All of my time,100% - All of my time,Strongly agree,Neither agree nor disagree,Strongly agree,I’m 40% more productive when working remotely,1.0,8.0,4.0,5.0,0.0,9.0,4.0,5.0,2020
61,1966,Female,Arts and Recreation Services,Managers,More than 200,Yes,Couple with no dependent children,More than 5 years,Metro,Less than 10% of my time,50% - About half of my time,90%,Somewhat agree,Neither agree nor disagree,Somewhat agree,Strongly agree,Somewhat agree,90%,90%,Strongly agree,Somewhat agree,Somewhat agree,I’m 50% more productive when working remotely (or more),3.0,9.0,2.0,1.0,0.5,10.0,3.0,2.0,2020
62,1960,Male,Financial and Insurance Services,Managers,More than 200,Yes,Couple with dependent children,Between 6 and 12 months,Metro,Rarely or never ,I would not have preferred to work remotely ,80%,Somewhat agree,Strongly agree,Somewhat agree,Strongly agree,Somewhat agree,50% - About half of my time,30%,Somewhat agree,Strongly agree,Strongly agree,I’m 30% less productive when working remotely,1.0,9.0,2.0,1.0,0.0,10.0,2.0,1.0,2020
63,1979,Female,Information Media and Telecommunications,Managers,Between 5 and 19,Yes,Multiple family household,Between 1 and 5 years,Metro,10%,10%,80%,Strongly agree,Somewhat agree,Strongly agree,Strongly agree,Somewhat agree,40%,50% - About half of my time,Neither agree nor disagree,Strongly agree,Strongly agree,I’m 20% more productive when working remotely,2.5,9.0,3.0,2.0,1.0,9.0,3.0,2.0,2020
64,1966,Female,Other Services,Professionals,Between 5 and 19,No,Single person,More than 5 years,Metro,100% - I spent all of my time remote working,20%,Less than 10% of my time,Strongly agree,Somewhat agree,Strongly agree,Neither agree nor disagree,Somewhat agree,Less than 10% of my time,20%,Strongly agree,Strongly disagree,Neither agree nor disagree,My productivity is about same when I work remotely,1.0,3.0,18.0,2.0,1.0,6.0,15.0,2.0,2020
65,1956,Male,Education and Training,Professionals,More than 200,Yes,Couple with no dependent children,More than 5 years,Metro,Less than 10% of my time,30%,80%,Strongly agree,Strongly agree,Somewhat agree,Strongly agree,Neither agree nor disagree,80%,30%,Neither agree nor disagree,Somewhat disagree,Somewhat agree,I’m 20% more productive when working remotely,3.0,9.0,2.0,1.0,1.0,10.0,2.0,1.5,2020
66,1962,Female,Health Care and Social Assistance,Professionals,Between 20 and 199,No,Couple with no dependent children,More than 5 years,Metro,Rarely or never ,I would not have preferred to work remotely ,100% - I spent all of my time remote working,Strongly agree,Strongly agree,Strongly agree,Strongly agree,Strongly agree,100% - All of my time,50% - About half of my time,Somewhat agree,Somewhat agree,Somewhat agree,My productivity is about same when I work remotely,3.0,7.5,3.5,2.0,0.5,8.5,3.5,2.5,2020
67,1957,Male,Public Administration and Safety,Managers,More than 200,Yes,Couple with dependent children,More than 5 years,Metro,70%,80%,50% - I spent about half of my time remote working,Strongly agree,Strongly agree,Somewhat agree,Strongly agree,Somewhat agree,70%,70%,Somewhat agree,Somewhat agree,Somewhat agree,I’m 20% more productive when working remotely,2.0,8.0,10.0,4.0,0.0,8.0,10.0,6.0,2020
68,1986,Male,Health Care and Social Assistance,Clerical and administrative ,More than 200,Yes,Single person,More than 5 years,Metro,60%,50% - About half of my time,70%,Somewhat disagree,Strongly agree,Neither agree nor disagree,Somewhat agree,Neither agree nor disagree,60%,50% - About half of my time,Neither agree nor disagree,Somewhat disagree,Neither agree nor disagree,I’m 40% less productive when working remotely,1.0,9.0,4.0,2.0,0.5,6.0,6.0,4.0,2020
69,1987,Female,Arts and Recreation Services,Clerical and administrative ,Between 1 and 4,No,Other one family household,Between 1 and 5 years,Metro,Rarely or never ,50% - About half of my time,100% - I spent all of my time remote working,Somewhat agree,Somewhat agree,Somewhat agree,Strongly agree,Somewhat agree,100% - All of my time,50% - About half of my time,Somewhat disagree,Somewhat disagree,Somewhat disagree,I’m 30% more productive when working remotely,3.5,8.5,1.0,1.0,0.5,8.5,3.0,2.0,2020
70,1964,Female,Retail Trade,Professionals,More than 200,Yes,Couple with dependent children,More than 5 years,Metro,Rarely or never ,50% - About half of my time,100% - I spent all of my time remote working,Strongly agree,Strongly agree,Strongly agree,Strongly agree,Strongly agree,80%,80%,Somewhat agree,Neither agree nor disagree,Strongly agree,I’m 50% more productive when working remotely (or more),0.5,8.0,3.0,1.0,0.5,9.0,2.0,3.0,2020
71,1961,Male,"Professional, Scientific and Technical Services",Professionals,Between 1 and 4,Yes,Couple with no dependent children,More than 5 years,Metro,100% - I spent all of my time remote working,80%,100% - I spent all of my time remote working,Strongly agree,Strongly agree,Strongly agree,Strongly agree,Strongly agree,90%,80%,Neither agree nor disagree,Neither agree nor disagree,Somewhat agree,I’m 10% less productive when working remotely,0.5,8.0,2.0,2.0,0.0,9.0,2.0,2.0,2020
72,1987,Female,Financial and Insurance Services,Professionals,More than 200,No,Couple with dependent children,Between 1 and 5 years,Metro,30%,30%,100% - I spent all of my time remote working,Strongly agree,Somewhat agree,Strongly agree,Strongly agree,Somewhat agree,50% - About half of my time,50% - About half of my time,Somewhat agree,Strongly agree,Strongly agree,I’m 10% more productive when working remotely,3.0,7.5,5.5,2.0,0.0,8.0,8.0,2.0,2020
73,1959,Female,"Professional, Scientific and Technical Services",Professionals,I am the only employee,No,Single person,More than 5 years,Metro,60%,80%,100% - I spent all of my time remote working,Strongly agree,Strongly agree,Strongly agree,Strongly agree,Strongly agree,100% - All of my time,90%,Somewhat disagree,Strongly agree,Strongly agree,I’m 20% more productive when working remotely,3.0,8.0,3.0,2.0,1.0,9.0,4.0,2.0,2020
74,1985,Female,"Professional, Scientific and Technical Services",Professionals,Between 20 and 199,No,Couple with dependent children,More than 5 years,Metro,10%,20%,100% - I spent all of my time remote working,Strongly agree,Strongly agree,Strongly agree,Strongly agree,Strongly agree,100% - All of my time,50% - About half of my time,Somewhat disagree,Neither agree nor disagree,Somewhat disagree,My productivity is about same when I work remotely,2.5,8.0,2.0,3.0,0.5,9.0,3.0,5.0,2020
75,1985,Female,Education and Training,Professionals,Between 20 and 199,No,Couple with dependent children,More than 5 years,Metro,90%,50% - About half of my time,50% - I spent about half of my time remote working,Strongly agree,Somewhat agree,Somewhat agree,Somewhat agree,Strongly agree,100% - All of my time,60%,Somewhat disagree,Somewhat disagree,Somewhat disagree,I’m 50% more productive when working remotely (or more),3.0,8.0,1.0,3.0,0.0,6.0,6.0,4.0,2020
76,1992,Female,Information Media and Telecommunications,Managers,Between 5 and 19,Yes,Single person,More than 5 years,Metro,50% - I spent about half of my time remote working,40%,100% - I spent all of my time remote working,Strongly agree,Strongly agree,Strongly agree,Strongly agree,Strongly agree,100% - All of my time,80%,Somewhat agree,Strongly agree,Strongly agree,I’m 50% more productive when working remotely (or more),1.5,7.5,5.0,0.5,0.0,7.5,7.0,0.5,2020
77,1961,Female,Arts and Recreation Services,Managers,I am the only employee,Yes,Single person,Between 1 and 5 years,Regional,40%,40%,40%,Neither agree nor disagree,Neither agree nor disagree,Neither agree nor disagree,Neither agree nor disagree,Neither agree nor disagree,40%,40%,Neither agree nor disagree,Neither agree nor disagree,Somewhat agree,I’m 20% more productive when working remotely,3.0,6.0,4.0,1.0,2.0,7.0,3.0,1.0,2020
78,1973,Male,Financial and Insurance Services,Technicians and trades ,More than 200,No,Couple with dependent children,More than 5 years,Metro,30%,20%,20%,Somewhat agree,Somewhat agree,Somewhat agree,Somewhat agree,Somewhat agree,90%,90%,Somewhat agree,Somewhat agree,Somewhat agree,I’m 20% more productive when working remotely,3.0,2.0,1.0,1.0,0.0,5.0,1.0,1.0,2020
79,1963,Female,Information Media and Telecommunications,Managers,I am the only employee,No,Couple with dependent children,More than 5 years,Metro,Less than 10% of my time,40%,90%,Strongly agree,Strongly agree,Strongly agree,Strongly agree,Strongly agree,50% - About half of my time,50% - About half of my time,Strongly agree,Somewhat agree,Strongly agree,My productivity is about same when I work remotely,3.0,7.0,1.0,4.0,0.5,7.0,3.0,4.0,2020
80,1968,Male,Information Media and Telecommunications,Professionals,Between 5 and 19,Yes,Couple with dependent children,More than 5 years,Metro,30%,30%,90%,Strongly agree,Strongly agree,Strongly agree,Strongly agree,Strongly agree,90%,90%,Strongly agree,Strongly agree,Strongly agree,I’m 40% more productive when working remotely,1.0,10.0,1.0,1.0,0.0,11.0,2.0,1.0,2020
81,1961,Male,Manufacturing,Managers,Between 20 and 199,Yes,Couple with no dependent children,More than 5 years,Metro,30%,60%,20%,Strongly disagree,Strongly agree,Strongly disagree,Strongly agree,Strongly agree,60%,40%,Strongly agree,Neither agree nor disagree,Neither agree nor disagree,I’m 10% less productive when working remotely,3.0,6.0,5.0,4.0,0.5,5.0,8.0,4.0,2020
82,1968,Male,"Professional, Scientific and Technical Services",Managers,Between 5 and 19,Yes,Couple with no dependent children,More than 5 years,Metro,50% - I spent about half of my time remote working,50% - About half of my time,70%,Strongly agree,Somewhat disagree,Strongly agree,Strongly agree,Neither agree nor disagree,40%,100% - All of my time,Neither agree nor disagree,Somewhat agree,Somewhat agree,My productivity is about same when I work remotely,2.5,10.0,2.0,3.0,0.5,2.5,2.0,3.0,2020
83,1964,Male,Public Administration and Safety,Community and personal service ,More than 200,No,Couple with no dependent children,Between 1 and 5 years,Metro,Less than 10% of my time,Less than 10% of my time,100% - I spent all of my time remote working,Strongly agree,Somewhat agree,Strongly agree,Strongly agree,Neither agree nor disagree,70%,60%,Somewhat agree,Somewhat agree,Neither agree nor disagree,I’m 10% more productive when working remotely,1.0,7.0,15.0,1.0,0.5,7.0,15.5,1.0,2020
84,1969,Male,Information Media and Telecommunications,Managers,More than 200,No,One  parent family with dependent children,More than 5 years,Metro,Less than 10% of my time,Less than 10% of my time,100% - I spent all of my time remote working,Neither agree nor disagree,Somewhat agree,Somewhat agree,Somewhat agree,Somewhat agree,100% - All of my time,70%,Neither agree nor disagree,Somewhat agree,Neither agree nor disagree,My productivity is about same when I work remotely,3.5,7.6,2.0,3.0,0.0,7.6,4.5,4.0,2020
85,1968,Male,Manufacturing,Managers,More than 200,Yes,Couple with dependent children,Between 1 and 5 years,Metro,20%,50% - About half of my time,90%,Strongly agree,Strongly agree,Strongly agree,Strongly agree,Strongly agree,70%,70%,Somewhat agree,Strongly agree,Somewhat agree,I’m 50% more productive when working remotely (or more),6.0,7.0,2.0,2.0,1.0,8.0,4.0,4.0,2020
86,1965,Male,Retail Trade,Sales ,Between 5 and 19,Yes,One  parent family with dependent children,Between 6 and 12 months,Metro,30%,30%,100% - I spent all of my time remote working,Strongly agree,Somewhat agree,Strongly agree,Strongly agree,Strongly disagree,30%,30%,Neither agree nor disagree,Somewhat agree,Somewhat agree,My productivity is about same when I work remotely,1.0,10.0,4.0,2.0,0.0,10.0,5.0,2.0,2020
87,1964,Male,"Electricity, Gas, Water and Waste Services",Professionals,More than 200,No,Couple with dependent children,Between 1 and 5 years,Metro,Less than 10% of my time,100% - All of my time,10%,Strongly disagree,Somewhat disagree,Somewhat agree,Somewhat disagree,Somewhat disagree,100% - All of my time,100% - All of my time,Somewhat disagree,Strongly disagree,Strongly disagree,I’m 50% less productive when working remotely (or less),0.2,14.0,3.0,0.0,0.0,12.0,3.0,2.0,2020
88,1957,Male,Information Media and Telecommunications,Professionals,More than 200,Yes,Couple with dependent children,More than 5 years,Metro,Rarely or never ,10%,100% - I spent all of my time remote working,Neither agree nor disagree,Strongly agree,Neither agree nor disagree,Strongly agree,Strongly agree,20%,10%,Neither agree nor disagree,Neither agree nor disagree,Somewhat agree,I’m 50% more productive when working remotely (or more),2.0,8.0,2.0,2.0,0.0,10.0,2.0,2.0,2020
89,1970,Female,"Professional, Scientific and Technical Services",Professionals,More than 200,No,One  parent family with dependent children,More than 5 years,Metro,30%,50% - About half of my time,90%,Strongly agree,Strongly agree,Somewhat agree,Strongly agree,Strongly agree,100% - All of my time,80%,Somewhat agree,Strongly agree,Somewhat agree,My productivity is about same when I work remotely,2.5,7.0,3.0,2.0,0.5,8.0,4.0,2.0,2020
90,1980,Male,Manufacturing,Sales ,More than 200,No,Couple with dependent children,More than 5 years,Metro,30%,70%,30%,Somewhat agree,Strongly agree,Somewhat agree,Somewhat agree,Somewhat agree,70%,60%,Somewhat disagree,Neither agree nor disagree,Somewhat disagree,I’m 30% more productive when working remotely,1.0,1.0,2.0,2.0,0.0,6.0,3.0,3.0,2020
91,1974,Male,Education and Training,Sales ,Between 5 and 19,Yes,Couple with dependent children,More than 5 years,Metro,100% - I spent all of my time remote working,100% - All of my time,100% - I spent all of my time remote working,Somewhat agree,Somewhat agree,Somewhat agree,Somewhat agree,Somewhat agree,100% - All of my time,100% - All of my time,Neither agree nor disagree,Neither agree nor disagree,Neither agree nor disagree,My productivity is about same when I work remotely,1.0,1.0,1.0,1.0,1.0,1.0,1.0,1.0,2020
92,1960,Male,"Transport, Postal and Warehousing",Professionals,More than 200,Yes,Couple with no dependent children,More than 5 years,Metro,Less than 10% of my time,50% - About half of my time,20%,Somewhat agree,Somewhat agree,Somewhat agree,Neither agree nor disagree,Somewhat agree,50% - About half of my time,50% - About half of my time,Somewhat agree,Somewhat agree,Somewhat agree,I’m 50% more productive when working remotely (or more),3.0,8.0,2.0,1.0,0.0,9.0,4.0,3.0,2020
93,1963,Male,Financial and Insurance Services,Managers,Between 1 and 4,No,Couple with no dependent children,Between 1 and 5 years,Metro,10%,10%,20%,Strongly disagree,Somewhat agree,Strongly disagree,Strongly agree,Somewhat agree,20%,20%,Strongly disagree,Somewhat disagree,Neither agree nor disagree,I’m 20% less productive when working remotely,1.5,8.0,4.0,1.0,0.5,8.0,4.0,1.0,2020
94,1986,Female,Retail Trade,Sales ,Between 20 and 199,No,Other one family household,Between 6 and 12 months,Metro,Less than 10% of my time,50% - About half of my time,80%,Strongly agree,Strongly agree,Strongly agree,Strongly agree,Somewhat agree,80%,50% - About half of my time,Somewhat agree,Strongly agree,Somewhat agree,My productivity is about same when I work remotely,3.0,7.5,3.0,3.0,0.5,7.5,5.0,6.0,2020
95,2000,Male,Education and Training,Professionals,Between 20 and 199,No,Group household,Between 6 and 12 months,Metro,Rarely or never ,I would not have preferred to work remotely ,20%,Neither agree nor disagree,Somewhat disagree,Somewhat agree,Neither agree nor disagree,Somewhat agree,50% - About half of my time,30%,Neither agree nor disagree,Neither agree nor disagree,Neither agree nor disagree,I’m 30% less productive when working remotely,1.0,6.0,0.0,0.0,0.0,0.0,0.0,0.0,2020
96,1971,Male,Wholesale Trade,Sales ,Between 5 and 19,No,Couple with dependent children,Between 1 and 5 years,Regional,50% - I spent about half of my time remote working,20%,50% - I spent about half of my time remote working,Neither agree nor disagree,Somewhat agree,Neither agree nor disagree,Somewhat agree,Strongly agree,50% - About half of my time,50% - About half of my time,Somewhat agree,Neither agree nor disagree,Somewhat agree,I’m 10% more productive when working remotely,2.5,8.0,4.0,2.0,0.0,8.0,8.0,2.0,2020
97,1970,Female,Information Media and Telecommunications,Professionals,Between 20 and 199,No,Single person,Between 6 and 12 months,Metro,100% - I spent all of my time remote working,100% - All of my time,100% - I spent all of my time remote working,Strongly agree,Strongly agree,Strongly agree,Strongly agree,Strongly agree,100% - All of my time,100% - All of my time,Strongly agree,Somewhat agree,Somewhat agree,I’m 10% more productive when working remotely,1.0,8.0,4.0,1.0,0.0,10.0,2.0,1.0,2020
98,1964,Male,Retail Trade,Professionals,More than 200,No,Single person,More than 5 years,Metro,Rarely or never ,I would not have preferred to work remotely ,80%,Strongly agree,Strongly agree,Strongly agree,Strongly agree,Somewhat disagree,10%,20%,Strongly agree,Strongly agree,Strongly agree,I’m 10% less productive when working remotely,1.0,9.0,5.0,2.0,0.25,9.0,4.0,2.0,2020
99,1960,Female,Health Care and Social Assistance,Clerical and administrative ,Between 1 and 4,Yes,Multiple family household,More than 5 years,Metro,Less than 10% of my time,10%,20%,Strongly disagree,Somewhat agree,Somewhat disagree,Somewhat agree,Somewhat agree,20%,10%,Somewhat disagree,Somewhat disagree,Somewhat disagree,My productivity is about same when I work remotely,1.5,9.0,5.0,2.0,0.0,9.0,5.0,2.0,2020
100,1962,Male,Financial and Insurance Services,Managers,Between 20 and 199,Yes,Single person,More than 5 years,Metro,Less than 10% of my time,50% - About half of my time,90%,Somewhat agree,Somewhat agree,Somewhat agree,Somewhat agree,Somewhat agree,90%,90%,Somewhat agree,Somewhat agree,Somewhat agree,I’m 20% more productive when working remotely,2.0,8.0,4.0,0.0,0.5,8.0,4.0,0.0,2020
101,1974,Male,"Professional, Scientific and Technical Services",Professionals,Between 20 and 199,No,Couple with dependent children,Between 6 and 12 months,Metro,30%,20%,20%,Strongly agree,Strongly agree,Strongly agree,Strongly agree,Somewhat agree,20%,40%,Somewhat agree,Neither agree nor disagree,Somewhat agree,I’m 50% more productive when working remotely (or more),2.0,4.0,2.0,3.0,0.5,7.0,3.0,3.0,2020
102,1959,Male,Arts and Recreation Services,Professionals,Between 1 and 4,Yes,Couple with no dependent children,More than 5 years,Metro,60%,50% - About half of my time,100% - I spent all of my time remote working,Strongly agree,Strongly agree,Strongly agree,Strongly agree,Strongly agree,100% - All of my time,100% - All of my time,Somewhat agree,Strongly agree,Strongly agree,I’m 50% more productive when working remotely (or more),1.0,8.0,4.0,2.0,0.0,6.0,6.0,2.0,2020
103,1955,Male,Public Administration and Safety,Clerical and administrative ,More than 200,No,Other one family household,More than 5 years,Metro,10%,40%,10%,Strongly agree,Strongly agree,Strongly agree,Strongly agree,Strongly agree,50% - About half of my time,80%,Strongly agree,Strongly agree,Strongly agree,I’m 50% more productive when working remotely (or more),1.0,5.0,18.0,0.0,2.0,8.0,14.0,0.0,2020
104,1960,Male,"Professional, Scientific and Technical Services",Managers,Between 20 and 199,No,Couple with no dependent children,More than 5 years,Metro,90%,90%,100% - I spent all of my time remote working,Strongly agree,Strongly agree,Strongly agree,Strongly agree,Strongly agree,100% - All of my time,80%,Somewhat disagree,Strongly agree,Somewhat agree,I’m 20% more productive when working remotely,2.0,7.0,4.0,1.0,0.0,7.0,5.5,1.5,2020
105,1961,Male,"Professional, Scientific and Technical Services",Professionals,More than 200,No,Couple with dependent children,More than 5 years,Metro,Less than 10% of my time,20%,100% - I spent all of my time remote working,Strongly agree,Strongly agree,Strongly agree,Strongly agree,Strongly agree,80%,20%,Somewhat disagree,Neither agree nor disagree,Somewhat agree,My productivity is about same when I work remotely,2.0,6.0,1.0,1.0,0.5,7.0,2.0,2.0,2020
106,1959,Male,Financial and Insurance Services,Professionals,Between 5 and 19,Yes,Couple with dependent children,More than 5 years,Metro,70%,40%,80%,Somewhat agree,Strongly agree,Strongly agree,Somewhat agree,Strongly agree,40%,40%,Somewhat agree,Somewhat agree,Somewhat agree,My productivity is about same when I work remotely,1.0,8.0,4.0,3.0,0.0,9.0,4.0,3.0,2020
107,1968,Male,Public Administration and Safety,Managers,Between 5 and 19,Yes,Couple with no dependent children,More than 5 years,Metro,60%,70%,100% - I spent all of my time remote working,Neither agree nor disagree,Strongly agree,Strongly agree,Strongly agree,Strongly agree,100% - All of my time,70%,Neither agree nor disagree,Neither agree nor disagree,Neither agree nor disagree,My productivity is about same when I work remotely,3.0,9.0,3.0,1.0,0.5,9.0,4.0,3.0,2020
108,1969,Male,"Professional, Scientific and Technical Services",Professionals,More than 200,No,Couple with dependent children,More than 5 years,Metro,80%,50% - About half of my time,100% - I spent all of my time remote working,Strongly agree,Strongly agree,Strongly agree,Strongly agree,Somewhat agree,100% - All of my time,50% - About half of my time,Somewhat agree,Strongly agree,Strongly agree,My productivity is about same when I work remotely,5.0,8.0,2.0,2.0,1.0,8.0,4.0,3.0,2020
109,1968,Male,"Transport, Postal and Warehousing",Sales ,Between 20 and 199,Yes,Couple with dependent children,Between 6 and 12 months,Metro,Less than 10% of my time,50% - About half of my time,90%,Strongly agree,Strongly agree,Somewhat agree,Strongly agree,Somewhat agree,90%,70%,Somewhat agree,Neither agree nor disagree,Neither agree nor disagree,I’m 10% less productive when working remotely,1.0,6.0,3.0,3.0,0.5,8.0,3.0,3.0,2020
110,1990,Male,Accommodation and Food Services,Managers,Between 20 and 199,No,Couple with no dependent children,Between 1 and 5 years,Metro,20%,20%,100% - I spent all of my time remote working,Strongly agree,Strongly agree,Strongly agree,Strongly agree,Neither agree nor disagree,100% - All of my time,50% - About half of my time,Strongly agree,Strongly agree,Strongly agree,My productivity is about same when I work remotely,2.0,8.0,3.0,2.0,0.5,9.0,3.0,2.0,2020
111,1960,Male,Other Services,Professionals,More than 200,No,Couple with dependent children,More than 5 years,Metro,Rarely or never ,100% - All of my time,100% - I spent all of my time remote working,Strongly agree,Strongly agree,Strongly agree,Strongly agree,Strongly agree,100% - All of my time,100% - All of my time,Strongly agree,Strongly agree,Strongly agree,I’m 50% more productive when working remotely (or more),2.0,4.0,4.0,5.0,2.0,7.0,4.0,6.0,2020
112,1994,Female,Financial and Insurance Services,Managers,More than 200,No,Group household,Between 6 and 12 months,Metro,20%,40%,100% - I spent all of my time remote working,Strongly agree,Somewhat agree,Strongly agree,Strongly agree,Somewhat agree,60%,40%,Somewhat agree,Somewhat agree,Somewhat agree,I’m 30% more productive when working remotely,0.75,8.0,4.0,0.0,0.0,9.0,5.0,1.0,2020
113,1959,Male,Information Media and Telecommunications,Professionals,More than 200,No,Couple with dependent children,More than 5 years,Metro,20%,30%,90%,Strongly agree,Strongly agree,Strongly agree,Strongly agree,Somewhat agree,90%,40%,Somewhat agree,Somewhat agree,Somewhat agree,I’m 10% less productive when working remotely,1.5,9.0,3.0,2.0,0.5,9.0,3.0,4.0,2020
114,1990,Male,Arts and Recreation Services,Professionals,Between 20 and 199,Yes,Couple with no dependent children,Between 1 and 5 years,Metro,10%,50% - About half of my time,100% - I spent all of my time remote working,Somewhat agree,Somewhat agree,Somewhat agree,Strongly agree,Strongly agree,100% - All of my time,50% - About half of my time,Somewhat agree,Neither agree nor disagree,Neither agree nor disagree,I’m 30% more productive when working remotely,1.0,8.0,3.0,1.0,0.0,9.0,3.0,2.0,2020
115,1960,Male,Financial and Insurance Services,Managers,More than 200,Yes,Couple with dependent children,More than 5 years,Metro,50% - I spent about half of my time remote working,100% - All of my time,100% - I spent all of my time remote working,Strongly agree,Strongly agree,Strongly agree,Strongly agree,Strongly agree,100% - All of my time,100% - All of my time,Somewhat agree,Strongly agree,Somewhat agree,My productivity is about same when I work remotely,3.0,9.0,3.0,2.0,0.5,9.0,3.0,2.0,2020
116,1962,Male,Information Media and Telecommunications,Managers,More than 200,Yes,Couple with dependent children,Between 1 and 5 years,Metro,60%,60%,100% - I spent all of my time remote working,Strongly agree,Strongly agree,Strongly agree,Strongly agree,Strongly agree,60%,60%,Strongly agree,Strongly agree,Strongly agree,I’m 20% more productive when working remotely,3.0,8.0,2.0,1.0,1.0,8.0,4.0,1.0,2020
117,1972,Male,Education and Training,Professionals,More than 200,No,Couple with dependent children,Between 1 and 5 years,Metro,40%,I would not have preferred to work remotely ,Less than 10% of my time,Neither agree nor disagree,Strongly agree,Somewhat disagree,Strongly agree,Strongly agree,I would not have preferred to work remotely ,I would prefer not to work remotely ,Somewhat disagree,Strongly agree,Somewhat agree,My productivity is about same when I work remotely,1.5,5.0,4.0,5.0,0.0,5.0,4.0,4.0,2020
118,1957,Male,Retail Trade,Professionals,More than 200,No,Couple with no dependent children,More than 5 years,Metro,10%,40%,90%,Strongly agree,Strongly agree,Neither agree nor disagree,Strongly agree,Somewhat agree,60%,40%,Somewhat agree,Neither agree nor disagree,Somewhat agree,I’m 20% more productive when working remotely,2.0,7.0,4.0,1.0,0.5,7.0,6.0,1.0,2020
119,1964,Male,Retail Trade,Managers,Between 1 and 4,Yes,Couple with no dependent children,More than 5 years,Metro,20%,30%,30%,Somewhat agree,Somewhat agree,Somewhat agree,Somewhat agree,Strongly agree,40%,40%,Somewhat disagree,Neither agree nor disagree,Somewhat agree,I’m 20% more productive when working remotely,0.1,8.0,8.0,7.9,0.1,8.0,8.0,7.9,2020
120,1970,Male,"Professional, Scientific and Technical Services",Professionals,More than 200,Yes,Couple with dependent children,More than 5 years,Metro,50% - I spent about half of my time remote working,80%,100% - I spent all of my time remote working,Strongly agree,Strongly agree,Strongly agree,Strongly agree,Strongly agree,100% - All of my time,90%,Strongly agree,Strongly agree,Strongly agree,I’m 30% more productive when working remotely,2.0,6.0,6.0,2.0,0.0,9.0,6.0,2.0,2020
121,1962,Male,Information Media and Telecommunications,Professionals,Between 20 and 199,No,Couple with no dependent children,More than 5 years,Metro,10%,20%,100% - I spent all of my time remote working,Strongly agree,Strongly agree,Strongly agree,Strongly agree,Somewhat agree,80%,90%,Somewhat agree,Somewhat agree,Strongly agree,I’m 10% less productive when working remotely,2.0,8.0,4.0,2.0,1.0,8.0,4.0,1.0,2020
122,1959,Male,Health Care and Social Assistance,Professionals,More than 200,Yes,Couple with dependent children,More than 5 years,Metro,Less than 10% of my time,20%,30%,Somewhat agree,Neither agree nor disagree,Neither agree nor disagree,Somewhat agree,Somewhat agree,30%,20%,Somewhat agree,Somewhat agree,Neither agree nor disagree,I’m 10% more productive when working remotely,0.5,7.5,4.0,2.0,0.5,8.0,3.0,2.5,2020
123,1963,Male,Manufacturing,Managers,More than 200,No,Couple with no dependent children,More than 5 years,Metro,Less than 10% of my time,30%,30%,Neither agree nor disagree,Somewhat agree,Somewhat agree,Somewhat agree,Somewhat agree,60%,50% - About half of my time,Somewhat disagree,Neither agree nor disagree,Somewhat agree,My productivity is about same when I work remotely,2.0,8.5,3.0,1.5,0.5,10.0,3.0,1.5,2020
124,1970,Male,Retail Trade,Managers,Between 20 and 199,Yes,Couple with dependent children,More than 5 years,Metro,30%,30%,30%,Somewhat agree,Somewhat agree,Somewhat agree,Somewhat agree,Somewhat agree,30%,30%,Somewhat agree,Somewhat agree,Somewhat agree,I’m 20% more productive when working remotely,1.0,10.0,3.0,2.0,1.0,10.0,4.0,2.0,2020
125,1963,Female,"Rental, Hiring and Real Estate Services",Managers,Between 5 and 19,No,Couple with dependent children,Between 1 and 5 years,Metro,10%,I would not have preferred to work remotely ,20%,Strongly disagree,Strongly disagree,Strongly disagree,Strongly disagree,Strongly disagree,I would not have preferred to work remotely ,I would prefer not to work remotely ,Strongly disagree,Strongly disagree,Strongly disagree,My productivity is about same when I work remotely,2.0,10.0,2.0,3.0,0.0,12.0,2.0,3.0,2020
126,1964,Male,"Transport, Postal and Warehousing",Managers,More than 200,Yes,Couple with no dependent children,Between 1 and 5 years,Metro,60%,90%,60%,Somewhat agree,Strongly agree,Somewhat agree,Somewhat agree,Strongly agree,90%,70%,Somewhat disagree,Somewhat agree,Somewhat disagree,I’m 30% more productive when working remotely,2.0,8.0,3.0,2.0,0.5,8.0,4.0,3.0,2020
127,1965,Female,"Professional, Scientific and Technical Services",Professionals,Between 1 and 4,No,Couple with dependent children,More than 5 years,Metro,Less than 10% of my time,Less than 10% of my time,Less than 10% of my time,Strongly agree,Strongly agree,Strongly agree,Strongly agree,Strongly agree,Less than 10% of my time,Less than 10% of my time,Neither agree nor disagree,Neither agree nor disagree,Neither agree nor disagree,My productivity is about same when I work remotely,0.2,3.0,4.0,4.0,0.2,3.0,5.0,5.0,2020
128,1983,Female,Arts and Recreation Services,Clerical and administrative ,More than 200,No,Single person,Between 1 and 5 years,Metro,Less than 10% of my time,20%,60%,Strongly agree,Somewhat agree,Strongly agree,Strongly agree,Strongly agree,60%,50% - About half of my time,Somewhat agree,Somewhat agree,Somewhat agree,My productivity is about same when I work remotely,3.0,9.0,2.0,2.0,0.0,9.0,2.0,3.0,2020
129,1965,Female,Administrative and Support Services,Clerical and administrative ,Between 1 and 4,No,Couple with no dependent children,More than 5 years,Metro,50% - I spent about half of my time remote working,90%,100% - I spent all of my time remote working,Strongly agree,Strongly agree,Strongly agree,Strongly agree,Strongly agree,100% - All of my time,90%,Somewhat agree,Somewhat agree,Somewhat agree,I’m 20% more productive when working remotely,2.0,8.0,3.0,3.0,0.0,8.0,5.0,4.0,2020
130,1980,Female,Administrative and Support Services,Clerical and administrative ,Between 5 and 19,No,Couple with dependent children,Between 1 and 5 years,Metro,90%,90%,100% - I spent all of my time remote working,Strongly agree,Strongly agree,Strongly agree,Strongly agree,Strongly agree,100% - All of my time,80%,Strongly agree,Strongly agree,Strongly agree,My productivity is about same when I work remotely,1.5,4.0,2.0,5.0,0.2,4.0,4.0,5.0,2020
131,1988,Male,"Professional, Scientific and Technical Services",Managers,More than 200,Yes,Single person,Between 1 and 5 years,Metro,90%,50% - About half of my time,90%,Strongly agree,Neither agree nor disagree,Strongly agree,Strongly agree,Somewhat agree,90%,50% - About half of my time,Somewhat agree,Neither agree nor disagree,Somewhat agree,I’m 10% less productive when working remotely,2.0,7.0,13.0,2.0,0.5,8.0,12.5,3.0,2020
132,1955,Male,"Professional, Scientific and Technical Services",Managers,Between 20 and 199,Yes,Couple with dependent children,More than 5 years,Metro,30%,30%,60%,Strongly agree,Strongly agree,Strongly agree,Strongly agree,Strongly agree,60%,50% - About half of my time,Strongly agree,Strongly agree,Strongly agree,I’m 10% more productive when working remotely,1.0,7.5,3.0,3.0,1.0,7.5,5.0,3.0,2020
133,1974,Female,Administrative and Support Services,Clerical and administrative ,More than 200,No,Couple with dependent children,More than 5 years,Metro,Less than 10% of my time,40%,60%,Strongly agree,Somewhat disagree,Neither agree nor disagree,Strongly agree,Strongly agree,60%,40%,Somewhat agree,Somewhat agree,Somewhat agree,I’m 50% more productive when working remotely (or more),4.0,8.0,2.0,6.0,0.5,9.0,2.0,5.0,2020
134,1981,Male,"Rental, Hiring and Real Estate Services",Managers,Between 5 and 19,Yes,Couple with no dependent children,Between 1 and 5 years,Metro,30%,40%,100% - I spent all of my time remote working,Strongly agree,Neither agree nor disagree,Somewhat agree,Neither agree nor disagree,Somewhat agree,40%,40%,Neither agree nor disagree,Neither agree nor disagree,Somewhat agree,My productivity is about same when I work remotely,1.0,8.0,2.0,1.0,0.0,8.0,2.0,1.0,2020
135,1977,Male,Information Media and Telecommunications,Professionals,Between 5 and 19,Yes,Couple with no dependent children,More than 5 years,Metro,10%,50% - About half of my time,70%,Strongly agree,Strongly agree,Strongly agree,Strongly agree,Somewhat agree,70%,50% - About half of my time,Somewhat disagree,Somewhat agree,Somewhat agree,I’m 40% more productive when working remotely,2.0,8.0,4.0,4.0,0.5,8.0,8.0,4.0,2020
136,1967,Male,Public Administration and Safety,Professionals,Between 20 and 199,No,Couple with dependent children,More than 5 years,Metro,10%,20%,100% - I spent all of my time remote working,Strongly agree,Strongly agree,Strongly agree,Strongly agree,Somewhat agree,80%,60%,Neither agree nor disagree,Neither agree nor disagree,Neither agree nor disagree,I’m 30% more productive when working remotely,1.0,8.0,1.0,1.0,0.0,9.0,1.0,1.0,2020
137,1966,Female,Public Administration and Safety,Labourers,I am the only employee,No,Couple with dependent children,Between 1 and 5 years,Metro,100% - I spent all of my time remote working,100% - All of my time,100% - I spent all of my time remote working,Neither agree nor disagree,Somewhat agree,Somewhat agree,Neither agree nor disagree,Neither agree nor disagree,100% - All of my time,100% - All of my time,Neither agree nor disagree,Neither agree nor disagree,Neither agree nor disagree,I’m 50% more productive when working remotely (or more),2.0,2.5,7.5,12.0,2.0,2.5,7.5,12.0,2020
138,1958,Male,Other Services,Professionals,Between 1 and 4,Yes,Couple with no dependent children,More than 5 years,Metro,Less than 10% of my time,50% - About half of my time,10%,Somewhat agree,Somewhat agree,Neither agree nor disagree,Strongly agree,Somewhat agree,20%,20%,Somewhat agree,Somewhat agree,Somewhat agree,I’m 10% more productive when working remotely,1.0,8.0,2.0,2.0,0.0,8.0,3.0,2.0,2020
139,1995,Female,Education and Training,Professionals,More than 200,No,Couple with no dependent children,Between 6 and 12 months,Metro,Rarely or never ,I would not have preferred to work remotely ,20%,Neither agree nor disagree,Neither agree nor disagree,Strongly disagree,Neither agree nor disagree,Neither agree nor disagree,I would not have preferred to work remotely ,I would prefer not to work remotely ,Strongly disagree,Strongly disagree,Strongly disagree,My productivity is about same when I work remotely,2.0,1.0,3.0,4.0,0.5,3.0,4.0,2.0,2020
140,1971,Female,Retail Trade,Sales ,Between 20 and 199,No,One  parent family with dependent children,Between 1 and 5 years,Metro,100% - I spent all of my time remote working,100% - All of my time,Rarely or never ,,,,,,100% - All of my time,100% - All of my time,Strongly disagree,Strongly disagree,Strongly agree,I’m 50% more productive when working remotely (or more),0.5,8.0,4.0,1.0,0.0,8.0,8.0,2.0,2020
141,1961,Female,Financial and Insurance Services,Professionals,More than 200,No,Single person,Between 1 and 5 years,Metro,20%,90%,100% - I spent all of my time remote working,Strongly agree,Strongly agree,Strongly agree,Strongly agree,Strongly agree,100% - All of my time,80%,Somewhat agree,Strongly agree,Somewhat agree,I’m 10% more productive when working remotely,3.0,8.0,4.0,1.0,0.5,9.0,5.5,1.0,2020
142,1982,Female,Other Services,Community and personal service ,I am the only employee,No,Couple with no dependent children,More than 5 years,Metro,100% - I spent all of my time remote working,100% - All of my time,100% - I spent all of my time remote working,Strongly agree,Strongly agree,Strongly agree,Strongly agree,Strongly agree,100% - All of my time,100% - All of my time,Neither agree nor disagree,Somewhat agree,Neither agree nor disagree,I’m 50% more productive when working remotely (or more),1.0,8.0,2.0,4.0,0.0,8.0,8.0,3.0,2020
143,1977,Female,Health Care and Social Assistance,Professionals,Between 20 and 199,No,Couple with dependent children,Between 1 and 5 years,Regional,Less than 10% of my time,30%,20%,Somewhat agree,Strongly agree,Strongly agree,Strongly agree,Strongly agree,30%,30%,Somewhat agree,Somewhat agree,Somewhat agree,My productivity is about same when I work remotely,1.5,5.5,3.5,5.5,0.05,6.0,3.5,5.5,2020
144,1991,Female,Retail Trade,Sales ,Between 5 and 19,No,Couple with no dependent children,Between 1 and 5 years,Metro,20%,40%,90%,Strongly agree,Strongly agree,Strongly agree,Strongly agree,Strongly agree,100% - All of my time,100% - All of my time,Somewhat agree,Somewhat agree,Strongly agree,I’m 50% more productive when working remotely (or more),2.0,8.0,3.0,1.0,0.2,8.0,5.0,3.0,2020
145,1977,Female,Construction,Professionals,More than 200,No,Couple with dependent children,Between 1 and 5 years,Metro,Less than 10% of my time,20%,100% - I spent all of my time remote working,Strongly agree,Strongly agree,Strongly agree,Strongly agree,Somewhat agree,50% - About half of my time,20%,Somewhat agree,Somewhat agree,Somewhat agree,I’m 20% less productive when working remotely,0.75,4.5,2.5,1.5,0.5,6.0,2.0,1.5,2020
146,1989,Female,Education and Training,Professionals,Between 20 and 199,No,Single person,Between 1 and 5 years,Metro,100% - I spent all of my time remote working,50% - About half of my time,100% - I spent all of my time remote working,Somewhat agree,Strongly agree,Strongly agree,Strongly agree,Strongly agree,100% - All of my time,100% - All of my time,Somewhat disagree,Somewhat disagree,Somewhat disagree,I’m 50% more productive when working remotely (or more),2.0,6.0,0.5,0.0,0.0,8.0,2.0,1.0,2020
147,1973,Female,Mining,Professionals,I am the only employee,Yes,One  parent family with dependent children,More than 5 years,Regional,100% - I spent all of my time remote working,100% - All of my time,40%,Neither agree nor disagree,Somewhat agree,Neither agree nor disagree,Neither agree nor disagree,Strongly agree,100% - All of my time,50% - About half of my time,Somewhat agree,Neither agree nor disagree,Neither agree nor disagree,I’m 30% more productive when working remotely,1.0,2.0,2.0,10.0,1.0,1.0,1.0,1.0,2020
148,1991,Male,Financial and Insurance Services,Managers,More than 200,Yes,Couple with no dependent children,More than 5 years,Metro,50% - I spent about half of my time remote working,50% - About half of my time,50% - I spent about half of my time remote working,Strongly agree,Strongly agree,Somewhat agree,Somewhat agree,Somewhat agree,50% - About half of my time,50% - About half of my time,Strongly agree,Strongly agree,Somewhat agree,My productivity is about same when I work remotely,2.0,8.0,4.0,2.0,2.0,8.0,4.0,2.0,2020
149,1987,Male,"Professional, Scientific and Technical Services",Professionals,More than 200,No,Single person,Between 1 and 5 years,Metro,10%,10%,100% - I spent all of my time remote working,Strongly agree,Strongly agree,Strongly agree,Strongly agree,Neither agree nor disagree,100% - All of my time,I would prefer not to work remotely ,Somewhat agree,Neither agree nor disagree,Somewhat agree,My productivity is about same when I work remotely,1.0,8.0,1.0,0.5,0.0,8.0,1.0,0.5,2020
150,1993,Female,Accommodation and Food Services,Managers,Between 5 and 19,Yes,Couple with no dependent children,More than 5 years,Metro,50% - I spent about half of my time remote working,20%,60%,Somewhat agree,Somewhat agree,Somewhat agree,Somewhat agree,Somewhat disagree,20%,30%,Somewhat disagree,Somewhat disagree,Somewhat agree,I’m 40% less productive when working remotely,5.0,7.0,1.0,1.0,4.0,6.0,4.0,4.0,2020
151,1975,Male,Financial and Insurance Services,Professionals,Between 20 and 199,No,Couple with dependent children,More than 5 years,Metro,40%,50% - About half of my time,100% - I spent all of my time remote working,Strongly agree,Strongly agree,Strongly agree,Strongly agree,Strongly agree,100% - All of my time,50% - About half of my time,Strongly agree,Strongly agree,Strongly agree,My productivity is about same when I work remotely,3.0,7.0,2.0,2.0,0.0,8.0,4.0,4.0,2020
152,1996,Female,Education and Training,Managers,More than 200,Yes,Couple with dependent children,Between 1 and 5 years,Metro,80%,50% - About half of my time,100% - I spent all of my time remote working,Strongly agree,Strongly agree,Strongly agree,Strongly agree,Strongly agree,100% - All of my time,100% - All of my time,Strongly agree,Strongly agree,Strongly agree,I’m 50% more productive when working remotely (or more),1.0,8.0,6.0,2.0,0.0,14.0,2.0,2.0,2020
153,1991,Male,Information Media and Telecommunications,Managers,More than 200,Yes,Couple with dependent children,Between 1 and 5 years,Regional,Rarely or never ,Less than 10% of my time,10%,Strongly agree,Somewhat agree,Strongly agree,Somewhat agree,Somewhat disagree,20%,20%,Strongly agree,Somewhat agree,Neither agree nor disagree,I’m 20% less productive when working remotely,3.0,8.0,0.0,0.0,0.0,8.0,2.0,8.0,2020
154,1990,Female,Health Care and Social Assistance,Professionals,Between 1 and 4,Yes,Single person,More than 5 years,Metro,10%,40%,30%,Neither agree nor disagree,Somewhat agree,Somewhat agree,Somewhat disagree,Somewhat agree,50% - About half of my time,50% - About half of my time,Neither agree nor disagree,Somewhat agree,Somewhat agree,My productivity is about same when I work remotely,10.0,10.0,2.0,2.0,10.0,10.0,2.0,2.0,2020
155,1990,Female,Administrative and Support Services,Clerical and administrative ,More than 200,Yes,Couple with no dependent children,Between 1 and 5 years,Metro,10%,40%,60%,Somewhat agree,Somewhat disagree,Somewhat disagree,Somewhat agree,Somewhat agree,70%,40%,Strongly disagree,Somewhat disagree,Somewhat disagree,I’m 20% more productive when working remotely,3.0,8.0,2.0,2.0,1.0,8.0,2.0,3.0,2020
156,1998,Female,"Professional, Scientific and Technical Services",Professionals,More than 200,No,Single person,Between 1 and 5 years,Metro,30%,50% - About half of my time,80%,Neither agree nor disagree,Neither agree nor disagree,Somewhat agree,Somewhat disagree,Neither agree nor disagree,80%,30%,Somewhat disagree,Somewhat disagree,Neither agree nor disagree,My productivity is about same when I work remotely,2.5,5.0,4.0,2.0,0.5,7.0,8.0,3.0,2020
157,1990,Male,Construction,Labourers,Between 20 and 199,Yes,Group household,Between 6 and 12 months,Metro,10%,10%,10%,Somewhat agree,Neither agree nor disagree,Somewhat agree,Neither agree nor disagree,Neither agree nor disagree,10%,30%,Somewhat agree,Somewhat agree,Somewhat agree,I’m 20% more productive when working remotely,4.0,8.0,8.0,4.0,2.0,8.0,4.0,2.0,2020
158,1957,Female,Health Care and Social Assistance,Professionals,More than 200,No,Single person,More than 5 years,Metro,Less than 10% of my time,Less than 10% of my time,Less than 10% of my time,Somewhat disagree,Somewhat agree,Somewhat disagree,Somewhat disagree,Neither agree nor disagree,Less than 10% of my time,Less than 10% of my time,Strongly disagree,Neither agree nor disagree,Strongly disagree,I’m 10% less productive when working remotely,1.5,7.5,2.0,2.0,0.5,7.0,3.0,1.0,2020
159,1971,Male,Wholesale Trade,Managers,More than 200,Yes,Couple with dependent children,Between 1 and 5 years,Metro,50% - I spent about half of my time remote working,50% - About half of my time,50% - I spent about half of my time remote working,Strongly agree,Somewhat agree,Somewhat agree,Neither agree nor disagree,Neither agree nor disagree,50% - About half of my time,50% - About half of my time,Strongly agree,Somewhat agree,Somewhat agree,I’m 40% less productive when working remotely,1.0,7.0,5.0,1.0,1.0,3.0,6.0,1.0,2020
160,1987,Female,Education and Training,Professionals,More than 200,No,Couple with dependent children,Between 1 and 5 years,Metro,50% - I spent about half of my time remote working,50% - About half of my time,50% - I spent about half of my time remote working,Neither agree nor disagree,Neither agree nor disagree,Neither agree nor disagree,Neither agree nor disagree,Neither agree nor disagree,50% - About half of my time,50% - About half of my time,Neither agree nor disagree,Neither agree nor disagree,Neither agree nor disagree,My productivity is about same when I work remotely,2.0,7.0,4.0,0.0,0.0,8.0,9.0,7.0,2020
161,1967,Male,"Rental, Hiring and Real Estate Services",Managers,Between 1 and 4,Yes,Couple with dependent children,More than 5 years,Regional,Rarely or never ,I would not have preferred to work remotely ,30%,Neither agree nor disagree,Somewhat disagree,Somewhat disagree,Somewhat disagree,Somewhat disagree,I would not have preferred to work remotely ,I would prefer not to work remotely ,Somewhat disagree,Somewhat disagree,Somewhat disagree,I’m 30% less productive when working remotely,1.0,8.0,2.0,1.0,0.0,5.0,4.0,1.0,2020
162,1964,Female,Administrative and Support Services,Clerical and administrative ,Between 20 and 199,No,Single person,More than 5 years,Metro,20%,20%,20%,Somewhat agree,Somewhat agree,Somewhat agree,Somewhat agree,Somewhat agree,20%,20%,Somewhat agree,Somewhat agree,Somewhat agree,I’m 50% more productive when working remotely (or more),1.0,8.0,2.0,2.0,1.0,8.0,2.0,2.0,2020
163,1976,Female,"Professional, Scientific and Technical Services",Clerical and administrative ,Between 20 and 199,No,Couple with dependent children,Between 1 and 5 years,Metro,40%,100% - All of my time,100% - I spent all of my time remote working,Strongly agree,Strongly agree,Strongly agree,Strongly agree,Strongly agree,100% - All of my time,100% - All of my time,Strongly agree,Strongly agree,Strongly agree,I’m 20% more productive when working remotely,1.0,8.0,1.0,3.0,0.0,8.0,2.0,3.0,2020
164,1990,Female,Other Services,Managers,Between 5 and 19,Yes,One  parent family with dependent children,Between 1 and 5 years,Metro,Less than 10% of my time,I would not have preferred to work remotely ,10%,Neither agree nor disagree,Neither agree nor disagree,Neither agree nor disagree,Neither agree nor disagree,Neither agree nor disagree,90%,100% - All of my time,Neither agree nor disagree,Neither agree nor disagree,Neither agree nor disagree,I’m 50% more productive when working remotely (or more),5.0,5.0,5.0,5.0,5.0,5.0,5.0,5.0,2020
165,1965,Female,Administrative and Support Services,Clerical and administrative ,Between 5 and 19,No,Couple with no dependent children,Between 1 and 5 years,Metro,50% - I spent about half of my time remote working,50% - About half of my time,80%,Strongly agree,Strongly agree,Strongly agree,Strongly agree,Strongly agree,100% - All of my time,50% - About half of my time,Somewhat agree,Somewhat agree,Somewhat agree,My productivity is about same when I work remotely,2.0,8.0,3.0,1.0,1.0,7.0,3.0,1.0,2020
166,1970,Female,Education and Training,Professionals,More than 200,Yes,Couple with dependent children,More than 5 years,Metro,10%,30%,90%,Strongly agree,Somewhat disagree,Strongly agree,Strongly agree,Somewhat agree,100% - All of my time,50% - About half of my time,Strongly disagree,Strongly disagree,Strongly disagree,I’m 10% more productive when working remotely,1.0,6.0,3.0,2.0,0.0,7.0,4.0,4.0,2020
167,1967,Male,Other Services,Managers,Between 20 and 199,Yes,One  parent family with dependent children,Between 1 and 5 years,Metro,Rarely or never ,50% - About half of my time,20%,Somewhat agree,Somewhat agree,Somewhat agree,Somewhat agree,Somewhat agree,100% - All of my time,40%,Somewhat disagree,Somewhat disagree,Somewhat agree,My productivity is about same when I work remotely,1.0,8.0,1.0,0.0,0.0,10.0,0.5,0.5,2020
168,1989,Female,Information Media and Telecommunications,Professionals,More than 200,No,Single person,More than 5 years,Metro,60%,70%,100% - I spent all of my time remote working,Strongly agree,Strongly agree,Strongly agree,Strongly agree,Strongly agree,70%,80%,Strongly agree,Strongly agree,Strongly agree,I’m 30% more productive when working remotely,1.0,5.0,2.0,2.0,0.0,8.0,4.0,2.0,2020
169,1965,Male,Construction,Technicians and trades ,I am the only employee,No,Single person,More than 5 years,Metro,10%,10%,Less than 10% of my time,Neither agree nor disagree,Neither agree nor disagree,Neither agree nor disagree,Neither agree nor disagree,Neither agree nor disagree,10%,I would prefer not to work remotely ,Neither agree nor disagree,Neither agree nor disagree,Neither agree nor disagree,I’m 20% more productive when working remotely,3.0,3.0,3.0,3.0,5.0,5.0,5.0,5.0,2020
170,1983,Female,Administrative and Support Services,Clerical and administrative ,More than 200,No,Couple with no dependent children,Between 1 and 5 years,Metro,20%,80%,100% - I spent all of my time remote working,Strongly agree,Neither agree nor disagree,Neither agree nor disagree,Somewhat agree,Strongly agree,100% - All of my time,80%,Strongly agree,Strongly agree,Strongly agree,I’m 20% more productive when working remotely,3.5,8.0,4.0,0.0,0.0,9.0,5.0,0.0,2020
171,1978,Female,Administrative and Support Services,Community and personal service ,Between 5 and 19,No,Couple with no dependent children,Between 1 and 5 years,Metro,50% - I spent about half of my time remote working,80%,100% - I spent all of my time remote working,Somewhat agree,Somewhat agree,Strongly agree,Strongly agree,Strongly agree,100% - All of my time,80%,Strongly disagree,Strongly disagree,Somewhat disagree,My productivity is about same when I work remotely,1.0,8.0,2.0,0.5,0.0,4.0,6.0,2.0,2020
172,1989,Female,Other Services,Technicians and trades ,Between 1 and 4,Yes,Couple with dependent children,More than 5 years,Metro,Less than 10% of my time,10%,Less than 10% of my time,Strongly disagree,Strongly disagree,Strongly disagree,Strongly disagree,Strongly disagree,Less than 10% of my time,I would prefer not to work remotely ,Strongly disagree,Strongly disagree,Strongly disagree,My productivity is about same when I work remotely,0.2,8.0,2.0,2.0,0.2,8.0,2.0,2.0,2020
173,1985,Female,"Professional, Scientific and Technical Services",Professionals,More than 200,No,Couple with dependent children,Between 1 and 5 years,Metro,10%,50% - About half of my time,100% - I spent all of my time remote working,Somewhat agree,Somewhat disagree,Somewhat agree,Somewhat agree,Somewhat agree,100% - All of my time,50% - About half of my time,Somewhat agree,Somewhat agree,Somewhat disagree,My productivity is about same when I work remotely,1.0,9.0,2.0,2.0,0.0,8.0,3.0,2.0,2020
174,1976,Female,Public Administration and Safety,Clerical and administrative ,More than 200,No,Single person,Between 1 and 5 years,Metro,Less than 10% of my time,50% - About half of my time,60%,Somewhat agree,Neither agree nor disagree,Somewhat agree,Somewhat agree,Neither agree nor disagree,50% - About half of my time,50% - About half of my time,Neither agree nor disagree,Neither agree nor disagree,Neither agree nor disagree,My productivity is about same when I work remotely,3.5,7.0,2.0,0.0,0.0,8.0,8.0,1.0,2020
175,1990,Female,Accommodation and Food Services,Managers,Between 20 and 199,Yes,Couple with dependent children,Between 1 and 5 years,Metro,10%,20%,30%,Strongly agree,Strongly agree,Strongly agree,Strongly agree,Strongly agree,40%,10%,Somewhat agree,Strongly agree,Strongly agree,My productivity is about same when I work remotely,0.2,8.0,4.0,2.0,0.0,5.0,5.0,4.0,2020
176,1956,Female,"Professional, Scientific and Technical Services",Professionals,I am the only employee,No,Single person,More than 5 years,Metro,Less than 10% of my time,100% - All of my time,100% - I spent all of my time remote working,Neither agree nor disagree,Neither agree nor disagree,Strongly agree,Neither agree nor disagree,Somewhat agree,100% - All of my time,100% - All of my time,Neither agree nor disagree,Neither agree nor disagree,Neither agree nor disagree,I’m 30% more productive when working remotely,0.5,6.0,0.0,0.0,0.0,3.0,0.0,0.0,2020
177,1995,Female,Other Services,Professionals,I am the only employee,No,Couple with no dependent children,Between 6 and 12 months,Metro,70%,90%,80%,Neither agree nor disagree,Strongly agree,Strongly agree,Neither agree nor disagree,Strongly agree,100% - All of my time,60%,Neither agree nor disagree,Somewhat agree,Somewhat agree,My productivity is about same when I work remotely,1.0,8.0,6.0,2.0,0.5,6.0,8.0,5.0,2020
178,1977,Female,Health Care and Social Assistance,Professionals,More than 200,Yes,Couple with dependent children,More than 5 years,Metro,10%,10%,20%,Neither agree nor disagree,Neither agree nor disagree,Somewhat agree,Strongly agree,Neither agree nor disagree,20%,10%,Neither agree nor disagree,Strongly agree,Somewhat agree,I’m 10% more productive when working remotely,5.0,5.0,5.0,9.0,5.0,5.0,5.0,9.0,2020
179,1975,Male,Administrative and Support Services,Professionals,Between 5 and 19,Yes,Couple with dependent children,More than 5 years,Metro,50% - I spent about half of my time remote working,100% - All of my time,100% - I spent all of my time remote working,Strongly agree,Strongly agree,Strongly agree,Strongly agree,Strongly agree,100% - All of my time,100% - All of my time,Strongly agree,Strongly agree,Strongly agree,I’m 50% more productive when working remotely (or more),3.0,8.0,8.0,5.0,3.0,8.0,8.0,5.0,2020
180,1961,Male,Manufacturing,Managers,Between 20 and 199,Yes,Couple with no dependent children,More than 5 years,Metro,60%,100% - All of my time,100% - I spent all of my time remote working,Neither agree nor disagree,Strongly agree,Neither agree nor disagree,Strongly agree,Strongly agree,100% - All of my time,100% - All of my time,Neither agree nor disagree,Neither agree nor disagree,Somewhat agree,I’m 50% more productive when working remotely (or more),3.5,8.0,5.0,7.5,0.0,6.5,9.5,8.0,2020
181,1973,Female,Other Services,Community and personal service ,I am the only employee,No,Couple with no dependent children,More than 5 years,Regional,10%,10%,10%,Neither agree nor disagree,Neither agree nor disagree,Somewhat agree,Neither agree nor disagree,Neither agree nor disagree,40%,50% - About half of my time,Somewhat agree,Somewhat agree,Somewhat agree,My productivity is about same when I work remotely,0.5,4.0,4.0,4.0,0.5,2.0,6.0,4.0,2020
182,1969,Female,Construction,Clerical and administrative ,Between 20 and 199,No,Single person,Between 1 and 5 years,Metro,Rarely or never ,80%,100% - I spent all of my time remote working,Strongly agree,Strongly agree,Strongly agree,Strongly agree,Somewhat disagree,90%,90%,Strongly agree,Strongly agree,Strongly agree,I’m 20% more productive when working remotely,2.5,7.5,3.5,3.0,0.5,7.5,5.5,3.0,2020
183,1995,Male,Construction,Managers,Between 20 and 199,Yes,Couple with dependent children,Between 1 and 5 years,Metro,100% - I spent all of my time remote working,100% - All of my time,100% - I spent all of my time remote working,Strongly agree,Strongly agree,Strongly agree,Strongly agree,Strongly agree,100% - All of my time,100% - All of my time,Strongly agree,Strongly agree,Strongly agree,I’m 50% more productive when working remotely (or more),2.0,8.0,7.0,7.0,2.0,9.0,7.0,6.0,2020
184,1973,Male,Information Media and Telecommunications,Technicians and trades ,More than 200,No,Couple with dependent children,More than 5 years,Metro,20%,Less than 10% of my time,20%,Neither agree nor disagree,Strongly agree,Somewhat agree,Neither agree nor disagree,Neither agree nor disagree,10%,I would prefer not to work remotely ,Somewhat disagree,Somewhat disagree,Somewhat disagree,I’m 20% less productive when working remotely,2.0,8.0,4.0,3.0,0.5,8.0,6.0,3.0,2020
185,1964,Female,Education and Training,Professionals,More than 200,Yes,Couple with no dependent children,More than 5 years,Regional,Less than 10% of my time,Less than 10% of my time,Less than 10% of my time,Somewhat agree,Somewhat agree,Neither agree nor disagree,Somewhat agree,Somewhat agree,20%,I would prefer not to work remotely ,Somewhat agree,Somewhat agree,Somewhat agree,My productivity is about same when I work remotely,0.5,7.0,3.0,3.0,0.25,7.0,3.0,3.0,2020
186,1992,Female,Health Care and Social Assistance,Managers,More than 200,Yes,Couple with no dependent children,Between 1 and 5 years,Regional,60%,100% - All of my time,80%,Somewhat agree,Somewhat agree,Somewhat agree,Somewhat agree,Somewhat agree,80%,100% - All of my time,Somewhat agree,Somewhat agree,Somewhat agree,I’m 20% more productive when working remotely,2.0,8.0,2.0,2.0,2.0,7.0,2.0,2.0,2020
187,1970,Female,Health Care and Social Assistance,Clerical and administrative ,Between 20 and 199,No,Couple with dependent children,Between 1 and 5 years,Metro,Rarely or never ,I would not have preferred to work remotely ,50% - I spent about half of my time remote working,Strongly agree,Somewhat disagree,Strongly agree,Strongly agree,Somewhat disagree,50% - About half of my time,20%,Somewhat disagree,Neither agree nor disagree,Somewhat disagree,I’m 20% less productive when working remotely,0.75,7.0,3.0,2.0,0.0,5.0,2.0,5.0,2020
188,1981,Female,Education and Training,Professionals,More than 200,No,Couple with dependent children,More than 5 years,Regional,Rarely or never ,I would not have preferred to work remotely ,20%,Strongly agree,Strongly agree,Somewhat agree,Somewhat agree,Somewhat agree,I would not have preferred to work remotely ,I would prefer not to work remotely ,Neither agree nor disagree,Strongly agree,Strongly disagree,I’m 10% less productive when working remotely,0.5,6.0,4.0,2.0,0.0,4.0,6.0,6.0,2020
189,1990,Female,Other Services,Labourers,Between 5 and 19,Yes,Couple with no dependent children,Between 6 and 12 months,Regional,50% - I spent about half of my time remote working,50% - About half of my time,50% - I spent about half of my time remote working,Neither agree nor disagree,Strongly disagree,Somewhat agree,Strongly agree,Somewhat disagree,50% - About half of my time,30%,Neither agree nor disagree,Somewhat agree,Strongly agree,I’m 50% more productive when working remotely (or more),1.0,6.0,3.0,2.0,1.0,7.0,5.0,11.0,2020
190,1992,Female,Health Care and Social Assistance,Managers,More than 200,Yes,Single person,Between 1 and 5 years,Regional,30%,70%,70%,Strongly agree,Strongly agree,Strongly agree,Strongly agree,Somewhat agree,50% - About half of my time,70%,Somewhat agree,Strongly agree,Strongly agree,I’m 30% more productive when working remotely,1.0,6.0,0.0,0.0,0.5,7.0,1.0,0.0,2020
191,1983,Male,Manufacturing,Managers,Between 20 and 199,Yes,Couple with dependent children,More than 5 years,Regional,30%,I would not have preferred to work remotely ,30%,Somewhat agree,Somewhat agree,Somewhat agree,Somewhat disagree,Somewhat disagree,I would not have preferred to work remotely ,I would prefer not to work remotely ,Somewhat agree,Neither agree nor disagree,Somewhat disagree,I’m 20% less productive when working remotely,1.0,8.0,6.0,4.0,1.0,7.0,6.0,6.0,2020
192,1986,Female,Health Care and Social Assistance,Community and personal service ,Between 20 and 199,Yes,Couple with no dependent children,More than 5 years,Regional,60%,40%,Rarely or never ,,,,,,20%,30%,Somewhat disagree,Neither agree nor disagree,Somewhat disagree,I’m 30% more productive when working remotely,2.0,9.0,5.0,5.0,4.0,12.0,2.0,2.0,2020
193,1969,Female,Health Care and Social Assistance,Managers,I am the only employee,No,Couple with no dependent children,More than 5 years,Regional,50% - I spent about half of my time remote working,80%,90%,Strongly agree,Strongly agree,Strongly agree,Strongly agree,Strongly agree,100% - All of my time,50% - About half of my time,Strongly agree,Strongly agree,Strongly agree,I’m 50% more productive when working remotely (or more),1.0,2.0,5.0,3.0,0.5,4.0,5.0,1.0,2020
194,1963,Female,Other Services,Clerical and administrative ,More than 200,No,One  parent family with dependent children,Between 1 and 5 years,Regional,Less than 10% of my time,100% - All of my time,100% - I spent all of my time remote working,Strongly agree,Strongly agree,Strongly agree,Strongly agree,Strongly agree,100% - All of my time,100% - All of my time,Strongly disagree,Strongly disagree,Strongly disagree,I’m 50% more productive when working remotely (or more),2.5,8.5,10.0,3.0,0.0,9.0,10.0,5.0,2020
195,1975,Female,Education and Training,Clerical and administrative ,More than 200,No,Single person,More than 5 years,Regional,Rarely or never ,50% - About half of my time,90%,Strongly agree,Somewhat disagree,Strongly disagree,Strongly agree,Strongly agree,70%,70%,Somewhat disagree,Somewhat disagree,Strongly disagree,I’m 50% more productive when working remotely (or more),0.5,7.0,7.0,2.0,0.0,7.0,7.0,2.0,2020
196,1966,Female,Health Care and Social Assistance,Professionals,More than 200,Yes,Couple with no dependent children,More than 5 years,Regional,Less than 10% of my time,40%,Rarely or never ,,,,,,Less than 10% of my time,Less than 10% of my time,Somewhat disagree,Somewhat disagree,Somewhat disagree,I’m 20% less productive when working remotely,0.45,7.0,1.0,1.0,0.15,6.0,2.0,1.0,2020
197,1956,Female,Retail Trade,Sales ,Between 5 and 19,Yes,Couple with no dependent children,More than 5 years,Regional,Rarely or never ,60%,60%,Neither agree nor disagree,Somewhat agree,Somewhat disagree,Strongly agree,Somewhat agree,20%,30%,Strongly disagree,Somewhat disagree,Neither agree nor disagree,I’m 20% less productive when working remotely,1.0,8.0,4.0,1.0,5.0,6.0,4.0,2.0,2020
198,1960,Female,Health Care and Social Assistance,Professionals,More than 200,No,Couple with no dependent children,Between 1 and 5 years,Regional,80%,50% - About half of my time,100% - I spent all of my time remote working,Somewhat agree,Strongly agree,Strongly agree,Strongly agree,Somewhat agree,50% - About half of my time,60%,Somewhat disagree,Neither agree nor disagree,Neither agree nor disagree,I’m 30% more productive when working remotely,0.2,8.0,0.5,0.0,0.0,8.0,0.0,1.0,2020
199,1958,Female,Education and Training,Professionals,Between 20 and 199,No,Single person,More than 5 years,Regional,Rarely or never ,I would not have preferred to work remotely ,30%,Somewhat agree,Neither agree nor disagree,Strongly disagree,Strongly agree,Somewhat agree,I would not have preferred to work remotely ,I would prefer not to work remotely ,Strongly disagree,Strongly disagree,Strongly disagree,I’m 20% more productive when working remotely,1.0,7.0,4.0,3.0,0.0,8.0,4.0,4.0,2020
200,1958,Female,Administrative and Support Services,Clerical and administrative ,I am the only employee,No,Couple with no dependent children,Between 1 and 5 years,Regional,60%,60%,60%,Neither agree nor disagree,Somewhat agree,Neither agree nor disagree,Somewhat agree,Neither agree nor disagree,60%,20%,Somewhat agree,Somewhat agree,Neither agree nor disagree,My productivity is about same when I work remotely,3.5,1.5,5.0,3.0,1.5,3.5,4.0,1.0,2020
201,1964,Female,Financial and Insurance Services,Clerical and administrative ,Between 5 and 19,No,Couple with no dependent children,More than 5 years,Regional,Rarely or never ,I would not have preferred to work remotely ,70%,Strongly agree,Strongly agree,Somewhat agree,Strongly agree,Somewhat agree,70%,50% - About half of my time,Somewhat disagree,Somewhat agree,Somewhat agree,My productivity is about same when I work remotely,0.5,7.5,0.0,0.0,0.25,7.5,0.0,0.0,2020
202,1960,Female,Health Care and Social Assistance,Professionals,More than 200,Yes,Couple with no dependent children,More than 5 years,Regional,40%,20%,20%,Somewhat agree,Neither agree nor disagree,Neither agree nor disagree,Somewhat agree,Neither agree nor disagree,20%,50% - About half of my time,Neither agree nor disagree,Neither agree nor disagree,Neither agree nor disagree,My productivity is about same when I work remotely,1.0,1.0,2.0,2.0,3.0,3.0,8.0,10.0,2020
203,1972,Female,Arts and Recreation Services,Managers,Between 5 and 19,No,One  parent family with dependent children,Between 1 and 5 years,Regional,20%,50% - About half of my time,Less than 10% of my time,Somewhat disagree,Somewhat agree,Somewhat disagree,Strongly agree,Strongly agree,50% - About half of my time,50% - About half of my time,Strongly disagree,Strongly disagree,Strongly disagree,I’m 20% more productive when working remotely,1.0,6.0,0.5,0.5,0.0,5.0,2.0,0.5,2020
204,1988,Female,Education and Training,Professionals,More than 200,Yes,Other one family household,Between 1 and 5 years,Regional,Rarely or never ,50% - About half of my time,70%,Somewhat disagree,Neither agree nor disagree,Somewhat disagree,Strongly disagree,Neither agree nor disagree,50% - About half of my time,50% - About half of my time,Strongly disagree,Somewhat disagree,Strongly disagree,My productivity is about same when I work remotely,1.0,7.0,3.0,0.0,0.5,7.0,1.0,0.0,2020
205,1977,Female,Arts and Recreation Services,Professionals,I am the only employee,No,Couple with dependent children,Between 1 and 5 years,Regional,40%,60%,70%,Strongly agree,Strongly agree,Strongly agree,Strongly agree,Strongly agree,60%,60%,Somewhat agree,Somewhat agree,Somewhat agree,My productivity is about same when I work remotely,0.5,6.0,1.0,0.5,0.0,5.0,2.0,2.0,2020
206,1973,Female,Information Media and Telecommunications,Professionals,Between 20 and 199,No,Couple with no dependent children,More than 5 years,Regional,70%,Less than 10% of my time,Less than 10% of my time,Strongly disagree,Strongly disagree,Strongly disagree,Strongly disagree,Somewhat agree,100% - All of my time,100% - All of my time,Strongly agree,Strongly agree,Strongly agree,I’m 50% more productive when working remotely (or more),1.5,9.0,2.0,3.0,0.5,9.5,2.5,2.5,2020
207,1988,Female,Other Services,Clerical and administrative ,Between 20 and 199,Yes,Couple with no dependent children,More than 5 years,Regional,30%,20%,40%,Strongly agree,Strongly agree,Strongly agree,Strongly agree,Strongly agree,40%,20%,Somewhat agree,Somewhat agree,Somewhat agree,I’m 20% more productive when working remotely,1.0,9.0,4.0,2.0,0.0,9.0,5.0,2.0,2020
208,1956,Male,"Agriculture, Forestry and Fishing",Managers,Between 5 and 19,Yes,Couple with no dependent children,More than 5 years,Regional,30%,20%,20%,Somewhat agree,Somewhat agree,Somewhat agree,Somewhat agree,Somewhat agree,Less than 10% of my time,I would prefer not to work remotely ,Somewhat disagree,Neither agree nor disagree,Somewhat agree,I’m 50% less productive when working remotely (or less),1.5,7.0,6.0,1.0,0.5,7.0,6.0,2.0,2020
209,1957,Male,"Agriculture, Forestry and Fishing",Managers,Between 1 and 4,Yes,Single person,More than 5 years,Regional,Rarely or never ,I would not have preferred to work remotely ,80%,Somewhat agree,Somewhat agree,Somewhat disagree,Somewhat agree,Somewhat agree,I would not have preferred to work remotely ,I would prefer not to work remotely ,Somewhat disagree,Somewhat disagree,Neither agree nor disagree,I’m 30% less productive when working remotely,1.0,8.0,0.5,0.5,0.0,5.5,2.5,2.0,2020
210,1958,Male,"Professional, Scientific and Technical Services",Professionals,Between 1 and 4,No,Couple with no dependent children,Between 1 and 5 years,Regional,100% - I spent all of my time remote working,100% - All of my time,90%,Strongly agree,Strongly agree,Strongly agree,Strongly agree,Strongly agree,90%,100% - All of my time,Strongly agree,Strongly agree,Strongly agree,My productivity is about same when I work remotely,2.0,8.0,5.0,0.0,0.0,8.0,10.0,0.0,2020
211,1975,Female,"Professional, Scientific and Technical Services",Professionals,Between 20 and 199,No,Couple with dependent children,Between 1 and 5 years,Metro,20%,90%,90%,Strongly agree,Strongly agree,Strongly agree,Strongly agree,Somewhat agree,80%,50% - About half of my time,Somewhat agree,Strongly agree,Somewhat agree,My productivity is about same when I work remotely,2.0,7.0,2.0,2.0,0.5,8.0,3.0,2.0,2020
212,1993,Male,Financial and Insurance Services,Professionals,Between 20 and 199,Yes,Couple with dependent children,Between 1 and 5 years,Metro,30%,80%,90%,Neither agree nor disagree,Neither agree nor disagree,Neither agree nor disagree,Somewhat disagree,Strongly agree,100% - All of my time,50% - About half of my time,Neither agree nor disagree,Somewhat disagree,Somewhat agree,I’m 50% more productive when working remotely (or more),2.0,6.0,1.0,1.0,0.0,8.0,2.0,1.0,2020
213,1986,Male,"Professional, Scientific and Technical Services",Managers,More than 200,Yes,Couple with dependent children,More than 5 years,Metro,10%,100% - All of my time,100% - I spent all of my time remote working,Strongly agree,Strongly agree,Strongly agree,Strongly agree,Somewhat agree,100% - All of my time,100% - All of my time,Somewhat agree,Strongly agree,Strongly agree,I’m 20% more productive when working remotely,2.0,8.0,8.0,6.0,0.0,10.0,10.0,4.0,2020
214,1997,Female,Education and Training,Clerical and administrative ,Between 20 and 199,No,Couple with no dependent children,Between 1 and 5 years,Metro,Rarely or never ,50% - About half of my time,90%,Somewhat agree,Strongly agree,Somewhat agree,Neither agree nor disagree,Neither agree nor disagree,100% - All of my time,80%,Strongly agree,Strongly agree,Somewhat agree,My productivity is about same when I work remotely,2.0,5.0,2.0,1.0,0.0,5.0,2.0,1.5,2020
215,1994,Male,"Professional, Scientific and Technical Services",Professionals,More than 200,No,Single person,Between 1 and 5 years,Metro,Rarely or never ,40%,100% - I spent all of my time remote working,Strongly agree,Somewhat agree,Strongly agree,Strongly agree,Neither agree nor disagree,100% - All of my time,40%,Somewhat agree,Somewhat agree,Somewhat agree,My productivity is about same when I work remotely,2.0,10.0,1.5,0.5,0.0,10.0,3.0,0.5,2020
216,1991,Female,Financial and Insurance Services,Managers,More than 200,Yes,Couple with dependent children,Between 1 and 5 years,Metro,20%,20%,20%,Strongly agree,Somewhat agree,Somewhat agree,Somewhat agree,Somewhat agree,20%,20%,Strongly agree,Somewhat agree,Somewhat agree,I’m 30% more productive when working remotely,1.0,5.0,3.0,2.0,0.2,5.0,5.0,2.0,2020
217,1993,Male,"Professional, Scientific and Technical Services",Managers,More than 200,Yes,Couple with dependent children,Between 1 and 5 years,Metro,30%,50% - About half of my time,20%,Neither agree nor disagree,Neither agree nor disagree,Neither agree nor disagree,Neither agree nor disagree,Neither agree nor disagree,10%,20%,Neither agree nor disagree,Somewhat disagree,Somewhat disagree,I’m 10% more productive when working remotely,1.0,8.0,4.0,2.0,0.0,7.0,6.0,3.0,2020
218,1981,Male,Public Administration and Safety,Professionals,More than 200,No,Couple with dependent children,Between 1 and 5 years,Metro,20%,40%,100% - I spent all of my time remote working,Strongly agree,Somewhat agree,Strongly agree,Strongly agree,Neither agree nor disagree,100% - All of my time,60%,Somewhat agree,Somewhat agree,Somewhat agree,I’m 20% less productive when working remotely,2.0,7.0,3.5,2.5,0.5,7.0,3.5,4.0,2020
219,1987,Male,Accommodation and Food Services,Managers,More than 200,Yes,Single person,More than 5 years,Metro,Less than 10% of my time,50% - About half of my time,20%,Neither agree nor disagree,Somewhat agree,Somewhat disagree,Somewhat agree,Somewhat agree,50% - About half of my time,50% - About half of my time,Strongly disagree,Strongly disagree,Neither agree nor disagree,My productivity is about same when I work remotely,3.0,8.0,1.0,0.0,0.0,8.0,1.0,1.0,2020
220,1982,Female,Other Services,Clerical and administrative ,More than 200,No,Couple with dependent children,More than 5 years,Metro,20%,10%,40%,Neither agree nor disagree,Somewhat agree,Strongly agree,Neither agree nor disagree,Somewhat agree,90%,100% - All of my time,Strongly disagree,Strongly disagree,Strongly disagree,My productivity is about same when I work remotely,1.0,7.5,11.0,4.5,0.5,7.0,12.0,4.5,2020
221,1986,Female,Retail Trade,Professionals,Between 5 and 19,No,Couple with dependent children,Between 1 and 5 years,Metro,10%,40%,80%,Somewhat agree,Somewhat agree,Somewhat agree,Somewhat agree,Somewhat agree,40%,40%,Somewhat agree,Somewhat agree,Somewhat agree,I’m 20% more productive when working remotely,1.5,8.0,2.0,2.0,0.5,8.5,3.0,2.0,2020
222,1967,Female,Construction,Clerical and administrative ,More than 200,No,One  parent family with dependent children,More than 5 years,Metro,Rarely or never ,80%,90%,Strongly agree,Strongly agree,Strongly agree,Strongly agree,Strongly agree,100% - All of my time,80%,Neither agree nor disagree,Neither agree nor disagree,Neither agree nor disagree,I’m 20% more productive when working remotely,1.0,7.0,2.0,2.0,0.0,7.0,3.0,2.0,2020
223,1971,Male,Education and Training,Professionals,More than 200,Yes,Couple with dependent children,Between 1 and 5 years,Metro,50% - I spent about half of my time remote working,100% - All of my time,100% - I spent all of my time remote working,Strongly agree,Strongly agree,Strongly agree,Strongly agree,Strongly agree,100% - All of my time,100% - All of my time,Strongly agree,Strongly agree,Strongly agree,I’m 30% more productive when working remotely,4.0,7.0,3.0,1.0,0.0,8.0,6.0,1.0,2020
224,1987,Male,Information Media and Telecommunications,Technicians and trades ,Between 5 and 19,Yes,Couple with dependent children,Between 1 and 5 years,Metro,10%,10%,10%,Somewhat agree,Strongly agree,Strongly agree,Somewhat agree,Somewhat agree,10%,20%,Strongly agree,Somewhat agree,Somewhat agree,I’m 50% less productive when working remotely (or less),2.0,3.0,6.0,4.0,2.0,4.0,6.0,2.0,2020
225,1987,Female,Accommodation and Food Services,Professionals,More than 200,Yes,Couple with dependent children,Between 1 and 5 years,Metro,30%,30%,40%,Somewhat agree,Neither agree nor disagree,Somewhat disagree,Somewhat disagree,Somewhat disagree,20%,Less than 10% of my time,Strongly disagree,Neither agree nor disagree,Neither agree nor disagree,I’m 30% more productive when working remotely,2.0,8.0,6.0,8.0,0.5,8.0,6.0,9.5,2020
226,1972,Male,Retail Trade,Managers,Between 20 and 199,Yes,One  parent family with dependent children,Between 1 and 5 years,Metro,10%,10%,10%,Neither agree nor disagree,Neither agree nor disagree,Neither agree nor disagree,Neither agree nor disagree,Neither agree nor disagree,20%,10%,Neither agree nor disagree,Neither agree nor disagree,Neither agree nor disagree,I’m 30% more productive when working remotely,1.0,8.0,14.0,1.0,1.0,8.0,10.0,5.0,2020
227,1977,Female,Information Media and Telecommunications,Clerical and administrative ,More than 200,No,Single person,Between 1 and 5 years,Metro,Less than 10% of my time,Less than 10% of my time,100% - I spent all of my time remote working,Strongly agree,Strongly agree,Strongly agree,Strongly agree,Strongly agree,50% - About half of my time,20%,Neither agree nor disagree,Somewhat agree,Somewhat agree,I’m 30% more productive when working remotely,1.0,9.0,12.0,2.0,0.0,8.0,12.0,2.0,2020
228,1982,Female,"Transport, Postal and Warehousing",Professionals,More than 200,No,Couple with dependent children,Between 1 and 5 years,Metro,20%,50% - About half of my time,100% - I spent all of my time remote working,Neither agree nor disagree,Neither agree nor disagree,Somewhat agree,Somewhat disagree,Somewhat agree,100% - All of my time,70%,Neither agree nor disagree,Neither agree nor disagree,Neither agree nor disagree,I’m 40% more productive when working remotely,2.0,9.0,3.0,4.0,0.5,10.0,4.0,4.0,2020
229,1900,Male,Construction,Technicians and trades ,Between 1 and 4,Yes,Couple with dependent children,Between 6 and 12 months,Metro,20%,30%,40%,Neither agree nor disagree,Somewhat agree,Somewhat disagree,Neither agree nor disagree,Neither agree nor disagree,60%,40%,Neither agree nor disagree,Somewhat agree,Strongly agree,I’m 50% more productive when working remotely (or more),4.0,4.0,4.0,4.0,6.0,6.0,3.0,3.0,2020
230,1961,Female,Accommodation and Food Services,Managers,Between 20 and 199,Yes,Couple with dependent children,More than 5 years,Metro,10%,10%,50% - I spent about half of my time remote working,Somewhat agree,Strongly agree,Somewhat disagree,Somewhat agree,Neither agree nor disagree,50% - About half of my time,30%,Somewhat disagree,Somewhat disagree,Neither agree nor disagree,I’m 10% more productive when working remotely,1.0,6.0,3.0,3.0,0.0,5.0,4.0,4.0,2020
231,1975,Male,Administrative and Support Services,Managers,Between 20 and 199,Yes,Couple with dependent children,More than 5 years,Metro,Less than 10% of my time,I would not have preferred to work remotely ,80%,Strongly agree,Strongly agree,Strongly agree,Strongly agree,Somewhat disagree,50% - About half of my time,I would prefer not to work remotely ,Somewhat agree,Neither agree nor disagree,Somewhat agree,I’m 20% more productive when working remotely,0.5,6.0,5.0,2.0,0.5,5.0,7.0,3.0,2020
232,1967,Female,Public Administration and Safety,Managers,Between 20 and 199,Yes,Couple with no dependent children,Between 1 and 5 years,Regional,Less than 10% of my time,20%,Less than 10% of my time,Strongly disagree,Strongly disagree,Strongly disagree,Strongly disagree,Somewhat disagree,80%,50% - About half of my time,Somewhat disagree,Somewhat disagree,Somewhat disagree,I’m 20% more productive when working remotely,1.5,7.0,0.5,0.0,0.25,7.0,0.25,0.0,2020
233,1955,Female,Arts and Recreation Services,Professionals,Between 1 and 4,Yes,One  parent family with dependent children,More than 5 years,Regional,Less than 10% of my time,Less than 10% of my time,Less than 10% of my time,Somewhat agree,Strongly agree,Neither agree nor disagree,Strongly agree,Somewhat agree,Less than 10% of my time,Less than 10% of my time,Somewhat agree,Somewhat agree,Neither agree nor disagree,My productivity is about same when I work remotely,2.0,5.0,6.0,3.0,1.0,5.0,7.0,3.0,2020
234,1979,Female,Health Care and Social Assistance,Clerical and administrative ,More than 200,Yes,Couple with no dependent children,Between 1 and 5 years,Metro,Rarely or never ,I would not have preferred to work remotely ,60%,Strongly agree,Strongly agree,Somewhat agree,Strongly agree,Neither agree nor disagree,40%,20%,Strongly agree,Strongly agree,Neither agree nor disagree,My productivity is about same when I work remotely,2.0,7.5,6.0,1.0,0.0,7.5,8.0,1.5,2020
235,1958,Male,Public Administration and Safety,Managers,Between 1 and 4,Yes,Single person,More than 5 years,Metro,50% - I spent about half of my time remote working,80%,90%,Somewhat agree,Somewhat agree,Strongly agree,Strongly agree,Somewhat agree,90%,50% - About half of my time,Neither agree nor disagree,Somewhat agree,Somewhat agree,I’m 20% more productive when working remotely,2.0,7.0,3.0,2.0,1.0,6.0,5.0,5.0,2020
236,1994,Female,Financial and Insurance Services,Managers,Between 20 and 199,Yes,Single person,Between 6 and 12 months,Metro,20%,20%,40%,Neither agree nor disagree,Somewhat agree,Somewhat disagree,Neither agree nor disagree,Somewhat disagree,30%,30%,Neither agree nor disagree,Neither agree nor disagree,Somewhat agree,I’m 20% more productive when working remotely,1.0,2.0,1.0,4.0,2.0,2.0,2.0,2.0,2020
237,1975,Female,Other Services,Managers,Between 5 and 19,Yes,Couple with dependent children,More than 5 years,Metro,50% - I spent about half of my time remote working,50% - About half of my time,100% - I spent all of my time remote working,Somewhat agree,Somewhat agree,Somewhat agree,Somewhat agree,Somewhat agree,100% - All of my time,90%,Somewhat agree,Somewhat agree,Somewhat agree,My productivity is about same when I work remotely,1.0,8.0,12.0,3.0,0.0,8.0,13.0,3.0,2020
238,1978,Female,Wholesale Trade,Managers,Between 20 and 199,Yes,Couple with dependent children,More than 5 years,Metro,20%,20%,10%,Somewhat agree,Neither agree nor disagree,Somewhat agree,Strongly agree,Neither agree nor disagree,20%,10%,Somewhat agree,Strongly agree,Neither agree nor disagree,I’m 40% more productive when working remotely,1.0,8.0,3.0,1.0,1.0,7.0,3.0,1.0,2020
239,1956,Male,Education and Training,Professionals,More than 200,No,Couple with dependent children,Between 1 and 5 years,Regional,90%,90%,100% - I spent all of my time remote working,Somewhat agree,Somewhat agree,Somewhat agree,Somewhat agree,Somewhat agree,100% - All of my time,90%,Strongly agree,Strongly agree,Strongly agree,I’m 20% more productive when working remotely,3.0,10.0,2.0,5.0,0.5,10.0,2.0,6.0,2020
240,1987,Female,Information Media and Telecommunications,Professionals,Between 20 and 199,Yes,Couple with dependent children,More than 5 years,Metro,30%,50% - About half of my time,100% - I spent all of my time remote working,Somewhat agree,Somewhat agree,Somewhat agree,Somewhat agree,Somewhat agree,100% - All of my time,50% - About half of my time,Somewhat agree,Somewhat agree,Somewhat agree,My productivity is about same when I work remotely,1.0,8.0,9.0,6.0,0.5,8.0,9.5,6.0,2020
241,1989,Male,Administrative and Support Services,Clerical and administrative ,More than 200,No,Couple with no dependent children,Between 1 and 5 years,Metro,Less than 10% of my time,Less than 10% of my time,100% - I spent all of my time remote working,Somewhat agree,Somewhat agree,Neither agree nor disagree,Somewhat agree,Neither agree nor disagree,100% - All of my time,60%,Somewhat agree,Strongly agree,Somewhat agree,I’m 30% more productive when working remotely,2.0,7.0,3.0,3.0,1.0,8.0,4.0,4.0,2020
242,1990,Female,Information Media and Telecommunications,Sales ,More than 200,No,Couple with dependent children,More than 5 years,Metro,20%,40%,100% - I spent all of my time remote working,Strongly agree,Strongly agree,Strongly agree,Strongly agree,Strongly agree,60%,50% - About half of my time,Somewhat agree,Neither agree nor disagree,Somewhat agree,I’m 30% less productive when working remotely,2.0,8.0,3.0,2.0,0.0,5.0,6.0,6.0,2020
243,1965,Male,"Electricity, Gas, Water and Waste Services",Professionals,Between 20 and 199,No,Group household,Between 1 and 5 years,Metro,100% - I spent all of my time remote working,100% - All of my time,100% - I spent all of my time remote working,Strongly agree,Somewhat agree,Strongly agree,Strongly agree,Somewhat agree,100% - All of my time,100% - All of my time,Neither agree nor disagree,Somewhat agree,Somewhat agree,I’m 50% more productive when working remotely (or more),2.0,4.0,4.0,4.0,0.0,4.0,4.0,4.0,2020
244,1985,Male,Information Media and Telecommunications,Managers,Between 20 and 199,Yes,Couple with dependent children,More than 5 years,Metro,100% - I spent all of my time remote working,30%,80%,Somewhat agree,Somewhat agree,Neither agree nor disagree,Somewhat agree,Somewhat agree,20%,60%,Neither agree nor disagree,Somewhat agree,Somewhat agree,My productivity is about same when I work remotely,2.0,10.0,2.0,10.0,2.0,12.0,8.0,2.0,2020
245,1992,Female,Education and Training,Professionals,More than 200,No,Group household,Between 6 and 12 months,Metro,Rarely or never ,10%,50% - I spent about half of my time remote working,Strongly agree,Strongly agree,Strongly agree,Strongly agree,Somewhat agree,50% - About half of my time,30%,Somewhat disagree,Somewhat agree,Strongly agree,My productivity is about same when I work remotely,0.5,7.0,12.5,4.0,0.0,6.5,13.5,4.0,2020
246,1981,Male,Financial and Insurance Services,Managers,More than 200,Yes,Couple with dependent children,More than 5 years,Metro,20%,60%,70%,Strongly agree,Strongly agree,Strongly agree,Somewhat agree,Strongly agree,80%,80%,Somewhat agree,Strongly agree,Somewhat agree,I’m 10% more productive when working remotely,2.0,7.0,5.0,2.0,1.0,7.0,6.0,2.0,2020
247,1971,Female,Education and Training,Clerical and administrative ,Between 5 and 19,No,Couple with dependent children,More than 5 years,Regional,Rarely or never ,20%,Less than 10% of my time,Neither agree nor disagree,Neither agree nor disagree,Strongly disagree,Somewhat agree,Somewhat disagree,50% - About half of my time,20%,Somewhat disagree,Somewhat disagree,Somewhat disagree,My productivity is about same when I work remotely,0.25,5.5,0.0,0.0,0.0,5.0,3.0,5.0,2020
248,1977,Female,Health Care and Social Assistance,Clerical and administrative ,More than 200,No,Couple with no dependent children,More than 5 years,Metro,Less than 10% of my time,10%,20%,Neither agree nor disagree,Somewhat agree,Neither agree nor disagree,Somewhat agree,Somewhat agree,20%,I would prefer not to work remotely ,Neither agree nor disagree,Neither agree nor disagree,Neither agree nor disagree,My productivity is about same when I work remotely,2.0,8.0,2.0,3.0,0.0,8.0,3.0,3.0,2020
249,1999,Female,"Professional, Scientific and Technical Services",Clerical and administrative ,More than 200,Yes,Couple with dependent children,Between 1 and 5 years,Metro,Rarely or never ,50% - About half of my time,100% - I spent all of my time remote working,Strongly agree,Strongly agree,Neither agree nor disagree,Strongly agree,Neither agree nor disagree,80%,70%,Somewhat agree,Somewhat agree,Strongly agree,I’m 50% less productive when working remotely (or less),2.0,2.0,2.0,2.0,0.5,3.0,5.0,5.0,2020
250,1980,Male,"Professional, Scientific and Technical Services",Professionals,Between 20 and 199,Yes,Couple with no dependent children,More than 5 years,Metro,30%,40%,100% - I spent all of my time remote working,Strongly agree,Strongly agree,Strongly agree,Strongly agree,Strongly agree,100% - All of my time,60%,Somewhat agree,Somewhat agree,Strongly agree,My productivity is about same when I work remotely,2.0,8.0,5.0,2.0,0.0,8.0,6.0,2.0,2020
251,1977,Female,Public Administration and Safety,Managers,Between 20 and 199,Yes,Single person,Between 1 and 5 years,Regional,10%,50% - About half of my time,80%,Strongly agree,Somewhat agree,Strongly agree,Strongly agree,Somewhat agree,100% - All of my time,70%,Strongly disagree,Somewhat disagree,Strongly disagree,I’m 40% more productive when working remotely,0.5,9.0,10.0,4.5,0.0,11.0,9.0,4.0,2020
252,1990,Female,"Professional, Scientific and Technical Services",Professionals,Between 20 and 199,Yes,Couple with dependent children,More than 5 years,Metro,Less than 10% of my time,20%,30%,Neither agree nor disagree,Neither agree nor disagree,Somewhat agree,Neither agree nor disagree,Neither agree nor disagree,50% - About half of my time,60%,Neither agree nor disagree,Somewhat agree,Neither agree nor disagree,I’m 10% less productive when working remotely,2.0,8.0,6.0,8.0,2.0,9.0,6.0,7.0,2020
253,1974,Female,Wholesale Trade,Managers,Between 20 and 199,Yes,Couple with dependent children,Between 1 and 5 years,Metro,40%,80%,100% - I spent all of my time remote working,Strongly agree,Strongly agree,Somewhat agree,Strongly agree,Strongly agree,100% - All of my time,100% - All of my time,Strongly agree,Strongly agree,Strongly agree,I’m 10% more productive when working remotely,2.0,7.0,1.0,0.0,0.0,8.0,2.0,1.0,2020
254,1988,Female,Administrative and Support Services,Managers,More than 200,Yes,Couple with no dependent children,Between 6 and 12 months,Metro,20%,I would not have preferred to work remotely ,80%,Somewhat agree,Somewhat agree,Somewhat agree,Somewhat agree,Somewhat agree,80%,30%,Neither agree nor disagree,Somewhat agree,Neither agree nor disagree,I’m 30% less productive when working remotely,1.0,7.0,2.0,1.0,1.0,6.0,2.0,1.0,2020
255,1984,Female,Education and Training,Professionals,More than 200,No,Couple with no dependent children,Between 1 and 5 years,Regional,Less than 10% of my time,Less than 10% of my time,100% - I spent all of my time remote working,Strongly agree,Somewhat agree,Somewhat agree,Strongly agree,Neither agree nor disagree,100% - All of my time,50% - About half of my time,Somewhat disagree,Somewhat disagree,Somewhat disagree,I’m 10% less productive when working remotely,0.5,7.5,11.0,5.0,0.0,7.0,12.0,5.0,2020
256,1990,Female,Retail Trade,Sales ,Between 20 and 199,No,Couple with no dependent children,Between 1 and 5 years,Metro,20%,10%,10%,Neither agree nor disagree,Neither agree nor disagree,Neither agree nor disagree,Neither agree nor disagree,Neither agree nor disagree,Less than 10% of my time,10%,Neither agree nor disagree,Neither agree nor disagree,Neither agree nor disagree,My productivity is about same when I work remotely,1.0,5.0,10.0,5.0,1.0,5.0,1.0,1.0,2020
257,1967,Male,"Transport, Postal and Warehousing",Managers,More than 200,Yes,Single person,Between 1 and 5 years,Regional,100% - I spent all of my time remote working,100% - All of my time,100% - I spent all of my time remote working,Strongly agree,Strongly agree,Strongly agree,Strongly agree,Strongly agree,100% - All of my time,100% - All of my time,Strongly agree,Strongly agree,Strongly disagree,My productivity is about same when I work remotely,3.0,8.0,4.0,4.0,2.0,8.0,6.0,4.0,2020
258,1968,Male,Information Media and Telecommunications,Professionals,More than 200,No,Couple with dependent children,Between 1 and 5 years,Metro,50% - I spent about half of my time remote working,80%,100% - I spent all of my time remote working,Strongly agree,Somewhat agree,Strongly agree,Strongly agree,Somewhat agree,100% - All of my time,80%,Strongly agree,Strongly agree,Strongly agree,I’m 20% more productive when working remotely,2.5,8.5,3.0,0.0,0.0,7.0,5.0,2.0,2020
259,1967,Male,Financial and Insurance Services,Managers,Between 5 and 19,No,Couple with dependent children,Between 6 and 12 months,Metro,Less than 10% of my time,I would not have preferred to work remotely ,Rarely or never ,,,,,,I would not have preferred to work remotely ,I would prefer not to work remotely ,Neither agree nor disagree,Somewhat agree,Neither agree nor disagree,I’m 20% less productive when working remotely,1.0,9.0,5.0,1.0,0.5,6.0,7.0,1.0,2020
260,1959,Male,Health Care and Social Assistance,Managers,Between 20 and 199,Yes,Couple with no dependent children,Between 1 and 5 years,Metro,Rarely or never ,Less than 10% of my time,30%,Somewhat agree,Somewhat agree,Neither agree nor disagree,Somewhat agree,Somewhat agree,50% - About half of my time,20%,Somewhat agree,Somewhat agree,Somewhat agree,I’m 30% more productive when working remotely,0.5,8.0,2.0,0.0,0.0,10.0,2.0,0.0,2020
261,1960,Male,"Professional, Scientific and Technical Services",Professionals,Between 5 and 19,Yes,Couple with no dependent children,More than 5 years,Metro,10%,30%,80%,Strongly agree,Somewhat agree,Strongly agree,Strongly agree,Neither agree nor disagree,80%,50% - About half of my time,Neither agree nor disagree,Neither agree nor disagree,Somewhat agree,I’m 30% more productive when working remotely,1.0,7.0,9.0,2.0,0.0,10.0,6.0,2.0,2020
262,1991,Female,Education and Training,Professionals,Between 1 and 4,Yes,Couple with dependent children,Between 6 and 12 months,Regional,40%,30%,30%,Neither agree nor disagree,Neither agree nor disagree,Neither agree nor disagree,Neither agree nor disagree,Neither agree nor disagree,40%,40%,Neither agree nor disagree,Neither agree nor disagree,Neither agree nor disagree,I’m 40% more productive when working remotely,1.0,5.0,2.0,5.0,2.0,7.0,2.0,9.0,2020
263,1973,Male,Administrative and Support Services,Managers,Between 1 and 4,Yes,Couple with no dependent children,Between 1 and 5 years,Metro,70%,50% - About half of my time,90%,Strongly agree,Strongly agree,Strongly agree,Strongly agree,Strongly agree,100% - All of my time,50% - About half of my time,Strongly agree,Strongly agree,Strongly agree,My productivity is about same when I work remotely,3.0,8.0,10.0,3.0,0.0,9.0,12.0,3.0,2020
264,1984,Male,"Transport, Postal and Warehousing",Managers,More than 200,Yes,One  parent family with dependent children,Between 1 and 5 years,Metro,100% - I spent all of my time remote working,90%,100% - I spent all of my time remote working,Somewhat agree,Somewhat agree,Somewhat agree,Somewhat agree,Neither agree nor disagree,90%,90%,Somewhat agree,Somewhat agree,Somewhat agree,I’m 20% less productive when working remotely,2.0,7.0,5.0,2.0,0.0,7.0,7.0,3.0,2020
265,1990,Female,Public Administration and Safety,Managers,More than 200,Yes,Couple with dependent children,Between 6 and 12 months,Regional,Less than 10% of my time,90%,80%,Somewhat agree,Somewhat agree,Somewhat agree,Somewhat agree,Strongly agree,100% - All of my time,90%,Somewhat agree,Somewhat agree,Somewhat disagree,I’m 50% more productive when working remotely (or more),3.0,7.0,2.0,0.5,0.5,8.0,2.0,1.5,2020
266,1962,Male,"Professional, Scientific and Technical Services",Professionals,Between 20 and 199,No,Couple with no dependent children,More than 5 years,Metro,Rarely or never ,50% - About half of my time,100% - I spent all of my time remote working,Strongly agree,Strongly agree,Strongly agree,Strongly agree,Strongly agree,100% - All of my time,90%,Strongly agree,Strongly agree,Strongly agree,I’m 30% more productive when working remotely,1.0,7.0,4.0,2.0,0.0,9.0,3.0,2.0,2020
267,1987,Female,Mining,Clerical and administrative ,More than 200,Yes,Couple with dependent children,Between 1 and 5 years,Metro,40%,30%,30%,Somewhat agree,Somewhat agree,Somewhat agree,Neither agree nor disagree,Somewhat agree,40%,40%,Neither agree nor disagree,Somewhat agree,Somewhat agree,My productivity is about same when I work remotely,0.5,7.0,2.0,4.0,0.0,7.5,4.0,2.0,2020
268,1974,Male,Accommodation and Food Services,Technicians and trades ,Between 5 and 19,Yes,Couple with dependent children,Between 1 and 5 years,Regional,10%,10%,Less than 10% of my time,Somewhat disagree,Neither agree nor disagree,Neither agree nor disagree,Neither agree nor disagree,Somewhat disagree,I would not have preferred to work remotely ,I would prefer not to work remotely ,Somewhat disagree,Somewhat disagree,Somewhat disagree,I’m 50% less productive when working remotely (or less),1.0,8.0,10.0,5.0,0.0,8.0,5.0,5.0,2020
269,1956,Female,Education and Training,Professionals,More than 200,Yes,Single person,More than 5 years,Metro,Rarely or never ,I would not have preferred to work remotely ,100% - I spent all of my time remote working,Strongly agree,Strongly agree,Strongly agree,Somewhat agree,Strongly agree,100% - All of my time,80%,Somewhat agree,Somewhat agree,Somewhat agree,My productivity is about same when I work remotely,1.5,8.5,4.0,2.0,0.0,9.0,4.0,3.0,2020
270,1961,Male,"Professional, Scientific and Technical Services",Professionals,More than 200,Yes,Single person,Between 1 and 5 years,Metro,20%,50% - About half of my time,90%,Strongly agree,Somewhat agree,Somewhat agree,Strongly agree,Somewhat agree,100% - All of my time,40%,Somewhat disagree,Neither agree nor disagree,Neither agree nor disagree,I’m 30% more productive when working remotely,2.0,9.0,4.0,2.0,0.0,12.0,4.0,1.0,2020
271,1962,Male,"Professional, Scientific and Technical Services",Professionals,More than 200,Yes,Couple with no dependent children,More than 5 years,Metro,Rarely or never ,20%,60%,Somewhat agree,Somewhat agree,Strongly agree,Somewhat agree,Somewhat agree,60%,40%,Neither agree nor disagree,Neither agree nor disagree,Neither agree nor disagree,I’m 30% more productive when working remotely,1.5,11.0,2.0,1.0,0.0,10.0,3.0,2.0,2020
272,1960,Male,Financial and Insurance Services,Managers,I am the only employee,No,Couple with no dependent children,Between 1 and 5 years,Metro,70%,70%,100% - I spent all of my time remote working,Strongly agree,Strongly agree,Strongly agree,Strongly agree,Strongly agree,100% - All of my time,70%,Somewhat agree,Somewhat agree,Somewhat agree,I’m 10% more productive when working remotely,1.0,8.0,6.0,1.0,0.0,9.0,5.0,2.0,2020
273,1960,Male,Information Media and Telecommunications,Clerical and administrative ,Between 20 and 199,Yes,Couple with no dependent children,More than 5 years,Metro,Less than 10% of my time,Less than 10% of my time,100% - I spent all of my time remote working,Strongly agree,Strongly disagree,Strongly agree,Strongly agree,Somewhat disagree,50% - About half of my time,20%,Strongly disagree,Somewhat disagree,Somewhat disagree,I’m 20% less productive when working remotely,2.0,8.0,2.0,2.0,1.0,8.5,2.0,2.0,2020
274,1960,Male,Information Media and Telecommunications,Managers,More than 200,Yes,Couple with no dependent children,More than 5 years,Regional,80%,90%,100% - I spent all of my time remote working,Strongly agree,Somewhat agree,Strongly agree,Strongly agree,Strongly agree,100% - All of my time,90%,Somewhat agree,Strongly agree,Strongly agree,I’m 10% more productive when working remotely,4.5,7.5,2.0,0.0,0.0,8.0,5.0,1.0,2020
275,1962,Female,"Professional, Scientific and Technical Services",Professionals,More than 200,No,Couple with no dependent children,Between 1 and 5 years,Metro,80%,90%,100% - I spent all of my time remote working,Strongly agree,Somewhat agree,Strongly agree,Strongly agree,Strongly agree,100% - All of my time,90%,Somewhat agree,Strongly agree,Strongly agree,I’m 50% more productive when working remotely (or more),3.0,5.0,4.0,4.0,0.0,10.0,3.0,4.0,2020
276,1960,Male,Arts and Recreation Services,Managers,Between 20 and 199,Yes,Single person,More than 5 years,Metro,10%,10%,50% - I spent about half of my time remote working,Strongly agree,Strongly agree,Strongly agree,Strongly agree,Somewhat agree,30%,10%,Somewhat disagree,Somewhat disagree,Strongly agree,I’m 40% more productive when working remotely,0.5,7.5,0.75,2.0,0.0,8.0,3.0,2.0,2020
277,1997,Male,Manufacturing,Professionals,Between 20 and 199,No,Single person,Between 1 and 5 years,Metro,100% - I spent all of my time remote working,80%,100% - I spent all of my time remote working,Somewhat disagree,Somewhat disagree,Somewhat disagree,Somewhat disagree,Somewhat agree,80%,70%,Somewhat disagree,Somewhat disagree,Somewhat disagree,I’m 40% more productive when working remotely,1.0,7.0,1.0,0.0,0.0,8.0,2.0,1.0,2020
278,1995,Male,"Professional, Scientific and Technical Services",Professionals,More than 200,No,Couple with no dependent children,Between 1 and 5 years,Metro,Less than 10% of my time,50% - About half of my time,100% - I spent all of my time remote working,Strongly agree,Strongly agree,Strongly agree,Strongly agree,Somewhat agree,100% - All of my time,80%,Somewhat disagree,Neither agree nor disagree,Neither agree nor disagree,My productivity is about same when I work remotely,3.0,7.5,1.0,1.0,0.0,7.5,2.0,2.0,2020
279,1973,Male,Public Administration and Safety,Managers,More than 200,No,One  parent family with dependent children,More than 5 years,Metro,Rarely or never ,40%,100% - I spent all of my time remote working,Strongly agree,Somewhat agree,Strongly agree,Strongly agree,Neither agree nor disagree,60%,60%,Somewhat agree,Somewhat agree,Somewhat agree,I’m 20% more productive when working remotely,1.0,7.0,3.0,3.0,0.0,8.0,3.0,3.0,2020
280,1960,Female,"Professional, Scientific and Technical Services",Managers,I am the only employee,No,Couple with no dependent children,Between 1 and 5 years,Metro,90%,90%,100% - I spent all of my time remote working,Strongly agree,Strongly agree,Somewhat agree,Strongly agree,Strongly agree,100% - All of my time,100% - All of my time,Strongly agree,Strongly agree,Strongly agree,I’m 50% more productive when working remotely (or more),1.0,5.0,5.0,3.0,0.0,8.0,5.0,4.0,2020
281,1963,Male,Health Care and Social Assistance,Professionals,More than 200,Yes,Couple with no dependent children,More than 5 years,Metro,20%,100% - All of my time,100% - I spent all of my time remote working,Strongly agree,Somewhat agree,Strongly agree,Strongly agree,Strongly agree,80%,80%,Neither agree nor disagree,Neither agree nor disagree,Somewhat agree,I’m 20% less productive when working remotely,4.0,8.0,2.0,2.0,0.0,8.0,2.0,6.0,2020
282,1964,Male,Arts and Recreation Services,Professionals,Between 5 and 19,Yes,Single person,Between 1 and 5 years,Metro,70%,50% - About half of my time,100% - I spent all of my time remote working,Strongly agree,Strongly agree,Strongly agree,Strongly agree,Somewhat agree,50% - About half of my time,50% - About half of my time,Strongly agree,Somewhat agree,Somewhat disagree,I’m 20% more productive when working remotely,1.0,8.0,0.25,0.0,0.5,8.0,0.25,0.0,2020
283,1957,Male,Wholesale Trade,Managers,Between 5 and 19,No,Other one family household,More than 5 years,Metro,Less than 10% of my time,20%,Rarely or never ,,,,,,10%,10%,Neither agree nor disagree,Somewhat agree,Somewhat agree,I’m 30% more productive when working remotely,1.0,9.0,12.0,2.0,0.0,9.0,13.0,2.0,2020
284,1979,Female,Education and Training,Professionals,I am the only employee,No,Single person,More than 5 years,Metro,Rarely or never ,50% - About half of my time,80%,Neither agree nor disagree,Strongly disagree,Strongly disagree,Strongly agree,Somewhat disagree,50% - About half of my time,50% - About half of my time,Strongly disagree,Neither agree nor disagree,Somewhat disagree,I’m 20% less productive when working remotely,0.0,5.0,0.0,0.0,0.0,5.0,1.0,0.5,2020
285,1957,Male,Arts and Recreation Services,Managers,Between 1 and 4,Yes,Couple with no dependent children,More than 5 years,Metro,20%,20%,Rarely or never ,,,,,,20%,20%,Somewhat agree,Somewhat agree,Somewhat agree,My productivity is about same when I work remotely,0.25,7.5,0.0,0.0,0.25,7.0,0.5,0.0,2020
286,1962,Male,"Professional, Scientific and Technical Services",Managers,Between 20 and 199,No,Couple with dependent children,More than 5 years,Metro,40%,50% - About half of my time,100% - I spent all of my time remote working,Strongly agree,Strongly agree,Strongly agree,Strongly agree,Strongly agree,60%,40%,Somewhat agree,Strongly agree,Strongly agree,I’m 20% more productive when working remotely,1.5,8.0,4.5,2.0,0.5,9.0,4.5,2.0,2020
287,1966,Male,Other Services,Managers,Between 20 and 199,Yes,Couple with no dependent children,More than 5 years,Regional,Less than 10% of my time,Less than 10% of my time,Less than 10% of my time,Neither agree nor disagree,Somewhat disagree,Strongly disagree,Somewhat agree,Neither agree nor disagree,Less than 10% of my time,Less than 10% of my time,Somewhat disagree,Neither agree nor disagree,Neither agree nor disagree,My productivity is about same when I work remotely,2.0,9.0,4.0,1.0,0.0,11.0,4.0,1.0,2020
288,1961,Male,Manufacturing,Managers,Between 20 and 199,No,Couple with no dependent children,More than 5 years,Regional,Less than 10% of my time,100% - All of my time,100% - I spent all of my time remote working,Strongly disagree,Strongly disagree,Strongly disagree,Strongly disagree,Strongly disagree,100% - All of my time,100% - All of my time,Neither agree nor disagree,Somewhat agree,Neither agree nor disagree,I’m 20% more productive when working remotely,1.0,8.0,4.0,3.0,0.0,8.0,6.0,2.0,2020
289,1973,Male,Manufacturing,Clerical and administrative ,Between 5 and 19,Yes,Couple with dependent children,Between 6 and 12 months,Metro,70%,50% - About half of my time,70%,Somewhat disagree,Strongly agree,Somewhat disagree,Neither agree nor disagree,Somewhat agree,70%,60%,Strongly disagree,Somewhat disagree,Somewhat agree,I’m 10% more productive when working remotely,5.0,4.0,2.0,1.0,2.0,2.0,2.0,2.0,2020
290,1955,Male,"Professional, Scientific and Technical Services",Professionals,More than 200,No,Couple with dependent children,More than 5 years,Metro,40%,60%,60%,Strongly agree,Strongly agree,Strongly agree,Strongly agree,Neither agree nor disagree,60%,40%,Somewhat agree,Strongly agree,Neither agree nor disagree,I’m 10% less productive when working remotely,2.5,9.0,3.0,1.5,0.5,10.0,2.0,2.5,2020
291,1968,Male,Wholesale Trade,Managers,Between 1 and 4,Yes,Couple with no dependent children,More than 5 years,Metro,10%,20%,60%,Strongly agree,Strongly agree,Somewhat agree,Strongly agree,Strongly agree,80%,80%,Strongly agree,Strongly agree,Strongly agree,I’m 40% more productive when working remotely,1.0,9.0,3.0,3.0,0.0,10.0,4.0,4.0,2020
292,1961,Female,Administrative and Support Services,Clerical and administrative ,More than 200,No,Other one family household,More than 5 years,Metro,Rarely or never ,90%,90%,Neither agree nor disagree,Neither agree nor disagree,Neither agree nor disagree,Neither agree nor disagree,Strongly agree,90%,100% - All of my time,Neither agree nor disagree,Neither agree nor disagree,Neither agree nor disagree,I’m 50% more productive when working remotely (or more),3.0,6.0,4.0,3.0,1.0,8.0,5.0,2.0,2020
293,1985,Male,Public Administration and Safety,Managers,More than 200,Yes,Single person,More than 5 years,Metro,30%,50% - About half of my time,50% - I spent about half of my time remote working,Neither agree nor disagree,Somewhat disagree,Somewhat agree,Somewhat agree,Somewhat disagree,50% - About half of my time,I would prefer not to work remotely ,Strongly disagree,Strongly disagree,Strongly disagree,My productivity is about same when I work remotely,1.0,6.0,1.0,1.0,0.5,7.0,0.5,0.0,2020
294,1978,Female,Financial and Insurance Services,Clerical and administrative ,Between 20 and 199,No,Couple with no dependent children,Between 1 and 5 years,Metro,Rarely or never ,100% - All of my time,90%,Somewhat agree,Somewhat disagree,Somewhat agree,Somewhat disagree,Somewhat agree,100% - All of my time,90%,Somewhat disagree,Somewhat disagree,Neither agree nor disagree,I’m 50% less productive when working remotely (or less),3.0,8.0,8.0,5.0,1.0,10.0,8.0,5.0,2020
295,1960,Male,Other Services,Technicians and trades ,Between 20 and 199,No,Single person,Between 1 and 5 years,Metro,Less than 10% of my time,I would not have preferred to work remotely ,Rarely or never ,,,,,,I would not have preferred to work remotely ,I would prefer not to work remotely ,Strongly agree,Neither agree nor disagree,Strongly agree,I’m 50% less productive when working remotely (or less),1.0,9.0,6.0,1.0,0.0,14.0,4.0,1.0,2020
296,1986,Male,Retail Trade,Professionals,More than 200,No,Couple with dependent children,More than 5 years,Metro,30%,50% - About half of my time,100% - I spent all of my time remote working,Strongly agree,Strongly agree,Strongly agree,Strongly agree,Somewhat agree,100% - All of my time,50% - About half of my time,Strongly agree,Strongly agree,Strongly agree,I’m 10% more productive when working remotely,3.0,9.0,2.0,2.0,0.0,9.0,5.0,2.0,2020
297,1964,Male,Wholesale Trade,Sales ,Between 20 and 199,No,Single person,More than 5 years,Metro,10%,70%,10%,Strongly disagree,Neither agree nor disagree,Strongly disagree,Somewhat disagree,Neither agree nor disagree,70%,70%,Strongly disagree,Strongly disagree,Somewhat disagree,My productivity is about same when I work remotely,3.0,9.0,0.0,0.0,0.5,10.0,0.0,1.0,2020
298,1959,Male,"Professional, Scientific and Technical Services",Professionals,More than 200,No,Couple with dependent children,More than 5 years,Metro,100% - I spent all of my time remote working,100% - All of my time,100% - I spent all of my time remote working,Strongly agree,Neither agree nor disagree,Strongly agree,Somewhat agree,Somewhat agree,100% - All of my time,100% - All of my time,Somewhat agree,Somewhat agree,Somewhat agree,I’m 30% more productive when working remotely,1.0,7.0,0.5,0.0,0.0,8.0,0.5,0.5,2020
299,1957,Male,Financial and Insurance Services,Managers,Between 5 and 19,No,Couple with no dependent children,Between 1 and 5 years,Metro,50% - I spent about half of my time remote working,50% - About half of my time,70%,Somewhat agree,Somewhat agree,Somewhat agree,Strongly agree,Neither agree nor disagree,50% - About half of my time,50% - About half of my time,Neither agree nor disagree,Somewhat agree,Neither agree nor disagree,I’m 20% more productive when working remotely,1.5,6.5,3.0,3.0,0.0,7.0,4.0,4.0,2020
300,1997,Male,Education and Training,Professionals,More than 200,No,Group household,Between 1 and 5 years,Metro,Rarely or never ,Less than 10% of my time,100% - I spent all of my time remote working,Strongly agree,Somewhat agree,Strongly agree,Strongly agree,Somewhat disagree,Less than 10% of my time,Less than 10% of my time,Somewhat disagree,Neither agree nor disagree,Strongly disagree,My productivity is about same when I work remotely,0.5,3.0,1.0,1.0,0.0,3.0,2.0,2.0,2020
301,1960,Male,Information Media and Telecommunications,Clerical and administrative ,Between 5 and 19,No,Single person,More than 5 years,Metro,Less than 10% of my time,50% - About half of my time,90%,Strongly agree,Somewhat disagree,Strongly agree,Strongly agree,Neither agree nor disagree,80%,50% - About half of my time,Somewhat agree,Somewhat agree,Neither agree nor disagree,I’m 30% more productive when working remotely,4.0,6.0,2.0,2.0,0.5,8.0,3.5,2.0,2020
302,1963,Male,"Professional, Scientific and Technical Services",Managers,Between 20 and 199,No,One  parent family with dependent children,Between 6 and 12 months,Metro,Rarely or never ,20%,80%,Strongly disagree,Strongly disagree,Neither agree nor disagree,Somewhat disagree,Somewhat disagree,80%,40%,Neither agree nor disagree,Neither agree nor disagree,Neither agree nor disagree,I’m 10% less productive when working remotely,3.0,8.5,5.0,0.0,0.0,10.0,6.5,0.0,2020
303,1964,Male,"Transport, Postal and Warehousing",Managers,Between 5 and 19,Yes,Couple with dependent children,More than 5 years,Metro,50% - I spent about half of my time remote working,50% - About half of my time,50% - I spent about half of my time remote working,Somewhat agree,Somewhat agree,Somewhat agree,Somewhat agree,Somewhat agree,50% - About half of my time,50% - About half of my time,Strongly agree,Strongly agree,Strongly agree,I’m 50% more productive when working remotely (or more),1.0,9.0,4.0,3.0,0.5,7.0,5.0,5.0,2020
304,1986,Female,Financial and Insurance Services,Managers,Between 5 and 19,Yes,Couple with no dependent children,Between 1 and 5 years,Regional,100% - I spent all of my time remote working,100% - All of my time,100% - I spent all of my time remote working,Strongly agree,Strongly agree,Strongly agree,Strongly agree,Somewhat agree,100% - All of my time,100% - All of my time,Neither agree nor disagree,Neither agree nor disagree,Neither agree nor disagree,I’m 40% more productive when working remotely,0.0,8.0,8.0,2.0,0.0,8.0,8.0,2.0,2020
305,1979,Male,"Professional, Scientific and Technical Services",Professionals,More than 200,No,Couple with dependent children,More than 5 years,Metro,Less than 10% of my time,20%,100% - I spent all of my time remote working,Strongly agree,Strongly agree,Strongly agree,Strongly agree,Strongly agree,100% - All of my time,100% - All of my time,Somewhat agree,Strongly agree,Somewhat agree,I’m 30% more productive when working remotely,0.75,7.5,5.0,3.0,0.0,7.5,6.0,3.0,2020
306,1971,Male,Financial and Insurance Services,Professionals,More than 200,No,Couple with no dependent children,More than 5 years,Metro,Less than 10% of my time,10%,100% - I spent all of my time remote working,Strongly agree,Strongly agree,Strongly agree,Strongly agree,Strongly agree,50% - About half of my time,40%,Strongly agree,Strongly agree,Strongly agree,I’m 20% less productive when working remotely,2.0,8.0,3.0,3.0,1.0,8.0,4.0,3.0,2020
307,1960,Female,"Transport, Postal and Warehousing",Managers,More than 200,Yes,Couple with no dependent children,More than 5 years,Metro,10%,30%,90%,Strongly agree,Strongly agree,Strongly disagree,Strongly agree,Strongly agree,90%,50% - About half of my time,Neither agree nor disagree,Somewhat agree,Somewhat agree,I’m 30% less productive when working remotely,2.0,6.0,8.0,2.0,0.5,4.0,8.0,4.0,2020
308,1963,Male,Accommodation and Food Services,Managers,More than 200,Yes,Couple with no dependent children,More than 5 years,Metro,Less than 10% of my time,Less than 10% of my time,Rarely or never ,,,,,,10%,20%,Strongly disagree,Strongly disagree,Strongly disagree,I’m 30% more productive when working remotely,0.5,8.5,0.0,0.0,0.0,8.0,0.0,0.0,2020
309,1977,Male,Financial and Insurance Services,Professionals,More than 200,Yes,Couple with dependent children,Between 1 and 5 years,Metro,Less than 10% of my time,20%,90%,Strongly agree,Somewhat agree,Strongly agree,Strongly agree,Somewhat agree,80%,40%,Neither agree nor disagree,Somewhat agree,Somewhat agree,I’m 20% less productive when working remotely,1.25,8.5,1.5,1.5,0.0,8.5,2.0,2.0,2020
310,1986,Male,Retail Trade,Managers,Between 20 and 199,Yes,Group household,Between 1 and 5 years,Metro,Less than 10% of my time,40%,50% - I spent about half of my time remote working,Somewhat agree,Somewhat agree,Somewhat agree,Neither agree nor disagree,Somewhat agree,70%,50% - About half of my time,Neither agree nor disagree,Neither agree nor disagree,Neither agree nor disagree,I’m 20% more productive when working remotely,1.0,8.0,1.0,1.0,0.5,9.0,1.0,1.0,2020
311,1987,Female,Information Media and Telecommunications,Professionals,More than 200,No,Couple with no dependent children,More than 5 years,Metro,20%,40%,20%,Somewhat agree,Somewhat agree,Somewhat agree,Somewhat agree,Strongly agree,40%,20%,Somewhat agree,Somewhat agree,Somewhat agree,I’m 10% less productive when working remotely,1.0,6.0,0.5,0.0,0.2,6.0,1.0,1.0,2020
312,1961,Male,Public Administration and Safety,Professionals,More than 200,Yes,Couple with no dependent children,More than 5 years,Regional,10%,Less than 10% of my time,30%,Somewhat agree,Strongly agree,Strongly agree,Somewhat agree,Neither agree nor disagree,10%,10%,Somewhat agree,Somewhat agree,Somewhat agree,My productivity is about same when I work remotely,1.0,11.0,1.0,3.0,1.0,11.0,1.0,3.0,2020
313,1985,Male,"Professional, Scientific and Technical Services",Professionals,More than 200,No,Couple with dependent children,More than 5 years,Metro,90%,90%,100% - I spent all of my time remote working,Strongly agree,Strongly agree,Strongly agree,Strongly agree,Strongly agree,100% - All of my time,90%,Strongly agree,Strongly agree,Strongly agree,I’m 50% more productive when working remotely (or more),0.5,8.0,8.0,4.0,0.5,10.0,6.0,4.0,2020
314,1962,Male,"Electricity, Gas, Water and Waste Services",Professionals,Between 5 and 19,No,Couple with dependent children,Between 1 and 5 years,Metro,Rarely or never ,Less than 10% of my time,30%,Neither agree nor disagree,Neither agree nor disagree,Neither agree nor disagree,Strongly agree,Somewhat agree,20%,10%,Neither agree nor disagree,Somewhat agree,Strongly agree,My productivity is about same when I work remotely,1.5,10.0,3.0,1.0,1.0,11.0,3.0,1.0,2020
315,1990,Rather not say,"Professional, Scientific and Technical Services",Clerical and administrative ,Between 5 and 19,No,Other one family household,Between 1 and 5 years,Metro,Rarely or never ,20%,70%,Strongly disagree,Strongly disagree,Somewhat agree,Strongly disagree,Neither agree nor disagree,100% - All of my time,70%,Strongly disagree,Strongly disagree,Strongly disagree,I’m 30% more productive when working remotely,2.5,7.75,3.0,2.0,0.5,8.0,4.0,3.0,2020
316,1989,Female,Financial and Insurance Services,Managers,More than 200,Yes,Couple with no dependent children,More than 5 years,Metro,40%,60%,100% - I spent all of my time remote working,Strongly agree,Strongly agree,Strongly agree,Strongly agree,Strongly agree,100% - All of my time,60%,Strongly agree,Strongly agree,Strongly agree,I’m 50% more productive when working remotely (or more),3.0,8.0,5.0,0.5,0.0,9.0,6.0,1.0,2020
317,1984,Male,Financial and Insurance Services,Professionals,More than 200,No,Couple with dependent children,Between 1 and 5 years,Metro,10%,30%,100% - I spent all of my time remote working,Strongly agree,Neither agree nor disagree,Somewhat agree,Strongly agree,Neither agree nor disagree,50% - About half of my time,50% - About half of my time,Somewhat agree,Neither agree nor disagree,Neither agree nor disagree,I’m 20% more productive when working remotely,1.5,10.0,2.0,3.5,0.5,10.0,4.0,3.0,2020
318,1985,Female,"Professional, Scientific and Technical Services",Professionals,More than 200,No,Single person,Between 1 and 5 years,Metro,Less than 10% of my time,20%,100% - I spent all of my time remote working,Strongly agree,Strongly agree,Strongly agree,Strongly agree,Somewhat agree,50% - About half of my time,30%,Somewhat agree,Somewhat agree,Somewhat agree,I’m 10% more productive when working remotely,1.0,7.0,2.0,1.0,0.0,7.0,2.0,1.0,2020
319,1990,Female,Other Services,Managers,More than 200,Yes,Multiple family household,Between 1 and 5 years,Metro,50% - I spent about half of my time remote working,100% - All of my time,100% - I spent all of my time remote working,Strongly agree,Somewhat agree,Strongly agree,Strongly agree,Strongly agree,100% - All of my time,100% - All of my time,Somewhat agree,Somewhat agree,Strongly agree,I’m 30% more productive when working remotely,2.5,7.5,2.0,1.0,0.5,8.0,3.0,1.0,2020
320,1963,Female,"Transport, Postal and Warehousing",Professionals,More than 200,No,Couple with dependent children,More than 5 years,Metro,50% - I spent about half of my time remote working,70%,100% - I spent all of my time remote working,Strongly agree,Strongly agree,Strongly agree,Strongly agree,Strongly agree,100% - All of my time,70%,Strongly agree,Strongly agree,Strongly agree,I’m 50% more productive when working remotely (or more),1.0,7.0,2.0,1.0,0.0,9.0,2.0,2.0,2020
321,1957,Male,Education and Training,Professionals,More than 200,No,Couple with no dependent children,More than 5 years,Metro,40%,90%,100% - I spent all of my time remote working,Strongly agree,Strongly disagree,Strongly agree,Strongly agree,Somewhat agree,100% - All of my time,80%,Somewhat agree,Neither agree nor disagree,Somewhat disagree,My productivity is about same when I work remotely,3.0,6.0,12.0,3.0,0.0,8.0,10.0,6.0,2020
322,1963,Female,"Professional, Scientific and Technical Services",Clerical and administrative ,More than 200,No,Couple with dependent children,More than 5 years,Metro,Rarely or never ,80%,100% - I spent all of my time remote working,Strongly agree,Strongly agree,Strongly agree,Strongly agree,Strongly agree,100% - All of my time,100% - All of my time,Strongly agree,Strongly agree,Strongly agree,I’m 30% more productive when working remotely,2.0,8.0,1.0,2.0,0.0,8.0,2.0,1.0,2020
323,1970,Male,Wholesale Trade,Managers,More than 200,Yes,Couple with dependent children,More than 5 years,Metro,20%,90%,100% - I spent all of my time remote working,Somewhat agree,Neither agree nor disagree,Somewhat agree,Somewhat agree,Somewhat agree,100% - All of my time,90%,Strongly agree,Strongly agree,Strongly agree,I’m 40% more productive when working remotely,1.0,6.0,1.0,0.5,1.0,7.0,0.5,0.5,2020
324,1958,Female,Education and Training,Professionals,More than 200,No,Couple with no dependent children,More than 5 years,Metro,30%,50% - About half of my time,90%,Strongly agree,Somewhat agree,Strongly agree,Strongly agree,Somewhat agree,80%,50% - About half of my time,Neither agree nor disagree,Neither agree nor disagree,Neither agree nor disagree,I’m 30% more productive when working remotely,2.0,8.0,4.0,2.0,0.5,8.0,5.0,2.5,2020
325,1959,Male,"Electricity, Gas, Water and Waste Services",Professionals,More than 200,Yes,Couple with dependent children,More than 5 years,Metro,30%,80%,90%,Strongly agree,Strongly agree,Strongly agree,Strongly agree,Strongly agree,90%,90%,Somewhat agree,Somewhat agree,Strongly agree,I’m 50% more productive when working remotely (or more),2.0,9.0,2.0,1.0,0.5,13.0,1.0,1.0,2020
326,1971,Male,Accommodation and Food Services,Managers,Between 20 and 199,Yes,Couple with dependent children,More than 5 years,Metro,Rarely or never ,10%,60%,Strongly disagree,Strongly disagree,Strongly disagree,Neither agree nor disagree,Somewhat agree,I would not have preferred to work remotely ,I would prefer not to work remotely ,Somewhat disagree,Neither agree nor disagree,Strongly disagree,I’m 20% less productive when working remotely,1.5,8.0,5.0,2.0,1.0,7.0,5.0,4.0,2020
327,1961,Female,Other Services,Clerical and administrative ,Between 1 and 4,No,Couple with no dependent children,More than 5 years,Metro,100% - I spent all of my time remote working,100% - All of my time,100% - I spent all of my time remote working,Strongly agree,Strongly agree,Strongly agree,Strongly agree,Strongly agree,100% - All of my time,100% - All of my time,Strongly agree,Strongly agree,Strongly agree,My productivity is about same when I work remotely,0.5,3.0,2.0,5.0,0.0,3.0,2.0,5.0,2020
328,1962,Male,Public Administration and Safety,Community and personal service ,More than 200,Yes,Couple with no dependent children,More than 5 years,Metro,40%,60%,30%,Neither agree nor disagree,Somewhat disagree,Somewhat agree,Neither agree nor disagree,Somewhat agree,60%,50% - About half of my time,Somewhat disagree,Strongly disagree,Strongly disagree,My productivity is about same when I work remotely,1.5,7.0,1.0,1.0,0.5,7.5,2.0,2.0,2020
329,1986,Female,"Professional, Scientific and Technical Services",Managers,More than 200,Yes,Couple with dependent children,Between 1 and 5 years,Metro,Rarely or never ,60%,100% - I spent all of my time remote working,Neither agree nor disagree,Somewhat agree,Somewhat agree,Somewhat agree,Somewhat agree,100% - All of my time,60%,Somewhat agree,Somewhat agree,Neither agree nor disagree,I’m 30% more productive when working remotely,0.5,8.0,3.0,2.0,0.0,8.0,3.0,2.0,2020
330,1959,Female,"Electricity, Gas, Water and Waste Services",Professionals,More than 200,Yes,Couple with no dependent children,Between 6 and 12 months,Metro,Rarely or never ,20%,90%,Somewhat agree,Somewhat disagree,Strongly agree,Strongly agree,Strongly agree,100% - All of my time,50% - About half of my time,Somewhat disagree,Somewhat disagree,Somewhat disagree,I’m 20% more productive when working remotely,3.0,9.0,3.0,0.0,0.5,11.0,4.0,0.0,2020
331,1987,Male,Other Services,Professionals,Between 20 and 199,No,Other one family household,More than 5 years,Metro,Less than 10% of my time,10%,Rarely or never ,,,,,,Less than 10% of my time,Less than 10% of my time,Somewhat disagree,Somewhat agree,Somewhat agree,I’m 50% less productive when working remotely (or less),0.75,8.0,2.0,2.0,0.1,6.0,3.0,3.0,2020
332,1972,Male,Health Care and Social Assistance,Managers,Between 20 and 199,Yes,Couple with dependent children,Between 1 and 5 years,Metro,Rarely or never ,40%,90%,Strongly agree,Somewhat agree,Strongly disagree,Strongly agree,Strongly agree,90%,70%,Somewhat agree,Somewhat agree,Somewhat agree,I’m 20% more productive when working remotely,1.0,9.0,2.0,3.0,0.0,9.0,2.0,3.0,2020
333,1968,Female,Administrative and Support Services,Clerical and administrative ,Between 20 and 199,No,Couple with dependent children,More than 5 years,Metro,Rarely or never ,50% - About half of my time,100% - I spent all of my time remote working,Somewhat agree,Strongly agree,Somewhat agree,Somewhat disagree,Strongly agree,100% - All of my time,100% - All of my time,Neither agree nor disagree,Somewhat disagree,Neither agree nor disagree,My productivity is about same when I work remotely,2.0,4.0,2.0,3.0,0.0,4.0,3.0,3.0,2020
334,1975,Male,Wholesale Trade,Managers,Between 20 and 199,Yes,Couple with dependent children,More than 5 years,Metro,Rarely or never ,20%,50% - I spent about half of my time remote working,Strongly agree,Somewhat agree,Somewhat agree,Strongly agree,Somewhat agree,50% - About half of my time,40%,Somewhat agree,Somewhat agree,Neither agree nor disagree,My productivity is about same when I work remotely,1.0,9.0,2.0,1.0,0.5,7.0,4.0,0.5,2020
335,1969,Male,Financial and Insurance Services,Managers,More than 200,Yes,Couple with dependent children,More than 5 years,Metro,20%,50% - About half of my time,90%,Neither agree nor disagree,Neither agree nor disagree,Neither agree nor disagree,Neither agree nor disagree,Neither agree nor disagree,30%,50% - About half of my time,Somewhat agree,Somewhat agree,Somewhat agree,I’m 50% more productive when working remotely (or more),1.5,9.0,1.0,1.0,0.0,9.0,1.0,1.0,2020
336,1959,Male,Other Services,Labourers,Between 5 and 19,Yes,Couple with dependent children,Between 6 and 12 months,Metro,40%,40%,40%,Somewhat agree,Neither agree nor disagree,Somewhat agree,Somewhat agree,Somewhat agree,40%,40%,Neither agree nor disagree,Neither agree nor disagree,Neither agree nor disagree,I’m 40% more productive when working remotely,1.0,0.5,0.5,1.0,0.5,2.0,0.5,1.0,2020
337,1964,Male,Other Services,Managers,Between 20 and 199,Yes,Couple with no dependent children,More than 5 years,Metro,30%,70%,100% - I spent all of my time remote working,Somewhat agree,Somewhat agree,Somewhat agree,Somewhat agree,Somewhat agree,100% - All of my time,70%,Neither agree nor disagree,Somewhat agree,Somewhat agree,I’m 50% more productive when working remotely (or more),1.5,7.0,2.0,3.0,0.0,6.0,3.0,3.0,2020
338,1965,Male,"Professional, Scientific and Technical Services",Managers,More than 200,Yes,Couple with no dependent children,More than 5 years,Regional,10%,20%,40%,Strongly agree,Strongly agree,Strongly agree,Strongly agree,Strongly agree,40%,20%,Somewhat disagree,Somewhat disagree,Neither agree nor disagree,My productivity is about same when I work remotely,1.0,7.0,4.0,1.0,0.1,7.0,5.0,2.0,2020
339,1972,Male,"Professional, Scientific and Technical Services",Managers,Between 20 and 199,Yes,Couple with dependent children,Between 1 and 5 years,Metro,10%,10%,90%,Strongly agree,Somewhat agree,Somewhat agree,Strongly agree,Somewhat agree,70%,60%,Somewhat agree,Strongly agree,Strongly agree,I’m 20% more productive when working remotely,0.25,8.5,2.0,2.0,0.1,10.5,2.5,1.0,2020
340,1990,Male,Public Administration and Safety,Technicians and trades ,Between 20 and 199,No,Couple with no dependent children,Between 1 and 5 years,Metro,50% - I spent about half of my time remote working,60%,70%,Neither agree nor disagree,Neither agree nor disagree,Neither agree nor disagree,Neither agree nor disagree,Neither agree nor disagree,60%,60%,Neither agree nor disagree,Neither agree nor disagree,Neither agree nor disagree,I’m 10% more productive when working remotely,1.0,8.0,0.0,0.0,1.0,4.0,3.0,2.0,2020
341,1957,Male,Education and Training,Managers,More than 200,Yes,Single person,More than 5 years,Regional,40%,30%,90%,Strongly agree,Somewhat agree,Strongly agree,Strongly agree,Strongly agree,40%,30%,Neither agree nor disagree,Neither agree nor disagree,Somewhat agree,I’m 30% less productive when working remotely,1.0,6.0,8.0,8.0,0.25,7.0,8.0,8.0,2020
342,1965,Male,"Rental, Hiring and Real Estate Services",Managers,Between 1 and 4,No,Couple with no dependent children,More than 5 years,Metro,90%,90%,90%,Somewhat agree,Somewhat agree,Somewhat agree,Somewhat agree,Somewhat agree,90%,90%,Strongly agree,Strongly agree,Strongly agree,I’m 50% more productive when working remotely (or more),1.0,8.0,14.0,1.0,0.0,2.0,20.0,2.0,2020
343,1978,Male,Information Media and Telecommunications,Managers,More than 200,Yes,Couple with no dependent children,More than 5 years,Metro,20%,70%,100% - I spent all of my time remote working,Strongly agree,Strongly agree,Strongly agree,Strongly agree,Strongly agree,100% - All of my time,70%,Somewhat agree,Somewhat agree,Somewhat agree,My productivity is about same when I work remotely,4.0,9.0,2.0,2.0,0.5,9.0,3.0,3.0,2020
344,1972,Female,Mining,Professionals,Between 20 and 199,No,Couple with dependent children,Between 6 and 12 months,Metro,10%,50% - About half of my time,30%,Neither agree nor disagree,Somewhat agree,Neither agree nor disagree,Somewhat agree,Somewhat disagree,80%,70%,Neither agree nor disagree,Somewhat disagree,Somewhat agree,My productivity is about same when I work remotely,2.0,8.0,4.0,3.0,0.0,8.0,5.0,3.0,2020
345,1972,Male,Information Media and Telecommunications,Technicians and trades ,More than 200,No,Single person,More than 5 years,Regional,100% - I spent all of my time remote working,100% - All of my time,100% - I spent all of my time remote working,Strongly agree,Strongly agree,Strongly agree,Strongly agree,Strongly agree,100% - All of my time,100% - All of my time,Strongly agree,Strongly agree,Strongly agree,I’m 50% more productive when working remotely (or more),2.0,8.0,2.0,1.0,0.0,4.0,4.0,1.0,2020
346,1969,Male,Other Services,Managers,More than 200,Yes,Single person,Between 6 and 12 months,Metro,20%,50% - About half of my time,100% - I spent all of my time remote working,Strongly agree,Strongly agree,Strongly agree,Somewhat agree,Somewhat agree,80%,20%,Somewhat agree,Somewhat agree,Somewhat agree,I’m 20% more productive when working remotely,0.5,8.0,8.0,6.0,0.0,8.0,8.0,6.0,2020
347,1963,Female,Financial and Insurance Services,Clerical and administrative ,More than 200,Yes,One  parent family with dependent children,Between 1 and 5 years,Metro,20%,20%,100% - I spent all of my time remote working,Somewhat agree,Strongly agree,Somewhat agree,Strongly agree,Strongly agree,100% - All of my time,70%,Somewhat agree,Somewhat disagree,Somewhat agree,I’m 40% more productive when working remotely,2.0,7.0,3.0,3.0,3.0,8.0,5.0,8.0,2020
348,1975,Male,Public Administration and Safety,Managers,More than 200,Yes,Single person,More than 5 years,Metro,50% - I spent about half of my time remote working,30%,90%,Strongly agree,Somewhat agree,Strongly agree,Strongly agree,Somewhat agree,90%,30%,Somewhat agree,Somewhat agree,Somewhat agree,My productivity is about same when I work remotely,0.5,7.0,2.0,0.0,0.0,8.0,2.0,0.0,2020
349,1965,Male,Wholesale Trade,Managers,More than 200,Yes,Couple with dependent children,More than 5 years,Metro,20%,60%,60%,Neither agree nor disagree,Somewhat agree,Somewhat agree,Somewhat agree,Somewhat agree,80%,70%,Neither agree nor disagree,Somewhat agree,Somewhat agree,I’m 30% more productive when working remotely,2.0,8.0,4.0,2.0,0.0,9.0,4.0,3.0,2020
350,1967,Male,Health Care and Social Assistance,Managers,More than 200,No,Single person,More than 5 years,Metro,40%,40%,40%,Somewhat agree,Somewhat agree,Somewhat agree,Somewhat agree,Somewhat agree,40%,40%,Somewhat disagree,Somewhat disagree,Somewhat disagree,I’m 40% more productive when working remotely,2.0,8.0,1.0,1.0,0.25,8.0,2.0,2.0,2020
351,1997,Female,Health Care and Social Assistance,Sales ,More than 200,No,One  parent family with dependent children,Between 1 and 5 years,Metro,Rarely or never ,10%,100% - I spent all of my time remote working,Neither agree nor disagree,Somewhat disagree,Neither agree nor disagree,Strongly agree,Neither agree nor disagree,10%,10%,Somewhat agree,Somewhat agree,Somewhat agree,My productivity is about same when I work remotely,1.5,7.5,0.0,0.0,0.5,7.5,0.0,0.0,2020
352,1990,Male,Manufacturing,Machinery operators and drivers,I am the only employee,Yes,One  parent family with dependent children,Between 6 and 12 months,Regional,80%,60%,70%,Strongly agree,Somewhat agree,Somewhat agree,Strongly agree,Neither agree nor disagree,10%,70%,Strongly agree,Somewhat agree,Neither agree nor disagree,I’m 50% more productive when working remotely (or more),1.0,2.0,20.0,1.0,1.0,13.0,5.0,5.0,2020
353,1962,Male,Arts and Recreation Services,Technicians and trades ,Between 5 and 19,Yes,Single person,More than 5 years,Regional,10%,50% - About half of my time,50% - I spent about half of my time remote working,Neither agree nor disagree,Somewhat agree,Neither agree nor disagree,Somewhat agree,Neither agree nor disagree,20%,10%,Neither agree nor disagree,Somewhat agree,Neither agree nor disagree,I’m 30% more productive when working remotely,1.0,3.0,13.0,7.0,1.0,5.0,15.0,3.0,2020
354,1978,Female,Accommodation and Food Services,Managers,Between 5 and 19,Yes,Couple with dependent children,Between 1 and 5 years,Metro,20%,20%,10%,Somewhat agree,Somewhat agree,Neither agree nor disagree,Somewhat agree,Somewhat agree,10%,20%,Neither agree nor disagree,Neither agree nor disagree,Neither agree nor disagree,I’m 30% more productive when working remotely,1.0,9.0,2.0,3.0,0.2,8.0,3.0,3.0,2020
355,1984,Female,Health Care and Social Assistance,Managers,Between 5 and 19,Yes,Couple with no dependent children,Between 1 and 5 years,Metro,Less than 10% of my time,20%,30%,Neither agree nor disagree,Neither agree nor disagree,Neither agree nor disagree,Somewhat agree,Somewhat agree,40%,I would prefer not to work remotely ,Somewhat agree,Somewhat agree,Somewhat agree,I’m 20% less productive when working remotely,1.0,7.0,0.0,0.0,0.0,6.0,1.0,1.0,2020
356,1961,Male,"Professional, Scientific and Technical Services",Professionals,Between 1 and 4,Yes,Couple with dependent children,More than 5 years,Metro,70%,70%,100% - I spent all of my time remote working,Neither agree nor disagree,Neither agree nor disagree,Somewhat agree,Somewhat agree,Somewhat agree,70%,70%,Neither agree nor disagree,Neither agree nor disagree,Somewhat agree,I’m 20% more productive when working remotely,2.0,9.0,2.0,2.0,0.0,9.0,4.0,2.0,2020
357,1958,Male,"Professional, Scientific and Technical Services",Managers,Between 1 and 4,Yes,Couple with no dependent children,More than 5 years,Metro,40%,70%,20%,Somewhat agree,Strongly agree,Strongly agree,Somewhat disagree,Neither agree nor disagree,70%,70%,Somewhat agree,Somewhat agree,Somewhat agree,I’m 10% more productive when working remotely,0.5,8.0,4.0,1.0,2.0,6.0,1.0,0.0,2020
358,1969,Male,Health Care and Social Assistance,Managers,Between 20 and 199,Yes,Couple with no dependent children,More than 5 years,Metro,20%,30%,100% - I spent all of my time remote working,Strongly agree,Strongly agree,Strongly agree,Strongly agree,Somewhat agree,80%,50% - About half of my time,Strongly agree,Somewhat agree,Somewhat agree,I’m 20% more productive when working remotely,1.0,9.0,7.0,0.5,0.5,9.0,7.0,1.0,2020
359,1971,Male,"Professional, Scientific and Technical Services",Managers,Between 20 and 199,Yes,Couple with no dependent children,More than 5 years,Metro,20%,20%,20%,Neither agree nor disagree,Neither agree nor disagree,Neither agree nor disagree,Neither agree nor disagree,Neither agree nor disagree,20%,20%,Neither agree nor disagree,Neither agree nor disagree,Neither agree nor disagree,I’m 50% more productive when working remotely (or more),1.0,10.0,10.0,2.0,0.0,12.0,10.0,2.0,2020
360,1972,Female,Information Media and Telecommunications,Sales ,Between 20 and 199,No,Single person,More than 5 years,Metro,Less than 10% of my time,20%,80%,Somewhat agree,Somewhat agree,Strongly agree,Strongly agree,Somewhat agree,50% - About half of my time,50% - About half of my time,Neither agree nor disagree,Somewhat agree,Somewhat agree,I’m 30% more productive when working remotely,2.0,8.0,5.0,4.0,0.0,8.0,4.0,6.0,2020
361,1979,Female,"Professional, Scientific and Technical Services",Professionals,Between 20 and 199,No,Couple with dependent children,More than 5 years,Regional,50% - I spent about half of my time remote working,100% - All of my time,100% - I spent all of my time remote working,Strongly agree,Somewhat agree,Strongly agree,Strongly agree,Strongly agree,100% - All of my time,100% - All of my time,Strongly agree,Strongly agree,Strongly agree,I’m 30% more productive when working remotely,4.0,8.0,3.0,1.0,0.5,8.0,4.5,3.0,2020
362,1966,Female,Information Media and Telecommunications,Clerical and administrative ,More than 200,No,Single person,More than 5 years,Metro,Less than 10% of my time,10%,100% - I spent all of my time remote working,Somewhat agree,Somewhat agree,Strongly agree,Strongly agree,Somewhat agree,20%,10%,Strongly agree,Strongly agree,Strongly agree,My productivity is about same when I work remotely,2.0,10.0,8.0,4.0,0.5,10.0,9.5,4.0,2020
363,1959,Female,Arts and Recreation Services,Managers,Between 5 and 19,Yes,Single person,More than 5 years,Regional,20%,20%,100% - I spent all of my time remote working,Strongly agree,Strongly agree,Strongly agree,Strongly agree,Strongly agree,100% - All of my time,60%,Strongly agree,Strongly agree,Strongly agree,I’m 30% more productive when working remotely,3.0,10.0,2.0,1.0,0.5,10.0,6.0,2.0,2020
364,1995,Male,Education and Training,Professionals,More than 200,Yes,Couple with no dependent children,Between 1 and 5 years,Metro,100% - I spent all of my time remote working,100% - All of my time,100% - I spent all of my time remote working,Strongly agree,Somewhat agree,Strongly agree,Strongly agree,Strongly agree,100% - All of my time,100% - All of my time,Strongly agree,Strongly agree,Strongly agree,I’m 50% more productive when working remotely (or more),1.0,1.0,1.0,4.0,4.0,6.0,5.0,7.0,2020
365,1983,Female,Information Media and Telecommunications,Professionals,Between 1 and 4,Yes,Couple with dependent children,Between 1 and 5 years,Metro,20%,20%,50% - I spent about half of my time remote working,Strongly agree,Strongly agree,Strongly agree,Strongly agree,Strongly agree,50% - About half of my time,20%,Somewhat disagree,Somewhat agree,Somewhat agree,I’m 30% less productive when working remotely,1.5,7.0,3.0,1.0,0.0,4.0,4.0,4.0,2020
366,1968,Male,Wholesale Trade,Managers,Between 5 and 19,Yes,Couple with dependent children,More than 5 years,Metro,40%,90%,50% - I spent about half of my time remote working,Somewhat agree,Somewhat disagree,Neither agree nor disagree,Somewhat agree,Somewhat disagree,20%,20%,Somewhat agree,Somewhat agree,Somewhat agree,I’m 20% less productive when working remotely,2.0,8.0,3.0,2.0,0.0,10.0,2.0,2.0,2020
367,1966,Male,Wholesale Trade,Managers,Between 5 and 19,Yes,Couple with dependent children,More than 5 years,Metro,20%,40%,50% - I spent about half of my time remote working,Strongly agree,Strongly agree,Strongly agree,Strongly agree,Strongly agree,50% - About half of my time,40%,Somewhat agree,Somewhat agree,Neither agree nor disagree,My productivity is about same when I work remotely,1.5,9.0,3.0,2.5,0.0,8.0,4.0,2.0,2020
368,1969,Male,"Professional, Scientific and Technical Services",Professionals,Between 5 and 19,Yes,Couple with no dependent children,More than 5 years,Metro,50% - I spent about half of my time remote working,50% - About half of my time,80%,Strongly agree,Strongly agree,Somewhat agree,Strongly agree,Neither agree nor disagree,50% - About half of my time,50% - About half of my time,Neither agree nor disagree,Neither agree nor disagree,Neither agree nor disagree,I’m 20% less productive when working remotely,1.5,9.0,10.0,3.5,0.0,10.0,5.0,3.0,2020
369,1966,Male,Manufacturing,Managers,Between 5 and 19,Yes,Couple with no dependent children,Between 1 and 5 years,Metro,50% - I spent about half of my time remote working,50% - About half of my time,50% - I spent about half of my time remote working,Strongly agree,Strongly agree,Strongly agree,Neither agree nor disagree,Strongly agree,50% - About half of my time,50% - About half of my time,Somewhat agree,Somewhat agree,Somewhat agree,I’m 20% more productive when working remotely,2.0,11.0,8.0,3.0,0.0,14.0,5.0,5.0,2020
370,1964,Female,Arts and Recreation Services,Professionals,I am the only employee,No,Multiple family household,More than 5 years,Regional,20%,20%,20%,Neither agree nor disagree,Neither agree nor disagree,Neither agree nor disagree,Neither agree nor disagree,Somewhat agree,20%,20%,Neither agree nor disagree,Neither agree nor disagree,Neither agree nor disagree,My productivity is about same when I work remotely,2.0,4.0,2.0,3.0,0.0,4.0,3.0,3.0,2020
371,1969,Male,"Professional, Scientific and Technical Services",Professionals,Between 20 and 199,No,Couple with dependent children,More than 5 years,Metro,60%,60%,100% - I spent all of my time remote working,Somewhat agree,Strongly agree,Strongly agree,Strongly agree,Somewhat agree,60%,60%,Neither agree nor disagree,Somewhat agree,Somewhat agree,My productivity is about same when I work remotely,3.5,8.5,3.0,1.0,0.5,9.5,4.0,2.0,2020
372,1981,Male,Other Services,Sales ,I am the only employee,No,Couple with no dependent children,Between 1 and 5 years,Metro,100% - I spent all of my time remote working,100% - All of my time,100% - I spent all of my time remote working,Strongly agree,Strongly agree,Strongly agree,Strongly agree,Strongly agree,100% - All of my time,100% - All of my time,Strongly agree,Strongly agree,Strongly agree,I’m 50% more productive when working remotely (or more),1.0,8.0,2.0,2.0,1.0,8.0,2.0,2.0,2020
373,1970,Female,Administrative and Support Services,Clerical and administrative ,More than 200,No,Couple with no dependent children,Between 1 and 5 years,Metro,Rarely or never ,20%,100% - I spent all of my time remote working,Strongly agree,Somewhat disagree,Strongly disagree,Strongly agree,Strongly agree,100% - All of my time,50% - About half of my time,Strongly disagree,Somewhat disagree,Somewhat disagree,I’m 40% more productive when working remotely,3.0,7.0,4.0,0.0,0.0,8.0,8.0,0.0,2020
374,1970,Male,"Professional, Scientific and Technical Services",Professionals,More than 200,No,Couple with dependent children,More than 5 years,Metro,Rarely or never ,50% - About half of my time,50% - I spent about half of my time remote working,Strongly disagree,Somewhat agree,Somewhat agree,Somewhat disagree,Somewhat agree,50% - About half of my time,50% - About half of my time,Strongly disagree,Somewhat disagree,Somewhat disagree,I’m 20% more productive when working remotely,2.0,7.0,14.0,1.0,0.0,8.0,15.0,1.0,2020
375,1957,Male,Health Care and Social Assistance,Clerical and administrative ,More than 200,No,Couple with dependent children,Between 1 and 5 years,Regional,Rarely or never ,50% - About half of my time,100% - I spent all of my time remote working,Strongly agree,Strongly agree,Neither agree nor disagree,Strongly agree,Neither agree nor disagree,70%,70%,Strongly agree,Strongly agree,Strongly agree,I’m 50% less productive when working remotely (or less),1.5,8.0,6.0,2.0,0.0,8.0,6.0,2.0,2020
376,1966,Male,"Professional, Scientific and Technical Services",Managers,Between 20 and 199,Yes,Couple with no dependent children,More than 5 years,Regional,50% - I spent about half of my time remote working,20%,80%,Somewhat agree,Somewhat agree,Strongly agree,Strongly agree,Somewhat agree,20%,20%,Neither agree nor disagree,Neither agree nor disagree,Neither agree nor disagree,I’m 30% less productive when working remotely,0.5,6.0,1.0,0.0,0.5,5.0,1.0,1.0,2020
377,1969,Male,"Professional, Scientific and Technical Services",Professionals,More than 200,No,Couple with dependent children,Between 1 and 5 years,Metro,40%,40%,100% - I spent all of my time remote working,Strongly agree,Strongly agree,Strongly agree,Strongly agree,Strongly agree,80%,60%,Strongly agree,Strongly agree,Strongly agree,I’m 20% more productive when working remotely,2.0,8.0,2.0,1.0,0.0,8.5,2.0,1.0,2020
378,1989,Female,Arts and Recreation Services,Managers,Between 20 and 199,No,Group household,More than 5 years,Metro,50% - I spent about half of my time remote working,40%,100% - I spent all of my time remote working,Somewhat agree,Somewhat agree,Somewhat agree,Somewhat agree,Somewhat agree,80%,50% - About half of my time,Somewhat agree,Somewhat agree,Somewhat agree,I’m 50% more productive when working remotely (or more),1.0,7.0,2.0,0.0,0.25,8.0,3.0,0.0,2020
379,1966,Female,Information Media and Telecommunications,Managers,More than 200,Yes,Couple with no dependent children,More than 5 years,Metro,20%,20%,100% - I spent all of my time remote working,Somewhat agree,Neither agree nor disagree,Somewhat agree,Somewhat agree,Somewhat agree,100% - All of my time,20%,Somewhat disagree,Strongly agree,Somewhat disagree,My productivity is about same when I work remotely,2.0,8.0,10.0,4.0,0.0,8.0,10.0,6.0,2020
380,1985,Male,Health Care and Social Assistance,Managers,Between 5 and 19,Yes,Couple with no dependent children,Between 1 and 5 years,Metro,30%,40%,80%,Somewhat agree,Somewhat disagree,Somewhat agree,Somewhat agree,Somewhat agree,80%,50% - About half of my time,Somewhat agree,Somewhat agree,Somewhat agree,I’m 50% more productive when working remotely (or more),2.0,10.0,1.0,1.0,0.0,10.0,4.0,2.0,2020
381,1988,Male,Arts and Recreation Services,Professionals,I am the only employee,No,Group household,More than 5 years,Metro,20%,40%,80%,Somewhat agree,Somewhat agree,Somewhat agree,Strongly agree,Somewhat agree,70%,30%,Somewhat disagree,Somewhat disagree,Somewhat disagree,I’m 20% more productive when working remotely,1.5,9.0,3.0,1.0,0.5,7.0,4.0,2.0,2020
382,1974,Female,Arts and Recreation Services,Professionals,Between 20 and 199,No,Couple with no dependent children,More than 5 years,Metro,Less than 10% of my time,70%,90%,Strongly agree,Somewhat disagree,Strongly agree,Strongly agree,Strongly agree,100% - All of my time,70%,Somewhat agree,Somewhat agree,Somewhat agree,I’m 40% more productive when working remotely,4.5,7.5,2.0,0.5,0.0,7.5,4.0,2.0,2020
383,1972,Male,"Professional, Scientific and Technical Services",Professionals,More than 200,Yes,One  parent family with dependent children,More than 5 years,Metro,80%,80%,100% - I spent all of my time remote working,Strongly agree,Strongly agree,Strongly agree,Strongly agree,Strongly agree,90%,80%,Somewhat agree,Neither agree nor disagree,Somewhat agree,I’m 30% more productive when working remotely,2.0,7.0,2.0,1.0,0.0,7.0,2.0,1.0,2020
384,1957,Male,Financial and Insurance Services,Managers,More than 200,No,Couple with no dependent children,More than 5 years,Metro,10%,Less than 10% of my time,90%,Strongly agree,Strongly agree,Strongly agree,Strongly agree,Strongly agree,50% - About half of my time,50% - About half of my time,Somewhat agree,Somewhat agree,Somewhat agree,My productivity is about same when I work remotely,1.5,9.0,10.0,3.5,0.0,10.0,10.0,4.0,2020
385,1966,Male,Health Care and Social Assistance,Managers,More than 200,Yes,Single person,More than 5 years,Metro,Less than 10% of my time,40%,Less than 10% of my time,Neither agree nor disagree,Somewhat agree,Somewhat agree,Somewhat agree,Somewhat agree,40%,40%,Somewhat disagree,Somewhat agree,Somewhat agree,I’m 20% less productive when working remotely,0.0,8.5,6.0,1.0,0.0,8.5,6.0,1.0,2020
386,1956,Male,"Professional, Scientific and Technical Services",Professionals,I am the only employee,No,Couple with no dependent children,More than 5 years,Metro,100% - I spent all of my time remote working,80%,100% - I spent all of my time remote working,Somewhat agree,Strongly agree,Somewhat agree,Strongly agree,Somewhat disagree,70%,50% - About half of my time,Somewhat disagree,Somewhat agree,Somewhat agree,I’m 20% more productive when working remotely,2.0,9.0,3.0,1.0,0.0,10.0,4.0,1.0,2020
387,1989,Female,Administrative and Support Services,Professionals,More than 200,Yes,Group household,Between 6 and 12 months,Metro,Rarely or never ,Less than 10% of my time,100% - I spent all of my time remote working,Strongly agree,Strongly agree,Strongly agree,Strongly agree,Strongly agree,100% - All of my time,50% - About half of my time,Somewhat agree,Somewhat agree,Somewhat agree,I’m 30% more productive when working remotely,2.0,9.0,2.0,1.0,0.0,9.0,2.0,2.0,2020
388,1974,Female,Health Care and Social Assistance,Professionals,More than 200,No,Couple with dependent children,More than 5 years,Metro,Less than 10% of my time,20%,100% - I spent all of my time remote working,Strongly agree,Strongly agree,Somewhat agree,Strongly agree,Somewhat agree,70%,50% - About half of my time,Neither agree nor disagree,Somewhat agree,Neither agree nor disagree,I’m 30% more productive when working remotely,2.0,9.0,3.0,3.0,0.5,11.0,3.0,2.5,2020
389,1968,Female,Education and Training,Professionals,More than 200,No,Couple with no dependent children,More than 5 years,Metro,Rarely or never ,I would not have preferred to work remotely ,100% - I spent all of my time remote working,Somewhat agree,Strongly agree,Neither agree nor disagree,Strongly agree,Strongly agree,100% - All of my time,60%,Strongly agree,Strongly agree,Strongly agree,I’m 20% more productive when working remotely,1.0,7.0,5.0,3.0,0.0,7.0,5.0,4.0,2020
390,1966,Female,"Professional, Scientific and Technical Services",Clerical and administrative ,More than 200,No,Couple with dependent children,More than 5 years,Metro,20%,40%,100% - I spent all of my time remote working,Strongly agree,Strongly agree,Strongly agree,Strongly agree,Strongly agree,100% - All of my time,80%,Somewhat agree,Somewhat agree,Somewhat agree,I’m 20% more productive when working remotely,3.0,7.5,4.0,2.0,0.0,8.5,5.0,3.0,2020
391,1960,Male,Health Care and Social Assistance,Professionals,Between 5 and 19,No,Couple with no dependent children,More than 5 years,Metro,20%,30%,30%,Somewhat disagree,Somewhat disagree,Somewhat disagree,Somewhat disagree,Somewhat disagree,20%,30%,Neither agree nor disagree,Somewhat disagree,Somewhat disagree,I’m 10% less productive when working remotely,1.0,8.0,3.0,2.0,0.0,7.0,5.0,2.0,2020
392,1963,Female,Education and Training,Managers,More than 200,Yes,Couple with no dependent children,More than 5 years,Metro,Rarely or never ,10%,40%,Strongly agree,Somewhat agree,Strongly agree,Strongly agree,Strongly agree,80%,20%,Strongly agree,Strongly agree,Strongly agree,My productivity is about same when I work remotely,0.5,7.0,3.0,2.0,0.0,7.5,5.0,2.0,2020
393,1983,Female,Information Media and Telecommunications,Professionals,More than 200,No,Couple with dependent children,More than 5 years,Metro,70%,20%,80%,Strongly agree,Somewhat agree,Somewhat agree,Somewhat agree,Somewhat agree,90%,80%,Neither agree nor disagree,Somewhat agree,Strongly agree,My productivity is about same when I work remotely,3.0,8.0,4.0,2.0,0.5,8.0,6.0,2.0,2020
394,1957,Male,"Professional, Scientific and Technical Services",Professionals,Between 1 and 4,Yes,Single person,Between 1 and 5 years,Metro,90%,90%,100% - I spent all of my time remote working,Strongly agree,Strongly agree,Strongly agree,Strongly agree,Strongly agree,100% - All of my time,80%,Neither agree nor disagree,Somewhat agree,Somewhat agree,I’m 20% more productive when working remotely,2.0,6.0,2.0,2.0,0.5,8.0,2.0,2.0,2020
395,1985,Male,Financial and Insurance Services,Sales ,More than 200,No,Couple with no dependent children,More than 5 years,Metro,10%,30%,90%,Strongly agree,Strongly agree,Strongly agree,Strongly agree,Somewhat agree,40%,40%,Strongly agree,Strongly agree,Strongly agree,My productivity is about same when I work remotely,2.0,8.0,0.5,0.0,0.0,8.0,3.0,1.0,2020
396,1961,Male,Education and Training,Professionals,Between 1 and 4,Yes,Couple with no dependent children,Between 1 and 5 years,Metro,40%,60%,90%,Strongly agree,Strongly agree,Strongly agree,Strongly agree,Strongly agree,90%,80%,Strongly agree,Strongly agree,Strongly agree,I’m 30% more productive when working remotely,3.0,8.0,0.0,0.0,0.0,9.0,1.0,0.0,2020
397,1988,Male,"Professional, Scientific and Technical Services",Sales ,Between 20 and 199,No,Group household,Between 1 and 5 years,Metro,20%,60%,100% - I spent all of my time remote working,Strongly agree,Somewhat agree,Strongly agree,Strongly agree,Strongly agree,80%,60%,Somewhat agree,Somewhat agree,Strongly agree,I’m 20% more productive when working remotely,3.0,8.0,3.0,2.0,0.0,9.0,4.0,2.0,2020
398,1996,Male,Information Media and Telecommunications,Professionals,More than 200,No,Couple with dependent children,Between 1 and 5 years,Metro,Rarely or never ,I would not have preferred to work remotely ,100% - I spent all of my time remote working,Strongly agree,Somewhat agree,Strongly agree,Strongly agree,Somewhat agree,100% - All of my time,60%,Somewhat disagree,Somewhat disagree,Somewhat agree,I’m 20% more productive when working remotely,2.5,7.5,4.0,0.5,0.25,7.5,5.5,1.0,2020
399,1958,Male,Manufacturing,Managers,More than 200,Yes,Couple with no dependent children,More than 5 years,Metro,20%,50% - About half of my time,Rarely or never ,,,,,,50% - About half of my time,50% - About half of my time,Somewhat agree,Strongly agree,Strongly agree,I’m 30% more productive when working remotely,2.0,8.0,2.0,2.0,0.5,8.0,2.0,1.0,2020
400,1977,Female,"Professional, Scientific and Technical Services",Professionals,Between 5 and 19,No,Single person,More than 5 years,Regional,100% - I spent all of my time remote working,100% - All of my time,100% - I spent all of my time remote working,Strongly agree,Strongly agree,Strongly agree,Strongly agree,Strongly agree,100% - All of my time,100% - All of my time,Strongly agree,Somewhat agree,Strongly agree,My productivity is about same when I work remotely,0.0,6.0,2.0,3.0,0.0,6.0,2.0,3.0,2020
401,1983,Male,"Electricity, Gas, Water and Waste Services",Technicians and trades ,Between 5 and 19,Yes,Couple with dependent children,Between 6 and 12 months,Metro,50% - I spent about half of my time remote working,70%,50% - I spent about half of my time remote working,Somewhat agree,Strongly agree,Somewhat agree,Somewhat agree,Somewhat agree,50% - About half of my time,50% - About half of my time,Neither agree nor disagree,Neither agree nor disagree,Somewhat agree,I’m 10% more productive when working remotely,5.0,4.0,3.0,12.0,4.0,4.0,4.0,12.0,2020
402,1968,Female,Accommodation and Food Services,Professionals,Between 1 and 4,Yes,Couple with no dependent children,Between 1 and 5 years,Metro,Less than 10% of my time,50% - About half of my time,40%,Somewhat agree,Somewhat agree,Somewhat agree,Somewhat agree,Somewhat agree,80%,50% - About half of my time,Somewhat agree,Somewhat agree,Strongly agree,I’m 20% more productive when working remotely,2.0,7.0,5.0,2.0,0.3,7.0,6.0,2.0,2020
403,1982,Male,Financial and Insurance Services,Professionals,Between 20 and 199,No,Couple with dependent children,Between 1 and 5 years,Metro,40%,50% - About half of my time,100% - I spent all of my time remote working,Somewhat agree,Somewhat agree,Somewhat agree,Somewhat agree,Somewhat agree,100% - All of my time,70%,Somewhat agree,Somewhat agree,Somewhat agree,I’m 50% more productive when working remotely (or more),0.5,8.0,4.0,1.0,0.5,8.0,2.0,1.5,2020
404,1970,Female,Retail Trade,Clerical and administrative ,Between 1 and 4,No,Couple with dependent children,More than 5 years,Metro,10%,10%,20%,Somewhat disagree,Neither agree nor disagree,Strongly disagree,Strongly agree,Somewhat agree,I would not have preferred to work remotely ,I would prefer not to work remotely ,Strongly disagree,Neither agree nor disagree,Strongly disagree,My productivity is about same when I work remotely,2.0,7.0,3.0,3.0,0.0,5.0,5.0,3.0,2020
405,1968,Male,Retail Trade,Managers,More than 200,Yes,One  parent family with dependent children,More than 5 years,Metro,30%,60%,80%,Strongly agree,Strongly agree,Somewhat agree,Strongly agree,Strongly agree,90%,80%,Somewhat agree,Strongly agree,Strongly agree,I’m 40% more productive when working remotely,2.0,8.0,6.0,8.0,0.0,9.0,7.0,8.0,2020
406,1971,Female,Administrative and Support Services,Clerical and administrative ,Between 1 and 4,No,Couple with no dependent children,More than 5 years,Metro,Rarely or never ,100% - All of my time,100% - I spent all of my time remote working,Strongly agree,Strongly agree,Strongly agree,Strongly agree,Strongly agree,100% - All of my time,100% - All of my time,Strongly agree,Strongly agree,Strongly agree,I’m 50% more productive when working remotely (or more),1.5,5.0,4.0,0.0,0.5,5.0,6.0,0.0,2020
407,1985,Female,Education and Training,Professionals,More than 200,No,Single person,Between 6 and 12 months,Metro,90%,Less than 10% of my time,90%,Somewhat agree,Somewhat agree,Somewhat agree,Somewhat agree,Somewhat agree,90%,50% - About half of my time,Neither agree nor disagree,Somewhat agree,Neither agree nor disagree,I’m 10% more productive when working remotely,1.0,7.5,2.5,1.0,0.0,7.5,3.0,2.0,2020
408,1983,Female,Financial and Insurance Services,Professionals,More than 200,No,Couple with no dependent children,Between 1 and 5 years,Metro,Less than 10% of my time,20%,100% - I spent all of my time remote working,Strongly agree,Strongly agree,Strongly agree,Strongly agree,Somewhat agree,100% - All of my time,80%,Somewhat agree,Strongly agree,Somewhat agree,I’m 20% more productive when working remotely,2.0,10.0,4.0,2.0,0.0,10.0,6.0,2.0,2020
409,1970,Male,Other Services,Managers,Between 1 and 4,Yes,Group household,More than 5 years,Metro,20%,I would not have preferred to work remotely ,20%,Somewhat disagree,Somewhat agree,Somewhat disagree,Somewhat disagree,Somewhat disagree,20%,I would prefer not to work remotely ,Strongly disagree,Strongly disagree,Strongly disagree,I’m 10% less productive when working remotely,2.0,8.0,2.0,3.0,2.0,8.0,2.0,3.0,2020
410,1971,Female,Education and Training,Professionals,More than 200,No,Couple with dependent children,More than 5 years,Metro,Less than 10% of my time,30%,50% - I spent about half of my time remote working,Somewhat agree,Somewhat agree,Somewhat agree,Somewhat agree,Somewhat agree,100% - All of my time,50% - About half of my time,Neither agree nor disagree,Neither agree nor disagree,Somewhat disagree,My productivity is about same when I work remotely,1.0,6.0,1.0,6.0,0.5,8.0,2.0,8.0,2020
411,1956,Male,Wholesale Trade,Managers,Between 5 and 19,Yes,Couple with no dependent children,Between 1 and 5 years,Metro,20%,50% - About half of my time,100% - I spent all of my time remote working,Somewhat agree,Strongly agree,Strongly agree,Strongly agree,Somewhat agree,100% - All of my time,50% - About half of my time,Somewhat agree,Somewhat agree,Neither agree nor disagree,My productivity is about same when I work remotely,1.0,9.0,12.0,2.0,0.0,8.0,10.0,2.0,2020
412,1969,Male,Manufacturing,Professionals,More than 200,No,Couple with dependent children,More than 5 years,Metro,Less than 10% of my time,10%,80%,Somewhat agree,Strongly agree,Somewhat agree,Somewhat agree,Somewhat agree,70%,60%,Somewhat disagree,Neither agree nor disagree,Somewhat agree,My productivity is about same when I work remotely,1.2,9.0,5.0,1.0,0.2,9.5,5.5,1.2,2020
413,1981,Female,Other Services,Clerical and administrative ,Between 20 and 199,Yes,Single person,More than 5 years,Metro,Less than 10% of my time,Less than 10% of my time,100% - I spent all of my time remote working,Strongly agree,Somewhat agree,Strongly agree,Strongly agree,Somewhat agree,100% - All of my time,40%,Neither agree nor disagree,Strongly agree,Strongly agree,I’m 30% more productive when working remotely,2.5,7.5,4.5,0.5,0.5,7.5,6.0,0.5,2020
414,1957,Female,Administrative and Support Services,Managers,More than 200,Yes,Couple with no dependent children,More than 5 years,Metro,20%,70%,90%,Strongly agree,Strongly agree,Strongly agree,Strongly agree,Strongly agree,90%,90%,Somewhat agree,Strongly agree,Strongly agree,I’m 40% more productive when working remotely,1.0,8.0,5.0,4.0,0.0,9.0,5.0,5.0,2020
415,1971,Male,Education and Training,Professionals,More than 200,Yes,Couple with no dependent children,More than 5 years,Metro,50% - I spent about half of my time remote working,30%,100% - I spent all of my time remote working,Strongly agree,Somewhat agree,Strongly agree,Strongly agree,Somewhat agree,40%,30%,Somewhat agree,Somewhat agree,Neither agree nor disagree,I’m 50% less productive when working remotely (or less),3.0,5.0,8.0,8.0,2.0,6.0,8.0,8.0,2020
416,1967,Male,"Professional, Scientific and Technical Services",Professionals,Between 20 and 199,No,Other one family household,Between 1 and 5 years,Metro,20%,80%,90%,Somewhat agree,Somewhat agree,Somewhat agree,Somewhat agree,Somewhat agree,90%,80%,Neither agree nor disagree,Somewhat disagree,Somewhat disagree,My productivity is about same when I work remotely,1.5,5.0,7.0,2.0,0.0,7.0,5.0,2.0,2020
417,1984,Male,"Professional, Scientific and Technical Services",Managers,Between 20 and 199,Yes,Couple with no dependent children,More than 5 years,Metro,50% - I spent about half of my time remote working,50% - About half of my time,80%,Somewhat agree,Somewhat agree,Somewhat agree,Somewhat agree,Somewhat agree,80%,80%,Somewhat agree,Somewhat agree,Neither agree nor disagree,I’m 30% more productive when working remotely,2.0,8.0,3.0,2.0,0.0,9.0,4.0,4.0,2020
418,2000,Female,Education and Training,Professionals,I am the only employee,No,Couple with dependent children,Between 1 and 5 years,Metro,Rarely or never ,I would not have preferred to work remotely ,100% - I spent all of my time remote working,Strongly agree,Somewhat agree,Strongly agree,Strongly agree,Neither agree nor disagree,100% - All of my time,I would prefer not to work remotely ,Strongly disagree,Somewhat disagree,Somewhat disagree,I’m 20% less productive when working remotely,2.0,3.0,8.0,1.0,0.5,3.0,10.0,1.0,2020
419,1972,Female,Administrative and Support Services,Managers,Between 1 and 4,No,Couple with dependent children,Between 1 and 5 years,Metro,100% - I spent all of my time remote working,100% - All of my time,100% - I spent all of my time remote working,Neither agree nor disagree,Somewhat agree,Neither agree nor disagree,Neither agree nor disagree,Neither agree nor disagree,100% - All of my time,100% - All of my time,Neither agree nor disagree,Neither agree nor disagree,Neither agree nor disagree,My productivity is about same when I work remotely,2.0,4.0,4.0,4.0,0.0,4.0,4.0,4.0,2020
420,1994,Male,Financial and Insurance Services,Professionals,More than 200,No,Single person,Between 1 and 5 years,Metro,20%,50% - About half of my time,100% - I spent all of my time remote working,Strongly agree,Somewhat disagree,Strongly agree,Strongly agree,Strongly agree,80%,50% - About half of my time,Somewhat disagree,Somewhat disagree,Somewhat disagree,I’m 50% more productive when working remotely (or more),1.0,9.0,0.0,0.0,0.25,12.0,0.0,0.0,2020
421,1972,Female,Education and Training,Managers,More than 200,Yes,One  parent family with dependent children,More than 5 years,Metro,Less than 10% of my time,I would not have preferred to work remotely ,100% - I spent all of my time remote working,Strongly agree,Strongly agree,Strongly agree,Strongly agree,Somewhat agree,50% - About half of my time,50% - About half of my time,Somewhat agree,Somewhat agree,Somewhat agree,I’m 10% less productive when working remotely,1.0,8.0,3.0,3.0,0.5,8.0,3.0,3.0,2020
422,1959,Female,Administrative and Support Services,Clerical and administrative ,More than 200,No,Couple with dependent children,Between 1 and 5 years,Metro,30%,40%,50% - I spent about half of my time remote working,Strongly agree,Strongly disagree,Strongly agree,Strongly agree,Strongly agree,100% - All of my time,50% - About half of my time,Neither agree nor disagree,Somewhat disagree,Neither agree nor disagree,I’m 50% more productive when working remotely (or more),2.5,8.0,2.0,4.0,0.25,8.0,2.0,4.0,2020
423,1965,Male,Financial and Insurance Services,Professionals,More than 200,Yes,Couple with no dependent children,More than 5 years,Metro,30%,30%,100% - I spent all of my time remote working,Strongly agree,Strongly agree,Strongly agree,Strongly agree,Somewhat agree,100% - All of my time,80%,Strongly agree,Strongly agree,Strongly agree,I’m 10% more productive when working remotely,1.5,8.0,14.0,0.5,0.0,8.0,15.5,0.5,2020
424,1978,Female,Financial and Insurance Services,Professionals,I am the only employee,No,Couple with no dependent children,Between 1 and 5 years,Metro,Less than 10% of my time,40%,100% - I spent all of my time remote working,Strongly agree,Somewhat agree,Strongly agree,Strongly agree,Somewhat agree,100% - All of my time,40%,Somewhat disagree,Somewhat agree,Somewhat agree,My productivity is about same when I work remotely,3.0,7.5,3.0,1.0,1.0,7.0,5.0,1.0,2020
425,1979,Male,Financial and Insurance Services,Managers,More than 200,Yes,Single person,More than 5 years,Metro,100% - I spent all of my time remote working,20%,100% - I spent all of my time remote working,Strongly agree,Strongly agree,Strongly agree,Strongly agree,Strongly agree,100% - All of my time,50% - About half of my time,Somewhat disagree,Somewhat disagree,Somewhat disagree,My productivity is about same when I work remotely,1.0,7.0,1.0,1.0,0.0,7.0,3.0,1.0,2020
426,1974,Male,Retail Trade,Professionals,More than 200,No,Group household,Between 1 and 5 years,Metro,Less than 10% of my time,50% - About half of my time,60%,Strongly agree,Somewhat agree,Somewhat agree,Strongly agree,Somewhat agree,100% - All of my time,40%,Somewhat disagree,Somewhat disagree,Somewhat agree,My productivity is about same when I work remotely,3.0,8.0,5.0,1.0,1.0,8.0,6.0,1.0,2020
427,1966,Female,Information Media and Telecommunications,Managers,More than 200,No,Single person,Between 6 and 12 months,Metro,Less than 10% of my time,10%,100% - I spent all of my time remote working,Strongly agree,Strongly agree,Strongly agree,Strongly agree,Strongly agree,100% - All of my time,70%,Strongly agree,Strongly agree,Strongly agree,I’m 30% more productive when working remotely,2.5,8.0,8.0,5.5,0.5,9.0,7.5,7.0,2020
428,1980,Male,Information Media and Telecommunications,Professionals,More than 200,No,Couple with dependent children,More than 5 years,Metro,40%,40%,100% - I spent all of my time remote working,Neither agree nor disagree,Somewhat agree,Somewhat disagree,Neither agree nor disagree,Neither agree nor disagree,100% - All of my time,100% - All of my time,Somewhat agree,Neither agree nor disagree,Somewhat agree,I’m 20% less productive when working remotely,1.0,8.0,3.0,1.0,0.0,6.0,5.0,1.0,2020
429,1958,Female,Financial and Insurance Services,Professionals,More than 200,Yes,Couple with no dependent children,More than 5 years,Metro,10%,10%,100% - I spent all of my time remote working,Strongly agree,Strongly agree,Strongly agree,Strongly agree,Strongly agree,100% - All of my time,50% - About half of my time,Strongly agree,Strongly agree,Strongly agree,I’m 50% more productive when working remotely (or more),2.0,7.0,4.0,4.0,1.0,8.0,4.0,4.0,2020
430,1969,Male,Financial and Insurance Services,Managers,More than 200,Yes,Couple with no dependent children,More than 5 years,Metro,10%,30%,80%,Strongly agree,Strongly agree,Strongly agree,Strongly agree,Somewhat disagree,50% - About half of my time,20%,Strongly agree,Strongly agree,Strongly agree,I’m 20% more productive when working remotely,1.5,10.0,4.5,-1.0,0.5,11.0,3.5,1.0,2020
431,1991,Female,Retail Trade,Sales ,More than 200,No,Couple with no dependent children,Between 6 and 12 months,Metro,100% - I spent all of my time remote working,100% - All of my time,100% - I spent all of my time remote working,Somewhat agree,Neither agree nor disagree,Somewhat agree,Somewhat agree,Neither agree nor disagree,100% - All of my time,100% - All of my time,Somewhat agree,Neither agree nor disagree,Neither agree nor disagree,My productivity is about same when I work remotely,1.0,8.0,5.0,2.0,0.0,8.0,6.0,2.0,2020
432,1987,Male,"Professional, Scientific and Technical Services",Managers,More than 200,Yes,Couple with dependent children,More than 5 years,Metro,20%,10%,80%,Neither agree nor disagree,Somewhat disagree,Somewhat agree,Neither agree nor disagree,Neither agree nor disagree,20%,20%,Somewhat agree,Neither agree nor disagree,Neither agree nor disagree,I’m 20% less productive when working remotely,0.5,8.0,4.0,2.0,0.1,8.0,6.0,2.0,2020
433,1985,Male,"Agriculture, Forestry and Fishing",Managers,More than 200,Yes,Couple with dependent children,Between 1 and 5 years,Regional,20%,40%,60%,Somewhat agree,Somewhat agree,Somewhat agree,Somewhat agree,Neither agree nor disagree,60%,50% - About half of my time,Somewhat disagree,Somewhat agree,Neither agree nor disagree,My productivity is about same when I work remotely,0.25,9.5,4.0,2.0,0.0,9.0,5.0,2.0,2020
434,1961,Female,Administrative and Support Services,Clerical and administrative ,More than 200,No,Couple with no dependent children,More than 5 years,Regional,Rarely or never ,I would not have preferred to work remotely ,100% - I spent all of my time remote working,Somewhat disagree,Somewhat agree,Neither agree nor disagree,Somewhat disagree,Somewhat agree,I would not have preferred to work remotely ,I would prefer not to work remotely ,Strongly disagree,Strongly disagree,Strongly disagree,My productivity is about same when I work remotely,1.0,8.0,4.0,2.0,0.5,8.0,4.0,2.0,2020
435,1968,Male,Public Administration and Safety,Machinery operators and drivers,More than 200,Yes,Couple with dependent children,More than 5 years,Metro,20%,20%,100% - I spent all of my time remote working,Strongly disagree,Somewhat disagree,Somewhat disagree,Neither agree nor disagree,Strongly disagree,10%,Less than 10% of my time,Strongly disagree,Somewhat disagree,Strongly disagree,I’m 50% less productive when working remotely (or less),0.0,10.0,14.0,0.0,0.0,3.0,17.0,4.0,2020
436,1986,Female,Financial and Insurance Services,Clerical and administrative ,Between 20 and 199,Yes,Group household,More than 5 years,Regional,Rarely or never ,I would not have preferred to work remotely ,100% - I spent all of my time remote working,Strongly agree,Strongly agree,Strongly agree,Strongly agree,Strongly agree,100% - All of my time,100% - All of my time,Somewhat disagree,Somewhat agree,Somewhat agree,I’m 50% more productive when working remotely (or more),1.0,8.0,3.0,3.0,0.5,10.0,2.0,3.0,2020
437,1956,Male,Financial and Insurance Services,Sales ,Between 20 and 199,No,Couple with dependent children,More than 5 years,Metro,Rarely or never ,Less than 10% of my time,100% - I spent all of my time remote working,Strongly agree,Strongly disagree,Strongly agree,Strongly agree,Strongly disagree,I would not have preferred to work remotely ,Less than 10% of my time,Strongly agree,Somewhat agree,Strongly agree,I’m 50% less productive when working remotely (or less),1.0,7.0,3.0,1.0,0.0,8.0,3.0,1.0,2020
438,1968,Male,Information Media and Telecommunications,Managers,Between 5 and 19,Yes,Couple with no dependent children,Between 6 and 12 months,Metro,90%,100% - All of my time,90%,Strongly agree,Strongly agree,Strongly agree,Strongly agree,Strongly agree,100% - All of my time,100% - All of my time,Strongly agree,Strongly agree,Strongly agree,I’m 50% more productive when working remotely (or more),1.0,7.0,4.0,0.0,0.0,8.0,7.0,0.0,2020
439,1973,Female,Administrative and Support Services,Clerical and administrative ,More than 200,Yes,Single person,Between 6 and 12 months,Metro,100% - I spent all of my time remote working,100% - All of my time,100% - I spent all of my time remote working,Strongly agree,Strongly agree,Strongly agree,Strongly agree,Strongly agree,100% - All of my time,100% - All of my time,Strongly agree,Strongly agree,Strongly agree,My productivity is about same when I work remotely,1.5,9.0,5.0,7.0,2.0,10.0,4.0,5.0,2020
440,1984,Female,"Professional, Scientific and Technical Services",Professionals,More than 200,No,Single person,Between 1 and 5 years,Metro,20%,50% - About half of my time,70%,Strongly agree,Somewhat agree,Strongly agree,Somewhat agree,Somewhat agree,40%,50% - About half of my time,Neither agree nor disagree,Somewhat agree,Neither agree nor disagree,I’m 20% less productive when working remotely,2.5,7.0,3.0,1.0,0.5,7.0,3.0,1.0,2020
441,1967,Male,Public Administration and Safety,Professionals,More than 200,Yes,Single person,Between 6 and 12 months,Metro,80%,70%,90%,Strongly agree,Somewhat agree,Strongly agree,Strongly agree,Somewhat agree,60%,50% - About half of my time,Somewhat agree,Strongly agree,Somewhat agree,My productivity is about same when I work remotely,1.0,9.0,4.0,0.0,0.0,9.0,5.0,0.0,2020
442,1964,Male,Financial and Insurance Services,Professionals,Between 20 and 199,No,Couple with no dependent children,Between 1 and 5 years,Metro,Less than 10% of my time,50% - About half of my time,30%,Strongly agree,Strongly agree,Strongly agree,Strongly agree,Somewhat agree,50% - About half of my time,40%,Strongly disagree,Somewhat disagree,Strongly disagree,My productivity is about same when I work remotely,2.0,8.0,2.0,1.0,0.5,9.0,3.0,2.0,2020
443,1963,Female,Other Services,Sales ,Between 20 and 199,No,Couple with no dependent children,More than 5 years,Metro,100% - I spent all of my time remote working,100% - All of my time,100% - I spent all of my time remote working,Neither agree nor disagree,Strongly agree,Somewhat agree,Neither agree nor disagree,Strongly agree,100% - All of my time,100% - All of my time,Somewhat agree,Neither agree nor disagree,Somewhat agree,I’m 20% more productive when working remotely,4.0,7.0,0.5,0.0,0.0,8.0,0.5,0.5,2020
444,1961,Male,Financial and Insurance Services,Managers,Between 20 and 199,Yes,Couple with dependent children,More than 5 years,Metro,10%,20%,100% - I spent all of my time remote working,Strongly agree,Somewhat agree,Somewhat agree,Strongly agree,Strongly agree,80%,80%,Somewhat agree,Somewhat agree,Somewhat agree,I’m 10% more productive when working remotely,3.5,8.0,3.0,1.5,0.5,9.0,5.0,1.5,2020
445,1971,Female,Public Administration and Safety,Managers,More than 200,Yes,Single person,More than 5 years,Regional,Less than 10% of my time,Less than 10% of my time,Rarely or never ,,,,,,Less than 10% of my time,Less than 10% of my time,Strongly disagree,Strongly disagree,Strongly disagree,I’m 10% less productive when working remotely,0.5,10.0,4.0,1.0,0.0,7.0,5.0,2.0,2020
446,1994,Male,"Professional, Scientific and Technical Services",Professionals,Between 20 and 199,Yes,Couple with no dependent children,Between 1 and 5 years,Regional,Less than 10% of my time,Less than 10% of my time,Less than 10% of my time,Somewhat disagree,Somewhat disagree,Somewhat disagree,Somewhat agree,Somewhat agree,Less than 10% of my time,Less than 10% of my time,Somewhat disagree,Somewhat disagree,Somewhat disagree,My productivity is about same when I work remotely,2.0,8.0,2.0,2.0,0.0,8.0,2.0,2.0,2020
447,1978,Male,Wholesale Trade,Professionals,Between 20 and 199,Yes,Single person,More than 5 years,Metro,50% - I spent about half of my time remote working,Less than 10% of my time,100% - I spent all of my time remote working,Strongly agree,Neither agree nor disagree,Strongly disagree,Strongly agree,Somewhat agree,100% - All of my time,70%,Somewhat disagree,Neither agree nor disagree,Neither agree nor disagree,I’m 20% more productive when working remotely,2.0,9.0,3.5,2.0,0.5,9.0,4.5,2.5,2020
448,1966,Female,Manufacturing,Managers,Between 20 and 199,No,Couple with no dependent children,Between 1 and 5 years,Metro,20%,20%,60%,Strongly agree,Strongly agree,Somewhat agree,Somewhat agree,Somewhat agree,20%,20%,Somewhat agree,Somewhat agree,Somewhat agree,I’m 10% more productive when working remotely,2.0,8.0,3.0,1.0,0.45,9.0,3.0,1.0,2020
449,1965,Male,Manufacturing,Managers,More than 200,Yes,Couple with no dependent children,More than 5 years,Metro,Rarely or never ,50% - About half of my time,100% - I spent all of my time remote working,Strongly agree,Strongly disagree,Strongly disagree,Somewhat agree,Somewhat disagree,50% - About half of my time,50% - About half of my time,Somewhat agree,Neither agree nor disagree,Somewhat agree,I’m 50% more productive when working remotely (or more),1.0,9.0,2.0,2.0,2.0,12.0,5.0,5.0,2020
450,1965,Male,"Electricity, Gas, Water and Waste Services",Managers,More than 200,Yes,Couple with no dependent children,Between 1 and 5 years,Metro,50% - I spent about half of my time remote working,80%,100% - I spent all of my time remote working,Strongly agree,Strongly agree,Strongly agree,Strongly agree,Strongly agree,100% - All of my time,80%,Strongly agree,Strongly agree,Strongly agree,I’m 50% more productive when working remotely (or more),2.0,6.0,4.0,6.0,1.0,8.0,2.0,4.0,2020
451,1960,Female,Health Care and Social Assistance,Professionals,More than 200,No,Couple with no dependent children,More than 5 years,Metro,10%,30%,80%,Strongly agree,Strongly agree,Strongly agree,Strongly agree,Somewhat agree,80%,80%,Somewhat agree,Strongly agree,Strongly agree,I’m 50% more productive when working remotely (or more),1.0,7.0,4.0,2.0,0.0,8.0,4.0,2.0,2020
452,1988,Male,Retail Trade,Managers,More than 200,Yes,Couple with no dependent children,Between 1 and 5 years,Metro,20%,40%,60%,Somewhat disagree,Somewhat agree,Somewhat agree,Somewhat disagree,Somewhat agree,40%,30%,Strongly disagree,Neither agree nor disagree,Somewhat agree,My productivity is about same when I work remotely,1.5,10.0,4.0,1.0,0.5,10.0,5.0,2.0,2020
453,1958,Female,"Agriculture, Forestry and Fishing",Managers,More than 200,Yes,Couple with no dependent children,More than 5 years,Metro,50% - I spent about half of my time remote working,50% - About half of my time,50% - I spent about half of my time remote working,Somewhat agree,Somewhat agree,Somewhat agree,Somewhat agree,Somewhat agree,50% - About half of my time,50% - About half of my time,Somewhat agree,Somewhat agree,Somewhat agree,My productivity is about same when I work remotely,2.0,9.0,2.0,2.0,0.5,10.0,2.0,2.0,2020
454,1959,Female,Financial and Insurance Services,Clerical and administrative ,Between 5 and 19,No,Single person,Between 6 and 12 months,Regional,Rarely or never ,I would not have preferred to work remotely ,100% - I spent all of my time remote working,Strongly agree,Somewhat agree,Strongly agree,Strongly agree,Somewhat agree,100% - All of my time,40%,Neither agree nor disagree,Somewhat agree,Somewhat agree,My productivity is about same when I work remotely,1.0,7.0,2.0,1.5,0.5,7.0,2.0,2.0,2020
455,1959,Male,"Electricity, Gas, Water and Waste Services",Sales ,More than 200,No,Couple with no dependent children,Between 1 and 5 years,Metro,40%,60%,100% - I spent all of my time remote working,Strongly agree,Strongly agree,Strongly agree,Strongly agree,Strongly agree,50% - About half of my time,60%,Strongly agree,Strongly agree,Strongly agree,I’m 20% more productive when working remotely,2.0,9.0,2.0,1.0,0.5,9.0,3.5,1.0,2020
456,1963,Female,Manufacturing,Managers,Between 20 and 199,No,One  parent family with dependent children,Between 6 and 12 months,Metro,40%,20%,20%,Somewhat agree,Strongly disagree,Neither agree nor disagree,Somewhat disagree,Neither agree nor disagree,80%,80%,Neither agree nor disagree,Somewhat agree,Somewhat agree,I’m 40% more productive when working remotely,0.2,7.0,2.0,3.0,1.0,8.0,5.0,1.0,2020
457,1996,Female,Health Care and Social Assistance,Professionals,More than 200,Yes,Couple with dependent children,Between 1 and 5 years,Metro,Less than 10% of my time,Less than 10% of my time,20%,Strongly agree,Strongly agree,Strongly agree,Strongly agree,Somewhat agree,20%,I would prefer not to work remotely ,Somewhat disagree,Strongly disagree,Strongly agree,My productivity is about same when I work remotely,0.5,14.0,4.0,2.0,0.5,14.0,4.0,2.0,2020
458,1984,Male,Information Media and Telecommunications,Professionals,Between 5 and 19,Yes,Couple with no dependent children,Between 6 and 12 months,Metro,Rarely or never ,30%,30%,Neither agree nor disagree,Somewhat agree,Somewhat disagree,Somewhat agree,Somewhat disagree,30%,30%,Somewhat agree,Somewhat agree,Somewhat agree,My productivity is about same when I work remotely,2.0,8.0,3.0,2.0,0.0,9.0,4.0,3.0,2020
459,1959,Male,"Professional, Scientific and Technical Services",Managers,More than 200,Yes,Couple with no dependent children,Between 1 and 5 years,Metro,20%,40%,100% - I spent all of my time remote working,Strongly agree,Somewhat agree,Strongly agree,Somewhat agree,Strongly agree,100% - All of my time,80%,Somewhat agree,Strongly agree,Strongly agree,I’m 50% more productive when working remotely (or more),3.0,9.0,4.0,1.0,0.0,10.0,6.0,2.0,2020
460,1961,Male,Other Services,Clerical and administrative ,More than 200,Yes,Couple with no dependent children,More than 5 years,Regional,50% - I spent about half of my time remote working,50% - About half of my time,70%,Somewhat agree,Strongly agree,Strongly agree,Somewhat agree,Strongly agree,90%,50% - About half of my time,Somewhat disagree,Somewhat disagree,Neither agree nor disagree,I’m 10% more productive when working remotely,4.0,7.5,4.0,2.0,0.5,8.0,6.0,3.0,2020
461,1980,Male,Administrative and Support Services,Clerical and administrative ,More than 200,No,Couple with no dependent children,Between 1 and 5 years,Metro,Rarely or never ,100% - All of my time,80%,Somewhat agree,Somewhat agree,Somewhat disagree,Strongly disagree,Strongly agree,100% - All of my time,90%,Somewhat disagree,Strongly disagree,Somewhat disagree,I’m 30% more productive when working remotely,2.0,8.0,3.0,1.0,0.5,8.0,4.0,1.0,2020
462,1972,Female,Health Care and Social Assistance,Community and personal service ,I am the only employee,No,Couple with no dependent children,Between 1 and 5 years,Metro,20%,50% - About half of my time,20%,Somewhat agree,Somewhat disagree,Somewhat disagree,Somewhat agree,Somewhat disagree,50% - About half of my time,50% - About half of my time,Strongly disagree,Strongly disagree,Strongly disagree,I’m 10% less productive when working remotely,1.0,8.0,2.0,5.0,0.0,7.0,4.0,7.0,2020
463,1965,Male,Financial and Insurance Services,Sales ,More than 200,Yes,Couple with no dependent children,More than 5 years,Metro,50% - I spent about half of my time remote working,40%,100% - I spent all of my time remote working,Strongly agree,Strongly agree,Strongly agree,Strongly agree,Somewhat disagree,10%,20%,Somewhat agree,Somewhat agree,Somewhat agree,My productivity is about same when I work remotely,1.0,8.0,3.0,2.0,1.0,9.0,2.0,2.0,2020
464,1970,Male,Education and Training,Managers,More than 200,Yes,Couple with dependent children,Between 6 and 12 months,Metro,Less than 10% of my time,Less than 10% of my time,100% - I spent all of my time remote working,Strongly agree,Somewhat agree,Strongly agree,Strongly agree,Somewhat agree,Less than 10% of my time,Less than 10% of my time,Somewhat agree,Somewhat agree,Somewhat agree,I’m 10% less productive when working remotely,0.5,9.0,2.0,5.0,0.0,10.0,1.0,1.0,2020
465,1988,Male,Retail Trade,Managers,I am the only employee,No,Group household,More than 5 years,Regional,100% - I spent all of my time remote working,100% - All of my time,100% - I spent all of my time remote working,Strongly agree,Strongly agree,Strongly agree,Strongly agree,Strongly agree,100% - All of my time,100% - All of my time,Strongly agree,Strongly agree,Strongly agree,My productivity is about same when I work remotely,0.0,6.0,2.0,1.0,0.0,6.0,2.0,1.0,2020
466,1980,Female,Information Media and Telecommunications,Professionals,More than 200,No,Couple with no dependent children,Between 1 and 5 years,Metro,20%,20%,100% - I spent all of my time remote working,Strongly agree,Somewhat agree,Strongly agree,Strongly agree,Somewhat agree,20%,40%,Strongly agree,Somewhat agree,Strongly agree,I’m 30% more productive when working remotely,1.0,8.5,5.0,1.0,0.0,10.0,5.0,1.0,2020
467,1963,Male,Financial and Insurance Services,Professionals,More than 200,No,Couple with dependent children,More than 5 years,Metro,Less than 10% of my time,10%,100% - I spent all of my time remote working,Strongly agree,Somewhat agree,Strongly agree,Strongly agree,Strongly agree,100% - All of my time,80%,Somewhat agree,Somewhat agree,Neither agree nor disagree,I’m 30% more productive when working remotely,1.5,7.5,4.0,4.0,0.5,8.0,8.0,4.0,2020
468,1961,Male,"Electricity, Gas, Water and Waste Services",Managers,More than 200,Yes,Couple with no dependent children,More than 5 years,Metro,Less than 10% of my time,20%,40%,Strongly agree,Strongly agree,Strongly agree,Strongly agree,Strongly agree,50% - About half of my time,20%,Somewhat agree,Somewhat agree,Strongly agree,I’m 30% more productive when working remotely,1.5,9.0,0.5,4.0,0.5,11.0,1.0,4.0,2020
469,1980,Male,Retail Trade,Professionals,More than 200,Yes,Single person,More than 5 years,Metro,Less than 10% of my time,50% - About half of my time,100% - I spent all of my time remote working,Strongly agree,Somewhat agree,Strongly agree,Strongly agree,Somewhat agree,100% - All of my time,100% - All of my time,Neither agree nor disagree,Neither agree nor disagree,Somewhat agree,My productivity is about same when I work remotely,0.5,9.0,13.5,1.0,0.0,9.0,14.0,1.0,2020
470,1973,Male,Financial and Insurance Services,Professionals,More than 200,No,Couple with dependent children,Between 1 and 5 years,Metro,50% - I spent about half of my time remote working,10%,100% - I spent all of my time remote working,Strongly agree,Somewhat disagree,Strongly agree,Strongly agree,Somewhat agree,10%,40%,Somewhat agree,Somewhat agree,Somewhat agree,I’m 10% less productive when working remotely,1.5,8.0,3.0,1.0,0.5,8.0,4.0,1.0,2020
471,2000,Male,Information Media and Telecommunications,Managers,More than 200,Yes,Couple with dependent children,Between 1 and 5 years,Metro,Rarely or never ,40%,40%,Strongly agree,Strongly agree,Strongly agree,Strongly agree,Strongly agree,50% - About half of my time,I would prefer not to work remotely ,Somewhat agree,Strongly agree,Strongly agree,I’m 10% more productive when working remotely,2.0,8.0,4.0,10.0,0.1,7.9,10.0,6.0,2020
472,1985,Male,Financial and Insurance Services,Sales ,Between 20 and 199,No,Couple with no dependent children,Between 1 and 5 years,Metro,100% - I spent all of my time remote working,60%,50% - I spent about half of my time remote working,Neither agree nor disagree,Neither agree nor disagree,Neither agree nor disagree,Neither agree nor disagree,Neither agree nor disagree,50% - About half of my time,40%,Somewhat agree,Neither agree nor disagree,Somewhat disagree,I’m 10% less productive when working remotely,1.0,1.0,2.0,8.0,1.0,6.0,2.0,7.0,2020
473,1956,Female,"Professional, Scientific and Technical Services",Professionals,More than 200,Yes,Couple with no dependent children,More than 5 years,Metro,30%,30%,100% - I spent all of my time remote working,Strongly agree,Strongly agree,Strongly agree,Strongly agree,Strongly agree,100% - All of my time,60%,Strongly agree,Neither agree nor disagree,Strongly agree,I’m 10% more productive when working remotely,1.0,11.0,3.0,1.0,0.0,11.0,3.5,1.0,2020
474,1961,Female,Health Care and Social Assistance,Professionals,I am the only employee,No,Couple with dependent children,Between 1 and 5 years,Metro,20%,30%,20%,Neither agree nor disagree,Neither agree nor disagree,Neither agree nor disagree,Somewhat agree,Somewhat agree,30%,30%,Somewhat disagree,Neither agree nor disagree,Neither agree nor disagree,I’m 20% more productive when working remotely,3.0,9.0,2.0,2.0,4.0,8.0,2.0,2.0,2020
475,1990,Female,Education and Training,Sales ,Between 20 and 199,Yes,Couple with no dependent children,Between 1 and 5 years,Metro,30%,50% - About half of my time,10%,Somewhat disagree,Somewhat disagree,Somewhat disagree,Somewhat disagree,Somewhat agree,Less than 10% of my time,50% - About half of my time,Somewhat disagree,Somewhat disagree,Somewhat disagree,I’m 20% more productive when working remotely,1.0,8.0,1.0,1.0,0.0,8.0,3.0,1.0,2020
476,1959,Female,Education and Training,Clerical and administrative ,More than 200,Yes,Couple with no dependent children,More than 5 years,Metro,30%,30%,50% - I spent about half of my time remote working,Somewhat agree,Somewhat agree,Somewhat agree,Somewhat agree,Somewhat agree,60%,50% - About half of my time,Neither agree nor disagree,Neither agree nor disagree,Strongly agree,I’m 50% more productive when working remotely (or more),3.0,9.0,3.0,2.0,0.5,8.0,5.0,3.0,2020
477,1979,Female,Education and Training,Professionals,Between 20 and 199,No,Couple with dependent children,More than 5 years,Metro,20%,20%,80%,Somewhat agree,Somewhat agree,Somewhat agree,Somewhat agree,Somewhat agree,100% - All of my time,50% - About half of my time,Neither agree nor disagree,Neither agree nor disagree,Somewhat agree,My productivity is about same when I work remotely,1.0,7.0,4.0,4.0,1.0,8.0,3.0,4.0,2020
478,1976,Male,Manufacturing,Clerical and administrative ,More than 200,No,Couple with dependent children,More than 5 years,Metro,10%,50% - About half of my time,100% - I spent all of my time remote working,Somewhat agree,Somewhat agree,Somewhat disagree,Neither agree nor disagree,Somewhat agree,100% - All of my time,70%,Somewhat disagree,Somewhat disagree,Somewhat disagree,I’m 30% more productive when working remotely,3.0,7.0,3.0,3.0,0.5,8.0,4.5,4.0,2020
479,1986,Female,Education and Training,Managers,More than 200,Yes,Single person,More than 5 years,Regional,Rarely or never ,50% - About half of my time,50% - I spent about half of my time remote working,Somewhat disagree,Neither agree nor disagree,Strongly disagree,Neither agree nor disagree,Strongly agree,100% - All of my time,30%,Strongly disagree,Strongly disagree,Strongly disagree,I’m 20% more productive when working remotely,0.5,12.0,3.0,1.0,0.0,8.0,3.0,2.0,2020
480,1964,Female,Health Care and Social Assistance,Community and personal service ,Between 5 and 19,No,Couple with no dependent children,More than 5 years,Metro,Less than 10% of my time,I would not have preferred to work remotely ,Less than 10% of my time,Somewhat agree,Somewhat agree,Somewhat agree,Neither agree nor disagree,Somewhat disagree,I would not have preferred to work remotely ,I would prefer not to work remotely ,Strongly disagree,Strongly disagree,Strongly disagree,I’m 50% less productive when working remotely (or less),1.0,9.0,3.0,2.0,0.5,6.0,3.0,2.0,2020
481,1956,Male,Financial and Insurance Services,Professionals,More than 200,No,Couple with dependent children,More than 5 years,Metro,20%,20%,100% - I spent all of my time remote working,Strongly agree,Somewhat agree,Somewhat agree,Strongly agree,Strongly agree,20%,20%,Strongly agree,Neither agree nor disagree,Somewhat agree,I’m 20% less productive when working remotely,3.0,8.0,4.0,1.0,3.0,8.0,9.0,4.0,2020
482,1992,Female,"Professional, Scientific and Technical Services",Professionals,Between 20 and 199,Yes,Couple with no dependent children,More than 5 years,Metro,Less than 10% of my time,20%,100% - I spent all of my time remote working,Strongly agree,Strongly agree,Strongly agree,Strongly agree,Strongly agree,100% - All of my time,80%,Somewhat disagree,Neither agree nor disagree,Somewhat agree,I’m 30% more productive when working remotely,2.0,9.0,3.0,0.5,0.5,9.0,4.0,0.5,2020
483,1960,Male,Public Administration and Safety,Managers,More than 200,Yes,Couple with no dependent children,More than 5 years,Regional,Rarely or never ,Less than 10% of my time,Less than 10% of my time,Neither agree nor disagree,Neither agree nor disagree,Somewhat disagree,Somewhat agree,Somewhat disagree,I would not have preferred to work remotely ,I would prefer not to work remotely ,Neither agree nor disagree,Neither agree nor disagree,Somewhat agree,I’m 20% less productive when working remotely,3.0,10.0,8.0,3.0,1.0,10.0,10.0,3.0,2020
484,1958,Male,"Electricity, Gas, Water and Waste Services",Managers,More than 200,Yes,Single person,Between 1 and 5 years,Metro,100% - I spent all of my time remote working,100% - All of my time,100% - I spent all of my time remote working,Strongly agree,Strongly agree,Strongly agree,Strongly agree,Strongly agree,100% - All of my time,100% - All of my time,Strongly agree,Strongly agree,Strongly agree,I’m 30% more productive when working remotely,2.0,8.0,4.0,2.0,0.0,8.0,6.0,2.0,2020
485,1996,Female,"Rental, Hiring and Real Estate Services",Professionals,More than 200,No,Couple with dependent children,Between 1 and 5 years,Metro,Less than 10% of my time,20%,90%,Strongly agree,Somewhat disagree,Strongly agree,Strongly agree,Somewhat agree,100% - All of my time,60%,Somewhat agree,Somewhat disagree,Somewhat disagree,I’m 20% more productive when working remotely,2.5,8.0,2.0,0.0,0.0,9.0,3.0,1.0,2020
486,1964,Male,"Rental, Hiring and Real Estate Services",Managers,More than 200,No,Couple with no dependent children,Between 1 and 5 years,Metro,60%,50% - About half of my time,70%,Strongly agree,Somewhat agree,Somewhat agree,Strongly agree,Somewhat agree,40%,30%,Somewhat agree,Somewhat agree,Somewhat agree,I’m 20% less productive when working remotely,1.0,8.0,3.0,3.0,0.5,9.0,4.0,4.0,2020
487,1988,Male,Education and Training,Clerical and administrative ,More than 200,No,Other one family household,More than 5 years,Regional,20%,50% - About half of my time,70%,Strongly agree,Neither agree nor disagree,Strongly agree,Strongly agree,Somewhat agree,80%,70%,Somewhat disagree,Somewhat disagree,Somewhat disagree,I’m 10% less productive when working remotely,1.0,7.0,4.0,2.0,0.0,7.0,5.0,4.0,2020
488,1973,Male,Health Care and Social Assistance,Professionals,More than 200,Yes,Couple with dependent children,More than 5 years,Regional,Less than 10% of my time,20%,Less than 10% of my time,Strongly agree,Neither agree nor disagree,Neither agree nor disagree,Neither agree nor disagree,Strongly agree,20%,50% - About half of my time,Neither agree nor disagree,Neither agree nor disagree,Somewhat agree,My productivity is about same when I work remotely,2.0,9.0,4.0,4.0,0.0,9.0,4.0,4.0,2020
489,1988,Female,Health Care and Social Assistance,Professionals,Between 20 and 199,No,Couple with no dependent children,Between 6 and 12 months,Metro,50% - I spent about half of my time remote working,30%,80%,Strongly agree,Somewhat agree,Strongly agree,Strongly agree,Strongly agree,50% - About half of my time,40%,Neither agree nor disagree,Somewhat agree,Somewhat agree,I’m 20% less productive when working remotely,1.0,8.0,8.0,3.0,0.0,8.0,3.0,3.0,2020
490,1962,Female,"Professional, Scientific and Technical Services",Professionals,More than 200,Yes,Couple with no dependent children,More than 5 years,Metro,20%,50% - About half of my time,100% - I spent all of my time remote working,Strongly agree,Somewhat agree,Strongly agree,Strongly agree,Strongly agree,100% - All of my time,50% - About half of my time,Somewhat disagree,Neither agree nor disagree,Neither agree nor disagree,I’m 20% more productive when working remotely,2.0,8.0,2.0,1.0,0.5,9.5,2.0,1.0,2020
491,1988,Male,Information Media and Telecommunications,Professionals,More than 200,No,Couple with no dependent children,Between 6 and 12 months,Metro,50% - I spent about half of my time remote working,10%,100% - I spent all of my time remote working,Neither agree nor disagree,Somewhat agree,Neither agree nor disagree,Neither agree nor disagree,Somewhat disagree,10%,I would prefer not to work remotely ,Somewhat disagree,Neither agree nor disagree,Strongly agree,My productivity is about same when I work remotely,2.5,8.0,1.5,0.0,1.0,8.0,2.5,0.0,2020
492,1982,Female,"Rental, Hiring and Real Estate Services",Professionals,Between 5 and 19,Yes,One  parent family with dependent children,Between 1 and 5 years,Metro,Less than 10% of my time,60%,70%,Somewhat agree,Somewhat agree,Somewhat disagree,Somewhat agree,Somewhat agree,80%,70%,Somewhat agree,Strongly agree,Somewhat agree,My productivity is about same when I work remotely,2.0,7.0,7.0,8.0,1.0,7.0,9.0,7.0,2020
493,1989,Male,Financial and Insurance Services,Professionals,More than 200,Yes,Other one family household,Between 1 and 5 years,Metro,50% - I spent about half of my time remote working,60%,50% - I spent about half of my time remote working,Neither agree nor disagree,Somewhat agree,Neither agree nor disagree,Somewhat agree,Somewhat agree,70%,70%,Neither agree nor disagree,Somewhat agree,Somewhat agree,I’m 10% more productive when working remotely,2.0,8.0,1.0,1.0,0.0,10.0,2.0,1.0,2020
494,1987,Male,Other Services,Professionals,More than 200,Yes,Couple with no dependent children,Between 1 and 5 years,Metro,20%,I would not have preferred to work remotely ,20%,Somewhat agree,Somewhat disagree,Somewhat agree,Somewhat disagree,Somewhat disagree,20%,Less than 10% of my time,Somewhat agree,Somewhat agree,Somewhat agree,I’m 20% less productive when working remotely,2.0,8.0,2.0,1.0,0.0,9.0,3.0,2.0,2020
495,1985,Male,Health Care and Social Assistance,Managers,More than 200,Yes,Couple with dependent children,Between 1 and 5 years,Metro,Less than 10% of my time,10%,70%,Strongly agree,Strongly agree,Strongly agree,Strongly agree,Somewhat agree,30%,I would prefer not to work remotely ,Neither agree nor disagree,Somewhat agree,Somewhat agree,My productivity is about same when I work remotely,1.0,7.5,1.0,2.0,0.0,9.0,2.0,3.0,2020
496,1990,Female,Other Services,Professionals,More than 200,No,Group household,More than 5 years,Metro,Rarely or never ,50% - About half of my time,90%,Strongly agree,Strongly agree,Somewhat agree,Strongly agree,Somewhat agree,100% - All of my time,50% - About half of my time,Strongly agree,Strongly agree,Strongly agree,My productivity is about same when I work remotely,3.0,8.0,2.0,2.0,1.0,10.0,5.0,2.0,2020
497,1971,Female,Construction,Clerical and administrative ,Between 5 and 19,Yes,Couple with dependent children,More than 5 years,Metro,100% - I spent all of my time remote working,100% - All of my time,100% - I spent all of my time remote working,Strongly agree,Strongly agree,Neither agree nor disagree,Strongly agree,Strongly agree,100% - All of my time,100% - All of my time,Strongly agree,Strongly agree,Strongly agree,My productivity is about same when I work remotely,1.0,6.0,5.0,2.0,0.0,6.0,5.0,3.0,2020
498,1983,Male,Manufacturing,Professionals,More than 200,Yes,Couple with no dependent children,More than 5 years,Regional,30%,90%,90%,Strongly agree,Somewhat agree,Strongly agree,Strongly agree,Strongly agree,100% - All of my time,100% - All of my time,Somewhat agree,Somewhat agree,Somewhat agree,I’m 30% more productive when working remotely,1.0,8.0,8.0,2.0,0.2,9.0,8.0,2.0,2020
499,1981,Male,"Professional, Scientific and Technical Services",Professionals,Between 20 and 199,Yes,Couple with no dependent children,Between 1 and 5 years,Regional,30%,30%,90%,Strongly agree,Somewhat agree,Strongly agree,Strongly agree,Somewhat agree,70%,50% - About half of my time,Somewhat agree,Somewhat agree,Somewhat agree,My productivity is about same when I work remotely,1.5,7.5,4.0,1.0,0.5,7.5,6.0,1.0,2020
500,1985,Female,Education and Training,Community and personal service ,More than 200,No,Other one family household,More than 5 years,Metro,Rarely or never ,I would not have preferred to work remotely ,Less than 10% of my time,Somewhat disagree,Somewhat disagree,Somewhat agree,Somewhat agree,Somewhat agree,I would not have preferred to work remotely ,I would prefer not to work remotely ,Strongly disagree,Strongly disagree,Strongly disagree,My productivity is about same when I work remotely,1.0,8.0,5.0,2.0,0.25,8.0,6.0,2.0,2020
501,1963,Female,Construction,Professionals,Between 20 and 199,Yes,Multiple family household,More than 5 years,Regional,30%,60%,20%,Somewhat disagree,Somewhat disagree,Somewhat disagree,Somewhat agree,Strongly disagree,30%,50% - About half of my time,Strongly disagree,Neither agree nor disagree,Somewhat disagree,I’m 50% more productive when working remotely (or more),2.0,6.0,4.0,5.0,2.0,3.0,6.0,4.0,2020
502,1966,Male,Other Services,Technicians and trades ,Between 20 and 199,No,Multiple family household,More than 5 years,Metro,20%,20%,20%,Neither agree nor disagree,Neither agree nor disagree,Neither agree nor disagree,Neither agree nor disagree,Neither agree nor disagree,20%,20%,Somewhat disagree,Somewhat disagree,Somewhat disagree,My productivity is about same when I work remotely,1.0,8.0,4.0,2.0,0.0,5.0,5.0,5.0,2020
503,1984,Female,Manufacturing,Managers,Between 5 and 19,Yes,Couple with dependent children,More than 5 years,Regional,Less than 10% of my time,Less than 10% of my time,Less than 10% of my time,Strongly disagree,Strongly disagree,Strongly disagree,Neither agree nor disagree,Strongly disagree,Less than 10% of my time,Less than 10% of my time,Strongly disagree,Strongly disagree,Strongly agree,I’m 20% less productive when working remotely,2.0,8.0,2.0,2.0,2.0,6.0,4.0,2.0,2020
504,1982,Female,Other Services,Managers,More than 200,No,Couple with no dependent children,More than 5 years,Metro,Less than 10% of my time,40%,40%,Somewhat disagree,Somewhat disagree,Somewhat disagree,Somewhat disagree,Somewhat disagree,80%,70%,Somewhat disagree,Somewhat disagree,Somewhat agree,I’m 50% less productive when working remotely (or less),1.0,8.0,3.0,1.0,1.0,8.0,3.0,1.0,2020
505,1977,Male,Information Media and Telecommunications,Managers,Between 20 and 199,Yes,Couple with dependent children,More than 5 years,Metro,100% - I spent all of my time remote working,90%,90%,Strongly agree,Strongly agree,Strongly agree,Strongly agree,Strongly agree,90%,90%,Strongly agree,Strongly agree,Strongly agree,I’m 50% more productive when working remotely (or more),0.0,8.0,5.0,3.0,0.0,8.0,5.0,3.0,2020
506,1980,Male,Other Services,Professionals,Between 20 and 199,No,Single person,Between 1 and 5 years,Metro,Less than 10% of my time,20%,40%,Neither agree nor disagree,Somewhat agree,Neither agree nor disagree,Strongly agree,Strongly agree,20%,20%,Somewhat agree,Somewhat agree,Neither agree nor disagree,I’m 40% more productive when working remotely,1.0,3.0,0.5,0.5,0.5,4.0,1.0,0.5,2020
507,1958,Male,Education and Training,Professionals,More than 200,Yes,Couple with no dependent children,More than 5 years,Metro,20%,10%,80%,Strongly agree,Somewhat agree,Strongly agree,Strongly agree,Strongly agree,80%,50% - About half of my time,Neither agree nor disagree,Somewhat agree,Somewhat agree,I’m 20% more productive when working remotely,1.0,9.0,6.0,1.0,0.0,12.0,5.0,1.0,2020
508,1982,Male,Construction,Managers,More than 200,Yes,Couple with dependent children,More than 5 years,Regional,Rarely or never ,Less than 10% of my time,100% - I spent all of my time remote working,Strongly agree,Strongly agree,Strongly agree,Strongly agree,Strongly agree,50% - About half of my time,60%,Strongly agree,Strongly agree,Strongly agree,I’m 50% more productive when working remotely (or more),5.0,8.0,2.0,1.0,0.5,10.0,5.0,1.0,2020
509,1978,Male,Arts and Recreation Services,Managers,Between 5 and 19,Yes,Couple with no dependent children,More than 5 years,Metro,30%,20%,50% - I spent about half of my time remote working,Somewhat agree,Strongly agree,Somewhat agree,Strongly agree,Neither agree nor disagree,10%,Less than 10% of my time,Neither agree nor disagree,Somewhat agree,Somewhat agree,My productivity is about same when I work remotely,0.5,10.0,4.0,1.0,0.0,10.5,4.0,0.5,2020
510,1982,Male,"Professional, Scientific and Technical Services",Managers,More than 200,Yes,Couple with no dependent children,More than 5 years,Metro,30%,70%,100% - I spent all of my time remote working,Strongly agree,Strongly agree,Strongly agree,Strongly agree,Strongly agree,80%,70%,Somewhat disagree,Neither agree nor disagree,Somewhat agree,I’m 20% more productive when working remotely,3.0,9.0,3.0,2.0,0.0,13.0,2.0,2.0,2020
511,1982,Female,"Electricity, Gas, Water and Waste Services",Clerical and administrative ,More than 200,No,Couple with no dependent children,Between 6 and 12 months,Regional,Less than 10% of my time,70%,100% - I spent all of my time remote working,Strongly agree,Strongly agree,Strongly agree,Strongly agree,Strongly agree,100% - All of my time,80%,Strongly agree,Strongly agree,Strongly agree,I’m 50% more productive when working remotely (or more),2.0,8.0,3.0,0.0,0.0,8.0,5.0,1.0,2020
512,1992,Female,Retail Trade,Clerical and administrative ,Between 20 and 199,Yes,Multiple family household,Between 1 and 5 years,Metro,Less than 10% of my time,50% - About half of my time,20%,Somewhat disagree,Strongly disagree,Somewhat disagree,Somewhat disagree,Neither agree nor disagree,20%,50% - About half of my time,Somewhat disagree,Strongly disagree,Somewhat disagree,My productivity is about same when I work remotely,0.5,8.5,3.0,3.0,0.0,8.0,3.0,3.0,2020
513,1993,Male,"Transport, Postal and Warehousing",Professionals,More than 200,No,Single person,Between 6 and 12 months,Metro,30%,50% - About half of my time,Less than 10% of my time,Neither agree nor disagree,Neither agree nor disagree,Neither agree nor disagree,Neither agree nor disagree,Neither agree nor disagree,100% - All of my time,90%,Neither agree nor disagree,Neither agree nor disagree,Neither agree nor disagree,My productivity is about same when I work remotely,1.0,8.0,4.0,1.0,0.0,9.0,7.0,1.0,2020
514,1967,Female,Public Administration and Safety,Managers,Between 20 and 199,Yes,Couple with no dependent children,Between 1 and 5 years,Regional,Less than 10% of my time,30%,Less than 10% of my time,Strongly disagree,Strongly disagree,Strongly disagree,Strongly disagree,Somewhat agree,50% - About half of my time,50% - About half of my time,Strongly disagree,Somewhat disagree,Strongly disagree,My productivity is about same when I work remotely,2.0,6.0,1.0,0.0,0.5,7.5,0.5,0.0,2020
515,1973,Male,"Professional, Scientific and Technical Services",Managers,Between 20 and 199,Yes,One  parent family with dependent children,Between 1 and 5 years,Metro,50% - I spent about half of my time remote working,20%,Less than 10% of my time,Neither agree nor disagree,Somewhat agree,Neither agree nor disagree,Somewhat agree,Somewhat agree,Less than 10% of my time,20%,Neither agree nor disagree,Neither agree nor disagree,Somewhat agree,I’m 10% less productive when working remotely,1.0,9.0,2.0,1.0,0.0,5.0,3.0,3.0,2020
516,1995,Female,Information Media and Telecommunications,Professionals,Between 5 and 19,No,Group household,Between 6 and 12 months,Metro,30%,20%,100% - I spent all of my time remote working,Somewhat agree,Somewhat agree,Somewhat agree,Somewhat agree,Somewhat disagree,100% - All of my time,50% - About half of my time,Somewhat disagree,Neither agree nor disagree,Neither agree nor disagree,I’m 20% less productive when working remotely,2.0,8.5,1.5,1.0,0.0,7.0,1.5,1.0,2020
517,1988,Male,"Professional, Scientific and Technical Services",Professionals,More than 200,Yes,Couple with dependent children,More than 5 years,Metro,Less than 10% of my time,50% - About half of my time,100% - I spent all of my time remote working,Strongly agree,Somewhat agree,Somewhat agree,Neither agree nor disagree,Somewhat agree,100% - All of my time,60%,Neither agree nor disagree,Somewhat agree,Neither agree nor disagree,I’m 50% more productive when working remotely (or more),3.5,7.0,5.0,3.0,0.0,9.0,10.0,3.0,2020
518,1962,Male,"Transport, Postal and Warehousing",Managers,More than 200,Yes,Other one family household,More than 5 years,Metro,Less than 10% of my time,10%,100% - I spent all of my time remote working,Strongly agree,Neither agree nor disagree,Strongly agree,Strongly agree,Somewhat agree,100% - All of my time,20%,Neither agree nor disagree,Somewhat agree,Strongly agree,I’m 10% less productive when working remotely,4.0,10.0,7.0,3.0,0.75,9.0,11.25,3.0,2020
519,1991,Male,Health Care and Social Assistance,Community and personal service ,Between 5 and 19,No,Single person,Between 1 and 5 years,Regional,50% - I spent about half of my time remote working,50% - About half of my time,50% - I spent about half of my time remote working,Somewhat agree,Neither agree nor disagree,Somewhat disagree,Neither agree nor disagree,Neither agree nor disagree,50% - About half of my time,50% - About half of my time,Neither agree nor disagree,Somewhat agree,Neither agree nor disagree,My productivity is about same when I work remotely,2.0,8.0,2.0,2.0,3.0,8.0,1.0,2.0,2020
520,1957,Male,Public Administration and Safety,Managers,More than 200,Yes,Single person,Between 6 and 12 months,Regional,50% - I spent about half of my time remote working,Less than 10% of my time,50% - I spent about half of my time remote working,Strongly agree,Strongly agree,Strongly agree,Strongly agree,Strongly agree,50% - About half of my time,50% - About half of my time,Somewhat agree,Somewhat agree,Somewhat agree,My productivity is about same when I work remotely,2.0,9.0,2.0,2.0,0.5,9.0,3.0,3.0,2020
521,1987,Female,Administrative and Support Services,Clerical and administrative ,Between 5 and 19,Yes,Single person,Between 1 and 5 years,Regional,30%,I would not have preferred to work remotely ,Less than 10% of my time,Neither agree nor disagree,Neither agree nor disagree,Strongly disagree,Neither agree nor disagree,Somewhat agree,20%,20%,Strongly disagree,Strongly disagree,Strongly disagree,I’m 50% more productive when working remotely (or more),1.0,7.0,2.0,1.0,0.25,7.0,2.0,1.5,2020
522,1985,Female,Retail Trade,Managers,Between 20 and 199,Yes,Couple with no dependent children,Between 1 and 5 years,Metro,20%,40%,100% - I spent all of my time remote working,Strongly agree,Strongly agree,Strongly agree,Strongly agree,Strongly agree,100% - All of my time,40%,Neither agree nor disagree,Neither agree nor disagree,Strongly disagree,I’m 30% more productive when working remotely,3.0,10.0,2.0,2.0,0.25,9.0,3.0,2.0,2020
523,1983,Male,Financial and Insurance Services,Clerical and administrative ,Between 1 and 4,Yes,Single person,More than 5 years,Metro,Less than 10% of my time,Less than 10% of my time,Rarely or never ,,,,,,I would not have preferred to work remotely ,Less than 10% of my time,Somewhat disagree,Neither agree nor disagree,Neither agree nor disagree,I’m 30% less productive when working remotely,5.0,9.0,6.0,0.0,0.0,7.0,7.0,0.0,2020
524,1965,Female,Health Care and Social Assistance,Managers,More than 200,Yes,Couple with no dependent children,More than 5 years,Metro,Less than 10% of my time,10%,20%,Somewhat agree,Somewhat agree,Somewhat agree,Strongly agree,Neither agree nor disagree,20%,10%,Somewhat agree,Somewhat agree,Somewhat agree,My productivity is about same when I work remotely,1.0,9.0,6.0,0.5,0.25,9.0,6.0,1.0,2020
525,1978,Male,Financial and Insurance Services,Professionals,More than 200,No,Single person,More than 5 years,Metro,Rarely or never ,Less than 10% of my time,100% - I spent all of my time remote working,Strongly agree,Somewhat agree,Somewhat agree,Strongly agree,Strongly agree,90%,60%,Somewhat agree,Somewhat agree,Strongly agree,My productivity is about same when I work remotely,2.0,9.0,4.0,1.0,0.0,10.0,5.0,1.0,2020
526,1966,Female,Health Care and Social Assistance,Professionals,Between 1 and 4,Yes,Multiple family household,More than 5 years,Metro,20%,20%,40%,Somewhat agree,Somewhat agree,Somewhat agree,Strongly agree,Somewhat agree,30%,20%,Somewhat agree,Somewhat agree,Somewhat agree,I’m 30% more productive when working remotely,1.0,8.0,4.0,2.0,0.5,7.0,5.0,2.0,2020
527,1968,Male,Education and Training,Professionals,More than 200,Yes,Couple with dependent children,More than 5 years,Metro,10%,I would not have preferred to work remotely ,Less than 10% of my time,Somewhat agree,Somewhat agree,Somewhat agree,Somewhat agree,Somewhat agree,I would not have preferred to work remotely ,I would prefer not to work remotely ,Strongly disagree,Somewhat disagree,Somewhat disagree,I’m 30% less productive when working remotely,3.0,8.0,2.0,2.0,1.0,8.0,3.0,2.0,2020
528,1965,Male,Retail Trade,Sales ,Between 20 and 199,No,Couple with no dependent children,Between 1 and 5 years,Metro,20%,50% - About half of my time,20%,Strongly disagree,Strongly disagree,Strongly disagree,Strongly disagree,Neither agree nor disagree,50% - About half of my time,40%,Strongly disagree,Strongly disagree,Strongly disagree,My productivity is about same when I work remotely,2.0,8.0,4.0,2.0,0.0,8.0,6.0,2.0,2020
529,1977,Male,Information Media and Telecommunications,Managers,More than 200,Yes,Couple with no dependent children,More than 5 years,Metro,70%,100% - All of my time,100% - I spent all of my time remote working,Strongly agree,Strongly agree,Strongly agree,Strongly agree,Strongly agree,100% - All of my time,100% - All of my time,Strongly agree,Strongly agree,Strongly agree,My productivity is about same when I work remotely,0.25,7.35,4.0,0.0,0.0,7.35,4.0,0.5,2020
530,1971,Male,Health Care and Social Assistance,Managers,More than 200,Yes,Couple with dependent children,More than 5 years,Metro,20%,70%,100% - I spent all of my time remote working,Strongly agree,Somewhat agree,Strongly agree,Strongly agree,Strongly agree,100% - All of my time,80%,Strongly agree,Strongly agree,Strongly agree,I’m 50% more productive when working remotely (or more),3.0,8.0,3.0,2.0,0.0,10.0,4.0,3.0,2020
531,1960,Male,Education and Training,Professionals,More than 200,No,Single person,More than 5 years,Metro,Less than 10% of my time,Less than 10% of my time,Less than 10% of my time,Neither agree nor disagree,Neither agree nor disagree,Neither agree nor disagree,Neither agree nor disagree,Neither agree nor disagree,10%,10%,Neither agree nor disagree,Neither agree nor disagree,Neither agree nor disagree,I’m 50% more productive when working remotely (or more),1.0,8.0,6.0,2.0,1.0,8.0,4.0,2.0,2020
532,1968,Male,"Electricity, Gas, Water and Waste Services",Professionals,More than 200,No,Single person,More than 5 years,Metro,Rarely or never ,30%,80%,Strongly agree,Strongly agree,Neither agree nor disagree,Strongly agree,Strongly agree,60%,60%,Somewhat agree,Somewhat agree,Somewhat agree,I’m 20% more productive when working remotely,1.5,10.0,7.5,5.0,0.5,12.0,8.0,3.5,2020
533,1984,Female,Education and Training,Professionals,I am the only employee,No,Single person,Between 1 and 5 years,Metro,50% - I spent about half of my time remote working,70%,80%,Strongly agree,Strongly agree,Strongly agree,Strongly agree,Somewhat agree,90%,90%,Strongly agree,Strongly agree,Strongly agree,My productivity is about same when I work remotely,2.0,6.0,6.0,2.0,0.5,4.0,8.0,2.0,2020
534,1992,Female,Retail Trade,Managers,More than 200,Yes,Other one family household,Between 1 and 5 years,Metro,Less than 10% of my time,80%,50% - I spent about half of my time remote working,Neither agree nor disagree,Somewhat agree,Somewhat disagree,Somewhat disagree,Somewhat agree,90%,70%,Somewhat agree,Neither agree nor disagree,Somewhat agree,I’m 30% more productive when working remotely,1.5,6.0,1.0,0.0,0.0,7.0,1.0,0.0,2020
535,1966,Male,"Professional, Scientific and Technical Services",Managers,Between 5 and 19,Yes,Couple with no dependent children,Between 1 and 5 years,Regional,50% - I spent about half of my time remote working,30%,100% - I spent all of my time remote working,Strongly agree,Strongly agree,Somewhat agree,Somewhat agree,Somewhat agree,100% - All of my time,90%,Strongly agree,Somewhat agree,Somewhat agree,I’m 20% more productive when working remotely,1.0,9.0,3.0,2.0,0.0,10.0,3.0,2.0,2020
536,2000,Female,Education and Training,Managers,Between 20 and 199,Yes,Couple with no dependent children,Between 6 and 12 months,Metro,20%,50% - About half of my time,40%,Neither agree nor disagree,Neither agree nor disagree,Neither agree nor disagree,Neither agree nor disagree,Somewhat disagree,40%,40%,Neither agree nor disagree,Somewhat agree,Neither agree nor disagree,I’m 40% more productive when working remotely,1.0,4.0,8.0,3.0,1.0,0.5,0.5,0.5,2020
537,1983,Male,Retail Trade,Sales ,More than 200,No,Couple with no dependent children,More than 5 years,Metro,Less than 10% of my time,Less than 10% of my time,Less than 10% of my time,Somewhat disagree,Somewhat agree,Somewhat disagree,Somewhat disagree,Somewhat agree,Less than 10% of my time,Less than 10% of my time,Somewhat disagree,Somewhat disagree,Somewhat disagree,I’m 10% less productive when working remotely,0.5,8.0,6.0,1.0,0.0,4.0,10.0,1.0,2020
538,1958,Male,Manufacturing,Machinery operators and drivers,Between 20 and 199,No,Couple with no dependent children,More than 5 years,Regional,Less than 10% of my time,50% - About half of my time,Less than 10% of my time,Neither agree nor disagree,Neither agree nor disagree,Neither agree nor disagree,Neither agree nor disagree,Somewhat agree,Less than 10% of my time,50% - About half of my time,Neither agree nor disagree,Neither agree nor disagree,Neither agree nor disagree,My productivity is about same when I work remotely,0.5,8.0,4.0,4.0,1.0,8.0,1.0,0.0,2020
539,1973,Female,Public Administration and Safety,Managers,More than 200,Yes,Couple with no dependent children,More than 5 years,Regional,Less than 10% of my time,20%,100% - I spent all of my time remote working,Strongly agree,Strongly agree,Strongly agree,Strongly agree,Strongly agree,80%,20%,Somewhat disagree,Somewhat disagree,Strongly disagree,My productivity is about same when I work remotely,0.5,7.0,0.0,0.0,0.0,7.0,0.0,0.0,2020
540,1985,Female,Wholesale Trade,Professionals,Between 20 and 199,Yes,Couple with no dependent children,Between 6 and 12 months,Metro,Less than 10% of my time,50% - About half of my time,90%,Somewhat disagree,Neither agree nor disagree,Somewhat agree,Somewhat agree,Strongly agree,90%,90%,Somewhat disagree,Somewhat disagree,Somewhat agree,I’m 50% more productive when working remotely (or more),2.5,8.0,10.0,3.5,0.0,8.0,10.0,6.0,2020
541,1980,Male,Information Media and Telecommunications,Managers,I am the only employee,Yes,Couple with dependent children,Between 1 and 5 years,Metro,40%,50% - About half of my time,100% - I spent all of my time remote working,Somewhat agree,Somewhat agree,Somewhat agree,Strongly agree,Somewhat agree,100% - All of my time,10%,Neither agree nor disagree,Somewhat disagree,Neither agree nor disagree,I’m 30% more productive when working remotely,1.0,8.5,2.0,2.0,0.0,9.0,2.0,2.0,2020
542,1973,Male,Manufacturing,Professionals,More than 200,Yes,Couple with dependent children,More than 5 years,Metro,10%,30%,40%,Somewhat disagree,Neither agree nor disagree,Neither agree nor disagree,Somewhat disagree,Somewhat agree,100% - All of my time,50% - About half of my time,Somewhat disagree,Neither agree nor disagree,Somewhat agree,I’m 10% more productive when working remotely,2.0,6.0,2.0,3.0,1.0,2.0,9.0,2.0,2020
543,1960,Male,"Transport, Postal and Warehousing",Machinery operators and drivers,More than 200,No,Couple with dependent children,More than 5 years,Metro,100% - I spent all of my time remote working,50% - About half of my time,100% - I spent all of my time remote working,Neither agree nor disagree,Neither agree nor disagree,Neither agree nor disagree,Neither agree nor disagree,Neither agree nor disagree,50% - About half of my time,I would prefer not to work remotely ,Strongly disagree,Strongly disagree,Strongly disagree,My productivity is about same when I work remotely,4.0,12.0,1.0,0.0,0.0,4.0,10.0,1.0,2020
544,1994,Male,Manufacturing,Professionals,More than 200,No,Couple with no dependent children,Between 6 and 12 months,Regional,30%,30%,40%,Neither agree nor disagree,Neither agree nor disagree,Neither agree nor disagree,Somewhat agree,Somewhat agree,50% - About half of my time,10%,Neither agree nor disagree,Somewhat disagree,Somewhat disagree,I’m 20% less productive when working remotely,0.25,8.0,8.0,3.0,0.0,8.0,8.0,3.0,2020
545,1963,Female,Health Care and Social Assistance,Professionals,More than 200,Yes,Couple with dependent children,More than 5 years,Metro,Less than 10% of my time,Less than 10% of my time,Less than 10% of my time,Somewhat disagree,Neither agree nor disagree,Neither agree nor disagree,Somewhat disagree,Somewhat agree,Less than 10% of my time,I would prefer not to work remotely ,Somewhat disagree,Somewhat disagree,Somewhat disagree,I’m 10% more productive when working remotely,4.5,9.5,1.0,0.5,0.5,10.0,2.5,1.0,2020
546,1978,Male,Information Media and Telecommunications,Professionals,More than 200,No,Couple with dependent children,More than 5 years,Metro,10%,10%,100% - I spent all of my time remote working,Somewhat agree,Somewhat agree,Somewhat agree,Somewhat agree,Somewhat agree,100% - All of my time,50% - About half of my time,Somewhat agree,Somewhat agree,Somewhat agree,I’m 50% more productive when working remotely (or more),2.0,8.0,4.0,2.0,0.0,8.0,8.0,2.0,2020
547,1973,Male,Public Administration and Safety,Professionals,More than 200,No,Couple with dependent children,More than 5 years,Regional,Less than 10% of my time,20%,Less than 10% of my time,Strongly agree,Strongly disagree,Strongly agree,Strongly agree,Somewhat agree,50% - About half of my time,30%,Somewhat agree,Neither agree nor disagree,Somewhat agree,I’m 30% less productive when working remotely,0.5,8.5,3.0,4.0,0.25,10.0,2.0,5.0,2020
548,1974,Female,Administrative and Support Services,Clerical and administrative ,Between 20 and 199,No,Couple with dependent children,More than 5 years,Metro,50% - I spent about half of my time remote working,100% - All of my time,100% - I spent all of my time remote working,Strongly agree,Strongly agree,Strongly agree,Strongly agree,Strongly agree,100% - All of my time,100% - All of my time,Strongly agree,Strongly agree,Strongly agree,I’m 50% more productive when working remotely (or more),1.0,7.0,2.0,0.0,0.5,9.0,2.0,0.0,2020
549,1988,Female,Information Media and Telecommunications,Professionals,Between 20 and 199,Yes,Couple with no dependent children,More than 5 years,Metro,Less than 10% of my time,I would not have preferred to work remotely ,80%,Strongly agree,Somewhat agree,Strongly agree,Strongly agree,Somewhat disagree,50% - About half of my time,30%,Somewhat agree,Somewhat agree,Strongly agree,I’m 20% more productive when working remotely,1.0,8.0,2.0,2.0,0.3,8.0,2.0,2.0,2020
550,1992,Female,Public Administration and Safety,Clerical and administrative ,More than 200,No,Group household,Between 1 and 5 years,Metro,20%,50% - About half of my time,100% - I spent all of my time remote working,Strongly agree,Somewhat agree,Strongly agree,Strongly agree,Strongly agree,100% - All of my time,50% - About half of my time,Somewhat disagree,Somewhat disagree,Somewhat disagree,I’m 50% more productive when working remotely (or more),2.0,8.0,3.0,1.0,0.0,8.0,4.0,0.5,2020
551,1960,Male,Manufacturing,Professionals,More than 200,No,Couple with no dependent children,More than 5 years,Regional,Less than 10% of my time,80%,Less than 10% of my time,Neither agree nor disagree,Somewhat agree,Neither agree nor disagree,Neither agree nor disagree,Strongly agree,80%,80%,Strongly disagree,Neither agree nor disagree,Somewhat disagree,I’m 30% more productive when working remotely,1.0,7.5,3.0,1.0,0.0,8.0,3.0,1.0,2020
552,1959,Female,Education and Training,Professionals,More than 200,No,Couple with no dependent children,Between 1 and 5 years,Regional,Rarely or never ,80%,100% - I spent all of my time remote working,Strongly agree,Somewhat agree,Strongly agree,Strongly agree,Strongly agree,100% - All of my time,80%,Somewhat agree,Somewhat agree,Somewhat agree,My productivity is about same when I work remotely,2.0,8.0,2.0,2.0,0.5,8.0,4.0,2.0,2020
553,1960,Male,Education and Training,Professionals,More than 200,Yes,Couple with dependent children,More than 5 years,Metro,40%,70%,80%,Strongly agree,Strongly agree,Strongly agree,Strongly agree,Strongly agree,90%,90%,Somewhat disagree,Somewhat disagree,Neither agree nor disagree,I’m 30% more productive when working remotely,1.5,8.0,4.0,3.0,0.0,8.0,5.0,3.0,2020
554,1968,Female,Education and Training,Professionals,Between 1 and 4,Yes,Couple with no dependent children,More than 5 years,Regional,10%,Less than 10% of my time,20%,Somewhat agree,Somewhat agree,Strongly agree,Strongly agree,Neither agree nor disagree,20%,Less than 10% of my time,Neither agree nor disagree,Neither agree nor disagree,Neither agree nor disagree,My productivity is about same when I work remotely,2.0,4.0,3.0,2.0,0.0,1.0,5.0,2.0,2020
555,1967,Male,Health Care and Social Assistance,Professionals,More than 200,Yes,Couple with dependent children,More than 5 years,Regional,20%,20%,30%,Neither agree nor disagree,Somewhat disagree,Somewhat disagree,Neither agree nor disagree,Somewhat disagree,30%,30%,Strongly disagree,Strongly disagree,Somewhat disagree,I’m 20% less productive when working remotely,0.5,10.0,6.0,2.0,0.0,6.0,7.0,2.0,2020
556,1995,Female,"Professional, Scientific and Technical Services",Professionals,Between 20 and 199,Yes,Other one family household,More than 5 years,Metro,30%,50% - About half of my time,100% - I spent all of my time remote working,Strongly agree,Strongly agree,Strongly agree,Strongly agree,Strongly agree,100% - All of my time,50% - About half of my time,Strongly agree,Somewhat agree,Somewhat agree,My productivity is about same when I work remotely,1.0,1.0,1.0,1.0,1.0,6.0,2.0,3.0,2020
557,1980,Female,Financial and Insurance Services,Managers,Between 20 and 199,Yes,Couple with dependent children,More than 5 years,Metro,Rarely or never ,20%,50% - I spent about half of my time remote working,Strongly disagree,Strongly disagree,Strongly disagree,Strongly disagree,Neither agree nor disagree,50% - About half of my time,50% - About half of my time,Strongly disagree,Strongly disagree,Strongly disagree,I’m 30% less productive when working remotely,1.0,8.0,4.0,2.0,0.0,10.0,4.0,2.0,2020
558,1964,Male,Financial and Insurance Services,Managers,Between 5 and 19,Yes,Couple with no dependent children,More than 5 years,Metro,20%,40%,40%,Somewhat agree,Somewhat agree,Somewhat agree,Somewhat agree,Somewhat agree,40%,50% - About half of my time,Neither agree nor disagree,Somewhat agree,Somewhat agree,I’m 30% more productive when working remotely,2.0,9.0,1.0,0.0,0.5,9.0,1.0,1.0,2020
559,1970,Male,"Professional, Scientific and Technical Services",Clerical and administrative ,Between 20 and 199,No,Single person,More than 5 years,Metro,Rarely or never ,I would not have preferred to work remotely ,100% - I spent all of my time remote working,Strongly agree,Neither agree nor disagree,Strongly agree,Strongly agree,Somewhat disagree,50% - About half of my time,50% - About half of my time,Somewhat agree,Somewhat agree,Somewhat agree,My productivity is about same when I work remotely,3.0,7.6,3.0,1.0,0.0,7.6,6.0,1.0,2020
560,1964,Female,"Professional, Scientific and Technical Services",Professionals,More than 200,No,Couple with dependent children,More than 5 years,Metro,Less than 10% of my time,30%,80%,Strongly agree,Somewhat agree,Strongly agree,Strongly agree,Somewhat agree,80%,40%,Neither agree nor disagree,Somewhat agree,Somewhat agree,I’m 20% more productive when working remotely,2.0,5.0,6.0,2.0,0.5,5.0,8.0,3.0,2020
561,1984,Male,Financial and Insurance Services,Clerical and administrative ,More than 200,No,Couple with no dependent children,Between 6 and 12 months,Metro,60%,80%,100% - I spent all of my time remote working,Strongly agree,Neither agree nor disagree,Strongly agree,Strongly agree,Neither agree nor disagree,100% - All of my time,80%,Neither agree nor disagree,Somewhat agree,Strongly agree,My productivity is about same when I work remotely,1.0,8.0,2.0,1.0,0.0,8.0,3.0,1.0,2020
562,1976,Male,"Professional, Scientific and Technical Services",Managers,Between 5 and 19,Yes,Couple with no dependent children,Between 1 and 5 years,Metro,10%,20%,90%,Strongly agree,Somewhat agree,Strongly agree,Strongly agree,Somewhat agree,90%,50% - About half of my time,Neither agree nor disagree,Somewhat agree,Somewhat agree,I’m 20% more productive when working remotely,1.5,8.5,3.0,2.0,1.0,8.0,4.0,2.0,2020
563,1980,Female,Other Services,Clerical and administrative ,More than 200,No,Couple with dependent children,More than 5 years,Metro,Less than 10% of my time,30%,90%,Strongly agree,Strongly agree,Strongly agree,Strongly agree,Strongly agree,90%,80%,Strongly agree,Strongly agree,Strongly agree,My productivity is about same when I work remotely,1.0,8.0,8.0,7.0,0.0,8.0,8.0,8.0,2020
564,1986,Female,Financial and Insurance Services,Professionals,More than 200,No,Multiple family household,More than 5 years,Metro,20%,20%,100% - I spent all of my time remote working,Strongly agree,Somewhat agree,Strongly agree,Strongly agree,Somewhat agree,100% - All of my time,60%,Somewhat agree,Somewhat agree,Somewhat agree,I’m 10% less productive when working remotely,1.0,8.0,5.0,5.0,0.5,8.0,6.0,5.5,2020
565,1975,Male,Public Administration and Safety,Professionals,More than 200,No,Couple with no dependent children,More than 5 years,Metro,30%,10%,30%,Strongly agree,Somewhat agree,Strongly agree,Strongly agree,Somewhat disagree,50% - About half of my time,10%,Somewhat disagree,Somewhat disagree,Somewhat disagree,I’m 10% more productive when working remotely,2.0,8.0,3.0,0.0,1.0,8.0,5.0,0.0,2020
566,1989,Male,Accommodation and Food Services,Managers,Between 20 and 199,Yes,Couple with no dependent children,Between 1 and 5 years,Metro,Less than 10% of my time,30%,70%,Strongly agree,Somewhat agree,Strongly agree,Strongly agree,Neither agree nor disagree,80%,50% - About half of my time,Neither agree nor disagree,Somewhat agree,Somewhat agree,I’m 20% more productive when working remotely,3.0,7.0,3.0,0.0,0.5,8.0,3.0,0.0,2020
567,1979,Female,Construction,Managers,More than 200,Yes,Group household,More than 5 years,Metro,50% - I spent about half of my time remote working,70%,100% - I spent all of my time remote working,Somewhat disagree,Strongly agree,Somewhat disagree,Somewhat agree,Strongly agree,100% - All of my time,80%,Somewhat disagree,Somewhat disagree,Somewhat disagree,I’m 40% more productive when working remotely,3.0,7.0,3.0,2.0,0.0,10.0,3.0,1.0,2020
568,1998,Female,Financial and Insurance Services,Professionals,More than 200,No,Couple with no dependent children,Between 6 and 12 months,Metro,60%,30%,60%,Strongly agree,Strongly agree,Strongly agree,Strongly agree,Somewhat agree,40%,40%,Somewhat agree,Strongly agree,Strongly agree,I’m 30% more productive when working remotely,3.0,9.0,6.0,6.0,0.25,7.0,7.75,9.0,2020
569,1982,Male,"Professional, Scientific and Technical Services",Managers,More than 200,Yes,Couple with no dependent children,More than 5 years,Metro,10%,30%,100% - I spent all of my time remote working,Strongly agree,Strongly agree,Strongly agree,Strongly agree,Strongly agree,60%,50% - About half of my time,Strongly agree,Strongly agree,Strongly agree,My productivity is about same when I work remotely,4.0,8.0,4.0,0.0,0.0,10.0,6.0,0.0,2020
570,1975,Female,"Transport, Postal and Warehousing",Professionals,More than 200,No,Couple with dependent children,More than 5 years,Regional,Less than 10% of my time,20%,100% - I spent all of my time remote working,Strongly agree,Somewhat agree,Strongly agree,Strongly agree,Somewhat agree,80%,50% - About half of my time,Somewhat agree,Somewhat agree,Somewhat agree,I’m 20% more productive when working remotely,3.0,10.0,2.0,1.0,0.1,10.0,4.0,2.0,2020
571,1965,Male,"Professional, Scientific and Technical Services",Professionals,More than 200,No,Couple with no dependent children,Between 6 and 12 months,Metro,80%,50% - About half of my time,100% - I spent all of my time remote working,Strongly agree,Strongly agree,Strongly agree,Strongly agree,Somewhat agree,50% - About half of my time,50% - About half of my time,Somewhat agree,Somewhat agree,Strongly agree,My productivity is about same when I work remotely,0.5,7.5,6.0,1.0,0.0,8.0,6.0,2.0,2020
572,1960,Female,Information Media and Telecommunications,Managers,More than 200,No,Single person,More than 5 years,Metro,Rarely or never ,Less than 10% of my time,Less than 10% of my time,Neither agree nor disagree,Somewhat agree,Strongly agree,Somewhat disagree,Somewhat agree,Less than 10% of my time,Less than 10% of my time,Somewhat agree,Somewhat agree,Strongly disagree,My productivity is about same when I work remotely,2.0,9.0,10.0,3.0,0.5,10.0,9.5,4.0,2020
573,1964,Female,"Professional, Scientific and Technical Services",Professionals,Between 20 and 199,No,Couple with dependent children,More than 5 years,Regional,60%,80%,70%,Somewhat disagree,Somewhat agree,Somewhat agree,Somewhat agree,Somewhat agree,80%,80%,Somewhat disagree,Somewhat disagree,Somewhat disagree,I’m 30% more productive when working remotely,1.0,4.0,2.0,1.0,0.0,5.0,2.0,1.0,2020
574,1987,Female,Health Care and Social Assistance,Professionals,Between 20 and 199,No,Couple with no dependent children,Between 1 and 5 years,Metro,20%,50% - About half of my time,90%,Strongly agree,Strongly agree,Strongly agree,Strongly agree,Somewhat agree,100% - All of my time,80%,Strongly agree,Strongly agree,Strongly agree,I’m 20% less productive when working remotely,2.5,8.0,5.0,2.0,0.0,8.0,7.0,2.0,2020
575,1970,Male,Public Administration and Safety,Technicians and trades ,More than 200,No,Couple with no dependent children,More than 5 years,Metro,Less than 10% of my time,Less than 10% of my time,Less than 10% of my time,Somewhat agree,Neither agree nor disagree,Somewhat agree,Somewhat agree,Somewhat disagree,Less than 10% of my time,Less than 10% of my time,Somewhat agree,Somewhat agree,Somewhat agree,My productivity is about same when I work remotely,3.0,8.5,4.0,2.0,0.0,8.5,4.0,2.0,2020
576,1978,Male,Wholesale Trade,Professionals,More than 200,No,Couple with dependent children,More than 5 years,Metro,50% - I spent about half of my time remote working,50% - About half of my time,100% - I spent all of my time remote working,Somewhat agree,Somewhat agree,Somewhat agree,Somewhat agree,Somewhat agree,100% - All of my time,50% - About half of my time,Somewhat agree,Somewhat agree,Somewhat agree,I’m 30% more productive when working remotely,2.0,5.0,1.0,1.0,0.0,8.0,2.0,2.0,2020
577,1964,Male,Public Administration and Safety,Managers,More than 200,Yes,Couple with no dependent children,More than 5 years,Regional,20%,50% - About half of my time,20%,Neither agree nor disagree,Neither agree nor disagree,Somewhat disagree,Neither agree nor disagree,Somewhat agree,70%,50% - About half of my time,Somewhat disagree,Somewhat disagree,Somewhat disagree,My productivity is about same when I work remotely,1.0,10.0,3.0,2.0,0.0,10.0,3.0,1.0,2020
578,1988,Female,Health Care and Social Assistance,Clerical and administrative ,More than 200,No,One  parent family with dependent children,Between 1 and 5 years,Regional,Less than 10% of my time,50% - About half of my time,50% - I spent about half of my time remote working,Strongly agree,Neither agree nor disagree,Strongly agree,Somewhat agree,Somewhat agree,100% - All of my time,50% - About half of my time,Somewhat disagree,Neither agree nor disagree,Neither agree nor disagree,My productivity is about same when I work remotely,1.0,7.0,2.0,2.0,0.0,7.0,3.0,2.0,2020
579,1974,Male,Financial and Insurance Services,Professionals,More than 200,Yes,Couple with dependent children,More than 5 years,Metro,Rarely or never ,Less than 10% of my time,100% - I spent all of my time remote working,Strongly agree,Somewhat agree,Strongly agree,Strongly agree,Somewhat disagree,100% - All of my time,20%,Somewhat agree,Somewhat agree,Somewhat agree,My productivity is about same when I work remotely,2.5,9.0,2.5,1.0,0.5,11.0,4.0,1.0,2020
580,1982,Female,Information Media and Telecommunications,Managers,Between 5 and 19,No,Couple with no dependent children,Between 6 and 12 months,Metro,30%,40%,100% - I spent all of my time remote working,Strongly agree,Strongly agree,Strongly agree,Strongly agree,Somewhat agree,100% - All of my time,80%,Somewhat agree,Somewhat agree,Somewhat agree,I’m 20% more productive when working remotely,1.0,9.0,0.0,0.0,0.0,9.0,1.0,2.0,2020
581,1978,Male,Health Care and Social Assistance,Professionals,More than 200,Yes,Couple with dependent children,Between 1 and 5 years,Metro,Rarely or never ,20%,70%,Somewhat agree,Strongly agree,Neither agree nor disagree,Strongly agree,Strongly agree,70%,50% - About half of my time,Somewhat disagree,Somewhat disagree,Somewhat disagree,My productivity is about same when I work remotely,1.0,8.0,6.0,6.0,0.0,8.0,8.0,8.0,2020
582,1974,Female,Other Services,Managers,More than 200,Yes,Couple with dependent children,More than 5 years,Regional,20%,30%,10%,Somewhat agree,Strongly agree,Strongly agree,Strongly agree,Somewhat agree,10%,10%,Somewhat agree,Somewhat agree,Somewhat agree,I’m 20% less productive when working remotely,0.5,10.0,2.0,2.0,0.5,10.0,2.0,2.0,2020
583,1970,Female,Other Services,Sales ,More than 200,Yes,Couple with dependent children,More than 5 years,Metro,20%,30%,20%,Neither agree nor disagree,Somewhat agree,Neither agree nor disagree,Neither agree nor disagree,Somewhat disagree,30%,30%,Somewhat disagree,Strongly disagree,Somewhat disagree,I’m 40% more productive when working remotely,2.0,9.0,10.0,3.0,2.0,12.0,6.0,4.0,2020
584,1993,Male,Financial and Insurance Services,Sales ,More than 200,No,Couple with dependent children,Between 1 and 5 years,Metro,50% - I spent about half of my time remote working,60%,100% - I spent all of my time remote working,Strongly agree,Strongly agree,Strongly agree,Strongly agree,Strongly agree,100% - All of my time,30%,Strongly agree,Somewhat agree,Strongly agree,I’m 40% more productive when working remotely,3.0,8.0,11.0,2.0,0.0,10.5,10.5,3.0,2020
585,1981,Female,Information Media and Telecommunications,Professionals,Between 20 and 199,No,Single person,Between 1 and 5 years,Metro,90%,100% - All of my time,100% - I spent all of my time remote working,Strongly agree,Strongly agree,Strongly agree,Strongly agree,Neither agree nor disagree,100% - All of my time,100% - All of my time,Strongly agree,Strongly agree,Strongly agree,My productivity is about same when I work remotely,1.0,5.0,3.0,2.0,0.5,6.0,3.0,2.0,2020
586,1981,Male,Public Administration and Safety,Managers,More than 200,Yes,Single person,More than 5 years,Metro,Less than 10% of my time,10%,Rarely or never ,,,,,,Less than 10% of my time,10%,Strongly disagree,Somewhat disagree,Strongly disagree,I’m 10% less productive when working remotely,1.0,10.0,3.0,2.0,0.0,11.0,2.0,2.0,2020
587,1974,Female,Financial and Insurance Services,Clerical and administrative ,Between 20 and 199,No,Couple with dependent children,Between 1 and 5 years,Metro,Rarely or never ,I would not have preferred to work remotely ,90%,Somewhat agree,Somewhat disagree,Somewhat disagree,Somewhat agree,Somewhat agree,100% - All of my time,I would prefer not to work remotely ,Somewhat agree,Somewhat agree,Somewhat agree,I’m 30% less productive when working remotely,2.0,9.0,4.0,2.0,0.5,9.0,4.0,2.0,2020
588,1960,Male,Financial and Insurance Services,Community and personal service ,Between 20 and 199,No,Group household,Between 1 and 5 years,Metro,Rarely or never ,I would not have preferred to work remotely ,100% - I spent all of my time remote working,Strongly agree,Strongly agree,Strongly agree,Strongly agree,Strongly agree,100% - All of my time,100% - All of my time,Strongly agree,Strongly agree,Strongly agree,My productivity is about same when I work remotely,1.5,4.5,16.0,2.0,0.5,4.5,17.0,2.0,2020
589,1976,Male,Financial and Insurance Services,Professionals,More than 200,No,Couple with dependent children,More than 5 years,Metro,20%,20%,100% - I spent all of my time remote working,Strongly agree,Somewhat agree,Somewhat agree,Somewhat agree,Strongly agree,100% - All of my time,20%,Somewhat agree,Neither agree nor disagree,Strongly agree,I’m 40% more productive when working remotely,1.0,8.0,12.0,3.0,0.0,8.0,12.0,4.0,2020
590,1971,Female,Construction,Clerical and administrative ,Between 5 and 19,No,Couple with dependent children,More than 5 years,Metro,100% - I spent all of my time remote working,100% - All of my time,100% - I spent all of my time remote working,Neither agree nor disagree,Strongly agree,Strongly disagree,Strongly agree,Strongly agree,100% - All of my time,100% - All of my time,Strongly agree,Strongly agree,Strongly agree,My productivity is about same when I work remotely,2.0,8.0,4.0,3.0,0.0,8.0,4.0,3.0,2020
591,1957,Male,Education and Training,Professionals,Between 20 and 199,No,Couple with no dependent children,Between 1 and 5 years,Regional,10%,10%,10%,Somewhat agree,Strongly agree,Somewhat agree,Somewhat agree,Strongly agree,20%,Less than 10% of my time,Somewhat agree,Somewhat agree,Somewhat agree,My productivity is about same when I work remotely,2.0,7.0,3.0,3.0,2.0,7.0,3.0,3.0,2020
592,1974,Male,Financial and Insurance Services,Professionals,More than 200,Yes,Couple with dependent children,More than 5 years,Metro,Rarely or never ,30%,100% - I spent all of my time remote working,Strongly agree,Strongly agree,Strongly agree,Strongly agree,Strongly agree,70%,30%,Strongly disagree,Strongly disagree,Strongly disagree,I’m 20% more productive when working remotely,0.5,8.0,2.0,1.0,0.0,9.0,3.0,1.0,2020
593,1988,Female,Administrative and Support Services,Clerical and administrative ,Between 5 and 19,No,Couple with no dependent children,More than 5 years,Regional,Less than 10% of my time,50% - About half of my time,80%,Somewhat agree,Somewhat agree,Somewhat agree,Strongly agree,Strongly agree,100% - All of my time,80%,Neither agree nor disagree,Somewhat agree,Somewhat agree,I’m 20% more productive when working remotely,1.0,7.5,3.0,1.0,0.5,7.5,3.5,1.0,2020
594,1965,Male,Manufacturing,Technicians and trades ,More than 200,Yes,Couple with dependent children,More than 5 years,Regional,Less than 10% of my time,30%,Less than 10% of my time,Somewhat agree,Neither agree nor disagree,Somewhat agree,Somewhat disagree,Somewhat disagree,Less than 10% of my time,I would prefer not to work remotely ,Somewhat agree,Somewhat agree,Neither agree nor disagree,I’m 20% more productive when working remotely,1.0,10.0,0.0,0.0,0.0,10.0,1.0,0.0,2020
595,1985,Male,"Professional, Scientific and Technical Services",Technicians and trades ,Between 20 and 199,Yes,Single person,Between 1 and 5 years,Metro,Rarely or never ,100% - All of my time,100% - I spent all of my time remote working,Strongly disagree,Strongly disagree,Strongly disagree,Strongly disagree,Strongly disagree,100% - All of my time,100% - All of my time,Somewhat agree,Neither agree nor disagree,Neither agree nor disagree,I’m 20% more productive when working remotely,2.5,8.5,3.0,10.0,0.5,9.5,4.0,10.0,2020
596,1990,Female,Public Administration and Safety,Clerical and administrative ,Between 20 and 199,No,Couple with no dependent children,Between 1 and 5 years,Regional,20%,30%,100% - I spent all of my time remote working,Strongly agree,Somewhat agree,Strongly agree,Strongly agree,Somewhat agree,60%,40%,Strongly agree,Strongly agree,Somewhat agree,I’m 20% less productive when working remotely,3.0,7.0,4.0,2.0,0.0,7.0,5.0,2.0,2020
597,1990,Male,Financial and Insurance Services,Professionals,More than 200,No,Single person,Between 1 and 5 years,Metro,Less than 10% of my time,Less than 10% of my time,100% - I spent all of my time remote working,Strongly agree,Strongly agree,Strongly agree,Strongly agree,Strongly agree,100% - All of my time,50% - About half of my time,Somewhat agree,Somewhat agree,Strongly agree,My productivity is about same when I work remotely,2.0,8.0,3.0,1.0,0.5,8.0,5.5,1.0,2020
598,1977,Male,Construction,Professionals,Between 20 and 199,Yes,Couple with no dependent children,Between 1 and 5 years,Metro,50% - I spent about half of my time remote working,50% - About half of my time,50% - I spent about half of my time remote working,Somewhat agree,Neither agree nor disagree,Somewhat agree,Somewhat agree,Somewhat agree,50% - About half of my time,50% - About half of my time,Somewhat agree,Somewhat agree,Somewhat agree,I’m 40% more productive when working remotely,1.0,9.0,2.0,2.0,1.0,9.0,2.0,2.0,2020
599,1970,Female,Other Services,Clerical and administrative ,More than 200,No,Couple with dependent children,More than 5 years,Metro,10%,50% - About half of my time,100% - I spent all of my time remote working,Strongly agree,Strongly agree,Strongly agree,Strongly agree,Strongly agree,100% - All of my time,70%,Strongly agree,Strongly agree,Somewhat agree,I’m 50% more productive when working remotely (or more),2.0,8.0,4.0,5.0,0.0,8.0,5.0,3.0,2020
600,1978,Female,Health Care and Social Assistance,Clerical and administrative ,Between 20 and 199,No,Couple with dependent children,Between 1 and 5 years,Regional,Rarely or never ,I would not have preferred to work remotely ,100% - I spent all of my time remote working,Neither agree nor disagree,Strongly agree,Somewhat agree,Somewhat agree,Strongly agree,I would not have preferred to work remotely ,I would prefer not to work remotely ,Strongly disagree,Strongly disagree,Strongly disagree,I’m 30% less productive when working remotely,1.0,8.0,3.0,6.0,0.5,8.0,5.0,5.0,2020
601,1969,Female,Administrative and Support Services,Clerical and administrative ,More than 200,No,Couple with dependent children,Between 1 and 5 years,Regional,50% - I spent about half of my time remote working,100% - All of my time,100% - I spent all of my time remote working,Somewhat agree,Somewhat agree,Neither agree nor disagree,Strongly agree,Strongly agree,100% - All of my time,100% - All of my time,Somewhat agree,Somewhat agree,Somewhat agree,I’m 50% more productive when working remotely (or more),1.0,8.0,5.0,4.0,0.0,8.5,5.0,4.0,2020
602,1986,Male,Financial and Insurance Services,Professionals,More than 200,No,Couple with no dependent children,More than 5 years,Metro,80%,90%,100% - I spent all of my time remote working,Strongly agree,Strongly agree,Strongly agree,Strongly agree,Strongly agree,100% - All of my time,90%,Strongly agree,Strongly agree,Strongly agree,I’m 50% more productive when working remotely (or more),3.0,7.0,2.0,1.0,0.0,8.0,3.0,3.0,2020
603,1974,Male,Financial and Insurance Services,Managers,More than 200,Yes,Couple with dependent children,Between 6 and 12 months,Metro,20%,60%,100% - I spent all of my time remote working,Strongly agree,Strongly agree,Strongly agree,Strongly agree,Strongly agree,60%,60%,Somewhat agree,Somewhat agree,Somewhat agree,I’m 30% more productive when working remotely,0.75,9.0,3.0,2.0,0.0,12.0,3.0,2.0,2020
604,1977,Male,Information Media and Telecommunications,Technicians and trades ,Between 5 and 19,No,Couple with no dependent children,More than 5 years,Metro,Less than 10% of my time,I would not have preferred to work remotely ,100% - I spent all of my time remote working,Strongly agree,Strongly agree,Strongly agree,Strongly agree,Somewhat agree,50% - About half of my time,50% - About half of my time,Somewhat disagree,Somewhat disagree,Somewhat disagree,I’m 20% less productive when working remotely,1.0,8.0,12.0,1.0,0.0,9.0,14.0,1.0,2020
605,1989,Male,"Transport, Postal and Warehousing",Managers,More than 200,Yes,Couple with no dependent children,More than 5 years,Metro,Less than 10% of my time,I would not have preferred to work remotely ,80%,Somewhat agree,Somewhat agree,Somewhat agree,Somewhat agree,Neither agree nor disagree,50% - About half of my time,I would prefer not to work remotely ,Somewhat agree,Somewhat agree,Somewhat agree,My productivity is about same when I work remotely,1.0,8.0,2.0,0.0,0.0,8.0,3.0,0.0,2020
606,1962,Female,Administrative and Support Services,Clerical and administrative ,Between 20 and 199,No,Single person,Between 1 and 5 years,Metro,60%,100% - All of my time,100% - I spent all of my time remote working,Neither agree nor disagree,Somewhat agree,Strongly disagree,Neither agree nor disagree,Strongly agree,100% - All of my time,100% - All of my time,Somewhat disagree,Neither agree nor disagree,Neither agree nor disagree,I’m 40% more productive when working remotely,2.5,7.0,4.0,2.0,0.0,8.0,4.0,2.0,2020
607,1964,Male,Manufacturing,Managers,Between 5 and 19,No,Couple with dependent children,More than 5 years,Metro,50% - I spent about half of my time remote working,50% - About half of my time,60%,Somewhat agree,Somewhat agree,Somewhat agree,Strongly agree,Somewhat agree,50% - About half of my time,60%,Neither agree nor disagree,Somewhat agree,Somewhat agree,I’m 50% more productive when working remotely (or more),1.0,6.0,1.0,1.0,1.0,6.0,1.0,1.0,2020
608,1990,Female,Education and Training,Professionals,Between 20 and 199,No,Couple with no dependent children,Between 1 and 5 years,Regional,20%,I would not have preferred to work remotely ,50% - I spent about half of my time remote working,Strongly agree,Strongly agree,Strongly agree,Strongly agree,Strongly agree,I would not have preferred to work remotely ,I would prefer not to work remotely ,Neither agree nor disagree,Strongly agree,Strongly disagree,My productivity is about same when I work remotely,1.5,7.0,5.0,2.0,0.0,7.0,7.0,3.0,2020
609,1976,Male,Information Media and Telecommunications,Professionals,Between 5 and 19,Yes,Couple with dependent children,Between 1 and 5 years,Metro,20%,60%,100% - I spent all of my time remote working,Strongly agree,Strongly agree,Strongly agree,Strongly agree,Strongly disagree,100% - All of my time,90%,Somewhat agree,Somewhat agree,Somewhat agree,I’m 40% more productive when working remotely,4.0,8.5,2.0,1.0,0.5,10.0,3.5,2.5,2020
610,1969,Male,"Professional, Scientific and Technical Services",Professionals,More than 200,No,Couple with no dependent children,More than 5 years,Metro,40%,50% - About half of my time,100% - I spent all of my time remote working,Somewhat agree,Somewhat disagree,Somewhat agree,Somewhat agree,Somewhat agree,100% - All of my time,50% - About half of my time,Somewhat disagree,Neither agree nor disagree,Neither agree nor disagree,My productivity is about same when I work remotely,2.0,8.0,4.0,2.0,0.0,10.0,4.0,2.0,2020
611,1956,Male,Information Media and Telecommunications,Managers,More than 200,Yes,Single person,More than 5 years,Metro,30%,Less than 10% of my time,Less than 10% of my time,Somewhat agree,Somewhat agree,Somewhat agree,Somewhat disagree,Somewhat disagree,20%,10%,Somewhat disagree,Somewhat disagree,Somewhat disagree,I’m 10% less productive when working remotely,1.5,12.0,5.0,5.5,0.5,12.5,5.5,5.5,2020
612,1976,Male,Public Administration and Safety,Managers,More than 200,Yes,Couple with no dependent children,Between 1 and 5 years,Metro,Less than 10% of my time,20%,70%,Strongly agree,Neither agree nor disagree,Strongly agree,Strongly agree,Somewhat agree,60%,40%,Neither agree nor disagree,Somewhat agree,Somewhat agree,My productivity is about same when I work remotely,1.0,8.0,6.0,1.0,0.5,8.5,6.0,1.0,2020
613,1981,Female,Other Services,Managers,Between 20 and 199,Yes,Couple with dependent children,More than 5 years,Regional,20%,20%,30%,Neither agree nor disagree,Somewhat agree,Neither agree nor disagree,Neither agree nor disagree,Strongly agree,40%,40%,Neither agree nor disagree,Neither agree nor disagree,Neither agree nor disagree,I’m 20% more productive when working remotely,2.0,7.0,5.0,2.0,0.0,7.0,5.0,2.0,2020
614,1977,Male,"Professional, Scientific and Technical Services",Professionals,Between 20 and 199,Yes,Couple with dependent children,Between 1 and 5 years,Metro,70%,70%,100% - I spent all of my time remote working,Strongly agree,Strongly agree,Strongly agree,Strongly agree,Strongly agree,100% - All of my time,80%,Strongly agree,Strongly agree,Strongly agree,I’m 30% more productive when working remotely,2.5,8.5,2.0,2.0,0.0,10.0,3.0,2.0,2020
615,1986,Male,Health Care and Social Assistance,Managers,More than 200,No,Couple with no dependent children,More than 5 years,Metro,Less than 10% of my time,20%,Less than 10% of my time,Somewhat disagree,Somewhat disagree,Somewhat agree,Somewhat disagree,Somewhat disagree,20%,20%,Strongly disagree,Somewhat disagree,Strongly disagree,I’m 20% more productive when working remotely,2.0,9.0,11.0,2.0,0.5,9.5,12.0,2.0,2020
616,1976,Male,Retail Trade,Managers,More than 200,Yes,Couple with dependent children,More than 5 years,Metro,Less than 10% of my time,30%,10%,Somewhat disagree,Neither agree nor disagree,Somewhat disagree,Somewhat agree,Neither agree nor disagree,50% - About half of my time,20%,Strongly disagree,Strongly disagree,Somewhat disagree,I’m 20% more productive when working remotely,0.5,9.5,3.5,3.5,0.0,8.0,4.0,5.0,2020
617,1987,Female,"Professional, Scientific and Technical Services",Professionals,Between 20 and 199,Yes,Single person,Between 1 and 5 years,Metro,Less than 10% of my time,Less than 10% of my time,60%,Somewhat agree,Somewhat agree,Somewhat agree,Somewhat agree,Somewhat agree,80%,60%,Somewhat disagree,Neither agree nor disagree,Neither agree nor disagree,I’m 20% more productive when working remotely,3.0,8.0,1.0,1.0,1.0,8.0,2.0,2.0,2020
618,1988,Male,Information Media and Telecommunications,Professionals,Between 20 and 199,Yes,Couple with no dependent children,Between 6 and 12 months,Metro,Rarely or never ,10%,100% - I spent all of my time remote working,Strongly agree,Somewhat agree,Strongly agree,Strongly agree,Somewhat agree,100% - All of my time,30%,Somewhat agree,Neither agree nor disagree,Neither agree nor disagree,I’m 10% more productive when working remotely,1.0,9.0,3.0,2.0,0.5,8.5,3.0,3.0,2020
619,1980,Male,Health Care and Social Assistance,Managers,More than 200,Yes,Couple with dependent children,Between 1 and 5 years,Metro,Less than 10% of my time,Less than 10% of my time,10%,Neither agree nor disagree,Somewhat agree,Somewhat agree,Somewhat agree,Somewhat agree,20%,20%,Neither agree nor disagree,Somewhat disagree,Neither agree nor disagree,I’m 10% less productive when working remotely,1.0,9.0,3.0,3.0,0.0,9.0,5.0,2.0,2020
620,1990,Male,"Professional, Scientific and Technical Services",Professionals,More than 200,No,Couple with no dependent children,Between 1 and 5 years,Metro,Rarely or never ,30%,100% - I spent all of my time remote working,Somewhat agree,Somewhat agree,Strongly agree,Strongly agree,Neither agree nor disagree,100% - All of my time,30%,Neither agree nor disagree,Neither agree nor disagree,Somewhat agree,My productivity is about same when I work remotely,1.5,8.0,6.0,0.5,0.0,8.0,7.5,0.5,2020
621,1978,Male,Education and Training,Managers,Between 20 and 199,Yes,Couple with no dependent children,More than 5 years,Metro,50% - I spent about half of my time remote working,50% - About half of my time,50% - I spent about half of my time remote working,Somewhat agree,Somewhat agree,Somewhat agree,Somewhat agree,Somewhat agree,50% - About half of my time,50% - About half of my time,Somewhat agree,Strongly agree,Somewhat agree,I’m 50% more productive when working remotely (or more),1.0,8.0,2.0,2.0,0.0,8.0,12.0,1.0,2020
622,1961,Male,"Professional, Scientific and Technical Services",Professionals,Between 1 and 4,Yes,Couple with no dependent children,More than 5 years,Regional,50% - I spent about half of my time remote working,30%,80%,Neither agree nor disagree,Somewhat agree,Neither agree nor disagree,Neither agree nor disagree,Somewhat agree,70%,20%,Somewhat disagree,Neither agree nor disagree,Somewhat agree,I’m 30% more productive when working remotely,0.0,8.0,3.0,2.0,1.0,9.0,10.0,4.0,2020
623,1964,Male,Financial and Insurance Services,Professionals,Between 20 and 199,No,Couple with no dependent children,Between 1 and 5 years,Regional,70%,80%,100% - I spent all of my time remote working,Strongly agree,Strongly agree,Strongly agree,Strongly agree,Strongly agree,100% - All of my time,80%,Somewhat agree,Strongly agree,Strongly agree,My productivity is about same when I work remotely,2.0,7.5,5.0,1.5,1.0,7.5,6.0,1.5,2020
624,1957,Male,Financial and Insurance Services,Managers,More than 200,No,Couple with no dependent children,More than 5 years,Metro,Less than 10% of my time,Less than 10% of my time,100% - I spent all of my time remote working,Strongly agree,Strongly agree,Strongly agree,Strongly agree,Somewhat agree,Less than 10% of my time,80%,Strongly agree,Strongly agree,Strongly agree,My productivity is about same when I work remotely,4.0,7.5,2.0,1.0,0.0,10.0,1.0,1.0,2020
625,1992,Female,Other Services,Managers,Between 20 and 199,Yes,Single person,More than 5 years,Regional,Rarely or never ,20%,10%,Somewhat disagree,Somewhat disagree,Somewhat disagree,Somewhat disagree,Neither agree nor disagree,30%,30%,Somewhat disagree,Somewhat disagree,Strongly disagree,I’m 50% more productive when working remotely (or more),2.0,7.0,0.0,0.0,0.5,7.0,0.0,0.0,2020
626,1976,Female,Public Administration and Safety,Clerical and administrative ,More than 200,No,Single person,Between 1 and 5 years,Metro,Rarely or never ,30%,60%,Neither agree nor disagree,Neither agree nor disagree,Somewhat agree,Somewhat agree,Somewhat disagree,90%,50% - About half of my time,Neither agree nor disagree,Neither agree nor disagree,Neither agree nor disagree,I’m 10% less productive when working remotely,4.0,7.0,11.0,2.0,1.0,10.0,10.0,3.0,2020
627,1976,Male,"Transport, Postal and Warehousing",Professionals,More than 200,Yes,Couple with no dependent children,More than 5 years,Metro,50% - I spent about half of my time remote working,90%,100% - I spent all of my time remote working,Strongly agree,Strongly agree,Strongly agree,Strongly agree,Strongly agree,100% - All of my time,90%,Strongly agree,Strongly agree,Strongly agree,I’m 30% more productive when working remotely,2.0,8.0,2.0,2.0,2.0,8.0,2.0,2.0,2020
628,1978,Female,Education and Training,Professionals,Between 20 and 199,No,Single person,More than 5 years,Metro,20%,20%,50% - I spent about half of my time remote working,Strongly agree,Somewhat agree,Strongly agree,Strongly agree,Strongly agree,50% - About half of my time,40%,Neither agree nor disagree,Neither agree nor disagree,Somewhat agree,I’m 30% more productive when working remotely,1.0,8.0,8.0,4.0,0.5,8.0,7.0,5.0,2020
629,1975,Male,"Transport, Postal and Warehousing",Professionals,More than 200,No,Single person,More than 5 years,Metro,Rarely or never ,100% - All of my time,Less than 10% of my time,Somewhat agree,Somewhat agree,Strongly disagree,Strongly agree,Somewhat agree,100% - All of my time,50% - About half of my time,Somewhat agree,Somewhat agree,Neither agree nor disagree,I’m 50% more productive when working remotely (or more),3.0,8.0,13.0,0.0,0.0,8.0,16.0,0.0,2020
630,1971,Female,Education and Training,Professionals,Between 20 and 199,No,Couple with dependent children,More than 5 years,Metro,Less than 10% of my time,30%,Less than 10% of my time,Somewhat disagree,Somewhat disagree,Somewhat disagree,Somewhat disagree,Somewhat agree,50% - About half of my time,I would prefer not to work remotely ,Strongly disagree,Strongly disagree,Strongly disagree,I’m 40% more productive when working remotely,1.0,7.0,1.0,2.0,0.0,8.0,2.0,2.0,2020
631,1969,Female,"Electricity, Gas, Water and Waste Services",Managers,More than 200,Yes,One  parent family with dependent children,More than 5 years,Metro,Less than 10% of my time,Less than 10% of my time,90%,Strongly agree,Strongly agree,Strongly agree,Strongly agree,Somewhat disagree,40%,10%,Strongly agree,Neither agree nor disagree,Strongly agree,I’m 20% less productive when working remotely,0.5,9.0,3.0,1.0,0.0,11.0,4.0,1.0,2020
632,1989,Male,Financial and Insurance Services,Professionals,More than 200,No,Couple with no dependent children,More than 5 years,Metro,Less than 10% of my time,20%,100% - I spent all of my time remote working,Strongly agree,Strongly agree,Strongly agree,Strongly agree,Strongly agree,100% - All of my time,90%,Somewhat agree,Somewhat agree,Somewhat agree,I’m 10% more productive when working remotely,2.0,8.0,9.0,5.0,0.0,8.0,9.0,5.0,2020
633,1978,Male,Financial and Insurance Services,Managers,More than 200,Yes,Couple with no dependent children,Between 1 and 5 years,Metro,Less than 10% of my time,30%,100% - I spent all of my time remote working,Strongly agree,Strongly agree,Strongly agree,Strongly agree,Strongly agree,70%,80%,Strongly agree,Strongly agree,Strongly agree,I’m 20% more productive when working remotely,1.5,9.0,12.5,1.0,0.0,9.0,14.0,1.0,2020
634,1983,Female,Administrative and Support Services,Clerical and administrative ,More than 200,Yes,Single person,Between 1 and 5 years,Regional,20%,20%,90%,Strongly agree,Somewhat agree,Strongly agree,Somewhat agree,Somewhat agree,90%,50% - About half of my time,Somewhat agree,Strongly agree,Somewhat agree,I’m 40% more productive when working remotely,0.25,7.0,0.25,0.0,0.25,6.0,1.0,0.25,2020
635,1957,Male,Manufacturing,Sales ,Between 20 and 199,Yes,Couple with no dependent children,Between 1 and 5 years,Metro,Less than 10% of my time,Less than 10% of my time,40%,Somewhat agree,Neither agree nor disagree,Somewhat disagree,Neither agree nor disagree,Somewhat agree,Less than 10% of my time,I would prefer not to work remotely ,Somewhat disagree,Somewhat disagree,Somewhat disagree,I’m 20% less productive when working remotely,3.0,8.0,0.0,0.0,0.0,7.0,0.0,0.0,2020
636,1989,Male,Education and Training,Community and personal service ,Between 1 and 4,Yes,Couple with no dependent children,More than 5 years,Metro,30%,50% - About half of my time,70%,Strongly agree,Strongly agree,Strongly agree,Strongly agree,Strongly agree,70%,70%,Somewhat agree,Somewhat agree,Somewhat agree,I’m 10% more productive when working remotely,3.0,8.0,2.0,2.0,0.5,9.0,3.0,2.0,2020
637,1958,Female,Education and Training,Clerical and administrative ,Between 20 and 199,No,Couple with no dependent children,More than 5 years,Regional,10%,20%,20%,Somewhat agree,Somewhat agree,Somewhat agree,Strongly agree,Somewhat agree,30%,10%,Neither agree nor disagree,Neither agree nor disagree,Neither agree nor disagree,I’m 20% more productive when working remotely,1.0,7.0,4.0,2.0,0.5,7.0,4.0,2.5,2020
638,1988,Female,Administrative and Support Services,Managers,Between 20 and 199,Yes,Couple with no dependent children,Between 1 and 5 years,Metro,Rarely or never ,10%,10%,Strongly agree,Neither agree nor disagree,Strongly agree,Somewhat agree,Somewhat disagree,20%,10%,Somewhat agree,Somewhat agree,Somewhat agree,I’m 30% more productive when working remotely,0.5,8.0,0.0,0.0,0.0,8.0,0.0,0.5,2020
639,1957,Male,Financial and Insurance Services,Sales ,More than 200,No,Couple with no dependent children,More than 5 years,Metro,100% - I spent all of my time remote working,100% - All of my time,100% - I spent all of my time remote working,Strongly agree,Strongly agree,Strongly agree,Strongly agree,Strongly agree,100% - All of my time,100% - All of my time,Strongly agree,Strongly agree,Strongly agree,My productivity is about same when I work remotely,1.0,8.0,0.0,0.0,0.5,8.0,0.0,0.0,2020
640,1961,Male,"Professional, Scientific and Technical Services",Professionals,Between 5 and 19,No,Couple with no dependent children,Between 6 and 12 months,Regional,20%,20%,100% - I spent all of my time remote working,Strongly agree,Strongly agree,Strongly agree,Strongly agree,Somewhat agree,60%,60%,Somewhat agree,Somewhat agree,Somewhat agree,My productivity is about same when I work remotely,2.5,8.0,3.0,1.0,0.0,8.0,3.0,1.0,2020
641,1972,Male,"Professional, Scientific and Technical Services",Professionals,Between 1 and 4,No,Couple with dependent children,More than 5 years,Metro,50% - I spent about half of my time remote working,50% - About half of my time,90%,Strongly agree,Strongly agree,Strongly agree,Strongly agree,Somewhat agree,90%,60%,Neither agree nor disagree,Somewhat disagree,Somewhat agree,My productivity is about same when I work remotely,2.0,7.0,4.0,3.0,0.5,7.5,5.0,3.0,2020
642,1956,Male,"Professional, Scientific and Technical Services",Professionals,More than 200,No,Couple with no dependent children,More than 5 years,Regional,100% - I spent all of my time remote working,100% - All of my time,100% - I spent all of my time remote working,Strongly agree,Strongly agree,Strongly agree,Strongly agree,Strongly agree,100% - All of my time,100% - All of my time,Strongly agree,Strongly agree,Strongly agree,I’m 10% more productive when working remotely,1.0,8.0,3.0,2.0,0.5,8.0,3.0,2.0,2020
643,1967,Male,Financial and Insurance Services,Managers,Between 5 and 19,Yes,Couple with no dependent children,More than 5 years,Metro,30%,30%,100% - I spent all of my time remote working,Strongly agree,Strongly agree,Strongly agree,Strongly agree,Strongly agree,100% - All of my time,30%,Neither agree nor disagree,Neither agree nor disagree,Strongly agree,My productivity is about same when I work remotely,0.3,12.0,1.0,0.5,0.0,9.0,2.0,1.0,2020
644,1970,Male,"Professional, Scientific and Technical Services",Technicians and trades ,Between 5 and 19,Yes,Single person,Between 6 and 12 months,Regional,30%,I would not have preferred to work remotely ,Rarely or never ,,,,,,I would not have preferred to work remotely ,I would prefer not to work remotely ,Strongly disagree,Neither agree nor disagree,Somewhat disagree,I’m 50% less productive when working remotely (or less),0.25,7.0,5.0,1.0,0.0,7.0,5.0,2.0,2020
645,1979,Male,Accommodation and Food Services,Professionals,Between 5 and 19,Yes,Couple with dependent children,Between 6 and 12 months,Metro,50% - I spent about half of my time remote working,70%,50% - I spent about half of my time remote working,Neither agree nor disagree,Neither agree nor disagree,Neither agree nor disagree,Neither agree nor disagree,Somewhat agree,80%,80%,Neither agree nor disagree,Neither agree nor disagree,Somewhat agree,I’m 50% more productive when working remotely (or more),1.0,7.0,1.0,0.0,0.0,9.0,1.0,1.0,2020
646,1987,Male,Accommodation and Food Services,Sales ,Between 5 and 19,Yes,Couple with dependent children,Between 1 and 5 years,Metro,50% - I spent about half of my time remote working,70%,70%,Neither agree nor disagree,Somewhat disagree,Neither agree nor disagree,Neither agree nor disagree,Neither agree nor disagree,60%,60%,Neither agree nor disagree,Neither agree nor disagree,Neither agree nor disagree,My productivity is about same when I work remotely,10.0,10.0,2.0,2.0,10.0,10.0,2.0,2.0,2020
647,1965,Female,Education and Training,Managers,Between 1 and 4,Yes,Couple with no dependent children,More than 5 years,Metro,100% - I spent all of my time remote working,100% - All of my time,100% - I spent all of my time remote working,Strongly agree,Strongly agree,Strongly agree,Strongly agree,Strongly agree,100% - All of my time,100% - All of my time,Strongly agree,Strongly agree,Strongly agree,My productivity is about same when I work remotely,0.5,2.0,3.0,3.0,0.0,2.0,3.0,3.0,2020
648,1966,Female,Education and Training,Clerical and administrative ,More than 200,No,Couple with no dependent children,More than 5 years,Metro,Rarely or never ,I would not have preferred to work remotely ,10%,Strongly agree,Somewhat disagree,Somewhat disagree,Strongly agree,Strongly agree,10%,I would prefer not to work remotely ,Strongly disagree,Strongly disagree,Strongly disagree,I’m 20% less productive when working remotely,1.0,7.0,5.0,2.0,0.5,7.0,7.0,2.0,2020
649,1962,Female,Education and Training,Technicians and trades ,More than 200,No,Couple with no dependent children,More than 5 years,Metro,Rarely or never ,50% - About half of my time,10%,Somewhat agree,Somewhat agree,Somewhat agree,Somewhat agree,Somewhat agree,50% - About half of my time,50% - About half of my time,Neither agree nor disagree,Neither agree nor disagree,Neither agree nor disagree,I’m 30% more productive when working remotely,1.0,6.25,2.0,2.5,0.5,6.25,3.0,2.5,2020
650,1970,Female,Health Care and Social Assistance,Professionals,I am the only employee,No,Single person,More than 5 years,Metro,100% - I spent all of my time remote working,100% - All of my time,100% - I spent all of my time remote working,Strongly agree,Strongly agree,Strongly agree,Strongly agree,Strongly agree,100% - All of my time,100% - All of my time,Strongly agree,Neither agree nor disagree,Neither agree nor disagree,My productivity is about same when I work remotely,0.0,6.0,2.0,2.0,0.0,6.0,2.0,2.0,2020
651,1990,Male,Health Care and Social Assistance,Professionals,Between 20 and 199,No,Couple with dependent children,Between 1 and 5 years,Metro,50% - I spent about half of my time remote working,50% - About half of my time,50% - I spent about half of my time remote working,Somewhat agree,Somewhat agree,Somewhat agree,Neither agree nor disagree,Somewhat agree,50% - About half of my time,50% - About half of my time,Somewhat disagree,Neither agree nor disagree,Neither agree nor disagree,I’m 10% more productive when working remotely,2.0,10.0,10.0,2.0,2.0,10.0,10.0,2.0,2020
652,1972,Male,Financial and Insurance Services,Managers,Between 20 and 199,Yes,Single person,Between 1 and 5 years,Metro,20%,I would not have preferred to work remotely ,90%,Somewhat agree,Somewhat agree,Somewhat agree,Somewhat agree,Somewhat agree,I would not have preferred to work remotely ,I would prefer not to work remotely ,Somewhat agree,Somewhat agree,Somewhat agree,My productivity is about same when I work remotely,2.0,8.0,3.0,1.0,0.0,9.0,0.0,0.0,2020
653,1981,Male,Education and Training,Professionals,More than 200,No,Single person,Between 1 and 5 years,Regional,Less than 10% of my time,50% - About half of my time,100% - I spent all of my time remote working,Strongly agree,Somewhat agree,Strongly agree,Strongly agree,Strongly agree,100% - All of my time,100% - All of my time,Somewhat agree,Somewhat agree,Somewhat agree,I’m 30% more productive when working remotely,0.75,7.5,0.5,0.0,0.1,8.0,1.0,0.0,2020
654,1969,Male,Construction,Managers,More than 200,Yes,Single person,More than 5 years,Metro,20%,Less than 10% of my time,40%,Strongly agree,Strongly agree,Strongly agree,Strongly agree,Somewhat agree,Less than 10% of my time,Less than 10% of my time,Somewhat agree,Strongly agree,Strongly agree,I’m 30% less productive when working remotely,2.0,10.0,11.0,1.0,0.0,11.0,12.0,1.0,2020
655,1985,Male,Financial and Insurance Services,Managers,More than 200,Yes,Couple with dependent children,More than 5 years,Metro,30%,40%,100% - I spent all of my time remote working,Strongly agree,Strongly agree,Strongly agree,Strongly agree,Somewhat agree,100% - All of my time,60%,Strongly agree,Strongly agree,Strongly agree,My productivity is about same when I work remotely,1.5,10.0,1.0,2.0,0.0,11.0,3.0,1.0,2020
656,1981,Male,"Professional, Scientific and Technical Services",Sales ,Between 20 and 199,No,Single person,More than 5 years,Metro,20%,100% - All of my time,90%,Strongly agree,Strongly agree,Strongly agree,Strongly agree,Somewhat agree,100% - All of my time,100% - All of my time,Somewhat disagree,Neither agree nor disagree,Somewhat agree,I’m 20% more productive when working remotely,2.0,5.0,0.0,0.0,0.0,7.0,2.0,2.0,2020
657,1960,Female,Education and Training,Professionals,More than 200,No,Couple with no dependent children,More than 5 years,Regional,20%,30%,Less than 10% of my time,Strongly disagree,Strongly agree,Neither agree nor disagree,Strongly disagree,Strongly disagree,40%,40%,Strongly disagree,Neither agree nor disagree,Strongly disagree,I’m 20% more productive when working remotely,0.0,8.0,0.0,0.0,0.0,8.0,0.0,0.0,2020
658,1988,Female,"Professional, Scientific and Technical Services",Professionals,More than 200,No,Group household,Between 1 and 5 years,Metro,Rarely or never ,10%,20%,Somewhat agree,Neither agree nor disagree,Strongly agree,Somewhat agree,Somewhat disagree,20%,20%,Somewhat disagree,Neither agree nor disagree,Somewhat agree,I’m 30% less productive when working remotely,3.0,7.0,13.0,1.0,0.0,8.0,15.0,1.0,2020
659,1986,Female,Health Care and Social Assistance,Professionals,More than 200,Yes,Couple with no dependent children,Between 1 and 5 years,Regional,Less than 10% of my time,Less than 10% of my time,Less than 10% of my time,Somewhat agree,Somewhat agree,Somewhat agree,Somewhat agree,Somewhat agree,Less than 10% of my time,20%,Neither agree nor disagree,Neither agree nor disagree,Neither agree nor disagree,My productivity is about same when I work remotely,0.5,8.0,2.0,1.0,0.25,10.0,2.0,2.0,2020
660,1966,Female,Public Administration and Safety,Clerical and administrative ,More than 200,Yes,Couple with no dependent children,More than 5 years,Metro,10%,20%,10%,Somewhat agree,Somewhat agree,Somewhat agree,Somewhat agree,Somewhat agree,20%,20%,Strongly agree,Strongly agree,Strongly agree,I’m 50% more productive when working remotely (or more),2.0,7.0,4.0,1.0,2.0,7.0,2.0,2.0,2020
661,1966,Male,Information Media and Telecommunications,Managers,More than 200,No,Single person,Between 1 and 5 years,Metro,80%,50% - About half of my time,90%,Strongly agree,Strongly agree,Strongly agree,Strongly agree,Somewhat disagree,50% - About half of my time,50% - About half of my time,Neither agree nor disagree,Neither agree nor disagree,Somewhat agree,I’m 20% more productive when working remotely,3.0,9.0,0.0,0.0,0.5,11.0,0.0,0.0,2020
662,1960,Male,Education and Training,Professionals,Between 20 and 199,No,Single person,Between 1 and 5 years,Regional,Less than 10% of my time,40%,20%,Strongly agree,Somewhat agree,Neither agree nor disagree,Somewhat agree,Somewhat agree,40%,Less than 10% of my time,Somewhat disagree,Strongly disagree,Strongly disagree,I’m 20% less productive when working remotely,3.0,6.0,2.0,2.0,2.0,4.0,4.0,3.0,2020
663,1970,Female,Financial and Insurance Services,Sales ,More than 200,No,Couple with dependent children,Between 1 and 5 years,Metro,Rarely or never ,I would not have preferred to work remotely ,50% - I spent about half of my time remote working,Somewhat agree,Somewhat disagree,Somewhat agree,Somewhat agree,Somewhat agree,50% - About half of my time,50% - About half of my time,Somewhat agree,Somewhat agree,Somewhat agree,I’m 10% less productive when working remotely,1.0,8.0,1.0,2.0,0.0,8.0,2.0,2.0,2020
664,1984,Male,Health Care and Social Assistance,Managers,More than 200,No,Single person,More than 5 years,Metro,Less than 10% of my time,50% - About half of my time,90%,Strongly agree,Strongly agree,Somewhat agree,Somewhat agree,Strongly agree,90%,90%,Strongly agree,Strongly agree,Strongly agree,I’m 10% more productive when working remotely,0.75,9.0,6.0,1.0,0.4,9.0,7.0,1.0,2020
665,1985,Female,Public Administration and Safety,Managers,Between 20 and 199,Yes,Couple with dependent children,Between 6 and 12 months,Metro,50% - I spent about half of my time remote working,40%,80%,Somewhat agree,Somewhat agree,Somewhat agree,Somewhat agree,Somewhat agree,80%,70%,Neither agree nor disagree,Somewhat agree,Somewhat agree,My productivity is about same when I work remotely,1.0,5.0,10.0,3.0,1.0,6.0,9.0,2.0,2020
666,1982,Male,"Professional, Scientific and Technical Services",Managers,More than 200,Yes,Group household,More than 5 years,Metro,Less than 10% of my time,50% - About half of my time,100% - I spent all of my time remote working,Strongly agree,Strongly agree,Strongly agree,Strongly agree,Somewhat agree,100% - All of my time,50% - About half of my time,Somewhat agree,Neither agree nor disagree,Neither agree nor disagree,I’m 10% more productive when working remotely,1.0,7.0,1.0,1.0,0.0,7.0,2.0,1.0,2020
667,1985,Male,"Professional, Scientific and Technical Services",Professionals,Between 20 and 199,Yes,Group household,Between 1 and 5 years,Metro,Rarely or never ,40%,Less than 10% of my time,Strongly disagree,Strongly disagree,Somewhat disagree,Strongly disagree,Somewhat agree,40%,30%,Strongly disagree,Strongly disagree,Strongly disagree,I’m 20% more productive when working remotely,4.0,11.0,0.5,0.0,0.5,11.0,2.0,1.0,2020
668,1975,Male,Manufacturing,Managers,More than 200,Yes,Couple with dependent children,Between 1 and 5 years,Metro,Rarely or never ,20%,40%,Somewhat disagree,Somewhat agree,Strongly disagree,Strongly disagree,Somewhat agree,40%,20%,Neither agree nor disagree,Neither agree nor disagree,Somewhat agree,I’m 20% more productive when working remotely,2.5,10.0,0.0,2.0,0.0,10.0,1.0,2.0,2020
669,1979,Male,Information Media and Telecommunications,Managers,More than 200,Yes,Couple with dependent children,Between 1 and 5 years,Metro,10%,20%,100% - I spent all of my time remote working,Strongly agree,Strongly agree,Strongly agree,Strongly agree,Strongly agree,100% - All of my time,50% - About half of my time,Somewhat agree,Strongly agree,Strongly agree,I’m 20% more productive when working remotely,2.0,7.0,2.0,1.0,0.0,9.0,2.0,1.0,2020
670,1976,Male,Construction,Technicians and trades ,Between 5 and 19,No,Couple with dependent children,More than 5 years,Metro,70%,30%,30%,Neither agree nor disagree,Neither agree nor disagree,Somewhat agree,Neither agree nor disagree,Somewhat agree,30%,70%,Somewhat agree,Neither agree nor disagree,Somewhat agree,I’m 30% more productive when working remotely,7.0,4.0,6.0,2.0,5.0,4.0,5.0,3.0,2020
671,1980,Male,"Professional, Scientific and Technical Services",Professionals,More than 200,No,Single person,Between 1 and 5 years,Metro,10%,30%,100% - I spent all of my time remote working,Strongly agree,Strongly agree,Strongly agree,Strongly agree,Somewhat agree,100% - All of my time,60%,Strongly agree,Strongly agree,Strongly agree,My productivity is about same when I work remotely,1.0,8.0,8.0,2.0,0.0,8.0,8.0,3.0,2020
672,1985,Male,"Professional, Scientific and Technical Services",Professionals,More than 200,No,Group household,Between 1 and 5 years,Metro,Less than 10% of my time,50% - About half of my time,100% - I spent all of my time remote working,Strongly agree,Somewhat agree,Strongly agree,Strongly agree,Strongly agree,100% - All of my time,60%,Strongly agree,Neither agree nor disagree,Strongly agree,I’m 30% more productive when working remotely,3.0,8.0,2.0,1.0,0.5,8.0,4.0,1.0,2020
673,1988,Female,"Transport, Postal and Warehousing",Professionals,More than 200,No,Couple with no dependent children,Between 1 and 5 years,Metro,Rarely or never ,100% - All of my time,100% - I spent all of my time remote working,Strongly agree,Somewhat agree,Strongly agree,Strongly agree,Strongly agree,100% - All of my time,100% - All of my time,Somewhat agree,Somewhat agree,Strongly agree,My productivity is about same when I work remotely,3.5,8.5,4.0,1.0,0.0,8.5,6.0,1.0,2020
674,1984,Male,Education and Training,Professionals,More than 200,No,Single person,Between 1 and 5 years,Regional,Rarely or never ,I would not have preferred to work remotely ,10%,Somewhat agree,Strongly disagree,Somewhat agree,Somewhat agree,Somewhat agree,50% - About half of my time,I would prefer not to work remotely ,Neither agree nor disagree,Neither agree nor disagree,Neither agree nor disagree,I’m 20% less productive when working remotely,1.0,7.0,3.0,2.0,0.5,6.0,5.0,1.0,2020
675,1973,Female,Public Administration and Safety,Clerical and administrative ,More than 200,No,Single person,More than 5 years,Metro,Less than 10% of my time,50% - About half of my time,100% - I spent all of my time remote working,Strongly agree,Neither agree nor disagree,Strongly agree,Strongly agree,Strongly agree,100% - All of my time,80%,Somewhat agree,Somewhat agree,Somewhat agree,I’m 50% more productive when working remotely (or more),2.5,8.0,4.0,2.0,0.5,9.0,4.0,2.0,2020
676,1971,Male,Financial and Insurance Services,Clerical and administrative ,I am the only employee,No,Couple with no dependent children,Between 1 and 5 years,Metro,100% - I spent all of my time remote working,100% - All of my time,100% - I spent all of my time remote working,Neither agree nor disagree,Strongly agree,Neither agree nor disagree,Neither agree nor disagree,Strongly agree,100% - All of my time,100% - All of my time,Neither agree nor disagree,Neither agree nor disagree,Neither agree nor disagree,My productivity is about same when I work remotely,1.0,8.0,2.0,1.0,0.0,8.0,2.0,2.0,2020
677,1962,Female,"Transport, Postal and Warehousing",Professionals,More than 200,No,Single person,More than 5 years,Metro,50% - I spent about half of my time remote working,100% - All of my time,100% - I spent all of my time remote working,Strongly agree,Somewhat agree,Strongly agree,Strongly agree,Strongly agree,100% - All of my time,80%,Strongly disagree,Somewhat disagree,Strongly disagree,I’m 50% more productive when working remotely (or more),4.0,8.0,2.0,1.0,0.5,8.0,2.0,1.0,2020
678,1972,Male,Education and Training,Professionals,Between 20 and 199,No,Single person,More than 5 years,Metro,Rarely or never ,50% - About half of my time,30%,Somewhat disagree,Somewhat disagree,Somewhat disagree,Somewhat agree,Somewhat disagree,60%,30%,Strongly disagree,Strongly disagree,Strongly disagree,I’m 10% more productive when working remotely,1.75,9.0,1.0,0.5,1.2,7.0,0.5,0.4,2020
679,1986,Male,Retail Trade,Professionals,More than 200,No,Couple with no dependent children,Between 1 and 5 years,Metro,60%,80%,100% - I spent all of my time remote working,Strongly agree,Strongly agree,Strongly agree,Strongly agree,Strongly agree,100% - All of my time,80%,Strongly agree,Neither agree nor disagree,Somewhat agree,My productivity is about same when I work remotely,2.0,5.0,4.0,2.0,0.0,5.0,6.0,3.0,2020
680,1995,Male,Education and Training,Managers,Between 1 and 4,No,Single person,Between 6 and 12 months,Metro,70%,90%,100% - I spent all of my time remote working,Neither agree nor disagree,Neither agree nor disagree,Somewhat agree,Somewhat agree,Somewhat agree,90%,90%,Neither agree nor disagree,Neither agree nor disagree,Neither agree nor disagree,I’m 20% more productive when working remotely,2.0,4.0,1.0,0.0,0.5,5.0,3.0,1.0,2020
681,1984,Female,"Professional, Scientific and Technical Services",Managers,Between 5 and 19,Yes,Couple with no dependent children,Between 1 and 5 years,Metro,Less than 10% of my time,20%,100% - I spent all of my time remote working,Strongly agree,Somewhat agree,Strongly agree,Strongly agree,Somewhat agree,80%,40%,Somewhat agree,Somewhat agree,Somewhat agree,I’m 40% more productive when working remotely,4.0,8.5,2.0,1.5,0.5,8.5,5.0,1.0,2020
682,1977,Male,"Rental, Hiring and Real Estate Services",Technicians and trades ,Between 5 and 19,No,Couple with no dependent children,Between 1 and 5 years,Regional,40%,40%,50% - I spent about half of my time remote working,Somewhat agree,Somewhat agree,Somewhat agree,Somewhat agree,Somewhat agree,50% - About half of my time,40%,Neither agree nor disagree,Neither agree nor disagree,Neither agree nor disagree,My productivity is about same when I work remotely,1.0,6.0,2.0,1.0,0.5,6.0,2.0,1.0,2020
683,1965,Male,"Transport, Postal and Warehousing",Managers,Between 20 and 199,Yes,Couple with dependent children,Between 1 and 5 years,Metro,Less than 10% of my time,20%,20%,Somewhat agree,Strongly agree,Strongly agree,Strongly agree,Somewhat agree,20%,20%,Somewhat agree,Somewhat agree,Somewhat agree,My productivity is about same when I work remotely,3.0,9.0,9.0,3.0,1.0,9.0,9.0,5.0,2020
684,1964,Male,Manufacturing,Managers,More than 200,Yes,Couple with dependent children,More than 5 years,Regional,10%,20%,60%,Strongly agree,Strongly agree,Somewhat agree,Somewhat agree,Strongly agree,60%,60%,Strongly agree,Strongly agree,Strongly agree,I’m 20% more productive when working remotely,2.0,9.0,11.0,2.0,0.0,9.0,13.0,2.0,2020
685,1985,Female,Education and Training,Professionals,More than 200,No,Couple with no dependent children,Between 1 and 5 years,Metro,50% - I spent about half of my time remote working,70%,30%,Somewhat agree,Neither agree nor disagree,Neither agree nor disagree,Neither agree nor disagree,Somewhat agree,50% - About half of my time,50% - About half of my time,Somewhat agree,Neither agree nor disagree,Neither agree nor disagree,I’m 10% more productive when working remotely,1.0,7.0,3.0,1.0,1.0,7.0,3.0,2.0,2020
686,1982,Male,Construction,Managers,More than 200,Yes,Couple with dependent children,More than 5 years,Regional,Less than 10% of my time,I would not have preferred to work remotely ,100% - I spent all of my time remote working,Strongly agree,Strongly agree,Strongly agree,Strongly agree,Strongly agree,I would not have preferred to work remotely ,50% - About half of my time,Strongly agree,Strongly agree,Strongly agree,I’m 50% more productive when working remotely (or more),4.0,8.0,2.0,1.0,4.0,8.0,2.0,1.0,2020
687,1958,Male,Retail Trade,Managers,Between 1 and 4,Yes,Couple with dependent children,More than 5 years,Metro,40%,80%,40%,Somewhat agree,Neither agree nor disagree,Somewhat agree,Somewhat agree,Strongly agree,80%,60%,Neither agree nor disagree,Neither agree nor disagree,Neither agree nor disagree,I’m 40% more productive when working remotely,2.0,7.0,5.0,5.0,1.0,7.0,8.0,8.0,2020
688,1960,Male,"Transport, Postal and Warehousing",Professionals,Between 20 and 199,No,Couple with no dependent children,Between 1 and 5 years,Metro,10%,Less than 10% of my time,10%,Somewhat agree,Neither agree nor disagree,Neither agree nor disagree,Neither agree nor disagree,Neither agree nor disagree,10%,50% - About half of my time,Neither agree nor disagree,Neither agree nor disagree,Neither agree nor disagree,I’m 20% more productive when working remotely,1.0,6.0,1.0,0.5,5.0,5.0,1.0,0.5,2020
689,1987,Female,Other Services,Clerical and administrative ,More than 200,No,Couple with no dependent children,More than 5 years,Metro,10%,40%,100% - I spent all of my time remote working,Strongly agree,Strongly agree,Strongly agree,Strongly agree,Strongly agree,100% - All of my time,50% - About half of my time,Somewhat agree,Somewhat agree,Somewhat agree,My productivity is about same when I work remotely,3.0,8.0,3.0,1.0,0.0,8.0,5.0,2.0,2020
690,1984,Male,"Professional, Scientific and Technical Services",Professionals,More than 200,Yes,Couple with dependent children,More than 5 years,Metro,20%,20%,40%,Strongly agree,Strongly agree,Strongly agree,Strongly agree,Strongly agree,50% - About half of my time,20%,Strongly agree,Strongly agree,Strongly agree,My productivity is about same when I work remotely,1.0,7.0,8.0,8.0,0.0,7.0,10.0,7.0,2020
691,1960,Male,Other Services,Technicians and trades ,More than 200,Yes,Couple with no dependent children,Between 1 and 5 years,Regional,20%,50% - About half of my time,Less than 10% of my time,Neither agree nor disagree,Somewhat agree,Neither agree nor disagree,Somewhat disagree,Neither agree nor disagree,10%,50% - About half of my time,Somewhat agree,Somewhat agree,Neither agree nor disagree,I’m 30% more productive when working remotely,1.0,7.0,2.0,4.0,1.0,6.0,4.0,2.0,2020
692,1962,Female,Manufacturing,Managers,Between 20 and 199,Yes,Couple with no dependent children,More than 5 years,Regional,Less than 10% of my time,Less than 10% of my time,20%,Strongly agree,Somewhat agree,Somewhat agree,Somewhat agree,Somewhat agree,10%,Less than 10% of my time,Neither agree nor disagree,Neither agree nor disagree,Somewhat agree,I’m 20% less productive when working remotely,1.0,8.0,6.0,2.0,1.0,6.0,6.0,2.0,2020
693,1956,Male,Education and Training,Professionals,More than 200,Yes,Couple with no dependent children,More than 5 years,Regional,10%,10%,60%,Strongly agree,Somewhat agree,Somewhat disagree,Strongly agree,Somewhat agree,50% - About half of my time,20%,Somewhat agree,Somewhat agree,Neither agree nor disagree,My productivity is about same when I work remotely,1.0,11.0,2.0,3.0,0.0,11.0,3.0,3.0,2020
694,1986,Male,Other Services,Technicians and trades ,More than 200,Yes,Couple with dependent children,More than 5 years,Metro,Rarely or never ,Less than 10% of my time,50% - I spent about half of my time remote working,Somewhat agree,Somewhat agree,Somewhat disagree,Somewhat agree,Somewhat agree,I would not have preferred to work remotely ,I would prefer not to work remotely ,Strongly disagree,Somewhat disagree,Neither agree nor disagree,I’m 50% less productive when working remotely (or less),3.0,8.0,4.0,2.0,0.0,1.0,8.0,4.0,2020
695,1958,Male,"Professional, Scientific and Technical Services",Professionals,Between 5 and 19,Yes,Couple with no dependent children,More than 5 years,Metro,Rarely or never ,40%,90%,Somewhat agree,Somewhat agree,Strongly agree,Strongly agree,Strongly agree,100% - All of my time,40%,Somewhat agree,Somewhat agree,Somewhat agree,My productivity is about same when I work remotely,2.0,8.0,2.0,2.0,0.5,8.5,3.0,2.0,2020
696,1959,Male,"Professional, Scientific and Technical Services",Managers,I am the only employee,No,Single person,More than 5 years,Regional,100% - I spent all of my time remote working,100% - All of my time,100% - I spent all of my time remote working,Somewhat agree,Somewhat agree,Somewhat agree,Somewhat agree,Neither agree nor disagree,100% - All of my time,100% - All of my time,Somewhat agree,Somewhat agree,Neither agree nor disagree,I’m 10% more productive when working remotely,0.5,8.0,3.0,1.0,0.0,8.0,3.0,1.0,2020
697,1955,Female,"Professional, Scientific and Technical Services",Professionals,More than 200,No,Couple with no dependent children,More than 5 years,Regional,80%,80%,100% - I spent all of my time remote working,Strongly agree,Strongly agree,Strongly agree,Strongly agree,Strongly agree,100% - All of my time,90%,Somewhat agree,Somewhat agree,Somewhat agree,I’m 30% more productive when working remotely,6.0,8.0,3.0,1.0,0.0,10.0,6.0,1.0,2020
698,1988,Male,Manufacturing,Community and personal service ,Between 5 and 19,Yes,Single person,Between 6 and 12 months,Metro,60%,30%,40%,Neither agree nor disagree,Neither agree nor disagree,Somewhat disagree,Somewhat agree,Neither agree nor disagree,60%,60%,Neither agree nor disagree,Somewhat agree,Neither agree nor disagree,I’m 10% less productive when working remotely,1.0,5.0,2.0,8.0,1.0,8.0,5.0,9.0,2020
699,1985,Male,Manufacturing,Sales ,Between 20 and 199,No,Couple with dependent children,Between 1 and 5 years,Metro,20%,50% - About half of my time,100% - I spent all of my time remote working,Somewhat agree,Somewhat agree,Somewhat agree,Somewhat agree,Somewhat agree,100% - All of my time,100% - All of my time,Neither agree nor disagree,Neither agree nor disagree,Neither agree nor disagree,I’m 30% more productive when working remotely,1.0,9.0,2.0,4.0,0.0,6.0,4.0,2.0,2020
700,1970,Female,Administrative and Support Services,Clerical and administrative ,Between 5 and 19,No,Multiple family household,Between 1 and 5 years,Metro,Less than 10% of my time,Less than 10% of my time,Less than 10% of my time,Somewhat agree,Strongly disagree,Strongly disagree,Somewhat disagree,Somewhat disagree,50% - About half of my time,50% - About half of my time,Neither agree nor disagree,Neither agree nor disagree,Somewhat disagree,My productivity is about same when I work remotely,2.5,9.5,9.0,3.0,0.0,9.5,10.0,4.5,2020
701,1991,Female,"Transport, Postal and Warehousing",Managers,More than 200,Yes,Couple with dependent children,More than 5 years,Metro,70%,60%,Rarely or never ,,,,,,100% - All of my time,60%,Strongly agree,Neither agree nor disagree,Neither agree nor disagree,I’m 50% more productive when working remotely (or more),5.0,8.0,2.0,2.0,5.0,8.0,2.0,2.0,2020
702,1986,Male,Education and Training,Managers,More than 200,Yes,Couple with no dependent children,Between 6 and 12 months,Regional,50% - I spent about half of my time remote working,100% - All of my time,60%,Strongly agree,Strongly agree,Strongly agree,Strongly agree,Strongly agree,100% - All of my time,100% - All of my time,Somewhat agree,Somewhat agree,Somewhat agree,I’m 50% more productive when working remotely (or more),3.0,5.0,1.0,1.0,0.0,8.0,5.0,1.0,2020
703,1987,Male,"Professional, Scientific and Technical Services",Professionals,Between 5 and 19,No,Couple with no dependent children,Between 1 and 5 years,Metro,Rarely or never ,Less than 10% of my time,100% - I spent all of my time remote working,Somewhat agree,Strongly agree,Strongly agree,Strongly agree,Somewhat disagree,50% - About half of my time,Less than 10% of my time,Strongly disagree,Neither agree nor disagree,Somewhat disagree,I’m 40% less productive when working remotely,1.0,7.5,7.0,0.5,0.5,7.5,7.5,0.5,2020
704,1956,Male,Construction,Professionals,Between 1 and 4,No,Couple with no dependent children,More than 5 years,Metro,50% - I spent about half of my time remote working,50% - About half of my time,50% - I spent about half of my time remote working,Somewhat disagree,Somewhat agree,Neither agree nor disagree,Neither agree nor disagree,Neither agree nor disagree,50% - About half of my time,50% - About half of my time,Somewhat disagree,Neither agree nor disagree,Somewhat agree,I’m 50% more productive when working remotely (or more),0.5,8.0,2.0,1.0,0.5,8.0,3.0,1.0,2020
705,1989,Male,Financial and Insurance Services,Professionals,More than 200,No,Couple with no dependent children,More than 5 years,Metro,50% - I spent about half of my time remote working,50% - About half of my time,50% - I spent about half of my time remote working,Neither agree nor disagree,Neither agree nor disagree,Neither agree nor disagree,Neither agree nor disagree,Neither agree nor disagree,50% - About half of my time,50% - About half of my time,Neither agree nor disagree,Neither agree nor disagree,Neither agree nor disagree,I’m 20% less productive when working remotely,1.0,6.0,6.0,1.0,0.0,6.0,6.0,5.0,2020
706,1968,Female,Financial and Insurance Services,Clerical and administrative ,More than 200,No,Couple with no dependent children,More than 5 years,Metro,30%,100% - All of my time,100% - I spent all of my time remote working,Somewhat agree,Somewhat agree,Somewhat agree,Somewhat agree,Somewhat agree,100% - All of my time,100% - All of my time,Strongly agree,Strongly agree,Strongly agree,I’m 50% more productive when working remotely (or more),2.0,8.0,12.0,2.0,0.0,10.0,12.0,2.0,2020
707,1965,Male,"Professional, Scientific and Technical Services",Professionals,More than 200,Yes,Couple with dependent children,More than 5 years,Metro,80%,60%,90%,Somewhat agree,Strongly agree,Neither agree nor disagree,Strongly agree,Somewhat agree,80%,60%,Neither agree nor disagree,Neither agree nor disagree,Strongly agree,I’m 40% more productive when working remotely,4.0,9.0,3.0,2.0,0.0,13.0,3.0,2.0,2020
708,1988,Male,Accommodation and Food Services,Sales ,Between 1 and 4,No,Group household,Between 1 and 5 years,Metro,70%,50% - About half of my time,90%,Somewhat agree,Strongly agree,Strongly agree,Strongly agree,Somewhat agree,70%,50% - About half of my time,Somewhat agree,Somewhat agree,Somewhat agree,My productivity is about same when I work remotely,1.0,6.0,4.0,3.0,0.0,7.0,3.0,3.0,2020
709,1990,Male,"Professional, Scientific and Technical Services",Professionals,More than 200,No,Group household,Between 1 and 5 years,Metro,80%,50% - About half of my time,80%,Strongly agree,Strongly agree,Strongly agree,Strongly agree,Strongly agree,80%,60%,Neither agree nor disagree,Neither agree nor disagree,Neither agree nor disagree,My productivity is about same when I work remotely,1.0,8.0,3.0,2.0,0.0,8.0,4.0,2.0,2020
710,1988,Male,Financial and Insurance Services,Managers,More than 200,Yes,Couple with no dependent children,Between 6 and 12 months,Metro,30%,50% - About half of my time,80%,Strongly agree,Strongly agree,Strongly agree,Strongly agree,Strongly agree,60%,50% - About half of my time,Strongly agree,Somewhat agree,Somewhat agree,I’m 20% less productive when working remotely,1.0,9.0,4.0,1.0,0.5,9.0,5.0,1.0,2020
711,1985,Male,"Electricity, Gas, Water and Waste Services",Professionals,Between 5 and 19,Yes,Couple with dependent children,Between 6 and 12 months,Metro,50% - I spent about half of my time remote working,50% - About half of my time,70%,Neither agree nor disagree,Neither agree nor disagree,Neither agree nor disagree,Neither agree nor disagree,Neither agree nor disagree,50% - About half of my time,50% - About half of my time,Neither agree nor disagree,Somewhat disagree,Neither agree nor disagree,I’m 30% more productive when working remotely,1.0,5.0,1.0,4.0,2.0,1.0,4.0,1.0,2020
712,1957,Female,"Professional, Scientific and Technical Services",Professionals,I am the only employee,No,Couple with no dependent children,More than 5 years,Regional,20%,20%,Rarely or never ,,,,,,20%,20%,Neither agree nor disagree,Somewhat agree,Somewhat agree,My productivity is about same when I work remotely,1.0,8.0,4.0,1.0,0.0,10.0,3.0,0.0,2020
713,1987,Male,"Professional, Scientific and Technical Services",Professionals,Between 20 and 199,No,Couple with no dependent children,More than 5 years,Metro,Less than 10% of my time,50% - About half of my time,100% - I spent all of my time remote working,Strongly agree,Somewhat agree,Strongly agree,Strongly agree,Somewhat agree,100% - All of my time,50% - About half of my time,Somewhat agree,Strongly agree,Strongly agree,My productivity is about same when I work remotely,1.0,9.0,8.0,6.0,0.0,9.0,9.0,6.0,2020
714,1989,Male,Financial and Insurance Services,Managers,More than 200,No,Couple with dependent children,More than 5 years,Metro,20%,40%,100% - I spent all of my time remote working,Strongly agree,Somewhat agree,Strongly agree,Strongly agree,Somewhat agree,90%,90%,Somewhat agree,Strongly agree,Strongly agree,I’m 20% more productive when working remotely,2.0,7.5,0.0,0.0,0.0,7.5,0.5,0.5,2020
715,1986,Female,"Professional, Scientific and Technical Services",Professionals,Between 20 and 199,No,Couple with no dependent children,Between 6 and 12 months,Metro,50% - I spent about half of my time remote working,50% - About half of my time,100% - I spent all of my time remote working,Strongly agree,Strongly agree,Strongly agree,Strongly agree,Strongly agree,100% - All of my time,80%,Somewhat agree,Somewhat agree,Somewhat agree,My productivity is about same when I work remotely,1.0,7.0,4.0,2.0,0.0,7.5,5.0,2.0,2020
716,1958,Male,Financial and Insurance Services,Managers,More than 200,No,Couple with no dependent children,More than 5 years,Metro,Less than 10% of my time,Less than 10% of my time,Less than 10% of my time,Strongly agree,Strongly agree,Strongly agree,Strongly agree,Somewhat disagree,Less than 10% of my time,Less than 10% of my time,Somewhat agree,Somewhat agree,Somewhat agree,I’m 20% less productive when working remotely,0.5,8.0,4.0,1.0,0.0,12.0,2.0,1.0,2020
717,1991,Male,"Professional, Scientific and Technical Services",Professionals,More than 200,No,Couple with no dependent children,More than 5 years,Metro,Rarely or never ,50% - About half of my time,100% - I spent all of my time remote working,Strongly agree,Somewhat agree,Somewhat agree,Strongly agree,Somewhat agree,100% - All of my time,50% - About half of my time,Strongly disagree,Strongly disagree,Strongly disagree,My productivity is about same when I work remotely,1.0,8.0,2.0,1.0,0.0,8.0,4.0,1.0,2020
718,1963,Male,Retail Trade,Managers,More than 200,Yes,Couple with no dependent children,More than 5 years,Regional,Less than 10% of my time,20%,20%,Somewhat agree,Neither agree nor disagree,Somewhat agree,Somewhat agree,Somewhat agree,20%,10%,Strongly disagree,Strongly disagree,Strongly disagree,My productivity is about same when I work remotely,1.0,6.0,2.0,0.0,1.0,6.0,2.0,0.0,2020
719,1987,Female,Information Media and Telecommunications,Managers,More than 200,Yes,Single person,Between 1 and 5 years,Metro,Less than 10% of my time,50% - About half of my time,80%,Strongly agree,Strongly agree,Strongly agree,Strongly agree,Strongly agree,90%,70%,Somewhat agree,Somewhat agree,Somewhat agree,I’m 40% more productive when working remotely,3.0,10.0,3.0,2.0,0.5,10.0,3.0,2.0,2020
720,1963,Male,Education and Training,Managers,More than 200,Yes,Couple with no dependent children,More than 5 years,Regional,Less than 10% of my time,20%,90%,Strongly agree,Somewhat agree,Strongly agree,Strongly agree,Strongly agree,90%,50% - About half of my time,Somewhat disagree,Somewhat agree,Somewhat agree,I’m 20% more productive when working remotely,2.0,8.0,4.0,3.0,0.5,8.0,6.0,2.0,2020
721,1986,Female,Arts and Recreation Services,Professionals,Between 5 and 19,No,Single person,Between 6 and 12 months,Metro,10%,40%,100% - I spent all of my time remote working,Strongly agree,Somewhat agree,Strongly agree,Strongly agree,Somewhat agree,60%,60%,Somewhat agree,Somewhat agree,Strongly agree,I’m 30% less productive when working remotely,2.0,8.0,5.0,1.0,0.0,10.0,5.0,1.0,2020
722,1969,Female,Education and Training,Professionals,More than 200,Yes,Couple with no dependent children,More than 5 years,Metro,Rarely or never ,50% - About half of my time,20%,Neither agree nor disagree,Somewhat agree,Somewhat agree,Somewhat agree,Somewhat agree,20%,10%,Strongly disagree,Strongly disagree,Strongly disagree,I’m 50% more productive when working remotely (or more),0.5,8.0,6.0,9.0,0.0,8.0,8.0,7.0,2020
723,1960,Male,"Professional, Scientific and Technical Services",Professionals,More than 200,No,Couple with no dependent children,More than 5 years,Metro,10%,100% - All of my time,100% - I spent all of my time remote working,Strongly agree,Strongly agree,Strongly agree,Strongly agree,Strongly agree,100% - All of my time,100% - All of my time,Strongly agree,Somewhat agree,Somewhat agree,I’m 20% more productive when working remotely,4.0,8.0,3.0,1.0,0.5,8.0,4.0,4.0,2020
724,1990,Female,Arts and Recreation Services,Managers,Between 5 and 19,No,Group household,Between 1 and 5 years,Metro,20%,40%,100% - I spent all of my time remote working,Strongly agree,Strongly agree,Somewhat agree,Strongly agree,Strongly agree,100% - All of my time,40%,Neither agree nor disagree,Somewhat disagree,Strongly agree,I’m 20% less productive when working remotely,2.0,7.0,2.0,1.0,0.0,6.0,4.0,1.0,2020
725,1955,Female,"Professional, Scientific and Technical Services",Professionals,I am the only employee,No,Couple with no dependent children,Between 1 and 5 years,Metro,100% - I spent all of my time remote working,80%,100% - I spent all of my time remote working,Somewhat agree,Strongly agree,Somewhat agree,Strongly agree,Strongly agree,80%,80%,Strongly agree,Strongly agree,Neither agree nor disagree,I’m 40% more productive when working remotely,2.0,8.0,2.0,4.0,0.0,8.0,2.0,4.0,2020
726,1961,Male,"Professional, Scientific and Technical Services",Managers,Between 1 and 4,Yes,Couple with dependent children,More than 5 years,Metro,50% - I spent about half of my time remote working,50% - About half of my time,70%,Strongly agree,Strongly agree,Strongly agree,Strongly agree,Strongly agree,50% - About half of my time,50% - About half of my time,Strongly agree,Strongly agree,Strongly agree,My productivity is about same when I work remotely,2.0,10.0,4.0,1.0,0.0,10.0,6.0,1.0,2020
727,1963,Female,Information Media and Telecommunications,Clerical and administrative ,More than 200,No,Single person,Between 1 and 5 years,Metro,Rarely or never ,I would not have preferred to work remotely ,40%,Strongly agree,Somewhat agree,Strongly disagree,Neither agree nor disagree,Strongly agree,70%,40%,Strongly disagree,Strongly disagree,Strongly disagree,My productivity is about same when I work remotely,0.5,3.0,8.0,1.0,0.0,3.0,8.0,1.0,2020
728,1979,Male,Wholesale Trade,Community and personal service ,Between 20 and 199,Yes,Couple with no dependent children,Between 1 and 5 years,Metro,10%,20%,30%,Somewhat agree,Somewhat disagree,Somewhat agree,Strongly agree,Somewhat agree,40%,30%,Somewhat disagree,Somewhat disagree,Neither agree nor disagree,I’m 20% more productive when working remotely,1.0,8.0,3.0,2.0,5.0,3.0,8.0,1.0,2020
729,1992,Female,Public Administration and Safety,Professionals,Between 5 and 19,No,Couple with dependent children,Between 1 and 5 years,Metro,Less than 10% of my time,Less than 10% of my time,20%,Somewhat agree,Somewhat agree,Somewhat agree,Somewhat agree,Somewhat agree,30%,20%,Somewhat agree,Somewhat agree,Somewhat agree,I’m 20% more productive when working remotely,1.0,9.0,3.0,3.0,0.0,9.0,4.0,3.0,2020
730,1974,Female,Information Media and Telecommunications,Managers,More than 200,Yes,Single person,Between 6 and 12 months,Metro,80%,80%,100% - I spent all of my time remote working,Strongly agree,Strongly agree,Strongly agree,Strongly agree,Somewhat agree,80%,60%,Somewhat disagree,Somewhat agree,Neither agree nor disagree,I’m 30% more productive when working remotely,2.0,8.0,4.0,2.0,0.0,8.0,6.0,2.0,2020
731,1965,Female,Public Administration and Safety,Professionals,More than 200,No,Single person,Between 1 and 5 years,Metro,Less than 10% of my time,Less than 10% of my time,100% - I spent all of my time remote working,Strongly agree,Somewhat agree,Strongly agree,Strongly agree,Somewhat agree,50% - About half of my time,40%,Somewhat disagree,Neither agree nor disagree,Somewhat disagree,I’m 20% more productive when working remotely,2.0,8.0,6.0,0.5,0.0,9.0,4.0,0.5,2020
732,1973,Female,Other Services,Sales ,Between 5 and 19,Yes,Couple with dependent children,More than 5 years,Metro,100% - I spent all of my time remote working,30%,100% - I spent all of my time remote working,Somewhat agree,Strongly agree,Strongly agree,Somewhat agree,Somewhat agree,30%,30%,Strongly disagree,Strongly disagree,Strongly disagree,I’m 20% more productive when working remotely,1.0,7.0,6.0,10.0,1.0,7.0,6.0,10.0,2020
733,1964,Male,Financial and Insurance Services,Managers,More than 200,Yes,Couple with dependent children,More than 5 years,Metro,Less than 10% of my time,Less than 10% of my time,50% - I spent about half of my time remote working,Strongly agree,Strongly agree,Strongly agree,Strongly agree,Strongly agree,50% - About half of my time,40%,Strongly agree,Strongly agree,Strongly agree,My productivity is about same when I work remotely,2.0,9.0,11.0,2.0,0.0,11.0,11.0,2.0,2020
734,1975,Female,Other Services,Clerical and administrative ,Between 20 and 199,No,Couple with no dependent children,More than 5 years,Metro,Rarely or never ,50% - About half of my time,100% - I spent all of my time remote working,Strongly agree,Somewhat agree,Somewhat agree,Strongly agree,Somewhat agree,90%,50% - About half of my time,Somewhat agree,Somewhat agree,Somewhat agree,My productivity is about same when I work remotely,2.0,6.5,1.0,1.5,0.5,5.0,1.5,2.0,2020
735,1982,Male,"Professional, Scientific and Technical Services",Professionals,More than 200,Yes,Couple with no dependent children,Between 1 and 5 years,Metro,Rarely or never ,I would not have preferred to work remotely ,90%,Strongly agree,Strongly agree,Strongly agree,Strongly agree,Somewhat agree,50% - About half of my time,50% - About half of my time,Neither agree nor disagree,Somewhat agree,Neither agree nor disagree,I’m 40% more productive when working remotely,2.0,9.0,4.0,1.0,0.5,10.0,2.0,1.0,2020
736,1984,Male,Financial and Insurance Services,Clerical and administrative ,More than 200,No,Couple with no dependent children,Between 1 and 5 years,Metro,20%,20%,90%,Strongly agree,Neither agree nor disagree,Strongly agree,Strongly agree,Somewhat agree,80%,20%,Somewhat agree,Somewhat agree,Neither agree nor disagree,I’m 30% more productive when working remotely,0.5,8.0,3.0,2.0,0.0,10.0,3.0,2.0,2020
737,1976,Female,Education and Training,Professionals,More than 200,No,Single person,More than 5 years,Metro,Less than 10% of my time,50% - About half of my time,100% - I spent all of my time remote working,Strongly agree,Neither agree nor disagree,Somewhat agree,Strongly agree,Somewhat agree,70%,40%,Neither agree nor disagree,Neither agree nor disagree,Neither agree nor disagree,I’m 50% more productive when working remotely (or more),1.0,7.0,4.0,1.0,1.0,7.0,6.0,2.0,2020
738,1976,Male,Education and Training,Professionals,Between 20 and 199,Yes,Couple with dependent children,More than 5 years,Metro,20%,20%,20%,Strongly agree,Somewhat agree,Strongly agree,Strongly agree,Somewhat agree,20%,20%,Somewhat agree,Somewhat agree,Somewhat agree,My productivity is about same when I work remotely,2.0,8.5,3.0,1.0,0.5,8.0,4.5,4.0,2020
739,1978,Male,Construction,Managers,Between 20 and 199,Yes,Couple with dependent children,Between 1 and 5 years,Metro,50% - I spent about half of my time remote working,20%,50% - I spent about half of my time remote working,Neither agree nor disagree,Neither agree nor disagree,Neither agree nor disagree,Neither agree nor disagree,Somewhat disagree,Less than 10% of my time,I would prefer not to work remotely ,Somewhat disagree,Somewhat disagree,Neither agree nor disagree,I’m 20% less productive when working remotely,1.0,10.0,2.0,1.0,0.0,12.0,2.0,1.0,2020
740,1976,Female,Other Services,Professionals,Between 20 and 199,No,Group household,Between 1 and 5 years,Metro,80%,Less than 10% of my time,80%,Neither agree nor disagree,Strongly agree,Strongly agree,Strongly agree,Strongly agree,80%,50% - About half of my time,Somewhat agree,Somewhat agree,Neither agree nor disagree,I’m 50% more productive when working remotely (or more),1.0,6.0,0.5,0.0,0.5,7.0,0.0,0.0,2020
741,1981,Female,"Professional, Scientific and Technical Services",Technicians and trades ,More than 200,No,Couple with no dependent children,More than 5 years,Metro,Less than 10% of my time,20%,Rarely or never ,,,,,,I would not have preferred to work remotely ,I would prefer not to work remotely ,Somewhat agree,Somewhat agree,Somewhat disagree,My productivity is about same when I work remotely,3.0,9.0,2.0,1.0,1.0,10.0,3.0,1.0,2020
742,1968,Male,Information Media and Telecommunications,Professionals,Between 20 and 199,No,Single person,Between 1 and 5 years,Metro,20%,50% - About half of my time,100% - I spent all of my time remote working,Strongly agree,Strongly agree,Strongly agree,Strongly agree,Strongly agree,50% - About half of my time,50% - About half of my time,Somewhat agree,Strongly agree,Strongly agree,I’m 10% more productive when working remotely,1.0,8.0,4.0,2.0,0.5,9.0,4.0,2.0,2020
743,1977,Female,Administrative and Support Services,Professionals,Between 20 and 199,No,Couple with dependent children,Between 1 and 5 years,Metro,30%,30%,70%,Somewhat agree,Somewhat agree,Somewhat agree,Somewhat agree,Somewhat agree,90%,80%,Somewhat disagree,Somewhat disagree,Neither agree nor disagree,My productivity is about same when I work remotely,3.0,8.0,7.0,6.0,1.0,8.0,9.0,6.0,2020
744,1970,Male,Information Media and Telecommunications,Managers,More than 200,Yes,Couple with dependent children,Between 1 and 5 years,Metro,80%,80%,100% - I spent all of my time remote working,Strongly agree,Somewhat agree,Somewhat agree,Strongly agree,Somewhat agree,80%,80%,Strongly agree,Strongly agree,Neither agree nor disagree,My productivity is about same when I work remotely,2.0,7.0,4.0,2.0,0.0,10.0,4.0,2.0,2020
745,1972,Male,Health Care and Social Assistance,Managers,More than 200,Yes,Couple with dependent children,More than 5 years,Metro,10%,20%,20%,Somewhat agree,Somewhat agree,Neither agree nor disagree,Strongly agree,Somewhat agree,30%,10%,Somewhat agree,Strongly agree,Somewhat agree,I’m 10% more productive when working remotely,1.0,8.0,3.0,2.0,0.1,8.0,4.0,2.0,2020
746,1981,Female,Public Administration and Safety,Managers,More than 200,Yes,Couple with dependent children,More than 5 years,Metro,70%,50% - About half of my time,100% - I spent all of my time remote working,Strongly agree,Strongly agree,Strongly agree,Strongly agree,Somewhat agree,50% - About half of my time,50% - About half of my time,Strongly agree,Strongly agree,Strongly agree,My productivity is about same when I work remotely,3.0,8.0,3.0,2.0,1.0,9.0,3.0,2.0,2020
747,1970,Male,"Professional, Scientific and Technical Services",Professionals,More than 200,Yes,Single person,Between 6 and 12 months,Metro,50% - I spent about half of my time remote working,50% - About half of my time,70%,Somewhat agree,Somewhat agree,Somewhat agree,Somewhat agree,Somewhat agree,70%,50% - About half of my time,Neither agree nor disagree,Somewhat agree,Neither agree nor disagree,I’m 20% more productive when working remotely,2.0,10.0,9.0,3.0,2.0,12.0,8.0,2.0,2020
748,1964,Female,Information Media and Telecommunications,Sales ,Between 20 and 199,No,Couple with no dependent children,More than 5 years,Metro,Rarely or never ,50% - About half of my time,90%,Strongly agree,Strongly agree,Strongly agree,Strongly agree,Strongly agree,100% - All of my time,90%,Somewhat disagree,Somewhat agree,Strongly agree,I’m 50% more productive when working remotely (or more),2.05,8.0,4.0,2.0,0.0,10.0,4.0,2.0,2020
749,1961,Male,"Transport, Postal and Warehousing",Clerical and administrative ,More than 200,No,Group household,More than 5 years,Metro,Rarely or never ,I would not have preferred to work remotely ,10%,Strongly disagree,Somewhat disagree,Strongly disagree,Strongly disagree,Somewhat disagree,I would not have preferred to work remotely ,I would prefer not to work remotely ,Strongly disagree,Somewhat disagree,Somewhat disagree,My productivity is about same when I work remotely,0.5,8.0,1.0,0.0,0.0,8.0,1.0,0.0,2020
750,1988,Male,Retail Trade,Clerical and administrative ,More than 200,No,Group household,More than 5 years,Metro,Rarely or never ,80%,40%,Somewhat agree,Neither agree nor disagree,Somewhat disagree,Strongly disagree,Strongly agree,100% - All of my time,100% - All of my time,Somewhat disagree,Somewhat disagree,Somewhat agree,My productivity is about same when I work remotely,4.0,7.5,4.0,1.0,0.0,7.5,6.0,1.0,2020
751,1976,Male,"Professional, Scientific and Technical Services",Sales ,Between 5 and 19,No,Single person,Between 1 and 5 years,Metro,50% - I spent about half of my time remote working,30%,80%,Strongly agree,Strongly agree,Strongly agree,Strongly agree,Strongly agree,80%,50% - About half of my time,Neither agree nor disagree,Neither agree nor disagree,Neither agree nor disagree,My productivity is about same when I work remotely,1.0,4.0,4.0,0.0,0.0,4.0,4.0,0.0,2020
752,1984,Male,Information Media and Telecommunications,Clerical and administrative ,More than 200,No,Couple with no dependent children,More than 5 years,Metro,20%,100% - All of my time,100% - I spent all of my time remote working,Strongly agree,Strongly agree,Strongly agree,Strongly agree,Strongly agree,100% - All of my time,100% - All of my time,Somewhat disagree,Neither agree nor disagree,Neither agree nor disagree,My productivity is about same when I work remotely,3.0,7.0,3.0,1.0,0.0,7.0,4.0,1.0,2020
753,1964,Female,Health Care and Social Assistance,Clerical and administrative ,Between 5 and 19,No,Single person,Between 1 and 5 years,Metro,100% - I spent all of my time remote working,100% - All of my time,100% - I spent all of my time remote working,Strongly agree,Strongly agree,Strongly agree,Strongly agree,Strongly agree,100% - All of my time,100% - All of my time,Strongly agree,Strongly agree,Strongly agree,My productivity is about same when I work remotely,0.5,8.0,3.0,2.0,0.0,8.0,3.0,3.0,2020
754,1975,Male,Financial and Insurance Services,Managers,Between 20 and 199,Yes,Couple with no dependent children,Between 1 and 5 years,Metro,20%,80%,80%,Somewhat agree,Somewhat agree,Somewhat agree,Strongly agree,Somewhat agree,100% - All of my time,50% - About half of my time,Somewhat disagree,Somewhat disagree,Somewhat disagree,I’m 30% more productive when working remotely,1.5,7.5,0.0,0.0,1.5,7.5,0.0,0.0,2020
755,1971,Male,"Transport, Postal and Warehousing",Managers,Between 20 and 199,Yes,Couple with dependent children,More than 5 years,Metro,30%,20%,40%,Somewhat agree,Somewhat agree,Somewhat agree,Somewhat agree,Somewhat disagree,30%,10%,Somewhat agree,Neither agree nor disagree,Somewhat agree,I’m 30% less productive when working remotely,1.0,9.0,3.0,3.0,0.5,8.0,3.0,3.0,2020
756,1973,Female,Administrative and Support Services,Clerical and administrative ,Between 5 and 19,No,Couple with no dependent children,Between 6 and 12 months,Metro,20%,30%,100% - I spent all of my time remote working,Strongly agree,Strongly agree,Strongly agree,Strongly agree,Somewhat agree,50% - About half of my time,30%,Neither agree nor disagree,Neither agree nor disagree,Neither agree nor disagree,My productivity is about same when I work remotely,3.0,8.0,5.0,1.0,0.5,8.0,6.0,1.0,2020
757,1971,Female,Other Services,Managers,More than 200,Yes,Single person,More than 5 years,Metro,50% - I spent about half of my time remote working,50% - About half of my time,100% - I spent all of my time remote working,Somewhat disagree,Somewhat disagree,Somewhat disagree,Neither agree nor disagree,Neither agree nor disagree,100% - All of my time,50% - About half of my time,Somewhat disagree,Somewhat disagree,Somewhat disagree,I’m 20% more productive when working remotely,3.0,10.0,6.0,5.0,0.0,12.0,6.0,6.0,2020
758,1971,Female,Public Administration and Safety,Clerical and administrative ,More than 200,No,Other one family household,More than 5 years,Metro,Rarely or never ,I would not have preferred to work remotely ,100% - I spent all of my time remote working,Strongly disagree,Strongly disagree,Strongly disagree,Strongly disagree,Strongly disagree,100% - All of my time,60%,Somewhat agree,Strongly agree,Strongly agree,I’m 50% more productive when working remotely (or more),1.0,8.0,3.0,2.0,0.0,8.0,5.0,2.0,2020
759,1966,Male,Other Services,Managers,More than 200,Yes,Single person,More than 5 years,Metro,10%,10%,20%,Somewhat agree,Strongly agree,Somewhat agree,Neither agree nor disagree,Neither agree nor disagree,20%,20%,Somewhat agree,Somewhat agree,Somewhat agree,My productivity is about same when I work remotely,1.0,7.0,2.0,2.0,1.0,7.0,1.0,1.0,2020
760,1971,Female,Arts and Recreation Services,Managers,More than 200,Yes,Couple with dependent children,Between 1 and 5 years,Metro,50% - I spent about half of my time remote working,80%,100% - I spent all of my time remote working,Strongly agree,Somewhat agree,Somewhat disagree,Neither agree nor disagree,Strongly agree,100% - All of my time,90%,Somewhat disagree,Somewhat disagree,Somewhat disagree,I’m 50% more productive when working remotely (or more),3.0,8.0,3.0,5.0,1.0,10.0,6.0,6.0,2020
761,1977,Female,Administrative and Support Services,Clerical and administrative ,More than 200,No,Single person,Between 1 and 5 years,Metro,Rarely or never ,100% - All of my time,90%,Somewhat disagree,Somewhat agree,Somewhat agree,Somewhat disagree,Strongly agree,100% - All of my time,100% - All of my time,Somewhat agree,Somewhat disagree,Somewhat disagree,I’m 50% more productive when working remotely (or more),2.5,8.0,4.5,1.0,0.0,9.0,6.0,1.0,2020
762,1974,Male,"Professional, Scientific and Technical Services",Professionals,Between 20 and 199,Yes,Couple with dependent children,More than 5 years,Metro,Rarely or never ,50% - About half of my time,90%,Strongly agree,Strongly agree,Strongly agree,Strongly agree,Somewhat agree,80%,50% - About half of my time,Somewhat agree,Somewhat agree,Somewhat agree,My productivity is about same when I work remotely,1.5,9.0,3.0,1.0,0.5,9.0,4.0,1.0,2020
763,1977,Female,Education and Training,Managers,More than 200,Yes,Multiple family household,More than 5 years,Regional,Rarely or never ,20%,90%,Strongly agree,Somewhat agree,Strongly agree,Strongly agree,Somewhat agree,90%,30%,Somewhat agree,Somewhat agree,Strongly agree,My productivity is about same when I work remotely,1.0,8.0,2.0,3.0,0.5,8.0,2.0,3.0,2020
764,1956,Male,Education and Training,Managers,More than 200,Yes,Couple with no dependent children,More than 5 years,Metro,100% - I spent all of my time remote working,70%,100% - I spent all of my time remote working,Strongly agree,Somewhat agree,Strongly agree,Strongly agree,Neither agree nor disagree,70%,50% - About half of my time,Strongly agree,Strongly agree,Somewhat agree,I’m 10% less productive when working remotely,1.0,10.0,2.0,1.0,0.0,12.0,2.0,2.0,2020
765,1964,Female,Health Care and Social Assistance,Professionals,Between 20 and 199,No,Couple with no dependent children,More than 5 years,Metro,Less than 10% of my time,30%,Less than 10% of my time,Strongly disagree,Strongly agree,Strongly disagree,Strongly agree,Strongly agree,30%,30%,Strongly disagree,Strongly disagree,Strongly disagree,My productivity is about same when I work remotely,1.0,8.0,4.0,2.0,0.0,8.0,4.0,3.0,2020
766,1958,Female,Education and Training,Professionals,Between 20 and 199,Yes,Couple with no dependent children,More than 5 years,Metro,20%,60%,30%,Somewhat agree,Neither agree nor disagree,Somewhat agree,Somewhat agree,Somewhat agree,100% - All of my time,70%,Somewhat disagree,Somewhat disagree,Somewhat disagree,My productivity is about same when I work remotely,4.0,7.0,5.0,2.0,0.0,7.0,9.0,2.0,2020
767,1966,Male,Financial and Insurance Services,Managers,More than 200,Yes,Couple with no dependent children,More than 5 years,Metro,20%,50% - About half of my time,100% - I spent all of my time remote working,Strongly agree,Strongly agree,Neither agree nor disagree,Strongly agree,Strongly agree,100% - All of my time,80%,Somewhat agree,Somewhat agree,Somewhat agree,I’m 40% more productive when working remotely,3.0,7.0,3.0,5.0,1.0,8.0,5.0,4.0,2020
768,1959,Male,Financial and Insurance Services,Managers,Between 5 and 19,Yes,Couple with no dependent children,More than 5 years,Metro,30%,20%,50% - I spent about half of my time remote working,Neither agree nor disagree,Somewhat agree,Somewhat agree,Strongly agree,Somewhat agree,20%,20%,Neither agree nor disagree,Somewhat agree,Neither agree nor disagree,My productivity is about same when I work remotely,1.0,7.0,3.0,13.0,0.5,7.0,3.0,10.5,2020
769,1959,Male,"Professional, Scientific and Technical Services",Professionals,Between 5 and 19,No,Couple with dependent children,More than 5 years,Metro,30%,100% - All of my time,20%,Strongly disagree,Somewhat agree,Somewhat agree,Strongly disagree,Somewhat agree,100% - All of my time,100% - All of my time,Strongly disagree,Neither agree nor disagree,Strongly disagree,I’m 30% more productive when working remotely,2.0,7.5,3.0,1.0,0.0,8.0,4.0,1.0,2020
770,1961,Male,Wholesale Trade,Managers,I am the only employee,No,Single person,More than 5 years,Metro,50% - I spent about half of my time remote working,70%,70%,Strongly agree,Strongly agree,Strongly agree,Neither agree nor disagree,Neither agree nor disagree,70%,70%,Strongly agree,Neither agree nor disagree,Strongly agree,My productivity is about same when I work remotely,0.0,5.0,0.0,0.0,0.0,5.0,0.0,0.0,2020
771,1978,Male,"Professional, Scientific and Technical Services",Professionals,More than 200,No,Couple with dependent children,Between 1 and 5 years,Metro,90%,90%,100% - I spent all of my time remote working,Strongly agree,Somewhat agree,Strongly agree,Strongly agree,Strongly agree,100% - All of my time,90%,Somewhat agree,Somewhat agree,Somewhat agree,My productivity is about same when I work remotely,1.5,7.5,3.5,2.0,0.5,9.0,3.0,2.5,2020
772,1989,Male,Retail Trade,Professionals,More than 200,No,Other one family household,Between 1 and 5 years,Metro,Rarely or never ,20%,80%,Strongly agree,Somewhat agree,Somewhat agree,Strongly agree,Somewhat agree,90%,80%,Somewhat disagree,Somewhat agree,Neither agree nor disagree,I’m 20% more productive when working remotely,2.5,7.5,5.0,0.5,0.5,8.5,7.0,0.5,2020
773,1984,Male,"Professional, Scientific and Technical Services",Professionals,More than 200,Yes,Single person,More than 5 years,Metro,20%,30%,50% - I spent about half of my time remote working,Strongly agree,Neither agree nor disagree,Somewhat agree,Strongly agree,Neither agree nor disagree,20%,20%,Somewhat agree,Somewhat agree,Strongly agree,I’m 20% less productive when working remotely,0.5,8.0,5.0,3.0,0.2,8.0,5.0,3.0,2020
774,1988,Female,"Professional, Scientific and Technical Services",Professionals,Between 5 and 19,No,Couple with dependent children,Between 1 and 5 years,Metro,40%,10%,90%,Strongly agree,Strongly agree,Strongly agree,Strongly agree,Somewhat agree,80%,10%,Somewhat disagree,Somewhat disagree,Neither agree nor disagree,I’m 40% less productive when working remotely,2.0,7.0,2.0,3.0,1.0,8.0,4.0,3.0,2020
775,1989,Female,Wholesale Trade,Clerical and administrative ,Between 1 and 4,No,Couple with no dependent children,More than 5 years,Regional,100% - I spent all of my time remote working,90%,100% - I spent all of my time remote working,Strongly agree,Strongly agree,Strongly agree,Strongly agree,Strongly agree,90%,100% - All of my time,Strongly agree,Strongly agree,Strongly agree,My productivity is about same when I work remotely,1.0,1.0,2.0,1.0,4.0,1.0,4.0,2.0,2020
776,1986,Male,"Electricity, Gas, Water and Waste Services",Professionals,More than 200,No,Couple with dependent children,Between 1 and 5 years,Metro,Rarely or never ,50% - About half of my time,30%,Neither agree nor disagree,Somewhat agree,Somewhat agree,Somewhat agree,Somewhat agree,50% - About half of my time,50% - About half of my time,Neither agree nor disagree,Neither agree nor disagree,Neither agree nor disagree,My productivity is about same when I work remotely,1.5,8.0,4.5,2.0,0.0,8.0,5.0,3.0,2020
777,1968,Male,Accommodation and Food Services,Managers,Between 20 and 199,Yes,Couple with dependent children,More than 5 years,Metro,60%,60%,90%,Strongly agree,Strongly agree,Strongly agree,Strongly agree,Strongly agree,90%,50% - About half of my time,Neither agree nor disagree,Neither agree nor disagree,Somewhat agree,I’m 30% more productive when working remotely,2.0,9.0,3.0,2.0,0.0,10.0,2.0,3.0,2020
778,1987,Male,Financial and Insurance Services,Professionals,More than 200,No,Single person,Between 6 and 12 months,Metro,20%,20%,100% - I spent all of my time remote working,Strongly agree,Somewhat disagree,Somewhat agree,Strongly agree,Somewhat agree,100% - All of my time,20%,Neither agree nor disagree,Neither agree nor disagree,Neither agree nor disagree,My productivity is about same when I work remotely,1.5,8.0,4.0,0.0,1.0,8.0,4.5,0.0,2020
779,1981,Female,Other Services,Clerical and administrative ,More than 200,No,Couple with dependent children,Between 1 and 5 years,Metro,50% - I spent about half of my time remote working,50% - About half of my time,50% - I spent about half of my time remote working,Neither agree nor disagree,Neither agree nor disagree,Neither agree nor disagree,Neither agree nor disagree,Neither agree nor disagree,50% - About half of my time,50% - About half of my time,Neither agree nor disagree,Neither agree nor disagree,Neither agree nor disagree,My productivity is about same when I work remotely,1.0,1.0,1.0,1.0,1.0,1.0,1.0,1.0,2020
780,1966,Male,Administrative and Support Services,Managers,Between 5 and 19,Yes,Couple with dependent children,More than 5 years,Regional,Rarely or never ,10%,Less than 10% of my time,Somewhat disagree,Somewhat disagree,Somewhat disagree,Neither agree nor disagree,Somewhat disagree,30%,10%,Strongly disagree,Strongly disagree,Somewhat disagree,I’m 10% less productive when working remotely,2.0,7.0,4.0,2.0,1.0,7.0,3.0,5.0,2020
781,1971,Male,Manufacturing,Sales ,More than 200,No,Couple with no dependent children,More than 5 years,Metro,Less than 10% of my time,Less than 10% of my time,60%,Somewhat disagree,Somewhat agree,Somewhat agree,Somewhat agree,Somewhat agree,I would not have preferred to work remotely ,I would prefer not to work remotely ,Neither agree nor disagree,Neither agree nor disagree,Somewhat agree,I’m 20% less productive when working remotely,1.0,9.0,5.0,0.0,0.5,9.0,5.0,0.0,2020
782,1978,Female,Financial and Insurance Services,Professionals,Between 5 and 19,No,Couple with dependent children,Between 1 and 5 years,Metro,20%,50% - About half of my time,100% - I spent all of my time remote working,Somewhat agree,Somewhat agree,Somewhat agree,Somewhat agree,Somewhat agree,100% - All of my time,50% - About half of my time,Neither agree nor disagree,Somewhat agree,Neither agree nor disagree,I’m 30% less productive when working remotely,1.5,8.0,3.0,2.0,0.0,8.0,4.0,2.0,2020
783,1983,Female,Administrative and Support Services,Clerical and administrative ,More than 200,No,Couple with dependent children,Between 1 and 5 years,Metro,Rarely or never ,100% - All of my time,80%,Somewhat agree,Somewhat agree,Neither agree nor disagree,Somewhat agree,Somewhat agree,100% - All of my time,100% - All of my time,Strongly disagree,Neither agree nor disagree,Strongly disagree,I’m 40% more productive when working remotely,1.5,7.75,5.0,1.5,0.5,7.75,6.0,2.0,2020
784,1957,Male,Health Care and Social Assistance,Managers,More than 200,Yes,Couple with no dependent children,Between 1 and 5 years,Regional,10%,20%,20%,Strongly agree,Somewhat agree,Strongly agree,Strongly agree,Somewhat agree,20%,20%,Strongly disagree,Somewhat disagree,Somewhat disagree,I’m 20% more productive when working remotely,1.5,7.0,0.5,0.5,0.5,8.0,0.5,0.5,2020
785,1986,Male,Wholesale Trade,Sales ,Between 20 and 199,Yes,Couple with dependent children,Between 1 and 5 years,Metro,30%,100% - All of my time,80%,Strongly agree,Strongly agree,Strongly agree,Strongly agree,Strongly agree,100% - All of my time,100% - All of my time,Somewhat agree,Somewhat agree,Somewhat agree,I’m 30% more productive when working remotely,3.0,8.0,2.0,2.0,0.5,6.0,4.0,3.0,2020
786,1984,Female,Health Care and Social Assistance,Professionals,More than 200,Yes,Single person,More than 5 years,Metro,10%,20%,50% - I spent about half of my time remote working,Strongly agree,Somewhat agree,Strongly agree,Somewhat agree,Strongly agree,70%,40%,Somewhat agree,Somewhat agree,Strongly agree,I’m 30% more productive when working remotely,1.5,9.0,3.0,1.0,0.0,10.0,3.0,1.0,2020
787,1975,Male,"Professional, Scientific and Technical Services",Professionals,Between 1 and 4,No,Single person,More than 5 years,Metro,70%,90%,80%,Somewhat agree,Somewhat agree,Somewhat agree,Somewhat agree,Somewhat agree,80%,20%,Somewhat agree,Somewhat agree,Somewhat agree,I’m 10% less productive when working remotely,5.0,1.0,2.0,4.0,4.0,10.0,5.0,2.0,2020
788,1961,Female,"Professional, Scientific and Technical Services",Professionals,More than 200,No,Single person,More than 5 years,Metro,60%,60%,60%,Strongly agree,Strongly agree,Strongly agree,Strongly agree,Strongly agree,60%,60%,Neither agree nor disagree,Somewhat agree,Neither agree nor disagree,My productivity is about same when I work remotely,1.0,7.5,3.0,2.0,0.5,7.0,4.0,2.0,2020
789,1962,Female,Accommodation and Food Services,Managers,More than 200,Yes,Single person,More than 5 years,Metro,10%,40%,80%,Somewhat agree,Neither agree nor disagree,Strongly disagree,Somewhat disagree,Somewhat agree,40%,60%,Somewhat disagree,Somewhat disagree,Somewhat agree,I’m 30% more productive when working remotely,3.0,8.0,6.0,4.0,0.0,8.0,6.0,10.0,2020
790,1965,Male,Other Services,Professionals,Between 20 and 199,No,Couple with no dependent children,More than 5 years,Metro,50% - I spent about half of my time remote working,70%,100% - I spent all of my time remote working,Strongly agree,Strongly agree,Strongly agree,Strongly agree,Strongly agree,100% - All of my time,80%,Somewhat agree,Somewhat agree,Somewhat agree,I’m 30% more productive when working remotely,1.5,7.0,0.0,0.0,0.5,8.0,0.0,0.0,2020
791,1982,Female,Financial and Insurance Services,Sales ,Between 20 and 199,No,Couple with no dependent children,More than 5 years,Metro,Rarely or never ,30%,30%,Neither agree nor disagree,Strongly disagree,Somewhat agree,Somewhat disagree,Somewhat agree,100% - All of my time,30%,Strongly disagree,Strongly disagree,Strongly disagree,I’m 50% more productive when working remotely (or more),3.0,7.0,4.0,1.0,0.5,8.0,5.0,1.0,2020
792,1964,Male,Financial and Insurance Services,Professionals,More than 200,Yes,Couple with dependent children,More than 5 years,Metro,40%,20%,100% - I spent all of my time remote working,Strongly agree,Strongly agree,Strongly agree,Strongly agree,Somewhat agree,10%,20%,Strongly agree,Strongly agree,Strongly agree,My productivity is about same when I work remotely,1.25,9.0,5.0,1.0,0.25,9.5,4.5,1.0,2020
793,1981,Female,Retail Trade,Managers,More than 200,No,Couple with dependent children,Between 1 and 5 years,Metro,100% - I spent all of my time remote working,100% - All of my time,100% - I spent all of my time remote working,Strongly agree,Strongly agree,Strongly agree,Strongly agree,Strongly agree,100% - All of my time,100% - All of my time,Strongly agree,Strongly agree,Strongly agree,I’m 20% less productive when working remotely,1.0,6.0,1.0,8.0,0.0,8.0,1.0,8.0,2020
794,1971,Male,Other Services,Managers,More than 200,Yes,Couple with no dependent children,Between 1 and 5 years,Metro,Less than 10% of my time,20%,Less than 10% of my time,Neither agree nor disagree,Neither agree nor disagree,Somewhat disagree,Somewhat agree,Somewhat agree,50% - About half of my time,30%,Somewhat disagree,Neither agree nor disagree,Somewhat disagree,I’m 30% more productive when working remotely,1.0,9.0,3.0,0.5,0.0,8.0,4.0,0.5,2020
795,1989,Male,"Professional, Scientific and Technical Services",Professionals,Between 5 and 19,Yes,Couple with dependent children,Between 1 and 5 years,Regional,20%,40%,40%,Somewhat agree,Somewhat agree,Neither agree nor disagree,Somewhat disagree,Neither agree nor disagree,30%,30%,Somewhat disagree,Neither agree nor disagree,Somewhat agree,I’m 40% more productive when working remotely,1.0,2.0,2.0,1.0,1.0,2.0,1.0,2.0,2020
796,1991,Female,Retail Trade,Managers,More than 200,Yes,Single person,More than 5 years,Regional,100% - I spent all of my time remote working,50% - About half of my time,90%,Somewhat agree,Somewhat agree,Strongly agree,Strongly agree,Neither agree nor disagree,50% - About half of my time,50% - About half of my time,Strongly agree,Strongly agree,Strongly disagree,My productivity is about same when I work remotely,3.0,8.0,3.0,4.0,3.0,8.0,3.0,4.0,2020
797,1957,Male,Manufacturing,Professionals,More than 200,No,Couple with no dependent children,More than 5 years,Metro,Rarely or never ,100% - All of my time,100% - I spent all of my time remote working,Strongly agree,Strongly agree,Strongly agree,Strongly agree,Strongly agree,100% - All of my time,100% - All of my time,Strongly agree,Strongly agree,Strongly agree,My productivity is about same when I work remotely,3.0,8.0,3.0,1.0,0.0,8.0,5.0,2.0,2020
798,1974,Male,"Professional, Scientific and Technical Services",Managers,Between 20 and 199,Yes,Couple with no dependent children,Between 1 and 5 years,Metro,Less than 10% of my time,Less than 10% of my time,90%,Strongly agree,Somewhat agree,Strongly agree,Strongly agree,Somewhat agree,10%,Less than 10% of my time,Somewhat agree,Neither agree nor disagree,Somewhat agree,My productivity is about same when I work remotely,0.5,8.0,4.0,1.0,0.0,8.5,4.0,1.0,2020
799,1991,Female,Financial and Insurance Services,Managers,Between 5 and 19,No,Couple with dependent children,More than 5 years,Metro,Less than 10% of my time,50% - About half of my time,50% - I spent about half of my time remote working,Strongly agree,Somewhat agree,Strongly agree,Strongly agree,Somewhat disagree,50% - About half of my time,50% - About half of my time,Somewhat disagree,Neither agree nor disagree,Neither agree nor disagree,I’m 30% more productive when working remotely,1.0,7.0,2.0,2.0,0.1,7.0,2.5,2.0,2020
800,1995,Female,"Professional, Scientific and Technical Services",Professionals,More than 200,No,Couple with no dependent children,Between 6 and 12 months,Metro,90%,100% - All of my time,90%,Strongly agree,Strongly agree,Strongly agree,Strongly agree,Strongly agree,100% - All of my time,100% - All of my time,Somewhat agree,Somewhat agree,Somewhat agree,I’m 30% more productive when working remotely,1.0,8.0,1.0,1.0,0.0,10.0,4.0,2.0,2020
801,1959,Female,Health Care and Social Assistance,Managers,More than 200,Yes,Couple with no dependent children,More than 5 years,Metro,Rarely or never ,30%,90%,Strongly agree,Somewhat agree,Somewhat agree,Strongly agree,Somewhat agree,80%,70%,Neither agree nor disagree,Neither agree nor disagree,Somewhat agree,I’m 10% more productive when working remotely,2.0,8.5,3.0,1.5,0.5,8.5,4.0,1.5,2020
802,1983,Male,Wholesale Trade,Managers,More than 200,No,Couple with no dependent children,Between 1 and 5 years,Metro,50% - I spent about half of my time remote working,80%,100% - I spent all of my time remote working,Strongly agree,Strongly agree,Strongly agree,Strongly agree,Strongly agree,100% - All of my time,90%,Somewhat agree,Somewhat agree,Somewhat agree,I’m 50% more productive when working remotely (or more),1.0,8.0,3.0,2.0,0.0,10.0,2.0,2.0,2020
803,1988,Male,Public Administration and Safety,Professionals,More than 200,No,Couple with no dependent children,More than 5 years,Regional,Less than 10% of my time,50% - About half of my time,100% - I spent all of my time remote working,Strongly agree,Strongly agree,Strongly agree,Strongly agree,Strongly agree,100% - All of my time,50% - About half of my time,Somewhat disagree,Somewhat disagree,Somewhat disagree,My productivity is about same when I work remotely,1.5,8.0,3.0,1.0,0.25,8.0,4.0,2.0,2020
804,1993,Female,"Professional, Scientific and Technical Services",Professionals,Between 5 and 19,No,Couple with no dependent children,Between 1 and 5 years,Metro,Less than 10% of my time,10%,40%,Strongly agree,Strongly agree,Strongly agree,Strongly agree,Strongly agree,30%,20%,Somewhat disagree,Somewhat disagree,Somewhat agree,My productivity is about same when I work remotely,1.5,7.0,2.0,1.0,0.5,7.0,4.0,2.0,2020
805,1973,Male,Health Care and Social Assistance,Professionals,More than 200,Yes,Couple with dependent children,Between 1 and 5 years,Metro,Rarely or never ,I would not have preferred to work remotely ,30%,Somewhat agree,Somewhat agree,Neither agree nor disagree,Somewhat agree,Neither agree nor disagree,30%,10%,Somewhat disagree,Neither agree nor disagree,Neither agree nor disagree,I’m 20% less productive when working remotely,2.0,8.0,3.0,2.0,0.0,8.0,3.0,2.0,2020
806,1975,Female,Retail Trade,Sales ,Between 5 and 19,No,One  parent family with dependent children,Between 1 and 5 years,Metro,Less than 10% of my time,100% - All of my time,100% - I spent all of my time remote working,Neither agree nor disagree,Somewhat agree,Strongly agree,Somewhat agree,Somewhat agree,100% - All of my time,100% - All of my time,Neither agree nor disagree,Neither agree nor disagree,Neither agree nor disagree,I’m 50% more productive when working remotely (or more),6.0,8.0,8.0,2.0,3.0,9.0,5.0,7.0,2020
807,1992,Female,Financial and Insurance Services,Managers,More than 200,No,Couple with no dependent children,Between 1 and 5 years,Metro,Less than 10% of my time,30%,100% - I spent all of my time remote working,Strongly agree,Strongly agree,Strongly agree,Strongly agree,Somewhat agree,40%,40%,Somewhat agree,Somewhat agree,Somewhat agree,My productivity is about same when I work remotely,2.0,10.0,2.0,1.0,0.0,10.0,3.0,1.0,2020
808,1966,Male,"Electricity, Gas, Water and Waste Services",Technicians and trades ,More than 200,No,Couple with dependent children,More than 5 years,Metro,60%,80%,30%,Neither agree nor disagree,Neither agree nor disagree,Somewhat disagree,Neither agree nor disagree,Neither agree nor disagree,60%,20%,Neither agree nor disagree,Neither agree nor disagree,Somewhat agree,I’m 30% more productive when working remotely,1.0,7.0,14.0,2.0,1.0,7.0,14.0,2.0,2020
809,1983,Female,"Rental, Hiring and Real Estate Services",Professionals,More than 200,No,Couple with no dependent children,Between 1 and 5 years,Metro,20%,Less than 10% of my time,50% - I spent about half of my time remote working,Neither agree nor disagree,Somewhat agree,Strongly agree,Strongly agree,Somewhat agree,50% - About half of my time,I would prefer not to work remotely ,Neither agree nor disagree,Neither agree nor disagree,Neither agree nor disagree,I’m 40% less productive when working remotely,2.0,9.0,3.0,0.0,0.0,11.0,4.0,0.0,2020
810,1969,Male,"Professional, Scientific and Technical Services",Professionals,Between 20 and 199,Yes,Couple with no dependent children,Between 1 and 5 years,Metro,30%,50% - About half of my time,Less than 10% of my time,Strongly agree,Somewhat agree,Strongly agree,Strongly agree,Somewhat agree,20%,40%,Neither agree nor disagree,Neither agree nor disagree,Somewhat disagree,I’m 20% more productive when working remotely,0.75,7.5,1.0,1.0,0.25,8.0,1.0,1.0,2020
811,1985,Male,Education and Training,Professionals,More than 200,Yes,Single person,Between 1 and 5 years,Regional,Rarely or never ,I would not have preferred to work remotely ,100% - I spent all of my time remote working,Neither agree nor disagree,Somewhat agree,Strongly disagree,Somewhat agree,Strongly agree,100% - All of my time,Less than 10% of my time,Somewhat agree,Somewhat agree,Somewhat agree,My productivity is about same when I work remotely,2.0,8.0,4.0,1.0,1.0,9.0,4.0,1.0,2020
812,1982,Male,"Professional, Scientific and Technical Services",Professionals,Between 5 and 19,Yes,Couple with no dependent children,More than 5 years,Metro,Less than 10% of my time,10%,80%,Somewhat agree,Somewhat agree,Somewhat agree,Somewhat agree,Somewhat agree,80%,20%,Neither agree nor disagree,Somewhat agree,Neither agree nor disagree,My productivity is about same when I work remotely,1.0,7.0,1.0,1.0,1.0,8.0,1.0,1.0,2020
813,1977,Female,Education and Training,Clerical and administrative ,More than 200,No,Couple with dependent children,Between 1 and 5 years,Regional,Rarely or never ,Less than 10% of my time,50% - I spent about half of my time remote working,Strongly agree,Somewhat agree,Neither agree nor disagree,Strongly agree,Strongly agree,50% - About half of my time,20%,Neither agree nor disagree,Somewhat agree,Somewhat agree,My productivity is about same when I work remotely,1.5,8.0,0.0,2.0,0.0,8.0,1.0,2.0,2020
814,1966,Female,Construction,Clerical and administrative ,Between 20 and 199,Yes,Couple with no dependent children,More than 5 years,Metro,Less than 10% of my time,10%,10%,Neither agree nor disagree,Strongly agree,Somewhat disagree,Strongly agree,Somewhat agree,10%,10%,Strongly disagree,Strongly disagree,Somewhat disagree,I’m 20% more productive when working remotely,0.5,6.5,1.0,4.0,0.0,8.0,0.0,4.0,2020
815,1973,Male,Education and Training,Professionals,Between 20 and 199,Yes,Couple with dependent children,Between 1 and 5 years,Metro,Less than 10% of my time,Less than 10% of my time,20%,Somewhat agree,Somewhat agree,Somewhat agree,Somewhat agree,Somewhat agree,20%,Less than 10% of my time,Strongly disagree,Strongly disagree,Strongly disagree,My productivity is about same when I work remotely,2.0,9.0,1.0,1.0,1.0,9.0,2.0,1.0,2020
816,1968,Male,Financial and Insurance Services,Managers,More than 200,Yes,Single person,Between 1 and 5 years,Metro,30%,50% - About half of my time,50% - I spent about half of my time remote working,Somewhat agree,Somewhat agree,Strongly agree,Somewhat agree,Somewhat agree,50% - About half of my time,50% - About half of my time,Somewhat agree,Somewhat agree,Somewhat agree,My productivity is about same when I work remotely,0.5,10.0,2.0,0.0,1.0,10.0,13.0,0.0,2020
817,1964,Female,Education and Training,Professionals,Between 20 and 199,No,One  parent family with dependent children,More than 5 years,Metro,20%,50% - About half of my time,Rarely or never ,,,,,,50% - About half of my time,50% - About half of my time,Strongly disagree,Strongly disagree,Strongly disagree,I’m 50% more productive when working remotely (or more),1.0,7.0,3.0,5.0,0.2,9.0,6.0,5.0,2020
818,1965,Female,Education and Training,Labourers,Between 5 and 19,No,Couple with no dependent children,More than 5 years,Regional,Rarely or never ,20%,Less than 10% of my time,Somewhat agree,Somewhat disagree,Neither agree nor disagree,Somewhat agree,Strongly disagree,20%,20%,Strongly disagree,Strongly disagree,Strongly disagree,I’m 50% more productive when working remotely (or more),1.0,9.0,3.0,2.0,0.5,7.5,3.0,2.0,2020
819,1980,Female,Health Care and Social Assistance,Managers,More than 200,Yes,Couple with no dependent children,More than 5 years,Metro,10%,40%,Rarely or never ,,,,,,40%,40%,Somewhat disagree,Strongly disagree,Strongly disagree,I’m 40% more productive when working remotely,4.0,9.0,3.0,1.0,0.0,9.0,3.0,2.0,2020
820,1965,Female,"Professional, Scientific and Technical Services",Professionals,Between 1 and 4,No,Couple with dependent children,More than 5 years,Metro,70%,100% - All of my time,100% - I spent all of my time remote working,Strongly agree,Strongly agree,Strongly agree,Strongly agree,Strongly agree,100% - All of my time,100% - All of my time,Strongly agree,Strongly agree,Strongly agree,My productivity is about same when I work remotely,2.0,7.0,4.0,2.0,0.0,5.0,5.0,3.0,2020
821,1977,Female,Education and Training,Managers,Between 20 and 199,Yes,Couple with dependent children,More than 5 years,Metro,80%,80%,60%,Neither agree nor disagree,Neither agree nor disagree,Somewhat disagree,Somewhat agree,Neither agree nor disagree,60%,40%,Neither agree nor disagree,Neither agree nor disagree,Somewhat agree,I’m 10% more productive when working remotely,2.0,8.0,2.0,1.0,0.0,8.0,3.0,0.0,2020
822,1978,Female,Arts and Recreation Services,Professionals,Between 20 and 199,No,Couple with no dependent children,Between 1 and 5 years,Metro,Rarely or never ,20%,100% - I spent all of my time remote working,Strongly agree,Somewhat agree,Strongly agree,Strongly agree,Somewhat agree,10%,20%,Somewhat agree,Somewhat agree,Somewhat agree,I’m 20% less productive when working remotely,2.0,8.0,4.0,1.0,0.5,8.0,4.0,3.0,2020
823,1967,Male,"Professional, Scientific and Technical Services",Professionals,More than 200,Yes,Couple with no dependent children,Between 1 and 5 years,Metro,40%,90%,100% - I spent all of my time remote working,Somewhat agree,Somewhat agree,Strongly agree,Strongly agree,Strongly agree,100% - All of my time,100% - All of my time,Neither agree nor disagree,Neither agree nor disagree,Neither agree nor disagree,I’m 50% more productive when working remotely (or more),2.0,8.0,3.0,2.0,0.5,9.0,4.0,1.0,2020
824,1975,Female,Other Services,Clerical and administrative ,Between 20 and 199,No,One  parent family with dependent children,Between 1 and 5 years,Metro,90%,100% - All of my time,100% - I spent all of my time remote working,Strongly agree,Strongly agree,Strongly agree,Strongly agree,Strongly agree,100% - All of my time,100% - All of my time,Somewhat agree,Somewhat agree,Somewhat agree,I’m 50% more productive when working remotely (or more),1.5,7.5,3.0,4.0,0.5,7.5,5.0,4.0,2020
825,1970,Female,Construction,Managers,More than 200,Yes,Couple with no dependent children,Between 1 and 5 years,Metro,10%,40%,100% - I spent all of my time remote working,Strongly agree,Strongly agree,Strongly agree,Strongly agree,Strongly agree,80%,80%,Strongly agree,Strongly agree,Strongly agree,I’m 50% more productive when working remotely (or more),2.0,8.0,4.0,2.0,0.0,10.0,4.0,2.0,2020
826,1994,Female,"Professional, Scientific and Technical Services",Professionals,More than 200,Yes,Couple with dependent children,Between 1 and 5 years,Metro,Less than 10% of my time,40%,40%,Strongly agree,Strongly agree,Somewhat agree,Strongly agree,Strongly agree,40%,50% - About half of my time,Strongly agree,Strongly agree,Strongly agree,I’m 40% more productive when working remotely,0.5,8.0,4.0,1.0,0.5,8.0,4.0,1.0,2020
827,1957,Male,Education and Training,Managers,Between 5 and 19,No,Couple with no dependent children,Between 1 and 5 years,Metro,20%,50% - About half of my time,80%,Strongly agree,Somewhat agree,Somewhat agree,Neither agree nor disagree,Somewhat agree,80%,80%,Somewhat agree,Somewhat agree,Somewhat agree,I’m 20% more productive when working remotely,3.0,6.0,5.0,2.0,0.0,9.0,5.0,2.0,2020
828,1966,Male,Public Administration and Safety,Managers,More than 200,Yes,Couple with no dependent children,Between 1 and 5 years,Metro,40%,50% - About half of my time,100% - I spent all of my time remote working,Strongly agree,Strongly agree,Strongly agree,Strongly agree,Strongly agree,100% - All of my time,70%,Strongly agree,Strongly agree,Strongly agree,I’m 50% more productive when working remotely (or more),2.0,8.0,6.0,2.0,0.2,9.0,6.0,2.0,2020
829,1968,Female,Administrative and Support Services,Clerical and administrative ,More than 200,No,Couple with no dependent children,More than 5 years,Regional,50% - I spent about half of my time remote working,100% - All of my time,100% - I spent all of my time remote working,Strongly agree,Strongly agree,Strongly agree,Strongly agree,Strongly agree,100% - All of my time,100% - All of my time,Strongly agree,Strongly agree,Strongly agree,I’m 50% more productive when working remotely (or more),5.0,10.0,5.0,4.0,5.0,10.0,5.0,4.0,2020
830,1990,Female,Wholesale Trade,Sales ,Between 5 and 19,No,Couple with dependent children,Between 1 and 5 years,Metro,80%,80%,80%,Strongly agree,Somewhat agree,Somewhat agree,Strongly agree,Somewhat agree,70%,80%,Strongly agree,Somewhat agree,Neither agree nor disagree,I’m 30% more productive when working remotely,1.0,6.0,4.0,2.0,2.0,5.0,2.0,1.0,2020
831,1975,Male,Public Administration and Safety,Professionals,More than 200,No,Couple with dependent children,Between 1 and 5 years,Metro,10%,60%,90%,Neither agree nor disagree,Somewhat disagree,Somewhat agree,Somewhat agree,Somewhat disagree,100% - All of my time,80%,Somewhat disagree,Somewhat disagree,Somewhat disagree,My productivity is about same when I work remotely,2.0,8.0,3.0,3.0,0.0,9.0,3.0,3.0,2020
832,1970,Female,Administrative and Support Services,Clerical and administrative ,Between 5 and 19,No,One  parent family with dependent children,Between 1 and 5 years,Metro,50% - I spent about half of my time remote working,70%,50% - I spent about half of my time remote working,Neither agree nor disagree,Somewhat agree,Somewhat agree,Neither agree nor disagree,Somewhat agree,50% - About half of my time,50% - About half of my time,Neither agree nor disagree,Somewhat agree,Somewhat disagree,I’m 10% more productive when working remotely,10.0,10.0,2.0,2.0,5.0,5.0,10.0,4.0,2020
833,1983,Female,Administrative and Support Services,Clerical and administrative ,More than 200,No,Couple with dependent children,More than 5 years,Metro,Rarely or never ,30%,100% - I spent all of my time remote working,Neither agree nor disagree,Somewhat agree,Somewhat agree,Neither agree nor disagree,Strongly agree,100% - All of my time,30%,Somewhat agree,Somewhat agree,Somewhat agree,I’m 20% more productive when working remotely,1.0,7.5,0.5,0.0,0.0,8.0,1.0,1.0,2020
834,1967,Male,"Rental, Hiring and Real Estate Services",Sales ,Between 20 and 199,No,Multiple family household,More than 5 years,Metro,20%,50% - About half of my time,20%,Somewhat agree,Somewhat agree,Somewhat agree,Somewhat agree,Somewhat agree,20%,20%,Neither agree nor disagree,Neither agree nor disagree,Neither agree nor disagree,My productivity is about same when I work remotely,0.5,7.5,3.0,0.0,0.0,7.5,3.0,0.0,2020
835,1977,Female,Education and Training,Managers,Between 20 and 199,Yes,Couple with dependent children,Between 1 and 5 years,Metro,80%,70%,70%,Somewhat agree,Neither agree nor disagree,Somewhat agree,Neither agree nor disagree,Somewhat agree,80%,80%,Neither agree nor disagree,Somewhat agree,Neither agree nor disagree,I’m 20% more productive when working remotely,4.0,8.0,1.0,1.0,0.0,10.0,2.0,1.0,2020
836,1976,Male,"Professional, Scientific and Technical Services",Professionals,Between 1 and 4,Yes,Couple with dependent children,Between 1 and 5 years,Metro,60%,50% - About half of my time,90%,Strongly agree,Strongly agree,Strongly agree,Strongly agree,Strongly agree,50% - About half of my time,40%,Somewhat agree,Somewhat disagree,Somewhat agree,I’m 20% less productive when working remotely,1.0,8.0,2.0,1.0,0.5,7.0,2.0,2.5,2020
837,1974,Female,"Professional, Scientific and Technical Services",Professionals,More than 200,Yes,Group household,More than 5 years,Metro,30%,90%,100% - I spent all of my time remote working,Strongly agree,Strongly agree,Somewhat agree,Strongly agree,Strongly agree,100% - All of my time,100% - All of my time,Somewhat agree,Strongly agree,Somewhat agree,I’m 50% more productive when working remotely (or more),2.0,7.5,1.0,2.0,0.0,8.5,3.0,2.0,2020
838,1960,Male,"Professional, Scientific and Technical Services",Professionals,I am the only employee,No,Couple with no dependent children,Between 1 and 5 years,Regional,20%,Less than 10% of my time,50% - I spent about half of my time remote working,Strongly agree,Somewhat agree,Strongly agree,Strongly agree,Somewhat agree,Less than 10% of my time,10%,Neither agree nor disagree,Neither agree nor disagree,Neither agree nor disagree,I’m 20% less productive when working remotely,0.45,8.0,0.0,0.0,0.0,6.0,1.0,1.0,2020
839,1987,Male,Health Care and Social Assistance,Professionals,Between 5 and 19,Yes,Single person,More than 5 years,Metro,Less than 10% of my time,I would not have preferred to work remotely ,20%,Somewhat agree,Somewhat agree,Somewhat agree,Somewhat disagree,Somewhat agree,I would not have preferred to work remotely ,I would prefer not to work remotely ,Strongly disagree,Strongly disagree,Strongly disagree,I’m 30% less productive when working remotely,0.5,10.0,1.0,2.0,1.5,2.0,1.0,1.0,2020
840,1985,Male,Manufacturing,Community and personal service ,Between 5 and 19,Yes,Couple with dependent children,Between 1 and 5 years,Metro,40%,10%,50% - I spent about half of my time remote working,Somewhat disagree,Neither agree nor disagree,Neither agree nor disagree,Neither agree nor disagree,Neither agree nor disagree,I would not have preferred to work remotely ,Less than 10% of my time,Somewhat disagree,Somewhat disagree,Somewhat disagree,I’m 20% more productive when working remotely,1.0,2.0,1.0,1.0,2.0,5.0,3.0,4.0,2020
841,1977,Female,Public Administration and Safety,Clerical and administrative ,More than 200,No,Couple with dependent children,Between 1 and 5 years,Metro,Rarely or never ,10%,40%,Neither agree nor disagree,Somewhat disagree,Strongly agree,Somewhat agree,Somewhat agree,40%,20%,Strongly disagree,Neither agree nor disagree,Neither agree nor disagree,I’m 20% less productive when working remotely,1.5,7.5,3.0,3.0,1.0,7.0,3.0,4.0,2020
842,1988,Male,Financial and Insurance Services,Professionals,Between 20 and 199,No,Multiple family household,More than 5 years,Metro,Rarely or never ,I would not have preferred to work remotely ,90%,Somewhat agree,Somewhat agree,Somewhat agree,Somewhat agree,Somewhat agree,100% - All of my time,50% - About half of my time,Somewhat disagree,Neither agree nor disagree,Somewhat disagree,My productivity is about same when I work remotely,2.0,8.0,2.0,1.0,0.0,8.0,4.0,2.0,2020
843,1966,Male,Education and Training,Managers,More than 200,Yes,Single person,More than 5 years,Metro,40%,50% - About half of my time,80%,Strongly agree,Somewhat agree,Somewhat agree,Strongly agree,Somewhat disagree,80%,50% - About half of my time,Somewhat agree,Somewhat agree,Somewhat agree,I’m 20% more productive when working remotely,3.0,5.0,4.0,3.0,0.0,5.0,4.0,4.0,2020
844,1986,Male,"Professional, Scientific and Technical Services",Professionals,More than 200,No,Group household,Between 1 and 5 years,Metro,Rarely or never ,20%,80%,Strongly agree,Somewhat agree,Strongly agree,Strongly agree,Somewhat agree,80%,50% - About half of my time,Neither agree nor disagree,Neither agree nor disagree,Neither agree nor disagree,My productivity is about same when I work remotely,2.0,7.0,0.1,0.1,0.5,8.0,0.1,0.2,2020
845,1964,Female,"Professional, Scientific and Technical Services",Professionals,Between 20 and 199,No,One  parent family with dependent children,Between 1 and 5 years,Metro,30%,30%,100% - I spent all of my time remote working,Strongly agree,Strongly agree,Strongly agree,Strongly agree,Strongly agree,100% - All of my time,50% - About half of my time,Neither agree nor disagree,Neither agree nor disagree,Neither agree nor disagree,I’m 50% more productive when working remotely (or more),1.0,8.0,2.0,3.0,0.0,9.0,3.0,3.0,2020
846,1976,Male,"Transport, Postal and Warehousing",Managers,More than 200,Yes,Couple with no dependent children,More than 5 years,Metro,20%,90%,100% - I spent all of my time remote working,Somewhat agree,Neither agree nor disagree,Somewhat agree,Somewhat agree,Somewhat agree,100% - All of my time,90%,Neither agree nor disagree,Neither agree nor disagree,Neither agree nor disagree,I’m 20% more productive when working remotely,2.0,8.0,2.0,2.0,0.0,9.0,2.0,2.0,2020
847,1970,Male,Education and Training,Managers,More than 200,Yes,Couple with dependent children,More than 5 years,Regional,20%,20%,100% - I spent all of my time remote working,Strongly agree,Somewhat disagree,Strongly agree,Strongly agree,Somewhat agree,10%,30%,Strongly agree,Strongly agree,Somewhat disagree,I’m 20% less productive when working remotely,0.5,8.0,8.0,5.0,0.0,8.0,8.0,5.0,2020
848,1983,Female,"Professional, Scientific and Technical Services",Professionals,I am the only employee,No,Couple with dependent children,More than 5 years,Metro,100% - I spent all of my time remote working,100% - All of my time,100% - I spent all of my time remote working,Strongly agree,Strongly agree,Strongly agree,Strongly agree,Strongly agree,100% - All of my time,100% - All of my time,Strongly agree,Neither agree nor disagree,Neither agree nor disagree,My productivity is about same when I work remotely,0.0,0.0,0.0,0.0,0.0,4.0,2.0,10.0,2020
849,1960,Male,"Professional, Scientific and Technical Services",Managers,Between 20 and 199,Yes,Couple with dependent children,More than 5 years,Metro,20%,20%,100% - I spent all of my time remote working,Strongly agree,Strongly agree,Somewhat agree,Strongly agree,Strongly agree,50% - About half of my time,50% - About half of my time,Somewhat agree,Neither agree nor disagree,Strongly agree,My productivity is about same when I work remotely,1.5,6.0,6.0,3.0,0.0,6.0,6.0,3.0,2020
850,1975,Male,Financial and Insurance Services,Professionals,Between 20 and 199,Yes,Couple with no dependent children,Between 1 and 5 years,Metro,10%,10%,100% - I spent all of my time remote working,Strongly agree,Strongly agree,Strongly agree,Strongly agree,Strongly agree,90%,50% - About half of my time,Somewhat agree,Somewhat agree,Somewhat agree,I’m 10% less productive when working remotely,1.0,10.0,0.5,0.0,0.0,14.0,0.5,0.0,2020
851,1982,Male,Retail Trade,Professionals,More than 200,Yes,Couple with no dependent children,Between 6 and 12 months,Metro,90%,10%,90%,Strongly agree,Strongly agree,Strongly agree,Strongly agree,Neither agree nor disagree,80%,50% - About half of my time,Somewhat agree,Neither agree nor disagree,Somewhat agree,I’m 10% less productive when working remotely,1.0,8.0,4.0,1.0,0.5,8.0,5.0,1.0,2020
852,1977,Female,"Transport, Postal and Warehousing",Clerical and administrative ,Between 20 and 199,Yes,Couple with dependent children,Between 1 and 5 years,Metro,Rarely or never ,50% - About half of my time,90%,Somewhat agree,Somewhat agree,Strongly disagree,Neither agree nor disagree,Strongly agree,100% - All of my time,50% - About half of my time,Neither agree nor disagree,Somewhat disagree,Strongly disagree,I’m 50% more productive when working remotely (or more),2.0,7.0,2.0,2.0,0.0,9.0,4.0,1.0,2020
853,1980,Male,"Professional, Scientific and Technical Services",Professionals,More than 200,No,Couple with dependent children,Between 1 and 5 years,Metro,40%,50% - About half of my time,50% - I spent about half of my time remote working,Neither agree nor disagree,Neither agree nor disagree,Neither agree nor disagree,Neither agree nor disagree,Neither agree nor disagree,50% - About half of my time,50% - About half of my time,Neither agree nor disagree,Neither agree nor disagree,Neither agree nor disagree,I’m 50% less productive when working remotely (or less),1.0,1.0,1.0,1.0,0.0,0.0,0.0,0.0,2020
854,1958,Female,Financial and Insurance Services,Professionals,More than 200,Yes,Couple with no dependent children,More than 5 years,Metro,20%,40%,90%,Strongly agree,Strongly agree,Strongly agree,Strongly agree,Strongly agree,80%,50% - About half of my time,Somewhat agree,Strongly agree,Strongly agree,I’m 30% more productive when working remotely,1.5,8.0,4.0,4.0,0.5,9.0,6.0,4.0,2020
855,1963,Female,"Electricity, Gas, Water and Waste Services",Clerical and administrative ,Between 1 and 4,No,Couple with no dependent children,More than 5 years,Regional,100% - I spent all of my time remote working,100% - All of my time,100% - I spent all of my time remote working,Strongly agree,Strongly agree,Strongly agree,Neither agree nor disagree,Neither agree nor disagree,100% - All of my time,100% - All of my time,Somewhat agree,Neither agree nor disagree,Neither agree nor disagree,I’m 50% more productive when working remotely (or more),1.0,2.0,4.0,4.0,1.0,4.0,2.0,4.0,2020
856,1959,Female,Education and Training,Professionals,Between 20 and 199,No,Single person,More than 5 years,Regional,10%,Less than 10% of my time,10%,Neither agree nor disagree,Neither agree nor disagree,Somewhat agree,Strongly agree,Somewhat agree,Less than 10% of my time,Less than 10% of my time,Neither agree nor disagree,Somewhat agree,Neither agree nor disagree,My productivity is about same when I work remotely,1.0,8.0,11.0,4.0,0.0,8.0,12.0,4.0,2020
857,1978,Male,"Professional, Scientific and Technical Services",Professionals,Between 20 and 199,No,Couple with dependent children,Between 1 and 5 years,Metro,Rarely or never ,I would not have preferred to work remotely ,100% - I spent all of my time remote working,Strongly agree,Somewhat agree,Neither agree nor disagree,Strongly agree,Strongly agree,100% - All of my time,I would prefer not to work remotely ,Somewhat disagree,Neither agree nor disagree,Neither agree nor disagree,I’m 10% more productive when working remotely,3.0,8.0,3.0,4.0,1.0,10.0,3.0,4.0,2020
858,1972,Male,Information Media and Telecommunications,Managers,More than 200,Yes,Couple with no dependent children,Between 6 and 12 months,Metro,20%,60%,100% - I spent all of my time remote working,Strongly agree,Strongly agree,Strongly agree,Strongly agree,Strongly agree,100% - All of my time,100% - All of my time,Strongly agree,Somewhat agree,Strongly agree,I’m 50% more productive when working remotely (or more),2.5,10.0,8.5,3.0,0.0,12.0,8.0,4.0,2020
859,1957,Male,"Professional, Scientific and Technical Services",Managers,More than 200,Yes,Couple with no dependent children,More than 5 years,Regional,Less than 10% of my time,10%,60%,Somewhat agree,Somewhat agree,Somewhat agree,Somewhat agree,Somewhat agree,50% - About half of my time,20%,Somewhat disagree,Neither agree nor disagree,Neither agree nor disagree,I’m 10% more productive when working remotely,1.0,9.0,13.0,1.0,0.0,9.5,13.0,1.5,2020
860,1971,Male,Information Media and Telecommunications,Managers,Between 20 and 199,Yes,Couple with dependent children,Between 1 and 5 years,Metro,10%,20%,100% - I spent all of my time remote working,Strongly agree,Strongly agree,Strongly agree,Strongly agree,Strongly agree,100% - All of my time,50% - About half of my time,Strongly agree,Somewhat agree,Strongly agree,I’m 20% more productive when working remotely,4.0,8.0,12.0,0.0,0.5,9.0,13.5,1.0,2020
861,1979,Male,"Professional, Scientific and Technical Services",Managers,Between 20 and 199,Yes,Couple with dependent children,More than 5 years,Metro,Less than 10% of my time,30%,90%,Strongly agree,Somewhat agree,Strongly agree,Strongly agree,Somewhat agree,40%,50% - About half of my time,Strongly agree,Strongly agree,Strongly agree,I’m 20% less productive when working remotely,2.0,10.0,1.5,3.0,0.0,10.0,3.0,2.0,2020
862,1994,Female,"Rental, Hiring and Real Estate Services",Professionals,More than 200,Yes,Couple with no dependent children,Between 1 and 5 years,Metro,Less than 10% of my time,Less than 10% of my time,100% - I spent all of my time remote working,Somewhat agree,Strongly agree,Strongly agree,Strongly agree,Strongly agree,50% - About half of my time,50% - About half of my time,Somewhat agree,Somewhat agree,Somewhat agree,My productivity is about same when I work remotely,0.0,8.0,0.0,0.0,0.0,8.0,0.0,0.0,2020
863,1977,Female,Health Care and Social Assistance,Clerical and administrative ,More than 200,No,Couple with no dependent children,More than 5 years,Metro,40%,40%,40%,Somewhat agree,Somewhat agree,Neither agree nor disagree,Somewhat agree,Somewhat agree,40%,40%,Somewhat agree,Somewhat agree,Somewhat agree,My productivity is about same when I work remotely,1.0,8.0,4.0,2.0,0.0,8.0,4.0,2.0,2020
864,1966,Male,Financial and Insurance Services,Professionals,Between 20 and 199,No,Single person,Between 1 and 5 years,Metro,Rarely or never ,100% - All of my time,100% - I spent all of my time remote working,Strongly agree,Strongly agree,Somewhat agree,Strongly agree,Somewhat agree,100% - All of my time,50% - About half of my time,Somewhat agree,Somewhat agree,Strongly agree,I’m 20% more productive when working remotely,3.0,9.0,2.0,2.0,1.0,9.5,2.0,1.5,2020
865,1963,Male,Construction,Labourers,Between 20 and 199,No,Couple with dependent children,Between 1 and 5 years,Regional,Less than 10% of my time,I would not have preferred to work remotely ,Less than 10% of my time,Somewhat disagree,Somewhat agree,Somewhat disagree,Somewhat agree,Somewhat disagree,Less than 10% of my time,I would prefer not to work remotely ,Somewhat disagree,Somewhat disagree,Somewhat disagree,I’m 10% less productive when working remotely,0.5,5.0,15.0,3.5,2.0,5.0,10.0,7.0,2020
866,1976,Female,Education and Training,Professionals,I am the only employee,Yes,Couple with dependent children,Between 1 and 5 years,Metro,100% - I spent all of my time remote working,80%,100% - I spent all of my time remote working,Strongly agree,Strongly agree,Strongly agree,Strongly agree,Somewhat agree,100% - All of my time,80%,Strongly agree,Strongly agree,Somewhat agree,I’m 50% more productive when working remotely (or more),1.0,6.0,2.0,5.0,0.25,5.0,3.0,5.0,2020
867,1967,Male,Other Services,Professionals,I am the only employee,Yes,Couple with dependent children,More than 5 years,Regional,80%,70%,100% - I spent all of my time remote working,Strongly agree,Somewhat agree,Somewhat agree,Strongly agree,Somewhat agree,70%,70%,Somewhat disagree,Somewhat agree,Neither agree nor disagree,I’m 10% less productive when working remotely,1.0,5.0,4.0,4.0,0.0,9.0,4.0,1.0,2020
868,1967,Male,Accommodation and Food Services,Clerical and administrative ,More than 200,No,Group household,More than 5 years,Metro,Rarely or never ,Less than 10% of my time,100% - I spent all of my time remote working,Strongly agree,Somewhat agree,Strongly agree,Strongly agree,Strongly agree,100% - All of my time,80%,Somewhat agree,Somewhat agree,Somewhat agree,I’m 40% more productive when working remotely,1.5,7.5,4.0,2.0,0.5,7.5,4.0,1.0,2020
869,1989,Female,Administrative and Support Services,Managers,Between 20 and 199,Yes,Couple with no dependent children,More than 5 years,Metro,Less than 10% of my time,40%,Less than 10% of my time,Strongly disagree,Somewhat disagree,Somewhat disagree,Somewhat disagree,Somewhat agree,80%,50% - About half of my time,Somewhat disagree,Somewhat disagree,Somewhat disagree,My productivity is about same when I work remotely,1.0,8.0,1.0,0.0,0.0,8.0,2.0,0.0,2020
870,1981,Female,Manufacturing,Managers,Between 20 and 199,Yes,One  parent family with dependent children,Between 1 and 5 years,Metro,60%,100% - All of my time,90%,Somewhat agree,Strongly agree,Strongly agree,Somewhat agree,Somewhat agree,90%,90%,Somewhat disagree,Somewhat disagree,Somewhat disagree,I’m 50% more productive when working remotely (or more),2.0,9.0,2.0,2.0,0.5,8.0,4.0,1.0,2020
871,1975,Male,Education and Training,Professionals,More than 200,No,Other one family household,Between 6 and 12 months,Metro,100% - I spent all of my time remote working,100% - All of my time,100% - I spent all of my time remote working,Strongly agree,Somewhat agree,Somewhat agree,Strongly agree,Somewhat agree,100% - All of my time,80%,Somewhat agree,Somewhat agree,Somewhat agree,I’m 20% more productive when working remotely,3.5,7.0,2.0,4.0,1.0,7.0,4.0,4.0,2020
872,1980,Female,Financial and Insurance Services,Managers,More than 200,Yes,Couple with no dependent children,Between 1 and 5 years,Metro,Rarely or never ,20%,100% - I spent all of my time remote working,Strongly agree,Strongly agree,Strongly agree,Strongly agree,Somewhat agree,50% - About half of my time,40%,Strongly agree,Strongly agree,Strongly agree,I’m 30% more productive when working remotely,1.5,8.0,2.0,1.0,0.5,8.0,3.0,1.0,2020
873,1983,Male,Other Services,Professionals,More than 200,Yes,Couple with dependent children,More than 5 years,Metro,Less than 10% of my time,70%,100% - I spent all of my time remote working,Strongly agree,Somewhat agree,Strongly agree,Strongly agree,Somewhat agree,80%,80%,Neither agree nor disagree,Neither agree nor disagree,Neither agree nor disagree,I’m 30% more productive when working remotely,0.5,7.5,12.0,4.0,0.0,7.5,12.5,4.0,2020
874,1979,Male,Other Services,Professionals,More than 200,No,Couple with dependent children,More than 5 years,Metro,Rarely or never ,40%,100% - I spent all of my time remote working,Strongly agree,Neither agree nor disagree,Strongly agree,Somewhat agree,Strongly agree,100% - All of my time,60%,Somewhat agree,Somewhat agree,Somewhat agree,I’m 30% more productive when working remotely,1.0,7.5,3.0,3.0,1.0,7.5,3.0,3.0,2020
875,1970,Female,"Professional, Scientific and Technical Services",Professionals,More than 200,No,Single person,Between 1 and 5 years,Regional,10%,50% - About half of my time,100% - I spent all of my time remote working,Somewhat agree,Strongly agree,Somewhat agree,Somewhat agree,Strongly agree,100% - All of my time,50% - About half of my time,Somewhat agree,Somewhat agree,Somewhat agree,I’m 30% more productive when working remotely,0.5,7.0,2.0,1.0,0.0,8.0,4.0,1.0,2020
876,1961,Male,Health Care and Social Assistance,Professionals,I am the only employee,Yes,Single person,More than 5 years,Regional,30%,30%,30%,Somewhat agree,Strongly agree,Somewhat agree,Somewhat agree,Neither agree nor disagree,20%,I would prefer not to work remotely ,Somewhat agree,Somewhat agree,Neither agree nor disagree,I’m 10% more productive when working remotely,3.0,7.0,3.0,4.0,1.0,8.0,4.0,4.0,2020
877,1976,Male,Manufacturing,Managers,Between 20 and 199,Yes,Couple with dependent children,Between 1 and 5 years,Metro,30%,30%,30%,Strongly agree,Strongly agree,Strongly agree,Somewhat agree,Somewhat agree,40%,40%,Strongly agree,Strongly agree,Somewhat agree,My productivity is about same when I work remotely,2.0,8.0,4.0,1.0,0.0,8.0,6.0,2.0,2020
878,1989,Male,"Transport, Postal and Warehousing",Managers,More than 200,Yes,Couple with no dependent children,More than 5 years,Metro,Less than 10% of my time,20%,90%,Somewhat agree,Somewhat agree,Somewhat agree,Somewhat agree,Somewhat agree,90%,80%,Somewhat agree,Somewhat agree,Somewhat agree,I’m 20% more productive when working remotely,2.0,7.0,2.0,4.0,0.0,8.0,3.0,3.0,2020
879,1958,Male,"Professional, Scientific and Technical Services",Professionals,More than 200,No,Couple with no dependent children,More than 5 years,Metro,Rarely or never ,I would not have preferred to work remotely ,90%,Strongly agree,Strongly agree,Strongly agree,Strongly agree,Somewhat disagree,I would not have preferred to work remotely ,I would prefer not to work remotely ,Somewhat agree,Strongly agree,Strongly agree,I’m 30% less productive when working remotely,1.5,8.0,4.0,0.5,0.5,6.0,5.0,0.5,2020
880,1967,Female,Administrative and Support Services,Professionals,More than 200,No,Couple with dependent children,More than 5 years,Regional,100% - I spent all of my time remote working,100% - All of my time,100% - I spent all of my time remote working,Strongly agree,Strongly agree,Strongly agree,Strongly agree,Somewhat agree,100% - All of my time,100% - All of my time,Somewhat agree,Somewhat agree,Somewhat agree,I’m 20% more productive when working remotely,1.0,7.5,2.5,1.0,0.0,8.0,2.0,2.0,2020
881,1961,Male,Public Administration and Safety,Professionals,Between 20 and 199,No,Couple with dependent children,Between 1 and 5 years,Metro,70%,80%,90%,Strongly agree,Strongly agree,Strongly agree,Strongly agree,Somewhat agree,80%,70%,Somewhat disagree,Neither agree nor disagree,Somewhat disagree,My productivity is about same when I work remotely,2.0,5.0,2.0,4.0,0.0,6.0,3.0,4.0,2020
882,1961,Male,"Professional, Scientific and Technical Services",Managers,More than 200,No,Couple with no dependent children,More than 5 years,Metro,60%,40%,100% - I spent all of my time remote working,Strongly agree,Somewhat agree,Strongly agree,Strongly agree,Somewhat agree,40%,10%,Somewhat agree,Somewhat agree,Somewhat agree,My productivity is about same when I work remotely,1.0,8.0,6.0,1.0,0.0,9.0,6.0,1.0,2020
883,1967,Male,Manufacturing,Sales ,Between 20 and 199,No,Couple with dependent children,Between 1 and 5 years,Metro,40%,40%,100% - I spent all of my time remote working,Somewhat agree,Somewhat agree,Strongly agree,Strongly agree,Somewhat agree,100% - All of my time,100% - All of my time,Somewhat agree,Somewhat agree,Somewhat agree,My productivity is about same when I work remotely,3.0,8.0,2.0,3.0,0.0,8.0,4.0,4.0,2020
884,1965,Female,Education and Training,Clerical and administrative ,More than 200,No,Multiple family household,More than 5 years,Metro,Rarely or never ,I would not have preferred to work remotely ,20%,Somewhat agree,Neither agree nor disagree,Somewhat agree,Neither agree nor disagree,Somewhat agree,I would not have preferred to work remotely ,I would prefer not to work remotely ,Strongly disagree,Strongly disagree,Strongly disagree,I’m 40% more productive when working remotely,2.0,7.0,10.0,5.0,1.0,8.0,11.0,4.0,2020
885,1961,Male,Wholesale Trade,Managers,Between 20 and 199,No,Couple with no dependent children,More than 5 years,Metro,Less than 10% of my time,I would not have preferred to work remotely ,20%,Somewhat agree,Strongly agree,Somewhat agree,Strongly agree,Somewhat agree,80%,20%,Somewhat disagree,Somewhat disagree,Somewhat disagree,My productivity is about same when I work remotely,1.5,9.0,5.0,0.0,0.0,9.0,6.0,0.5,2020
886,1967,Female,"Transport, Postal and Warehousing",Managers,More than 200,Yes,Group household,More than 5 years,Metro,10%,10%,10%,Strongly agree,Strongly agree,Strongly agree,Strongly agree,Strongly agree,10%,20%,Somewhat agree,Somewhat agree,Somewhat agree,I’m 10% less productive when working remotely,1.0,8.0,4.0,4.0,0.0,8.0,5.0,4.0,2020
887,1980,Male,"Transport, Postal and Warehousing",Managers,More than 200,No,Couple with dependent children,More than 5 years,Metro,20%,30%,20%,Strongly agree,Somewhat agree,Strongly agree,Strongly agree,Somewhat agree,40%,40%,Somewhat agree,Somewhat agree,Strongly agree,I’m 20% more productive when working remotely,1.0,8.0,4.0,2.0,0.0,7.5,4.5,2.0,2020
888,1970,Female,Health Care and Social Assistance,Community and personal service ,Between 20 and 199,No,Couple with no dependent children,Between 1 and 5 years,Regional,Rarely or never ,50% - About half of my time,90%,Strongly agree,Somewhat agree,Strongly agree,Strongly agree,Strongly agree,90%,50% - About half of my time,Somewhat disagree,Somewhat disagree,Somewhat disagree,I’m 10% more productive when working remotely,0.5,6.0,4.0,1.0,0.0,7.0,5.0,2.0,2020
889,1978,Female,Education and Training,Professionals,More than 200,No,Couple with dependent children,More than 5 years,Regional,40%,50% - About half of my time,100% - I spent all of my time remote working,Somewhat agree,Somewhat agree,Somewhat agree,Somewhat agree,Somewhat agree,100% - All of my time,50% - About half of my time,Somewhat disagree,Somewhat disagree,Somewhat disagree,I’m 20% more productive when working remotely,2.0,8.0,2.0,3.0,0.5,8.0,4.0,3.0,2020
890,1968,Female,Administrative and Support Services,Professionals,Between 5 and 19,No,Couple with no dependent children,Between 1 and 5 years,Metro,50% - I spent about half of my time remote working,50% - About half of my time,70%,Strongly agree,Strongly agree,Strongly agree,Strongly agree,Strongly agree,80%,60%,Somewhat disagree,Neither agree nor disagree,Somewhat agree,My productivity is about same when I work remotely,2.0,9.0,3.0,1.0,0.5,10.0,4.0,2.0,2020
891,1958,Female,Other Services,Managers,Between 20 and 199,Yes,Other one family household,Between 1 and 5 years,Metro,30%,80%,100% - I spent all of my time remote working,Strongly agree,Strongly agree,Strongly agree,Strongly agree,Strongly agree,100% - All of my time,100% - All of my time,Strongly agree,Strongly agree,Strongly agree,I’m 50% more productive when working remotely (or more),2.0,8.0,4.0,2.0,1.0,9.0,4.0,2.0,2020
892,1994,Male,Public Administration and Safety,Clerical and administrative ,Between 20 and 199,No,Other one family household,Between 1 and 5 years,Metro,Rarely or never ,Less than 10% of my time,90%,Strongly agree,Strongly agree,Strongly agree,Strongly agree,Strongly agree,90%,50% - About half of my time,Strongly agree,Strongly agree,Somewhat agree,I’m 20% more productive when working remotely,2.0,9.0,2.0,1.0,0.5,11.0,4.0,1.5,2020
893,1965,Male,Financial and Insurance Services,Managers,More than 200,Yes,Couple with no dependent children,Between 1 and 5 years,Metro,Less than 10% of my time,30%,50% - I spent about half of my time remote working,Somewhat agree,Somewhat agree,Somewhat agree,Somewhat agree,Strongly agree,80%,50% - About half of my time,Neither agree nor disagree,Neither agree nor disagree,Neither agree nor disagree,My productivity is about same when I work remotely,4.0,8.0,6.0,4.0,0.5,8.0,6.0,4.0,2020
894,1978,Male,"Professional, Scientific and Technical Services",Technicians and trades ,More than 200,No,Couple with dependent children,More than 5 years,Metro,Less than 10% of my time,20%,100% - I spent all of my time remote working,Strongly agree,Strongly agree,Strongly agree,Strongly agree,Somewhat agree,100% - All of my time,30%,Neither agree nor disagree,Neither agree nor disagree,Somewhat agree,I’m 10% more productive when working remotely,1.5,8.0,2.0,1.5,0.5,8.5,2.0,2.0,2020
895,1969,Male,Financial and Insurance Services,Managers,More than 200,Yes,Couple with dependent children,More than 5 years,Metro,20%,20%,100% - I spent all of my time remote working,Strongly agree,Strongly agree,Strongly agree,Strongly agree,Neither agree nor disagree,50% - About half of my time,50% - About half of my time,Neither agree nor disagree,Somewhat agree,Somewhat agree,My productivity is about same when I work remotely,1.0,9.0,12.0,2.0,0.0,8.0,14.0,2.0,2020
896,1981,Male,Administrative and Support Services,Professionals,More than 200,No,Couple with no dependent children,Between 6 and 12 months,Metro,10%,50% - About half of my time,100% - I spent all of my time remote working,Strongly agree,Strongly agree,Strongly agree,Strongly agree,Strongly agree,50% - About half of my time,50% - About half of my time,Somewhat agree,Somewhat agree,Somewhat agree,I’m 30% more productive when working remotely,2.0,9.0,4.0,1.0,0.5,10.0,4.0,1.0,2020
897,1978,Female,Public Administration and Safety,Clerical and administrative ,More than 200,No,Couple with dependent children,More than 5 years,Metro,30%,50% - About half of my time,100% - I spent all of my time remote working,Strongly agree,Strongly agree,Strongly agree,Strongly agree,Strongly agree,100% - All of my time,80%,Strongly agree,Strongly agree,Strongly agree,I’m 50% more productive when working remotely (or more),6.0,6.0,6.0,6.0,0.0,9.0,10.0,5.0,2020
898,1963,Female,Arts and Recreation Services,Professionals,I am the only employee,No,Couple with dependent children,Between 1 and 5 years,Metro,100% - I spent all of my time remote working,50% - About half of my time,100% - I spent all of my time remote working,Neither agree nor disagree,Somewhat disagree,Strongly disagree,Neither agree nor disagree,Neither agree nor disagree,100% - All of my time,50% - About half of my time,Strongly agree,Neither agree nor disagree,Strongly agree,My productivity is about same when I work remotely,3.0,3.0,3.0,3.0,6.0,3.0,1.5,1.5,2020
899,1965,Female,Health Care and Social Assistance,Managers,More than 200,Yes,Couple with no dependent children,More than 5 years,Regional,90%,90%,90%,Strongly agree,Strongly agree,Strongly agree,Strongly agree,Strongly agree,90%,90%,Strongly agree,Strongly agree,Strongly agree,I’m 50% more productive when working remotely (or more),1.0,5.0,14.0,4.0,0.0,8.0,12.0,4.0,2020
900,1983,Male,Information Media and Telecommunications,Sales ,More than 200,No,Couple with no dependent children,More than 5 years,Metro,Rarely or never ,50% - About half of my time,70%,Strongly agree,Strongly agree,Strongly agree,Strongly agree,Strongly agree,50% - About half of my time,50% - About half of my time,Somewhat disagree,Somewhat agree,Neither agree nor disagree,My productivity is about same when I work remotely,1.0,8.0,4.5,0.5,0.5,8.0,5.0,0.5,2020
901,1969,Male,Information Media and Telecommunications,Managers,More than 200,Yes,Couple with no dependent children,More than 5 years,Metro,10%,10%,100% - I spent all of my time remote working,Somewhat agree,Strongly agree,Neither agree nor disagree,Strongly agree,Neither agree nor disagree,100% - All of my time,60%,Somewhat agree,Somewhat agree,Somewhat agree,I’m 40% more productive when working remotely,3.0,8.0,4.0,4.0,0.0,12.0,4.0,4.0,2020
902,1989,Female,Education and Training,Clerical and administrative ,More than 200,No,Couple with no dependent children,Between 1 and 5 years,Regional,80%,60%,90%,Strongly agree,Somewhat agree,Neither agree nor disagree,Neither agree nor disagree,Somewhat agree,90%,50% - About half of my time,Somewhat disagree,Neither agree nor disagree,Neither agree nor disagree,I’m 20% more productive when working remotely,0.75,7.0,1.0,0.5,0.25,7.0,2.0,1.0,2020
903,1972,Male,Public Administration and Safety,Professionals,More than 200,No,Couple with dependent children,Between 1 and 5 years,Metro,Less than 10% of my time,80%,100% - I spent all of my time remote working,Strongly agree,Somewhat agree,Strongly agree,Strongly agree,Strongly agree,100% - All of my time,80%,Somewhat agree,Somewhat agree,Somewhat agree,My productivity is about same when I work remotely,3.0,7.5,3.0,3.0,0.0,7.0,6.0,3.0,2020
904,1989,Male,"Professional, Scientific and Technical Services",Managers,More than 200,Yes,Couple with no dependent children,More than 5 years,Regional,50% - I spent about half of my time remote working,70%,70%,Somewhat agree,Somewhat agree,Somewhat agree,Somewhat agree,Strongly agree,70%,70%,Somewhat agree,Somewhat agree,Somewhat agree,I’m 30% more productive when working remotely,2.0,9.0,5.0,1.0,0.0,9.0,6.0,2.0,2020
905,1957,Male,Financial and Insurance Services,Professionals,More than 200,No,Couple with no dependent children,More than 5 years,Metro,50% - I spent about half of my time remote working,100% - All of my time,100% - I spent all of my time remote working,Strongly agree,Strongly agree,Strongly agree,Strongly agree,Strongly agree,100% - All of my time,90%,Somewhat agree,Somewhat agree,Somewhat agree,I’m 20% more productive when working remotely,2.0,8.0,5.0,0.0,0.0,9.0,6.0,1.0,2020
906,1978,Female,"Professional, Scientific and Technical Services",Managers,More than 200,Yes,Couple with dependent children,Between 6 and 12 months,Metro,40%,50% - About half of my time,60%,Somewhat agree,Somewhat agree,Somewhat agree,Strongly agree,Somewhat agree,10%,10%,Neither agree nor disagree,Somewhat agree,Somewhat agree,I’m 10% more productive when working remotely,2.0,3.0,2.0,3.0,2.0,4.0,3.0,3.0,2020
907,1966,Female,Other Services,Clerical and administrative ,Between 1 and 4,No,Couple with no dependent children,Between 1 and 5 years,Regional,100% - I spent all of my time remote working,100% - All of my time,100% - I spent all of my time remote working,Strongly agree,Strongly agree,Strongly agree,Strongly agree,Strongly agree,100% - All of my time,100% - All of my time,Strongly agree,Somewhat agree,Neither agree nor disagree,My productivity is about same when I work remotely,0.0,0.0,0.0,0.0,0.0,8.0,8.0,8.0,2020
908,1987,Female,Other Services,Managers,More than 200,Yes,Single person,Between 1 and 5 years,Metro,20%,20%,90%,Strongly agree,Strongly agree,Strongly agree,Strongly agree,Somewhat agree,90%,50% - About half of my time,Somewhat agree,Somewhat agree,Somewhat agree,I’m 50% more productive when working remotely (or more),1.5,8.0,0.5,0.5,0.0,8.0,1.0,1.0,2020
909,1970,Male,Other Services,Technicians and trades ,Between 5 and 19,Yes,Couple with dependent children,More than 5 years,Regional,50% - I spent about half of my time remote working,80%,100% - I spent all of my time remote working,Strongly agree,Strongly agree,Strongly agree,Strongly agree,Strongly agree,50% - About half of my time,50% - About half of my time,Somewhat agree,Somewhat agree,Somewhat agree,I’m 50% more productive when working remotely (or more),1.0,10.0,8.0,5.0,2.0,12.0,4.0,6.0,2020
910,1973,Male,Arts and Recreation Services,Managers,Between 5 and 19,Yes,Couple with no dependent children,More than 5 years,Metro,30%,30%,20%,Strongly agree,Strongly agree,Strongly agree,Strongly agree,Somewhat agree,20%,30%,Somewhat disagree,Somewhat agree,Somewhat agree,My productivity is about same when I work remotely,0.25,9.0,3.5,0.5,0.0,7.0,7.0,0.5,2020
911,1976,Male,Education and Training,Professionals,More than 200,Yes,Single person,More than 5 years,Regional,20%,100% - All of my time,70%,Strongly disagree,Neither agree nor disagree,Somewhat agree,Somewhat agree,Neither agree nor disagree,100% - All of my time,50% - About half of my time,Strongly disagree,Strongly disagree,Neither agree nor disagree,I’m 20% more productive when working remotely,2.0,8.0,3.0,3.0,0.0,10.0,3.0,2.0,2020
912,1978,Female,"Professional, Scientific and Technical Services",Professionals,More than 200,No,Couple with dependent children,Between 1 and 5 years,Metro,Less than 10% of my time,30%,100% - I spent all of my time remote working,Strongly agree,Strongly agree,Strongly agree,Strongly agree,Strongly agree,100% - All of my time,80%,Somewhat agree,Somewhat agree,Strongly agree,I’m 30% more productive when working remotely,1.0,10.0,10.0,3.0,0.0,11.0,10.0,3.0,2020
913,1970,Male,"Professional, Scientific and Technical Services",Professionals,More than 200,No,Other one family household,More than 5 years,Regional,Rarely or never ,Less than 10% of my time,100% - I spent all of my time remote working,Strongly agree,Strongly agree,Somewhat agree,Strongly agree,Neither agree nor disagree,80%,90%,Strongly agree,Strongly agree,Neither agree nor disagree,My productivity is about same when I work remotely,1.0,8.0,14.0,1.0,0.0,8.0,14.0,2.0,2020
914,1956,Male,Financial and Insurance Services,Technicians and trades ,More than 200,No,Couple with dependent children,Between 1 and 5 years,Regional,Less than 10% of my time,I would not have preferred to work remotely ,10%,Strongly agree,Somewhat agree,Strongly agree,Strongly agree,Neither agree nor disagree,I would not have preferred to work remotely ,I would prefer not to work remotely ,Somewhat agree,Somewhat agree,Neither agree nor disagree,I’m 30% less productive when working remotely,0.6,7.5,3.5,3.0,0.1,7.5,3.5,3.0,2020
915,1975,Male,Manufacturing,Managers,More than 200,No,Couple with dependent children,More than 5 years,Metro,100% - I spent all of my time remote working,90%,100% - I spent all of my time remote working,Strongly agree,Strongly agree,Strongly agree,Strongly agree,Strongly agree,100% - All of my time,80%,Neither agree nor disagree,Neither agree nor disagree,Neither agree nor disagree,I’m 50% more productive when working remotely (or more),3.0,6.0,2.0,2.0,0.0,9.5,4.0,3.0,2020
916,1970,Male,Information Media and Telecommunications,Professionals,More than 200,Yes,Single person,More than 5 years,Metro,Less than 10% of my time,30%,50% - I spent about half of my time remote working,Somewhat agree,Neither agree nor disagree,Somewhat agree,Somewhat agree,Somewhat agree,80%,30%,Neither agree nor disagree,Neither agree nor disagree,Somewhat disagree,My productivity is about same when I work remotely,2.0,6.0,0.5,0.5,0.0,7.0,0.5,0.5,2020
917,1974,Male,Manufacturing,Managers,Between 5 and 19,Yes,Couple with dependent children,Between 1 and 5 years,Metro,10%,40%,10%,Strongly agree,Strongly agree,Strongly agree,Strongly agree,Strongly agree,60%,40%,Strongly agree,Strongly agree,Strongly agree,I’m 10% less productive when working remotely,1.0,1.0,1.0,1.0,1.0,1.0,1.0,1.0,2020
918,1968,Male,Public Administration and Safety,Managers,More than 200,Yes,Couple with no dependent children,More than 5 years,Metro,Less than 10% of my time,20%,50% - I spent about half of my time remote working,Strongly agree,Somewhat agree,Somewhat agree,Strongly agree,Somewhat agree,50% - About half of my time,20%,Somewhat agree,Somewhat agree,Somewhat agree,I’m 20% less productive when working remotely,2.0,8.0,3.0,1.0,0.0,8.0,5.0,1.0,2020
919,1975,Male,Health Care and Social Assistance,Professionals,Between 20 and 199,Yes,Couple with dependent children,More than 5 years,Regional,Rarely or never ,20%,Less than 10% of my time,Somewhat disagree,Somewhat agree,Somewhat disagree,Neither agree nor disagree,Somewhat agree,50% - About half of my time,20%,Strongly disagree,Somewhat disagree,Somewhat disagree,I’m 20% more productive when working remotely,1.5,7.0,4.0,2.0,0.5,7.0,6.0,2.0,2020
920,1982,Female,Health Care and Social Assistance,Professionals,Between 20 and 199,No,Multiple family household,More than 5 years,Metro,30%,30%,100% - I spent all of my time remote working,Strongly agree,Strongly agree,Neither agree nor disagree,Neither agree nor disagree,Strongly agree,100% - All of my time,50% - About half of my time,Somewhat disagree,Somewhat agree,Somewhat disagree,I’m 40% more productive when working remotely,2.0,10.0,2.0,1.0,0.0,10.0,5.0,2.0,2020
921,1977,Female,Education and Training,Managers,Between 20 and 199,Yes,Single person,More than 5 years,Metro,Less than 10% of my time,50% - About half of my time,90%,Somewhat agree,Neither agree nor disagree,Somewhat agree,Somewhat agree,Somewhat agree,90%,80%,Neither agree nor disagree,Neither agree nor disagree,Somewhat agree,I’m 30% more productive when working remotely,1.0,8.0,8.0,7.0,0.0,8.0,8.0,8.0,2020
922,1972,Female,"Professional, Scientific and Technical Services",Managers,Between 1 and 4,Yes,Couple with no dependent children,Between 1 and 5 years,Metro,90%,90%,80%,Strongly agree,Strongly agree,Strongly agree,Strongly agree,Strongly agree,90%,100% - All of my time,Strongly agree,Neither agree nor disagree,Neither agree nor disagree,I’m 50% more productive when working remotely (or more),2.5,2.0,3.0,4.0,0.0,4.0,3.0,4.0,2020
923,1972,Female,Wholesale Trade,Sales ,Between 20 and 199,No,One  parent family with dependent children,Between 1 and 5 years,Metro,Rarely or never ,30%,20%,Strongly disagree,Strongly disagree,Strongly disagree,Strongly disagree,Somewhat agree,50% - About half of my time,40%,Strongly disagree,Strongly disagree,Strongly disagree,My productivity is about same when I work remotely,4.0,8.0,3.0,3.0,0.0,7.0,4.0,2.0,2020
924,1979,Female,Other Services,Clerical and administrative ,Between 5 and 19,No,Single person,More than 5 years,Metro,Less than 10% of my time,50% - About half of my time,20%,Somewhat disagree,Somewhat disagree,Somewhat disagree,Somewhat disagree,Somewhat agree,80%,50% - About half of my time,Somewhat disagree,Somewhat disagree,Somewhat disagree,I’m 10% more productive when working remotely,1.0,8.0,1.0,1.0,0.0,8.0,0.0,0.0,2020
925,1978,Female,Financial and Insurance Services,Professionals,Between 20 and 199,Yes,Couple with dependent children,More than 5 years,Metro,Rarely or never ,Less than 10% of my time,30%,Strongly disagree,Somewhat agree,Strongly disagree,Strongly disagree,Neither agree nor disagree,50% - About half of my time,50% - About half of my time,Strongly disagree,Strongly disagree,Strongly disagree,My productivity is about same when I work remotely,3.0,6.0,2.0,3.0,0.0,8.0,3.0,3.0,2020
926,1974,Male,Financial and Insurance Services,Professionals,More than 200,No,Couple with dependent children,More than 5 years,Metro,20%,40%,100% - I spent all of my time remote working,Strongly agree,Somewhat agree,Strongly agree,Strongly agree,Strongly agree,100% - All of my time,40%,Somewhat agree,Neither agree nor disagree,Somewhat agree,My productivity is about same when I work remotely,0.5,7.5,1.0,1.0,0.0,7.5,1.0,1.0,2020
927,1983,Male,"Transport, Postal and Warehousing",Managers,More than 200,Yes,Couple with dependent children,More than 5 years,Metro,100% - I spent all of my time remote working,100% - All of my time,100% - I spent all of my time remote working,Neither agree nor disagree,Somewhat agree,Somewhat agree,Somewhat agree,Somewhat agree,100% - All of my time,100% - All of my time,Somewhat agree,Somewhat agree,Somewhat agree,My productivity is about same when I work remotely,1.0,8.0,8.0,7.0,1.0,8.0,8.0,7.0,2020
928,1967,Male,Manufacturing,Managers,Between 20 and 199,Yes,Couple with dependent children,More than 5 years,Metro,20%,30%,100% - I spent all of my time remote working,Somewhat agree,Strongly agree,Somewhat agree,Strongly agree,Neither agree nor disagree,100% - All of my time,40%,Somewhat agree,Strongly agree,Strongly agree,My productivity is about same when I work remotely,2.5,7.5,2.0,2.0,0.0,7.5,3.0,3.0,2020
929,1961,Male,Other Services,Managers,Between 1 and 4,No,Couple with no dependent children,Between 1 and 5 years,Regional,80%,70%,100% - I spent all of my time remote working,Strongly agree,Strongly agree,Strongly agree,Somewhat agree,Strongly agree,70%,70%,Somewhat agree,Neither agree nor disagree,Neither agree nor disagree,I’m 30% more productive when working remotely,2.0,8.0,3.0,1.0,0.0,10.0,4.0,1.0,2020
930,1962,Female,"Professional, Scientific and Technical Services",Professionals,Between 1 and 4,No,Couple with no dependent children,More than 5 years,Regional,10%,10%,90%,Strongly agree,Somewhat agree,Strongly agree,Strongly agree,Somewhat agree,100% - All of my time,50% - About half of my time,Somewhat agree,Somewhat agree,Somewhat agree,I’m 20% less productive when working remotely,0.5,8.0,2.0,2.0,0.0,8.0,2.0,2.0,2020
931,1971,Male,"Professional, Scientific and Technical Services",Technicians and trades ,Between 20 and 199,No,Single person,Between 6 and 12 months,Regional,Rarely or never ,100% - All of my time,Less than 10% of my time,Somewhat agree,Somewhat agree,Somewhat agree,Somewhat agree,Somewhat agree,100% - All of my time,50% - About half of my time,Strongly disagree,Strongly disagree,Strongly disagree,My productivity is about same when I work remotely,1.0,9.0,12.0,2.0,0.5,9.0,12.0,2.5,2020
932,1969,Female,"Professional, Scientific and Technical Services",Community and personal service ,More than 200,No,Couple with no dependent children,More than 5 years,Metro,20%,Less than 10% of my time,Rarely or never ,,,,,,50% - About half of my time,50% - About half of my time,Somewhat disagree,Somewhat disagree,Strongly disagree,I’m 20% more productive when working remotely,3.0,6.5,4.0,1.0,0.5,5.0,8.0,2.0,2020
933,1988,Female,"Professional, Scientific and Technical Services",Managers,More than 200,Yes,Couple with no dependent children,More than 5 years,Metro,Rarely or never ,I would not have preferred to work remotely ,100% - I spent all of my time remote working,Somewhat agree,Somewhat agree,Strongly agree,Strongly agree,Somewhat agree,100% - All of my time,I would prefer not to work remotely ,Neither agree nor disagree,Somewhat agree,Somewhat agree,My productivity is about same when I work remotely,1.0,9.0,5.0,1.5,0.0,9.0,6.0,1.5,2020
934,1937,Male,Financial and Insurance Services,Professionals,More than 200,Yes,Couple with no dependent children,Between 1 and 5 years,Metro,70%,I would not have preferred to work remotely ,40%,Somewhat agree,Strongly disagree,Strongly disagree,Strongly agree,Somewhat disagree,I would not have preferred to work remotely ,I would prefer not to work remotely ,Somewhat disagree,Somewhat disagree,Somewhat disagree,I’m 50% less productive when working remotely (or less),1.0,7.0,1.0,1.0,2.0,11.0,9.0,2.0,2020
935,1991,Female,Retail Trade,Professionals,Between 20 and 199,No,Other one family household,More than 5 years,Metro,90%,80%,100% - I spent all of my time remote working,Strongly agree,Somewhat agree,Strongly agree,Strongly agree,Strongly agree,90%,60%,Neither agree nor disagree,Neither agree nor disagree,Neither agree nor disagree,I’m 10% less productive when working remotely,2.0,4.0,0.5,5.0,0.25,6.0,1.0,1.0,2020
936,1982,Female,Public Administration and Safety,Managers,More than 200,Yes,Other one family household,Between 1 and 5 years,Metro,10%,20%,100% - I spent all of my time remote working,Strongly agree,Strongly agree,Strongly agree,Strongly agree,Strongly agree,100% - All of my time,50% - About half of my time,Neither agree nor disagree,Strongly agree,Strongly agree,I’m 50% more productive when working remotely (or more),3.0,8.0,2.0,0.0,1.0,9.0,2.0,0.0,2020
937,1981,Female,Health Care and Social Assistance,Community and personal service ,More than 200,No,Couple with dependent children,Between 6 and 12 months,Regional,80%,90%,90%,Strongly agree,Strongly agree,Somewhat agree,Strongly agree,Strongly agree,90%,90%,Strongly agree,Strongly agree,Strongly agree,I’m 50% more productive when working remotely (or more),0.2,7.5,12.0,4.3,0.1,7.5,12.4,4.0,2020
938,1986,Male,Education and Training,Managers,More than 200,No,Couple with no dependent children,More than 5 years,Metro,20%,30%,80%,Neither agree nor disagree,Somewhat agree,Somewhat agree,Somewhat agree,Somewhat agree,80%,90%,Somewhat agree,Neither agree nor disagree,Somewhat agree,I’m 20% more productive when working remotely,2.0,8.0,2.0,1.0,0.0,9.0,3.0,1.0,2020
939,1983,Male,Information Media and Telecommunications,Managers,More than 200,No,Couple with no dependent children,More than 5 years,Metro,Less than 10% of my time,I would not have preferred to work remotely ,100% - I spent all of my time remote working,Strongly agree,Strongly agree,Strongly agree,Strongly agree,Somewhat agree,50% - About half of my time,40%,Strongly agree,Strongly agree,Strongly agree,I’m 30% less productive when working remotely,1.0,9.5,0.5,0.0,0.5,8.0,1.5,1.0,2020
940,1981,Male,Financial and Insurance Services,Professionals,Between 5 and 19,No,Couple with no dependent children,Between 1 and 5 years,Metro,Less than 10% of my time,10%,50% - I spent about half of my time remote working,Neither agree nor disagree,Neither agree nor disagree,Neither agree nor disagree,Neither agree nor disagree,Neither agree nor disagree,50% - About half of my time,20%,Neither agree nor disagree,Neither agree nor disagree,Neither agree nor disagree,My productivity is about same when I work remotely,1.0,7.0,3.0,2.0,0.0,7.0,5.0,2.0,2020
941,1978,Male,"Professional, Scientific and Technical Services",Managers,Between 20 and 199,Yes,Couple with dependent children,More than 5 years,Metro,10%,10%,100% - I spent all of my time remote working,Strongly agree,Strongly agree,Somewhat agree,Strongly agree,Somewhat agree,100% - All of my time,50% - About half of my time,Strongly agree,Strongly agree,Strongly agree,I’m 10% more productive when working remotely,1.0,9.0,3.0,3.0,0.5,8.0,4.0,3.0,2020
942,1985,Female,Financial and Insurance Services,Clerical and administrative ,More than 200,No,Couple with dependent children,Between 1 and 5 years,Regional,Less than 10% of my time,90%,90%,Somewhat agree,Somewhat agree,Somewhat agree,Somewhat agree,Somewhat agree,90%,90%,Neither agree nor disagree,Somewhat agree,Somewhat agree,My productivity is about same when I work remotely,1.5,7.5,2.0,1.0,0.5,7.5,3.0,2.0,2020
943,1968,Male,"Professional, Scientific and Technical Services",Professionals,More than 200,No,Single person,Between 1 and 5 years,Metro,20%,50% - About half of my time,100% - I spent all of my time remote working,Strongly agree,Neither agree nor disagree,Strongly disagree,Neither agree nor disagree,Somewhat agree,100% - All of my time,100% - All of my time,Somewhat disagree,Somewhat disagree,Somewhat disagree,My productivity is about same when I work remotely,2.0,12.0,2.0,0.0,0.5,12.0,4.0,0.0,2020
944,1959,Female,Education and Training,Managers,More than 200,Yes,Couple with no dependent children,More than 5 years,Regional,Less than 10% of my time,Less than 10% of my time,Rarely or never ,,,,,,10%,Less than 10% of my time,Somewhat disagree,Somewhat disagree,Somewhat disagree,My productivity is about same when I work remotely,1.0,7.0,4.0,4.0,1.0,7.0,4.0,4.0,2020
945,1988,Female,Retail Trade,Technicians and trades ,Between 5 and 19,No,One  parent family with dependent children,Between 6 and 12 months,Metro,30%,20%,40%,Somewhat disagree,Neither agree nor disagree,Somewhat agree,Somewhat agree,Strongly agree,70%,20%,Strongly agree,Somewhat agree,Neither agree nor disagree,My productivity is about same when I work remotely,1.0,1.0,1.0,1.0,1.0,1.0,1.0,1.0,2020
946,1970,Male,Health Care and Social Assistance,Professionals,Between 5 and 19,Yes,Couple with dependent children,More than 5 years,Regional,50% - I spent about half of my time remote working,70%,50% - I spent about half of my time remote working,Somewhat agree,Somewhat agree,Strongly agree,Somewhat agree,Somewhat agree,70%,50% - About half of my time,Somewhat disagree,Neither agree nor disagree,Somewhat disagree,I’m 20% more productive when working remotely,3.0,6.0,0.5,0.0,0.5,7.0,1.0,1.0,2020
947,1969,Female,Wholesale Trade,Managers,Between 5 and 19,Yes,Couple with dependent children,More than 5 years,Metro,Rarely or never ,Less than 10% of my time,10%,Somewhat disagree,Somewhat disagree,Somewhat disagree,Somewhat disagree,Somewhat agree,Less than 10% of my time,Less than 10% of my time,Somewhat disagree,Somewhat disagree,Somewhat disagree,I’m 30% more productive when working remotely,0.5,9.0,2.0,2.0,0.25,9.0,1.0,2.0,2020
948,1988,Female,Arts and Recreation Services,Professionals,Between 5 and 19,No,Group household,More than 5 years,Regional,Less than 10% of my time,20%,Less than 10% of my time,Somewhat disagree,Somewhat agree,Somewhat disagree,Somewhat agree,Somewhat agree,20%,20%,Somewhat disagree,Somewhat disagree,Somewhat disagree,I’m 50% more productive when working remotely (or more),0.5,6.0,1.0,1.0,0.0,7.0,0.5,0.5,2020
949,1972,Male,Manufacturing,Clerical and administrative ,Between 5 and 19,No,Couple with dependent children,Between 6 and 12 months,Metro,30%,20%,20%,Somewhat disagree,Neither agree nor disagree,Somewhat agree,Neither agree nor disagree,Neither agree nor disagree,60%,30%,Neither agree nor disagree,Neither agree nor disagree,Somewhat disagree,I’m 30% more productive when working remotely,1.0,8.0,1.0,1.0,1.0,5.0,4.0,2.0,2020
950,1980,Male,Construction,Professionals,More than 200,Yes,Couple with no dependent children,Between 1 and 5 years,Metro,Less than 10% of my time,20%,90%,Strongly agree,Strongly agree,Strongly agree,Strongly agree,Strongly agree,90%,50% - About half of my time,Somewhat disagree,Neither agree nor disagree,Somewhat disagree,I’m 30% more productive when working remotely,1.0,7.0,5.0,3.0,0.1,8.0,6.0,6.0,2020
951,1985,Male,Financial and Insurance Services,Clerical and administrative ,More than 200,No,Couple with dependent children,Between 6 and 12 months,Metro,70%,50% - About half of my time,100% - I spent all of my time remote working,Strongly agree,Strongly agree,Strongly agree,Strongly agree,Somewhat agree,100% - All of my time,50% - About half of my time,Somewhat agree,Strongly agree,Somewhat agree,I’m 10% less productive when working remotely,2.5,7.5,4.0,2.0,0.0,7.5,4.5,4.0,2020
952,1987,Female,Retail Trade,Managers,More than 200,No,Couple with no dependent children,Between 1 and 5 years,Metro,Less than 10% of my time,20%,100% - I spent all of my time remote working,Somewhat agree,Strongly agree,Somewhat agree,Strongly agree,Somewhat agree,60%,40%,Neither agree nor disagree,Neither agree nor disagree,Somewhat agree,My productivity is about same when I work remotely,1.5,10.0,3.0,1.0,0.0,12.0,2.5,1.5,2020
953,1956,Male,"Professional, Scientific and Technical Services",Professionals,Between 5 and 19,No,Couple with no dependent children,Between 1 and 5 years,Regional,100% - I spent all of my time remote working,100% - All of my time,100% - I spent all of my time remote working,Neither agree nor disagree,Strongly agree,Somewhat agree,Strongly agree,Strongly agree,100% - All of my time,100% - All of my time,Somewhat agree,Somewhat agree,Strongly agree,I’m 30% more productive when working remotely,1.0,4.0,6.0,4.0,0.0,4.0,6.0,4.0,2020
954,1965,Male,Public Administration and Safety,Managers,More than 200,Yes,Couple with no dependent children,More than 5 years,Metro,Less than 10% of my time,20%,50% - I spent about half of my time remote working,Strongly agree,Somewhat disagree,Strongly agree,Strongly agree,Somewhat agree,60%,40%,Neither agree nor disagree,Somewhat agree,Somewhat agree,My productivity is about same when I work remotely,2.5,7.5,3.0,2.0,0.0,6.5,8.0,2.0,2020
955,1972,Male,"Professional, Scientific and Technical Services",Professionals,Between 20 and 199,Yes,Couple with dependent children,Between 1 and 5 years,Metro,Less than 10% of my time,20%,90%,Strongly agree,Somewhat disagree,Strongly agree,Strongly agree,Neither agree nor disagree,20%,30%,Somewhat disagree,Neither agree nor disagree,Somewhat agree,I’m 10% less productive when working remotely,1.0,9.0,1.0,1.0,0.0,10.0,2.0,3.0,2020
956,1991,Male,Information Media and Telecommunications,Professionals,More than 200,No,Group household,Between 1 and 5 years,Metro,Rarely or never ,20%,10%,Somewhat disagree,Somewhat agree,Somewhat disagree,Somewhat disagree,Somewhat agree,20%,30%,Strongly disagree,Somewhat disagree,Somewhat disagree,My productivity is about same when I work remotely,2.0,8.0,12.0,2.0,0.5,7.5,4.0,12.0,2020
957,1977,Female,Retail Trade,Managers,Between 5 and 19,Yes,Couple with dependent children,More than 5 years,Regional,40%,50% - About half of my time,40%,Strongly agree,Strongly agree,Strongly agree,Strongly agree,Strongly agree,50% - About half of my time,30%,Somewhat agree,Strongly agree,Somewhat agree,I’m 40% more productive when working remotely,0.5,8.0,4.0,8.0,0.25,6.0,8.0,8.0,2020
958,1991,Male,Information Media and Telecommunications,Professionals,Between 5 and 19,No,Other one family household,Between 1 and 5 years,Regional,Rarely or never ,100% - All of my time,100% - I spent all of my time remote working,Somewhat disagree,Somewhat agree,Strongly disagree,Strongly agree,Somewhat agree,100% - All of my time,100% - All of my time,Strongly disagree,Somewhat agree,Somewhat disagree,My productivity is about same when I work remotely,0.5,8.0,0.0,0.0,0.0,8.0,0.0,0.0,2020
959,1962,Male,Education and Training,Professionals,More than 200,Yes,Couple with dependent children,More than 5 years,Metro,20%,40%,90%,Strongly agree,Strongly agree,Strongly agree,Strongly agree,Somewhat agree,60%,40%,Strongly agree,Strongly agree,Strongly agree,My productivity is about same when I work remotely,2.5,10.0,4.0,2.0,0.5,10.0,4.0,2.0,2020
960,1980,Male,"Professional, Scientific and Technical Services",Technicians and trades ,Between 5 and 19,Yes,Couple with dependent children,More than 5 years,Metro,Less than 10% of my time,I would not have preferred to work remotely ,100% - I spent all of my time remote working,Neither agree nor disagree,Somewhat agree,Somewhat agree,Strongly agree,Somewhat agree,80%,I would prefer not to work remotely ,Somewhat disagree,Strongly disagree,Somewhat disagree,I’m 30% less productive when working remotely,1.5,7.5,3.0,2.0,0.5,9.0,3.0,2.0,2020
961,1967,Male,"Transport, Postal and Warehousing",Machinery operators and drivers,More than 200,No,Single person,More than 5 years,Metro,Less than 10% of my time,I would not have preferred to work remotely ,Less than 10% of my time,Strongly disagree,Strongly disagree,Strongly disagree,Strongly disagree,Strongly disagree,I would not have preferred to work remotely ,I would prefer not to work remotely ,Strongly disagree,Strongly disagree,Strongly disagree,I’m 50% less productive when working remotely (or less),2.0,12.0,2.0,2.0,0.5,16.0,1.0,1.0,2020
962,1971,Female,"Professional, Scientific and Technical Services",Professionals,More than 200,No,Couple with no dependent children,Between 1 and 5 years,Metro,Less than 10% of my time,70%,70%,Strongly agree,Strongly agree,Strongly agree,Strongly agree,Somewhat agree,70%,70%,Neither agree nor disagree,Somewhat agree,Somewhat agree,I’m 10% more productive when working remotely,1.5,8.5,4.5,1.5,0.5,8.5,7.5,1.5,2020
963,1965,Female,Financial and Insurance Services,Managers,Between 20 and 199,Yes,One  parent family with dependent children,Between 1 and 5 years,Metro,50% - I spent about half of my time remote working,50% - About half of my time,100% - I spent all of my time remote working,Strongly agree,Strongly agree,Neither agree nor disagree,Strongly agree,Strongly agree,50% - About half of my time,80%,Strongly agree,Strongly agree,Neither agree nor disagree,My productivity is about same when I work remotely,4.0,8.0,2.0,2.0,0.0,9.0,4.0,4.0,2020
964,1971,Female,Construction,Managers,Between 20 and 199,No,One  parent family with dependent children,Between 1 and 5 years,Metro,Less than 10% of my time,100% - All of my time,100% - I spent all of my time remote working,Strongly disagree,Strongly disagree,Strongly disagree,Strongly disagree,Neither agree nor disagree,100% - All of my time,100% - All of my time,Strongly disagree,Strongly disagree,Strongly disagree,I’m 10% more productive when working remotely,2.0,8.0,0.0,0.0,2.0,10.0,4.0,1.0,2020
965,1989,Male,Financial and Insurance Services,Professionals,More than 200,No,Couple with no dependent children,Between 6 and 12 months,Metro,70%,20%,80%,Neither agree nor disagree,Neither agree nor disagree,Neither agree nor disagree,Neither agree nor disagree,Neither agree nor disagree,70%,60%,Neither agree nor disagree,Neither agree nor disagree,Neither agree nor disagree,I’m 50% more productive when working remotely (or more),2.0,15.0,5.0,2.0,0.0,16.0,4.0,4.0,2020
966,1972,Male,"Professional, Scientific and Technical Services",Sales ,More than 200,No,Couple with dependent children,Between 1 and 5 years,Regional,100% - I spent all of my time remote working,100% - All of my time,100% - I spent all of my time remote working,Strongly agree,Strongly agree,Strongly agree,Strongly agree,Strongly agree,100% - All of my time,100% - All of my time,Strongly agree,Strongly agree,Strongly agree,I’m 50% more productive when working remotely (or more),4.0,8.0,2.0,2.0,0.0,10.0,4.0,2.0,2020
967,1963,Female,Education and Training,Professionals,More than 200,Yes,Single person,More than 5 years,Regional,Rarely or never ,50% - About half of my time,80%,Somewhat agree,Strongly agree,Somewhat agree,Strongly agree,Strongly agree,80%,50% - About half of my time,Somewhat agree,Somewhat agree,Somewhat agree,I’m 40% more productive when working remotely,1.0,9.0,6.0,2.0,0.0,10.0,6.0,2.0,2020
968,1980,Male,Financial and Insurance Services,Managers,Between 20 and 199,Yes,Couple with no dependent children,More than 5 years,Metro,Less than 10% of my time,50% - About half of my time,100% - I spent all of my time remote working,Strongly agree,Strongly agree,Strongly agree,Strongly agree,Somewhat agree,100% - All of my time,50% - About half of my time,Somewhat agree,Strongly agree,Strongly agree,I’m 50% more productive when working remotely (or more),0.5,9.0,4.0,2.0,0.5,10.0,4.0,2.0,2020
969,1981,Male,Retail Trade,Professionals,More than 200,Yes,Couple with no dependent children,More than 5 years,Metro,20%,50% - About half of my time,100% - I spent all of my time remote working,Strongly agree,Strongly agree,Strongly agree,Strongly agree,Strongly agree,80%,60%,Strongly agree,Strongly agree,Strongly agree,I’m 10% less productive when working remotely,2.5,8.0,8.0,4.0,0.0,8.0,10.0,6.0,2020
970,1971,Male,"Transport, Postal and Warehousing",Professionals,Between 20 and 199,No,Couple with no dependent children,Between 1 and 5 years,Regional,Less than 10% of my time,20%,100% - I spent all of my time remote working,Strongly agree,Somewhat agree,Strongly agree,Strongly agree,Somewhat agree,70%,50% - About half of my time,Somewhat agree,Somewhat agree,Strongly agree,I’m 10% more productive when working remotely,1.0,8.0,4.0,1.0,0.0,8.0,4.0,1.0,2020
971,1986,Female,"Professional, Scientific and Technical Services",Professionals,Between 20 and 199,No,Couple with dependent children,More than 5 years,Metro,70%,50% - About half of my time,100% - I spent all of my time remote working,Somewhat agree,Somewhat agree,Somewhat agree,Somewhat agree,Somewhat agree,100% - All of my time,50% - About half of my time,Somewhat disagree,Neither agree nor disagree,Somewhat agree,I’m 50% more productive when working remotely (or more),1.0,8.0,1.0,2.0,0.0,8.0,3.0,2.0,2020
972,1978,Female,Information Media and Telecommunications,Sales ,Between 20 and 199,No,Couple with dependent children,Between 1 and 5 years,Metro,30%,50% - About half of my time,70%,Neither agree nor disagree,Strongly agree,Strongly agree,Strongly agree,Strongly agree,90%,80%,Somewhat disagree,Somewhat agree,Neither agree nor disagree,I’m 20% more productive when working remotely,2.0,7.5,2.0,1.0,0.5,10.0,2.0,1.0,2020
973,1974,Female,Administrative and Support Services,Managers,Between 5 and 19,No,Single person,More than 5 years,Metro,10%,50% - About half of my time,100% - I spent all of my time remote working,Strongly agree,Strongly agree,Strongly agree,Strongly agree,Strongly agree,100% - All of my time,80%,Somewhat agree,Somewhat agree,Neither agree nor disagree,My productivity is about same when I work remotely,1.0,8.0,13.0,2.0,0.5,8.5,13.0,2.0,2020
974,1996,Male,"Transport, Postal and Warehousing",Managers,More than 200,No,Group household,Between 1 and 5 years,Metro,10%,50% - About half of my time,90%,Strongly agree,Strongly agree,Strongly agree,Strongly agree,Strongly agree,90%,50% - About half of my time,Strongly agree,Strongly agree,Strongly agree,I’m 50% more productive when working remotely (or more),1.0,8.0,4.0,2.0,0.0,8.0,4.0,2.0,2020
975,1961,Female,Education and Training,Professionals,More than 200,No,Couple with no dependent children,Between 1 and 5 years,Metro,Rarely or never ,I would not have preferred to work remotely ,Less than 10% of my time,Strongly disagree,Strongly disagree,Somewhat disagree,Strongly disagree,Somewhat agree,I would not have preferred to work remotely ,Less than 10% of my time,Strongly disagree,Somewhat disagree,Strongly disagree,My productivity is about same when I work remotely,2.0,8.0,4.0,0.0,0.0,2.0,2.0,2.0,2020
976,1967,Female,Retail Trade,Managers,Between 5 and 19,No,Couple with no dependent children,More than 5 years,Metro,Less than 10% of my time,I would not have preferred to work remotely ,20%,Strongly disagree,Somewhat disagree,Strongly disagree,Neither agree nor disagree,Somewhat disagree,20%,Less than 10% of my time,Strongly disagree,Strongly disagree,Strongly disagree,My productivity is about same when I work remotely,3.0,7.0,3.0,2.0,1.0,7.5,3.0,2.0,2020
977,1975,Female,Wholesale Trade,Sales ,More than 200,No,Couple with dependent children,Between 1 and 5 years,Metro,80%,100% - All of my time,100% - I spent all of my time remote working,Strongly agree,Strongly agree,Strongly agree,Strongly agree,Somewhat agree,100% - All of my time,100% - All of my time,Neither agree nor disagree,Somewhat agree,Neither agree nor disagree,I’m 50% less productive when working remotely (or less),3.5,8.0,0.0,0.0,0.5,4.0,1.0,4.0,2020
978,1990,Female,"Transport, Postal and Warehousing",Professionals,More than 200,No,Couple with no dependent children,Between 1 and 5 years,Metro,Rarely or never ,20%,50% - I spent about half of my time remote working,Neither agree nor disagree,Somewhat agree,Somewhat agree,Somewhat agree,Somewhat agree,100% - All of my time,40%,Neither agree nor disagree,Neither agree nor disagree,Somewhat agree,I’m 10% more productive when working remotely,2.0,9.0,5.0,1.0,0.0,9.0,6.0,1.0,2020
979,1967,Male,Wholesale Trade,Managers,Between 20 and 199,Yes,Single person,More than 5 years,Metro,Less than 10% of my time,Less than 10% of my time,90%,Somewhat disagree,Somewhat agree,Somewhat agree,Neither agree nor disagree,Somewhat agree,I would not have preferred to work remotely ,Less than 10% of my time,Somewhat disagree,Neither agree nor disagree,Somewhat agree,I’m 20% less productive when working remotely,1.0,9.0,1.0,2.0,0.5,10.0,2.0,2.0,2020
980,1967,Male,Retail Trade,Managers,Between 5 and 19,Yes,Couple with dependent children,More than 5 years,Metro,30%,60%,70%,Neither agree nor disagree,Strongly agree,Neither agree nor disagree,Strongly agree,Strongly agree,40%,40%,Neither agree nor disagree,Neither agree nor disagree,Neither agree nor disagree,My productivity is about same when I work remotely,0.1,8.0,3.0,2.0,0.0,8.0,3.0,2.0,2020
981,1987,Female,Mining,Clerical and administrative ,More than 200,Yes,Couple with dependent children,Between 1 and 5 years,Metro,50% - I spent about half of my time remote working,40%,50% - I spent about half of my time remote working,Neither agree nor disagree,Somewhat agree,Somewhat agree,Somewhat agree,Somewhat agree,40%,70%,Somewhat agree,Somewhat agree,Somewhat agree,My productivity is about same when I work remotely,1.0,7.0,3.0,2.0,0.0,8.0,3.0,2.0,2020
982,1969,Male,Construction,Managers,Between 20 and 199,Yes,Couple with dependent children,More than 5 years,Metro,20%,10%,40%,Neither agree nor disagree,Strongly agree,Somewhat agree,Strongly agree,Somewhat agree,10%,Less than 10% of my time,Somewhat disagree,Neither agree nor disagree,Neither agree nor disagree,I’m 10% less productive when working remotely,1.0,9.0,12.0,2.0,0.5,10.0,12.0,1.5,2020
983,1986,Female,Financial and Insurance Services,Clerical and administrative ,Between 20 and 199,Yes,Couple with dependent children,Between 1 and 5 years,Metro,40%,80%,100% - I spent all of my time remote working,Strongly agree,Somewhat agree,Strongly agree,Somewhat agree,Somewhat agree,80%,80%,Somewhat agree,Somewhat agree,Somewhat agree,I’m 50% more productive when working remotely (or more),1.5,9.0,9.5,4.0,0.5,10.0,9.5,4.0,2020
984,1967,Male,Manufacturing,Managers,Between 20 and 199,Yes,Couple with dependent children,More than 5 years,Metro,20%,30%,100% - I spent all of my time remote working,Strongly agree,Somewhat agree,Somewhat agree,Strongly agree,Somewhat agree,100% - All of my time,30%,Neither agree nor disagree,Somewhat agree,Strongly agree,I’m 10% less productive when working remotely,2.0,7.5,2.0,2.0,0.0,7.5,3.0,3.0,2020
985,1962,Male,"Professional, Scientific and Technical Services",Professionals,More than 200,Yes,Couple with no dependent children,More than 5 years,Metro,20%,50% - About half of my time,100% - I spent all of my time remote working,Strongly agree,Neither agree nor disagree,Strongly agree,Strongly agree,Strongly agree,80%,60%,Somewhat agree,Somewhat agree,Strongly agree,I’m 40% more productive when working remotely,2.0,8.0,0.5,0.0,0.0,9.0,1.0,1.0,2020
986,1972,Male,Education and Training,Professionals,Between 1 and 4,Yes,Couple with dependent children,More than 5 years,Metro,10%,10%,10%,Neither agree nor disagree,Somewhat agree,Somewhat agree,Somewhat agree,Somewhat disagree,10%,10%,Neither agree nor disagree,Neither agree nor disagree,Neither agree nor disagree,My productivity is about same when I work remotely,0.5,11.0,3.0,2.0,0.5,11.0,3.0,2.0,2020
987,1960,Male,Financial and Insurance Services,Professionals,I am the only employee,No,Single person,More than 5 years,Metro,100% - I spent all of my time remote working,100% - All of my time,100% - I spent all of my time remote working,Strongly agree,Strongly agree,Strongly agree,Strongly agree,Neither agree nor disagree,100% - All of my time,100% - All of my time,Strongly agree,Strongly agree,Strongly agree,My productivity is about same when I work remotely,0.0,6.0,4.0,5.0,0.0,6.0,4.0,5.0,2020
988,1985,Male,Public Administration and Safety,Clerical and administrative ,More than 200,No,Group household,More than 5 years,Metro,Rarely or never ,100% - All of my time,50% - I spent about half of my time remote working,Neither agree nor disagree,Somewhat disagree,Neither agree nor disagree,Neither agree nor disagree,Somewhat disagree,80%,80%,Somewhat disagree,Neither agree nor disagree,Neither agree nor disagree,I’m 30% less productive when working remotely,1.5,7.0,5.0,1.0,0.1,5.0,5.0,5.0,2020
989,1973,Male,"Professional, Scientific and Technical Services",Community and personal service ,Between 20 and 199,Yes,Single person,Between 6 and 12 months,Metro,40%,30%,20%,Neither agree nor disagree,Neither agree nor disagree,Neither agree nor disagree,Neither agree nor disagree,Neither agree nor disagree,40%,50% - About half of my time,Neither agree nor disagree,Neither agree nor disagree,Neither agree nor disagree,I’m 30% more productive when working remotely,1.0,10.0,5.0,5.0,1.0,11.0,5.0,5.0,2020
990,1978,Male,"Professional, Scientific and Technical Services",Clerical and administrative ,Between 20 and 199,No,Couple with no dependent children,Between 1 and 5 years,Metro,20%,60%,20%,Somewhat disagree,Somewhat agree,Somewhat agree,Strongly agree,Somewhat agree,90%,60%,Strongly disagree,Somewhat disagree,Somewhat disagree,My productivity is about same when I work remotely,1.0,8.0,14.0,1.0,1.0,8.0,14.0,1.0,2020
991,1995,Female,"Professional, Scientific and Technical Services",Managers,More than 200,Yes,Single person,Between 1 and 5 years,Metro,Rarely or never ,50% - About half of my time,90%,Somewhat agree,Strongly agree,Strongly agree,Somewhat agree,Strongly agree,100% - All of my time,90%,Somewhat agree,Somewhat agree,Somewhat agree,I’m 50% more productive when working remotely (or more),2.0,8.0,2.0,4.0,0.0,9.0,2.0,2.0,2020
992,1965,Female,Education and Training,Managers,Between 1 and 4,Yes,Couple with no dependent children,More than 5 years,Metro,90%,100% - All of my time,100% - I spent all of my time remote working,Strongly agree,Strongly agree,Strongly agree,Strongly agree,Strongly agree,100% - All of my time,100% - All of my time,Strongly agree,Strongly agree,Strongly agree,My productivity is about same when I work remotely,0.1,2.0,3.0,3.0,0.0,4.0,3.0,3.0,2020
993,1973,Male,Information Media and Telecommunications,Professionals,Between 20 and 199,Yes,One  parent family with dependent children,More than 5 years,Regional,50% - I spent about half of my time remote working,100% - All of my time,Less than 10% of my time,Strongly disagree,Somewhat agree,Somewhat disagree,Strongly disagree,Somewhat disagree,Less than 10% of my time,100% - All of my time,Strongly agree,Strongly agree,Strongly agree,I’m 50% more productive when working remotely (or more),5.0,8.0,8.0,3.0,0.0,12.0,8.0,4.0,2020
994,1957,Male,Administrative and Support Services,Professionals,Between 20 and 199,No,Couple with dependent children,More than 5 years,Metro,10%,20%,90%,Strongly agree,Strongly agree,Strongly agree,Strongly agree,Strongly agree,100% - All of my time,80%,Strongly agree,Strongly agree,Strongly agree,I’m 20% more productive when working remotely,2.0,9.0,3.0,3.0,0.0,10.0,4.0,3.0,2020
995,1977,Female,Education and Training,Professionals,More than 200,No,Couple with dependent children,Between 1 and 5 years,Metro,20%,20%,50% - I spent about half of my time remote working,Neither agree nor disagree,Neither agree nor disagree,Neither agree nor disagree,Neither agree nor disagree,Neither agree nor disagree,50% - About half of my time,50% - About half of my time,Neither agree nor disagree,Neither agree nor disagree,Neither agree nor disagree,My productivity is about same when I work remotely,0.5,5.0,1.0,1.0,0.5,6.0,0.5,0.0,2020
996,1963,Female,Other Services,Clerical and administrative ,Between 5 and 19,Yes,Couple with dependent children,More than 5 years,Regional,10%,20%,40%,Somewhat agree,Somewhat agree,Somewhat agree,Somewhat agree,Somewhat agree,50% - About half of my time,50% - About half of my time,Somewhat agree,Somewhat agree,Somewhat agree,I’m 20% more productive when working remotely,0.5,5.0,2.0,2.0,0.1,6.0,3.0,1.0,2020
997,1977,Female,"Professional, Scientific and Technical Services",Professionals,More than 200,No,Single person,More than 5 years,Metro,Less than 10% of my time,20%,70%,Strongly agree,Somewhat agree,Strongly agree,Strongly agree,Strongly agree,70%,50% - About half of my time,Strongly disagree,Somewhat agree,Strongly agree,My productivity is about same when I work remotely,1.5,7.0,2.0,1.0,0.0,7.0,2.0,1.0,2020
998,1971,Female,Construction,Clerical and administrative ,More than 200,No,Couple with dependent children,Between 1 and 5 years,Metro,10%,60%,100% - I spent all of my time remote working,Strongly agree,Strongly agree,Strongly agree,Strongly agree,Strongly agree,100% - All of my time,60%,Neither agree nor disagree,Neither agree nor disagree,Somewhat agree,I’m 20% more productive when working remotely,5.0,8.0,2.0,2.0,0.5,9.0,3.0,3.0,2020
999,1980,Male,Information Media and Telecommunications,Sales ,More than 200,No,Couple with no dependent children,More than 5 years,Metro,20%,20%,100% - I spent all of my time remote working,Strongly agree,Strongly agree,Strongly agree,Strongly agree,Strongly agree,100% - All of my time,50% - About half of my time,Somewhat agree,Somewhat agree,Strongly agree,I’m 30% more productive when working remotely,0.5,7.5,4.0,0.0,0.0,7.5,5.0,0.0,2020
1000,1958,Male,Health Care and Social Assistance,Clerical and administrative ,More than 200,Yes,Single person,Between 1 and 5 years,Metro,Rarely or never ,Less than 10% of my time,50% - I spent about half of my time remote working,Somewhat agree,Somewhat disagree,Strongly disagree,Strongly agree,Somewhat agree,20%,20%,Somewhat disagree,Somewhat agree,Somewhat agree,My productivity is about same when I work remotely,1.0,8.0,0.0,1.0,0.5,8.0,2.0,1.0,2020
1001,1977,Female,"Professional, Scientific and Technical Services",Clerical and administrative ,Between 20 and 199,No,Couple with dependent children,More than 5 years,Regional,100% - I spent all of my time remote working,100% - All of my time,100% - I spent all of my time remote working,Strongly agree,Strongly agree,Strongly agree,Strongly agree,Strongly agree,100% - All of my time,100% - All of my time,Somewhat disagree,Somewhat disagree,Neither agree nor disagree,My productivity is about same when I work remotely,12.0,8.0,2.0,2.0,0.0,8.0,8.0,8.0,2020
1002,1972,Female,Other Services,Clerical and administrative ,Between 5 and 19,Yes,Couple with no dependent children,More than 5 years,Metro,Less than 10% of my time,50% - About half of my time,Less than 10% of my time,Somewhat disagree,Strongly agree,Somewhat agree,Somewhat agree,Strongly agree,50% - About half of my time,50% - About half of my time,Somewhat disagree,Strongly disagree,Strongly disagree,I’m 30% more productive when working remotely,1.0,11.0,2.0,3.0,0.5,10.0,3.0,3.0,2020
1003,1961,Female,Information Media and Telecommunications,Managers,More than 200,Yes,Single person,More than 5 years,Metro,20%,70%,100% - I spent all of my time remote working,Strongly agree,Strongly agree,Strongly agree,Strongly agree,Strongly agree,100% - All of my time,80%,Somewhat agree,Strongly agree,Somewhat agree,I’m 20% more productive when working remotely,2.5,9.0,11.5,1.0,0.0,8.0,15.0,1.0,2020
1004,1960,Male,Other Services,Clerical and administrative ,More than 200,No,Couple with no dependent children,More than 5 years,Metro,Rarely or never ,60%,100% - I spent all of my time remote working,Strongly agree,Somewhat disagree,Strongly agree,Strongly agree,Strongly agree,100% - All of my time,60%,Somewhat agree,Somewhat agree,Somewhat agree,My productivity is about same when I work remotely,3.0,8.0,2.0,2.0,0.5,8.0,4.5,2.0,2020
1005,1969,Male,Manufacturing,Professionals,More than 200,No,Couple with dependent children,More than 5 years,Metro,Less than 10% of my time,Less than 10% of my time,90%,Somewhat agree,Strongly agree,Somewhat agree,Strongly agree,Neither agree nor disagree,60%,60%,Neither agree nor disagree,Neither agree nor disagree,Somewhat agree,My productivity is about same when I work remotely,1.0,9.0,4.0,1.0,0.1,9.5,4.5,1.5,2020
1006,1971,Female,"Agriculture, Forestry and Fishing",Clerical and administrative ,More than 200,No,Single person,More than 5 years,Regional,Rarely or never ,I would not have preferred to work remotely ,10%,Somewhat agree,Somewhat agree,Strongly agree,Somewhat agree,Somewhat agree,Less than 10% of my time,Less than 10% of my time,Strongly disagree,Somewhat disagree,Somewhat disagree,I’m 10% less productive when working remotely,2.25,7.0,2.0,2.0,0.5,6.0,3.0,3.0,2020
1007,1995,Female,Education and Training,Professionals,Between 20 and 199,No,Single person,Between 6 and 12 months,Regional,Rarely or never ,I would not have preferred to work remotely ,Less than 10% of my time,Strongly agree,Somewhat agree,Somewhat agree,Strongly agree,Somewhat agree,100% - All of my time,I would prefer not to work remotely ,Strongly disagree,Strongly disagree,Strongly disagree,I’m 50% more productive when working remotely (or more),0.1,6.0,6.0,2.0,0.0,2.0,12.0,2.0,2020
1008,1966,Female,"Professional, Scientific and Technical Services",Professionals,More than 200,No,Couple with dependent children,More than 5 years,Metro,Rarely or never ,50% - About half of my time,20%,Strongly disagree,Strongly agree,Somewhat disagree,Strongly disagree,Neither agree nor disagree,50% - About half of my time,30%,Strongly disagree,Strongly disagree,Strongly disagree,I’m 20% less productive when working remotely,0.5,6.0,0.5,0.0,1.0,5.0,1.0,0.0,2020
1009,1962,Female,Information Media and Telecommunications,Technicians and trades ,Between 20 and 199,No,Couple with no dependent children,More than 5 years,Regional,20%,40%,20%,Somewhat agree,Strongly agree,Somewhat agree,Strongly agree,Strongly agree,40%,20%,Somewhat disagree,Somewhat disagree,Somewhat disagree,I’m 50% more productive when working remotely (or more),2.0,6.0,3.0,2.0,0.5,6.0,5.0,2.0,2020
1010,1978,Female,Education and Training,Clerical and administrative ,Between 20 and 199,No,Couple with dependent children,Between 1 and 5 years,Metro,Rarely or never ,I would not have preferred to work remotely ,10%,Strongly agree,Strongly agree,Strongly disagree,Strongly agree,Somewhat agree,I would not have preferred to work remotely ,I would prefer not to work remotely ,Strongly disagree,Strongly disagree,Strongly disagree,I’m 20% less productive when working remotely,1.0,7.0,3.0,2.0,0.5,6.0,4.0,2.0,2020
1011,1970,Female,"Rental, Hiring and Real Estate Services",Managers,Between 20 and 199,Yes,Single person,Between 1 and 5 years,Metro,40%,80%,100% - I spent all of my time remote working,Somewhat disagree,Somewhat disagree,Somewhat disagree,Somewhat disagree,Strongly agree,100% - All of my time,100% - All of my time,Somewhat disagree,Somewhat disagree,Somewhat disagree,I’m 50% more productive when working remotely (or more),6.0,9.0,1.0,1.0,2.0,10.0,3.0,3.0,2020
1012,1962,Female,"Rental, Hiring and Real Estate Services",Clerical and administrative ,Between 20 and 199,No,Other one family household,Between 1 and 5 years,Regional,20%,90%,Less than 10% of my time,Somewhat disagree,Somewhat agree,Somewhat disagree,Somewhat disagree,Somewhat agree,100% - All of my time,90%,Somewhat agree,Somewhat agree,Neither agree nor disagree,My productivity is about same when I work remotely,2.0,7.6,12.4,2.0,0.0,7.6,14.4,2.0,2020
1013,1972,Female,Wholesale Trade,Managers,More than 200,Yes,One  parent family with dependent children,Between 1 and 5 years,Metro,10%,10%,10%,Somewhat agree,Somewhat agree,Somewhat agree,Somewhat agree,Somewhat agree,10%,10%,Somewhat agree,Somewhat agree,Neither agree nor disagree,I’m 30% more productive when working remotely,1.0,6.0,4.0,2.0,1.0,6.0,3.0,2.0,2020
1014,1970,Female,Other Services,Community and personal service ,Between 5 and 19,Yes,Single person,Between 1 and 5 years,Metro,70%,50% - About half of my time,70%,Somewhat agree,Strongly agree,Somewhat agree,Somewhat agree,Somewhat agree,90%,80%,Somewhat agree,Somewhat agree,Somewhat agree,I’m 30% more productive when working remotely,1.0,5.0,2.0,3.0,5.0,5.0,3.0,3.0,2020
1015,1968,Female,Construction,Clerical and administrative ,Between 5 and 19,No,Couple with dependent children,Between 1 and 5 years,Metro,Less than 10% of my time,100% - All of my time,100% - I spent all of my time remote working,Strongly agree,Somewhat agree,Strongly agree,Strongly agree,Strongly agree,100% - All of my time,100% - All of my time,Somewhat disagree,Somewhat disagree,Somewhat disagree,I’m 50% more productive when working remotely (or more),2.5,8.0,4.0,2.0,0.0,8.0,7.0,2.0,2020
1016,1976,Female,"Rental, Hiring and Real Estate Services",Clerical and administrative ,Between 5 and 19,No,Couple with dependent children,Between 1 and 5 years,Regional,10%,20%,20%,Somewhat agree,Somewhat agree,Somewhat agree,Somewhat agree,Somewhat agree,20%,Less than 10% of my time,Somewhat disagree,Neither agree nor disagree,Neither agree nor disagree,My productivity is about same when I work remotely,0.3,6.0,4.0,2.0,0.3,6.0,3.0,2.0,2020
1017,1980,Male,"Transport, Postal and Warehousing",Managers,Between 20 and 199,Yes,Couple with dependent children,More than 5 years,Metro,70%,60%,70%,Somewhat agree,Somewhat agree,Somewhat agree,Neither agree nor disagree,Neither agree nor disagree,60%,70%,Somewhat agree,Somewhat agree,Somewhat agree,I’m 30% more productive when working remotely,1.0,1.0,1.0,1.0,1.0,1.0,1.0,1.0,2020
1018,1982,Female,"Transport, Postal and Warehousing",Clerical and administrative ,More than 200,Yes,Couple with dependent children,More than 5 years,Metro,10%,50% - About half of my time,60%,Somewhat agree,Neither agree nor disagree,Neither agree nor disagree,Somewhat agree,Somewhat agree,70%,90%,Neither agree nor disagree,Somewhat agree,Somewhat agree,I’m 50% more productive when working remotely (or more),4.0,4.0,3.0,2.0,1.0,4.0,4.0,4.0,2020
1019,1965,Female,Financial and Insurance Services,Clerical and administrative ,Between 20 and 199,No,Single person,More than 5 years,Metro,Less than 10% of my time,50% - About half of my time,70%,Somewhat agree,Neither agree nor disagree,Somewhat agree,Somewhat agree,Somewhat agree,90%,70%,Neither agree nor disagree,Neither agree nor disagree,Neither agree nor disagree,I’m 20% more productive when working remotely,1.0,8.0,2.0,1.0,0.1,6.9,3.0,2.0,2020
1020,1959,Male,Manufacturing,Managers,Between 20 and 199,Yes,Couple with dependent children,More than 5 years,Regional,10%,20%,60%,Strongly agree,Somewhat agree,Somewhat agree,Strongly agree,Strongly agree,70%,40%,Neither agree nor disagree,Somewhat agree,Somewhat agree,I’m 30% more productive when working remotely,2.0,7.0,2.0,3.0,0.5,9.0,4.0,4.0,2020
1021,1970,Male,Financial and Insurance Services,Professionals,More than 200,No,Single person,More than 5 years,Metro,Less than 10% of my time,20%,100% - I spent all of my time remote working,Strongly agree,Strongly agree,Strongly agree,Strongly agree,Somewhat agree,100% - All of my time,40%,Somewhat agree,Somewhat agree,Somewhat agree,I’m 10% less productive when working remotely,2.0,7.0,3.0,1.0,0.0,9.0,3.0,1.0,2020
1022,1983,Female,Information Media and Telecommunications,Professionals,Between 1 and 4,No,Single person,Between 1 and 5 years,Metro,30%,30%,100% - I spent all of my time remote working,Somewhat agree,Somewhat agree,Strongly agree,Somewhat agree,Somewhat agree,100% - All of my time,100% - All of my time,Somewhat agree,Somewhat agree,Strongly agree,My productivity is about same when I work remotely,1.0,8.0,4.0,2.0,0.0,8.0,5.0,1.0,2020
1023,1989,Female,"Professional, Scientific and Technical Services",Professionals,Between 20 and 199,Yes,Single person,Between 1 and 5 years,Metro,Less than 10% of my time,I would not have preferred to work remotely ,60%,Neither agree nor disagree,Somewhat agree,Somewhat agree,Somewhat agree,Somewhat agree,80%,60%,Somewhat disagree,Neither agree nor disagree,Neither agree nor disagree,I’m 20% more productive when working remotely,3.0,8.0,12.0,1.0,1.0,8.0,13.0,2.0,2020
1024,1973,Male,Public Administration and Safety,Professionals,Between 20 and 199,Yes,Couple with dependent children,More than 5 years,Metro,Rarely or never ,Less than 10% of my time,100% - I spent all of my time remote working,Somewhat agree,Neither agree nor disagree,Somewhat agree,Somewhat agree,Somewhat agree,100% - All of my time,100% - All of my time,Somewhat agree,Somewhat agree,Somewhat agree,I’m 10% more productive when working remotely,2.0,8.0,2.0,2.0,0.0,8.0,3.0,3.0,2020
1025,1979,Female,Education and Training,Clerical and administrative ,More than 200,No,Couple with dependent children,Between 1 and 5 years,Metro,Rarely or never ,50% - About half of my time,40%,Strongly agree,Somewhat agree,Strongly agree,Strongly agree,Strongly agree,60%,50% - About half of my time,Somewhat agree,Somewhat agree,Somewhat agree,I’m 20% more productive when working remotely,1.5,8.5,1.0,6.0,0.0,7.0,2.0,8.0,2020
1026,1977,Female,"Professional, Scientific and Technical Services",Professionals,Between 5 and 19,No,Couple with dependent children,More than 5 years,Metro,20%,20%,40%,Strongly agree,Strongly agree,Strongly agree,Strongly agree,Strongly agree,20%,40%,Somewhat agree,Strongly agree,Strongly agree,I’m 20% less productive when working remotely,2.0,6.0,4.0,4.0,0.0,4.0,5.0,5.0,2020
1027,1968,Male,Retail Trade,Managers,More than 200,Yes,Single person,More than 5 years,Metro,Less than 10% of my time,20%,100% - I spent all of my time remote working,Strongly agree,Somewhat agree,Strongly agree,Strongly agree,Somewhat agree,60%,60%,Somewhat agree,Somewhat agree,Somewhat agree,I’m 20% more productive when working remotely,1.5,8.0,6.0,1.0,0.5,10.0,4.0,1.0,2020
1028,1980,Female,"Transport, Postal and Warehousing",Clerical and administrative ,Between 20 and 199,No,Single person,More than 5 years,Metro,Less than 10% of my time,10%,100% - I spent all of my time remote working,Strongly agree,Somewhat agree,Somewhat agree,Strongly agree,Somewhat agree,70%,30%,Somewhat agree,Somewhat agree,Somewhat agree,I’m 20% more productive when working remotely,2.0,7.5,5.0,1.0,0.0,8.0,7.0,1.0,2020
1029,1970,Female,Manufacturing,Clerical and administrative ,More than 200,No,Couple with no dependent children,Between 1 and 5 years,Metro,20%,50% - About half of my time,30%,Strongly agree,Somewhat agree,Strongly agree,Strongly agree,Somewhat agree,50% - About half of my time,30%,Neither agree nor disagree,Neither agree nor disagree,Somewhat agree,I’m 20% more productive when working remotely,1.5,8.5,9.0,5.0,0.5,9.0,8.5,6.0,2020
1030,1968,Female,Education and Training,Professionals,More than 200,No,Couple with dependent children,More than 5 years,Metro,10%,50% - About half of my time,10%,Strongly agree,Somewhat disagree,Strongly agree,Strongly agree,Strongly disagree,100% - All of my time,50% - About half of my time,Strongly disagree,Strongly disagree,Strongly disagree,I’m 20% more productive when working remotely,1.0,5.0,0.0,0.0,0.0,6.0,1.0,1.0,2020
1031,1977,Female,Education and Training,Professionals,More than 200,No,Couple with dependent children,Between 1 and 5 years,Metro,50% - I spent about half of my time remote working,50% - About half of my time,100% - I spent all of my time remote working,Strongly agree,Strongly agree,Strongly agree,Strongly agree,Somewhat agree,100% - All of my time,50% - About half of my time,Somewhat agree,Somewhat agree,Somewhat agree,I’m 30% more productive when working remotely,1.5,7.5,3.0,1.5,0.5,7.0,3.0,2.0,2020
1032,1979,Male,Financial and Insurance Services,Clerical and administrative ,More than 200,No,Couple with dependent children,More than 5 years,Metro,90%,90%,100% - I spent all of my time remote working,Strongly agree,Strongly agree,Strongly agree,Strongly agree,Strongly agree,100% - All of my time,90%,Strongly agree,Strongly agree,Strongly agree,I’m 40% more productive when working remotely,4.0,8.0,8.0,4.0,0.0,8.0,12.0,4.0,2020
1033,1974,Female,Mining,Professionals,Between 1 and 4,Yes,Couple with dependent children,Between 6 and 12 months,Metro,30%,Less than 10% of my time,Less than 10% of my time,Neither agree nor disagree,Neither agree nor disagree,Neither agree nor disagree,Neither agree nor disagree,Neither agree nor disagree,Less than 10% of my time,Less than 10% of my time,Somewhat disagree,Somewhat disagree,Somewhat disagree,I’m 40% more productive when working remotely,1.0,1.0,1.0,1.0,1.0,1.0,1.0,1.0,2020
1034,1965,Male,Education and Training,Professionals,More than 200,Yes,Couple with no dependent children,More than 5 years,Metro,30%,30%,100% - I spent all of my time remote working,Somewhat agree,Neither agree nor disagree,Strongly agree,Strongly agree,Strongly agree,30%,40%,Somewhat agree,Somewhat agree,Somewhat agree,I’m 30% more productive when working remotely,2.0,6.0,4.0,1.0,0.5,8.0,2.0,1.0,2020
1035,1955,Female,Health Care and Social Assistance,Clerical and administrative ,More than 200,No,Couple with no dependent children,More than 5 years,Metro,30%,40%,40%,Somewhat agree,Somewhat agree,Somewhat agree,Somewhat agree,Somewhat agree,40%,Less than 10% of my time,Somewhat agree,Somewhat agree,Somewhat agree,I’m 30% more productive when working remotely,1.0,8.0,4.0,3.0,0.0,8.0,4.0,2.0,2020
1036,1966,Female,Construction,Clerical and administrative ,Between 5 and 19,No,One  parent family with dependent children,Between 1 and 5 years,Metro,Rarely or never ,I would not have preferred to work remotely ,30%,Strongly agree,Strongly agree,Strongly agree,Strongly agree,Strongly agree,I would not have preferred to work remotely ,30%,Somewhat agree,Neither agree nor disagree,Strongly agree,I’m 20% less productive when working remotely,1.0,8.0,3.0,3.0,0.5,6.0,5.0,5.0,2020
1037,1978,Male,Financial and Insurance Services,Technicians and trades ,More than 200,No,Single person,More than 5 years,Metro,Rarely or never ,20%,100% - I spent all of my time remote working,Strongly agree,Somewhat agree,Somewhat agree,Strongly agree,Strongly agree,90%,60%,Somewhat agree,Somewhat agree,Somewhat agree,My productivity is about same when I work remotely,1.0,9.0,6.0,1.0,0.0,10.0,6.0,1.0,2020
1038,1982,Male,Information Media and Telecommunications,Managers,More than 200,Yes,Couple with dependent children,Between 6 and 12 months,Metro,70%,70%,80%,Strongly disagree,Neither agree nor disagree,Neither agree nor disagree,Somewhat agree,Somewhat disagree,70%,80%,Somewhat agree,Neither agree nor disagree,Somewhat disagree,I’m 10% less productive when working remotely,3.0,8.0,1.0,1.0,3.0,8.0,1.0,1.0,2020
1039,1969,Male,Construction,Managers,More than 200,Yes,Couple with dependent children,Between 1 and 5 years,Metro,10%,20%,Less than 10% of my time,Somewhat agree,Somewhat agree,Somewhat agree,Somewhat agree,Somewhat agree,20%,20%,Somewhat disagree,Neither agree nor disagree,Somewhat disagree,I’m 10% more productive when working remotely,3.0,11.0,2.0,1.0,0.0,10.0,4.0,2.0,2020
1040,1964,Female,Education and Training,Professionals,I am the only employee,Yes,Couple with no dependent children,More than 5 years,Regional,60%,100% - All of my time,60%,Neither agree nor disagree,Somewhat agree,Somewhat agree,Somewhat agree,Somewhat agree,90%,60%,Strongly agree,Strongly agree,Strongly agree,I’m 20% more productive when working remotely,1.5,6.5,11.0,5.0,1.0,6.5,13.0,3.5,2020
1041,1976,Female,Accommodation and Food Services,Managers,More than 200,Yes,Couple with no dependent children,More than 5 years,Metro,Less than 10% of my time,50% - About half of my time,30%,Neither agree nor disagree,Neither agree nor disagree,Neither agree nor disagree,Strongly agree,Somewhat agree,50% - About half of my time,50% - About half of my time,Neither agree nor disagree,Neither agree nor disagree,Neither agree nor disagree,I’m 50% more productive when working remotely (or more),1.5,8.0,1.0,1.0,0.5,7.0,3.0,2.0,2020
1042,1964,Female,Health Care and Social Assistance,Clerical and administrative ,More than 200,Yes,Couple with dependent children,More than 5 years,Regional,Less than 10% of my time,40%,80%,Strongly agree,Somewhat agree,Somewhat agree,Somewhat agree,Somewhat agree,80%,80%,Neither agree nor disagree,Somewhat agree,Somewhat agree,I’m 40% more productive when working remotely,2.0,6.0,3.0,4.0,0.0,8.0,5.0,4.0,2020
1043,1977,Female,Information Media and Telecommunications,Professionals,More than 200,No,Couple with dependent children,More than 5 years,Metro,10%,Less than 10% of my time,100% - I spent all of my time remote working,Strongly agree,Strongly agree,Strongly agree,Strongly agree,Strongly agree,50% - About half of my time,50% - About half of my time,Somewhat agree,Somewhat agree,Somewhat agree,My productivity is about same when I work remotely,1.0,8.0,2.0,2.0,1.5,8.0,2.0,2.0,2020
1044,1967,Male,Information Media and Telecommunications,Managers,More than 200,Yes,Couple with no dependent children,More than 5 years,Metro,Less than 10% of my time,Less than 10% of my time,100% - I spent all of my time remote working,Strongly agree,Strongly agree,Strongly agree,Strongly agree,Strongly agree,100% - All of my time,60%,Strongly agree,Strongly agree,Strongly agree,My productivity is about same when I work remotely,2.0,8.0,2.0,2.0,0.0,8.0,4.0,2.0,2020
1045,1975,Male,"Professional, Scientific and Technical Services",Managers,Between 20 and 199,Yes,Single person,More than 5 years,Metro,50% - I spent about half of my time remote working,50% - About half of my time,70%,Neither agree nor disagree,Strongly agree,Somewhat agree,Strongly agree,Neither agree nor disagree,50% - About half of my time,50% - About half of my time,Somewhat disagree,Somewhat agree,Strongly agree,My productivity is about same when I work remotely,1.0,10.0,3.0,1.0,0.0,10.0,3.0,1.0,2020
1046,1964,Female,Administrative and Support Services,Sales ,I am the only employee,No,Single person,More than 5 years,Metro,100% - I spent all of my time remote working,100% - All of my time,100% - I spent all of my time remote working,Strongly agree,Strongly agree,Strongly agree,Strongly agree,Strongly agree,100% - All of my time,100% - All of my time,Strongly agree,Strongly agree,Strongly agree,I’m 50% more productive when working remotely (or more),1.0,5.0,5.0,2.0,1.0,6.0,6.0,1.0,2020
1047,1966,Male,Public Administration and Safety,Professionals,More than 200,Yes,Couple with dependent children,More than 5 years,Metro,Less than 10% of my time,20%,100% - I spent all of my time remote working,Strongly agree,Strongly agree,Strongly agree,Strongly agree,Strongly agree,100% - All of my time,50% - About half of my time,Somewhat agree,Somewhat agree,Strongly agree,My productivity is about same when I work remotely,4.0,8.0,10.0,2.0,0.0,8.0,12.0,4.0,2020
1048,1961,Male,Financial and Insurance Services,Sales ,More than 200,No,Couple with no dependent children,More than 5 years,Metro,Less than 10% of my time,Less than 10% of my time,50% - I spent about half of my time remote working,Somewhat agree,Strongly agree,Strongly agree,Strongly agree,Somewhat agree,40%,20%,Somewhat disagree,Somewhat disagree,Somewhat disagree,I’m 50% more productive when working remotely (or more),2.0,8.0,4.0,2.0,0.0,10.0,4.0,2.0,2020
1049,1984,Male,Manufacturing,Clerical and administrative ,More than 200,No,Couple with dependent children,More than 5 years,Metro,Less than 10% of my time,10%,90%,Somewhat agree,Somewhat agree,Somewhat agree,Somewhat agree,Neither agree nor disagree,100% - All of my time,70%,Neither agree nor disagree,Neither agree nor disagree,Somewhat agree,My productivity is about same when I work remotely,1.0,8.0,1.0,1.0,0.0,8.0,2.0,1.0,2020
1050,1989,Female,Health Care and Social Assistance,Managers,More than 200,Yes,Couple with dependent children,More than 5 years,Metro,Rarely or never ,30%,70%,Strongly disagree,Strongly disagree,Somewhat disagree,Somewhat disagree,Strongly agree,50% - About half of my time,50% - About half of my time,Strongly disagree,Strongly disagree,Strongly disagree,I’m 30% more productive when working remotely,3.0,8.0,9.0,4.0,0.0,8.0,12.0,4.0,2020
1051,1968,Male,Health Care and Social Assistance,Managers,Between 5 and 19,Yes,Couple with dependent children,Between 6 and 12 months,Metro,80%,90%,80%,Somewhat agree,Somewhat agree,Somewhat agree,Somewhat agree,Strongly agree,70%,70%,Neither agree nor disagree,Neither agree nor disagree,Somewhat agree,I’m 50% less productive when working remotely (or less),1.5,8.0,2.5,2.5,1.5,5.0,1.5,1.5,2020
1052,1973,Female,Financial and Insurance Services,Professionals,More than 200,No,Single person,Between 1 and 5 years,Metro,10%,20%,100% - I spent all of my time remote working,Strongly agree,Strongly agree,Somewhat agree,Strongly agree,Strongly agree,100% - All of my time,60%,Strongly agree,Strongly agree,Strongly agree,My productivity is about same when I work remotely,2.0,8.0,2.0,1.0,0.0,8.0,4.0,1.0,2020
1053,1964,Female,Financial and Insurance Services,Clerical and administrative ,Between 5 and 19,Yes,Couple with dependent children,More than 5 years,Metro,Rarely or never ,20%,80%,Strongly agree,Somewhat agree,Strongly agree,Strongly agree,Somewhat agree,50% - About half of my time,20%,Somewhat agree,Somewhat agree,Somewhat agree,I’m 10% less productive when working remotely,1.5,8.0,4.0,3.0,0.5,8.0,5.0,3.0,2020
1054,1994,Female,Administrative and Support Services,Clerical and administrative ,Between 20 and 199,No,Single person,Between 1 and 5 years,Metro,50% - I spent about half of my time remote working,50% - About half of my time,50% - I spent about half of my time remote working,Somewhat agree,Somewhat agree,Somewhat agree,Somewhat agree,Somewhat agree,50% - About half of my time,50% - About half of my time,Somewhat agree,Somewhat agree,Somewhat agree,I’m 20% more productive when working remotely,1.0,8.0,12.0,3.0,0.5,8.0,12.5,3.0,2020
1055,1975,Male,Construction,Clerical and administrative ,More than 200,Yes,Couple with dependent children,More than 5 years,Regional,40%,50% - About half of my time,40%,Neither agree nor disagree,Somewhat agree,Somewhat agree,Neither agree nor disagree,Somewhat agree,50% - About half of my time,50% - About half of my time,Somewhat agree,Somewhat agree,Somewhat agree,I’m 40% more productive when working remotely,0.5,8.5,4.0,1.0,1.5,9.0,3.0,1.5,2020
1056,1963,Male,"Professional, Scientific and Technical Services",Managers,More than 200,No,Couple with no dependent children,Between 1 and 5 years,Metro,30%,70%,20%,Somewhat agree,Somewhat agree,Somewhat agree,Somewhat agree,Somewhat agree,30%,10%,Strongly agree,Strongly agree,Strongly agree,I’m 40% more productive when working remotely,2.0,6.0,1.0,1.0,0.0,6.0,1.0,1.0,2020
1057,1970,Female,"Professional, Scientific and Technical Services",Professionals,Between 20 and 199,No,Couple with dependent children,Between 6 and 12 months,Metro,40%,80%,80%,Somewhat agree,Somewhat agree,Somewhat agree,Somewhat agree,Somewhat agree,80%,80%,Somewhat agree,Somewhat agree,Neither agree nor disagree,I’m 10% more productive when working remotely,3.0,8.0,10.0,3.0,0.0,8.0,8.0,8.0,2020
1058,1956,Female,Arts and Recreation Services,Clerical and administrative ,More than 200,No,Couple with no dependent children,More than 5 years,Metro,20%,20%,90%,Strongly agree,Strongly agree,Strongly agree,Strongly agree,Strongly agree,90%,Less than 10% of my time,Strongly agree,Somewhat disagree,Somewhat agree,My productivity is about same when I work remotely,0.5,8.0,5.0,3.0,0.0,8.0,5.0,4.0,2020
1059,1985,Female,Financial and Insurance Services,Managers,Between 20 and 199,Yes,One  parent family with dependent children,Between 1 and 5 years,Regional,Less than 10% of my time,20%,50% - I spent about half of my time remote working,Strongly agree,Strongly agree,Strongly agree,Strongly agree,Strongly agree,50% - About half of my time,20%,Somewhat disagree,Somewhat disagree,Somewhat disagree,I’m 10% less productive when working remotely,2.5,8.0,2.0,2.0,0.5,8.0,3.0,3.0,2020
1060,1962,Female,Education and Training,Technicians and trades ,Between 20 and 199,No,Other one family household,More than 5 years,Metro,Less than 10% of my time,50% - About half of my time,10%,Somewhat agree,Somewhat agree,Somewhat agree,Somewhat agree,Somewhat agree,50% - About half of my time,50% - About half of my time,Strongly disagree,Strongly disagree,Strongly disagree,My productivity is about same when I work remotely,0.5,6.25,2.0,3.5,0.5,6.25,2.0,3.5,2020
1061,1964,Male,Manufacturing,Managers,Between 5 and 19,No,Couple with dependent children,More than 5 years,Metro,70%,60%,80%,Somewhat agree,Somewhat agree,Somewhat agree,Strongly agree,Somewhat agree,70%,50% - About half of my time,Neither agree nor disagree,Somewhat agree,Somewhat agree,I’m 50% more productive when working remotely (or more),1.0,6.0,1.0,0.0,0.0,6.0,1.0,0.0,2020
1062,1989,Female,Administrative and Support Services,Clerical and administrative ,More than 200,Yes,Couple with dependent children,Between 6 and 12 months,Metro,60%,I would not have preferred to work remotely ,60%,Somewhat agree,Neither agree nor disagree,Strongly agree,Strongly agree,Neither agree nor disagree,70%,60%,Somewhat agree,Somewhat agree,Somewhat agree,I’m 10% less productive when working remotely,1.0,7.0,4.0,2.0,2.0,7.0,3.0,2.0,2020
1063,1979,Male,"Professional, Scientific and Technical Services",Professionals,Between 5 and 19,Yes,Single person,More than 5 years,Regional,50% - I spent about half of my time remote working,50% - About half of my time,100% - I spent all of my time remote working,Strongly agree,Strongly agree,Strongly agree,Strongly agree,Strongly agree,100% - All of my time,50% - About half of my time,Strongly agree,Strongly agree,Strongly agree,I’m 20% more productive when working remotely,0.5,9.0,5.0,1.5,0.0,9.0,5.0,2.0,2020
1064,1964,Female,Financial and Insurance Services,Clerical and administrative ,Between 20 and 199,No,Couple with no dependent children,More than 5 years,Metro,40%,50% - About half of my time,40%,Somewhat agree,Somewhat agree,Somewhat agree,Somewhat agree,Somewhat agree,50% - About half of my time,50% - About half of my time,Somewhat agree,Somewhat agree,Somewhat agree,I’m 50% more productive when working remotely (or more),1.0,8.0,3.0,2.0,2.0,8.0,6.0,8.0,2020
1065,1973,Male,Public Administration and Safety,Professionals,More than 200,No,Single person,More than 5 years,Metro,Less than 10% of my time,50% - About half of my time,90%,Somewhat agree,Somewhat agree,Somewhat agree,Strongly agree,Somewhat agree,70%,50% - About half of my time,Somewhat agree,Neither agree nor disagree,Somewhat agree,I’m 20% more productive when working remotely,4.0,8.0,10.0,2.0,1.0,8.0,11.0,4.0,2020
1066,1957,Male,Other Services,Clerical and administrative ,Between 20 and 199,Yes,Couple with dependent children,More than 5 years,Metro,60%,50% - About half of my time,20%,Strongly agree,Strongly agree,Strongly agree,Somewhat agree,Strongly agree,20%,60%,Strongly agree,Strongly agree,Strongly agree,I’m 50% more productive when working remotely (or more),4.0,12.0,8.0,0.0,4.0,12.0,8.0,0.0,2020
1067,1975,Male,Financial and Insurance Services,Clerical and administrative ,Between 20 and 199,No,Group household,Between 1 and 5 years,Metro,Rarely or never ,50% - About half of my time,60%,Neither agree nor disagree,Strongly agree,Strongly agree,Somewhat agree,Strongly agree,100% - All of my time,60%,Somewhat disagree,Neither agree nor disagree,Neither agree nor disagree,I’m 50% more productive when working remotely (or more),2.0,8.0,8.0,6.0,0.0,9.0,10.0,5.0,2020
1068,1959,Male,"Professional, Scientific and Technical Services",Managers,Between 20 and 199,Yes,Couple with dependent children,More than 5 years,Metro,20%,20%,100% - I spent all of my time remote working,Somewhat disagree,Somewhat disagree,Somewhat disagree,Somewhat disagree,Somewhat disagree,20%,20%,Somewhat agree,Somewhat agree,Somewhat agree,I’m 20% less productive when working remotely,2.0,9.0,4.0,2.0,1.0,10.0,6.0,4.0,2020
1069,1980,Male,Public Administration and Safety,Clerical and administrative ,More than 200,No,Couple with dependent children,More than 5 years,Metro,Rarely or never ,40%,60%,Somewhat agree,Strongly disagree,Somewhat agree,Strongly disagree,Strongly agree,80%,40%,Somewhat disagree,Somewhat disagree,Somewhat disagree,My productivity is about same when I work remotely,1.0,8.0,2.0,1.0,0.0,7.0,1.0,2.0,2020
1070,1985,Male,"Professional, Scientific and Technical Services",Technicians and trades ,Between 20 and 199,Yes,Single person,Between 1 and 5 years,Metro,Rarely or never ,100% - All of my time,100% - I spent all of my time remote working,Somewhat agree,Strongly agree,Somewhat agree,Somewhat agree,Somewhat agree,100% - All of my time,100% - All of my time,Strongly disagree,Strongly disagree,Strongly disagree,I’m 20% more productive when working remotely,2.0,8.5,4.0,9.5,0.5,9.5,5.0,9.0,2020
1071,1976,Male,"Professional, Scientific and Technical Services",Professionals,Between 5 and 19,Yes,Couple with dependent children,More than 5 years,Metro,10%,Less than 10% of my time,40%,Strongly agree,Somewhat agree,Strongly agree,Somewhat agree,Somewhat agree,60%,40%,Somewhat agree,Strongly agree,Strongly agree,I’m 20% more productive when working remotely,0.5,8.0,1.0,1.0,0.0,10.0,1.0,1.0,2020
1072,1962,Female,Other Services,Managers,More than 200,Yes,Couple with dependent children,More than 5 years,Metro,10%,50% - About half of my time,20%,Somewhat disagree,Somewhat agree,Somewhat agree,Neither agree nor disagree,Somewhat agree,30%,30%,Strongly disagree,Strongly disagree,Strongly disagree,My productivity is about same when I work remotely,0.5,10.0,3.0,2.0,0.0,8.0,3.0,4.0,2020
1073,1985,Male,Information Media and Telecommunications,Managers,More than 200,Yes,Couple with no dependent children,More than 5 years,Metro,Rarely or never ,50% - About half of my time,20%,Neither agree nor disagree,Somewhat agree,Somewhat disagree,Somewhat agree,Strongly disagree,50% - About half of my time,50% - About half of my time,Somewhat agree,Somewhat agree,Somewhat agree,My productivity is about same when I work remotely,3.0,7.0,3.0,1.0,0.0,7.0,3.0,2.0,2020
1074,1960,Male,Administrative and Support Services,Clerical and administrative ,Between 20 and 199,No,Couple with no dependent children,More than 5 years,Metro,50% - I spent about half of my time remote working,I would not have preferred to work remotely ,100% - I spent all of my time remote working,Somewhat disagree,Strongly agree,Strongly disagree,Strongly agree,Somewhat agree,I would not have preferred to work remotely ,I would prefer not to work remotely ,Somewhat disagree,Strongly disagree,Somewhat disagree,My productivity is about same when I work remotely,0.5,7.0,0.0,0.0,0.5,7.0,0.0,0.0,2020
1075,1955,Male,Financial and Insurance Services,Professionals,I am the only employee,Yes,Couple with no dependent children,More than 5 years,Metro,50% - I spent about half of my time remote working,50% - About half of my time,50% - I spent about half of my time remote working,Strongly agree,Strongly agree,Strongly agree,Strongly agree,Strongly agree,50% - About half of my time,50% - About half of my time,Strongly agree,Strongly agree,Strongly agree,I’m 10% less productive when working remotely,0.0,5.0,2.0,0.0,1.0,5.0,1.0,0.0,2020
1076,1962,Male,Public Administration and Safety,Managers,More than 200,Yes,Single person,More than 5 years,Metro,Less than 10% of my time,50% - About half of my time,100% - I spent all of my time remote working,Strongly agree,Strongly agree,Strongly agree,Strongly agree,Strongly agree,100% - All of my time,80%,Somewhat agree,Strongly agree,Somewhat agree,My productivity is about same when I work remotely,1.5,8.0,13.5,1.0,0.0,8.0,15.0,1.0,2020
1077,1984,Male,"Professional, Scientific and Technical Services",Professionals,More than 200,Yes,Couple with dependent children,Between 1 and 5 years,Metro,30%,60%,90%,Strongly agree,Strongly agree,Strongly agree,Strongly agree,Strongly agree,90%,90%,Strongly agree,Somewhat agree,Strongly agree,I’m 50% more productive when working remotely (or more),2.0,6.0,7.0,9.0,1.0,9.0,10.0,4.0,2020
1078,1964,Male,Accommodation and Food Services,Managers,Between 20 and 199,Yes,Couple with dependent children,More than 5 years,Metro,20%,30%,80%,Strongly agree,Strongly agree,Somewhat agree,Strongly agree,Somewhat agree,40%,30%,Neither agree nor disagree,Somewhat agree,Somewhat agree,I’m 10% more productive when working remotely,1.0,5.0,1.0,1.0,1.0,7.0,2.0,2.0,2020
1079,1997,Male,Financial and Insurance Services,Managers,Between 5 and 19,Yes,Single person,Between 1 and 5 years,Metro,Rarely or never ,50% - About half of my time,50% - I spent about half of my time remote working,Strongly agree,Strongly agree,Somewhat agree,Neither agree nor disagree,Somewhat agree,100% - All of my time,50% - About half of my time,Neither agree nor disagree,Neither agree nor disagree,Neither agree nor disagree,I’m 50% more productive when working remotely (or more),2.0,2.0,1.0,2.0,2.0,3.0,2.0,4.0,2020
1080,1963,Male,"Professional, Scientific and Technical Services",Professionals,Between 1 and 4,Yes,Couple with dependent children,More than 5 years,Regional,100% - I spent all of my time remote working,100% - All of my time,100% - I spent all of my time remote working,Strongly agree,Strongly agree,Strongly agree,Strongly agree,Strongly agree,100% - All of my time,100% - All of my time,Strongly agree,Strongly agree,Strongly agree,My productivity is about same when I work remotely,3.0,8.0,2.0,2.0,0.0,10.0,2.0,2.0,2020
1081,1972,Male,Financial and Insurance Services,Professionals,Between 20 and 199,No,Couple with dependent children,Between 1 and 5 years,Metro,Rarely or never ,20%,50% - I spent about half of my time remote working,Somewhat agree,Strongly disagree,Somewhat disagree,Neither agree nor disagree,Somewhat agree,50% - About half of my time,20%,Somewhat disagree,Neither agree nor disagree,Somewhat disagree,I’m 20% more productive when working remotely,1.0,6.5,2.5,3.0,0.0,7.0,3.0,3.0,2020
1082,1980,Male,Wholesale Trade,Managers,More than 200,Yes,One  parent family with dependent children,Between 6 and 12 months,Metro,60%,50% - About half of my time,50% - I spent about half of my time remote working,Neither agree nor disagree,Neither agree nor disagree,Neither agree nor disagree,Neither agree nor disagree,Neither agree nor disagree,40%,80%,Neither agree nor disagree,Neither agree nor disagree,Neither agree nor disagree,I’m 30% more productive when working remotely,2.0,2.0,2.0,2.0,2.0,2.0,2.0,2.0,2020
1083,1995,Female,Financial and Insurance Services,Clerical and administrative ,Between 20 and 199,No,Group household,Between 1 and 5 years,Metro,Rarely or never ,20%,10%,Neither agree nor disagree,Somewhat disagree,Somewhat agree,Somewhat disagree,Somewhat disagree,20%,20%,Strongly disagree,Somewhat disagree,Strongly disagree,I’m 20% less productive when working remotely,1.0,7.5,5.0,0.0,0.0,7.5,6.0,0.0,2020
1084,1987,Male,Administrative and Support Services,Clerical and administrative ,More than 200,No,Single person,Between 1 and 5 years,Metro,20%,50% - About half of my time,20%,Somewhat agree,Somewhat agree,Strongly agree,Strongly agree,Strongly agree,50% - About half of my time,50% - About half of my time,Strongly agree,Strongly agree,Strongly agree,My productivity is about same when I work remotely,1.0,8.0,4.0,2.0,0.5,8.0,5.0,3.0,2020
1085,1993,Female,Wholesale Trade,Managers,More than 200,Yes,Couple with dependent children,More than 5 years,Metro,60%,70%,80%,Strongly agree,Strongly agree,Strongly agree,Strongly agree,Somewhat agree,80%,70%,Strongly agree,Strongly agree,Strongly agree,I’m 50% more productive when working remotely (or more),1.0,1.0,0.5,0.5,1.0,1.0,0.5,0.5,2020
1086,1976,Male,"Professional, Scientific and Technical Services",Managers,Between 20 and 199,Yes,Couple with dependent children,Between 1 and 5 years,Regional,90%,90%,90%,Strongly agree,Somewhat disagree,Strongly agree,Strongly agree,Strongly agree,100% - All of my time,80%,Somewhat agree,Somewhat agree,Strongly agree,I’m 30% more productive when working remotely,2.0,6.0,1.0,1.0,0.0,9.0,1.0,1.0,2020
1087,1989,Male,"Professional, Scientific and Technical Services",Professionals,Between 20 and 199,Yes,Couple with dependent children,More than 5 years,Regional,20%,20%,20%,Neither agree nor disagree,Somewhat agree,Somewhat agree,Somewhat agree,Strongly agree,20%,20%,Neither agree nor disagree,Somewhat agree,Somewhat agree,I’m 30% more productive when working remotely,1.0,3.0,2.0,2.0,2.0,3.0,1.0,1.0,2020
1088,1972,Male,"Professional, Scientific and Technical Services",Professionals,Between 20 and 199,No,Couple with no dependent children,Between 6 and 12 months,Metro,20%,20%,100% - I spent all of my time remote working,Strongly agree,Strongly agree,Strongly agree,Strongly agree,Strongly agree,100% - All of my time,20%,Somewhat agree,Somewhat agree,Somewhat agree,My productivity is about same when I work remotely,2.0,8.0,5.0,1.0,0.5,8.0,6.0,1.5,2020
1089,1970,Female,Education and Training,Professionals,More than 200,No,Couple with dependent children,Between 1 and 5 years,Metro,Rarely or never ,I would not have preferred to work remotely ,40%,Strongly agree,Strongly agree,Strongly agree,Strongly agree,Somewhat disagree,I would not have preferred to work remotely ,20%,Somewhat disagree,Somewhat disagree,Somewhat agree,I’m 30% less productive when working remotely,2.0,9.0,2.0,3.0,0.0,8.0,2.0,4.0,2020
1090,1956,Female,Wholesale Trade,Managers,Between 5 and 19,Yes,Single person,Between 1 and 5 years,Metro,50% - I spent about half of my time remote working,50% - About half of my time,50% - I spent about half of my time remote working,Strongly agree,Strongly agree,Strongly agree,Strongly agree,Strongly agree,50% - About half of my time,50% - About half of my time,Strongly agree,Neither agree nor disagree,Strongly agree,I’m 30% more productive when working remotely,0.25,7.0,3.0,2.0,0.0,6.0,3.0,2.0,2020
1091,1985,Male,"Transport, Postal and Warehousing",Professionals,More than 200,Yes,Couple with no dependent children,More than 5 years,Metro,30%,80%,60%,Neither agree nor disagree,Neither agree nor disagree,Somewhat agree,Somewhat agree,Somewhat agree,80%,80%,Somewhat agree,Somewhat agree,Somewhat agree,I’m 10% more productive when working remotely,1.0,6.0,0.5,0.5,0.0,7.0,0.0,0.5,2020
1092,1983,Female,Administrative and Support Services,Sales ,Between 5 and 19,No,Couple with dependent children,More than 5 years,Regional,Less than 10% of my time,10%,40%,Strongly agree,Somewhat agree,Somewhat agree,Strongly agree,Neither agree nor disagree,Less than 10% of my time,I would prefer not to work remotely ,Somewhat agree,Somewhat agree,Strongly agree,I’m 30% more productive when working remotely,2.0,11.0,9.0,2.0,0.0,10.0,10.0,4.0,2020
1093,1963,Male,Wholesale Trade,Managers,Between 20 and 199,Yes,Couple with no dependent children,More than 5 years,Metro,50% - I spent about half of my time remote working,80%,50% - I spent about half of my time remote working,Somewhat agree,Somewhat agree,Somewhat agree,Somewhat agree,Somewhat agree,80%,80%,Somewhat disagree,Neither agree nor disagree,Neither agree nor disagree,I’m 10% more productive when working remotely,2.0,10.0,12.0,0.0,0.0,11.0,13.0,0.0,2020
1094,1990,Female,"Professional, Scientific and Technical Services",Managers,Between 5 and 19,Yes,Couple with no dependent children,Between 1 and 5 years,Metro,10%,20%,100% - I spent all of my time remote working,Strongly agree,Somewhat agree,Strongly agree,Strongly agree,Somewhat disagree,50% - About half of my time,20%,Neither agree nor disagree,Neither agree nor disagree,Neither agree nor disagree,I’m 20% less productive when working remotely,1.0,8.0,4.0,1.0,0.5,7.0,5.0,2.0,2020
1095,1966,Male,"Transport, Postal and Warehousing",Professionals,More than 200,Yes,Couple with dependent children,More than 5 years,Metro,50% - I spent about half of my time remote working,50% - About half of my time,100% - I spent all of my time remote working,Strongly agree,Strongly agree,Strongly agree,Strongly agree,Strongly agree,100% - All of my time,50% - About half of my time,Strongly agree,Strongly agree,Somewhat agree,I’m 20% more productive when working remotely,2.0,8.0,3.0,1.0,0.5,9.0,3.0,1.5,2020
1096,1978,Male,Arts and Recreation Services,Clerical and administrative ,Between 5 and 19,No,Other one family household,More than 5 years,Metro,Less than 10% of my time,Less than 10% of my time,Rarely or never ,,,,,,50% - About half of my time,I would prefer not to work remotely ,Neither agree nor disagree,Neither agree nor disagree,Neither agree nor disagree,My productivity is about same when I work remotely,1.0,7.0,12.0,4.0,0.0,7.0,13.0,4.0,2020
1097,1979,Male,"Professional, Scientific and Technical Services",Professionals,Between 20 and 199,No,Single person,More than 5 years,Metro,50% - I spent about half of my time remote working,100% - All of my time,50% - I spent about half of my time remote working,Strongly agree,Somewhat agree,Somewhat agree,Strongly agree,Strongly agree,100% - All of my time,50% - About half of my time,Somewhat agree,Somewhat agree,Somewhat agree,I’m 20% more productive when working remotely,1.0,7.0,1.0,2.0,0.0,9.0,3.0,2.0,2020
1098,1960,Female,"Professional, Scientific and Technical Services",Professionals,More than 200,No,Couple with dependent children,More than 5 years,Metro,Rarely or never ,I would not have preferred to work remotely ,90%,Strongly agree,Strongly agree,Strongly agree,Strongly agree,Somewhat agree,90%,50% - About half of my time,Strongly agree,Strongly agree,Strongly agree,I’m 20% more productive when working remotely,1.0,8.0,3.0,1.0,0.0,9.0,3.0,1.0,2020
1099,1971,Male,Financial and Insurance Services,Managers,Between 20 and 199,Yes,Couple with dependent children,More than 5 years,Metro,Less than 10% of my time,Less than 10% of my time,Less than 10% of my time,Somewhat agree,Somewhat agree,Somewhat agree,Somewhat agree,Neither agree nor disagree,Less than 10% of my time,10%,Neither agree nor disagree,Somewhat agree,Somewhat agree,My productivity is about same when I work remotely,2.5,8.0,3.0,2.0,0.5,9.0,3.0,2.0,2020
1100,1984,Female,"Professional, Scientific and Technical Services",Professionals,More than 200,Yes,Couple with dependent children,Between 1 and 5 years,Regional,60%,70%,70%,Somewhat agree,Neither agree nor disagree,Somewhat disagree,Neither agree nor disagree,Neither agree nor disagree,70%,70%,Neither agree nor disagree,Somewhat agree,Strongly agree,I’m 30% more productive when working remotely,2.0,8.0,6.0,5.0,2.0,8.0,7.0,6.0,2020
1101,1971,Female,Retail Trade,Sales ,More than 200,No,One  parent family with dependent children,Between 1 and 5 years,Metro,Rarely or never ,10%,Less than 10% of my time,Neither agree nor disagree,Neither agree nor disagree,Neither agree nor disagree,Neither agree nor disagree,Somewhat agree,30%,10%,Somewhat disagree,Somewhat disagree,Somewhat disagree,My productivity is about same when I work remotely,2.5,5.0,2.0,5.0,0.0,0.5,4.0,5.0,2020
1102,1984,Female,"Professional, Scientific and Technical Services",Professionals,More than 200,Yes,Couple with dependent children,Between 1 and 5 years,Regional,70%,60%,70%,Strongly agree,Somewhat agree,Neither agree nor disagree,Neither agree nor disagree,Somewhat agree,70%,70%,Somewhat agree,Neither agree nor disagree,Somewhat agree,I’m 30% more productive when working remotely,1.0,8.0,5.0,3.0,1.5,8.0,5.0,4.0,2020
1103,1945,Male,Other Services,Managers,Between 5 and 19,Yes,Single person,More than 5 years,Metro,Rarely or never ,I would not have preferred to work remotely ,50% - I spent about half of my time remote working,Strongly agree,Strongly agree,Strongly agree,Strongly agree,Somewhat agree,I would not have preferred to work remotely ,I would prefer not to work remotely ,Neither agree nor disagree,Neither agree nor disagree,Somewhat agree,My productivity is about same when I work remotely,2.0,8.0,4.0,2.0,0.0,4.0,18.0,2.0,2020
1104,1960,Male,Financial and Insurance Services,Professionals,More than 200,No,Single person,More than 5 years,Metro,90%,100% - All of my time,100% - I spent all of my time remote working,Somewhat agree,Strongly agree,Somewhat agree,Strongly agree,Strongly agree,100% - All of my time,100% - All of my time,Somewhat disagree,Somewhat disagree,Somewhat agree,I’m 50% more productive when working remotely (or more),4.5,7.5,1.0,3.0,0.5,9.0,3.5,3.0,2020
1105,1980,Female,Financial and Insurance Services,Sales ,More than 200,No,Couple with dependent children,More than 5 years,Regional,Rarely or never ,Less than 10% of my time,10%,Somewhat agree,Strongly agree,Strongly agree,Somewhat agree,Strongly agree,50% - About half of my time,I would prefer not to work remotely ,Strongly disagree,Strongly disagree,Somewhat agree,My productivity is about same when I work remotely,1.0,8.0,4.0,2.0,0.5,8.0,5.0,2.0,2020
1106,1965,Male,Administrative and Support Services,Managers,Between 1 and 4,Yes,Couple with no dependent children,Between 1 and 5 years,Metro,10%,10%,20%,Somewhat disagree,Somewhat agree,Neither agree nor disagree,Neither agree nor disagree,Neither agree nor disagree,20%,10%,Neither agree nor disagree,Somewhat disagree,Neither agree nor disagree,I’m 20% more productive when working remotely,1.0,11.0,11.0,1.0,1.0,5.0,1.0,1.0,2020
1107,1967,Male,Education and Training,Professionals,More than 200,Yes,Couple with dependent children,More than 5 years,Regional,Less than 10% of my time,I would not have preferred to work remotely ,80%,Strongly agree,Neither agree nor disagree,Somewhat agree,Strongly agree,Somewhat agree,50% - About half of my time,I would prefer not to work remotely ,Somewhat agree,Somewhat agree,Somewhat agree,I’m 20% less productive when working remotely,0.3,7.0,1.0,0.0,0.0,6.0,2.0,2.0,2020
1108,1961,Male,"Agriculture, Forestry and Fishing",Technicians and trades ,Between 5 and 19,Yes,Couple with dependent children,More than 5 years,Regional,90%,90%,100% - I spent all of my time remote working,Neither agree nor disagree,Somewhat agree,Somewhat agree,Somewhat agree,Somewhat agree,90%,90%,Somewhat agree,Somewhat agree,Somewhat agree,I’m 50% more productive when working remotely (or more),2.0,7.0,4.0,1.0,2.0,5.0,2.0,1.0,2020
1109,1990,Male,Other Services,Community and personal service ,More than 200,Yes,Couple with no dependent children,More than 5 years,Metro,20%,40%,60%,Somewhat agree,Somewhat agree,Somewhat disagree,Somewhat disagree,Somewhat agree,10%,50% - About half of my time,Somewhat agree,Neither agree nor disagree,Somewhat agree,My productivity is about same when I work remotely,4.0,8.0,2.0,2.0,1.0,8.0,3.0,1.0,2020
1110,1970,Male,Information Media and Telecommunications,Professionals,Between 5 and 19,No,Couple with no dependent children,More than 5 years,Metro,30%,50% - About half of my time,30%,Neither agree nor disagree,Somewhat agree,Neither agree nor disagree,Neither agree nor disagree,Somewhat agree,60%,60%,Neither agree nor disagree,Neither agree nor disagree,Neither agree nor disagree,I’m 40% more productive when working remotely,1.0,12.0,2.0,2.0,1.0,12.0,1.0,1.0,2020
1111,1978,Male,Financial and Insurance Services,Managers,More than 200,No,Couple with dependent children,More than 5 years,Metro,50% - I spent about half of my time remote working,50% - About half of my time,100% - I spent all of my time remote working,Somewhat agree,Somewhat agree,Somewhat agree,Somewhat agree,Somewhat agree,100% - All of my time,50% - About half of my time,Neither agree nor disagree,Somewhat agree,Somewhat agree,I’m 40% more productive when working remotely,3.0,8.0,2.0,2.0,1.0,10.0,2.0,2.0,2020
1112,1979,Male,Retail Trade,Managers,Between 1 and 4,Yes,Multiple family household,Between 1 and 5 years,Regional,40%,I would not have preferred to work remotely ,30%,Somewhat agree,Somewhat agree,Somewhat disagree,Strongly agree,Strongly agree,I would not have preferred to work remotely ,Less than 10% of my time,Strongly disagree,Strongly disagree,Strongly agree,I’m 50% less productive when working remotely (or less),0.5,7.0,0.0,0.0,0.0,7.0,0.0,0.0,2020
1113,1980,Female,Construction,Technicians and trades ,Between 20 and 199,Yes,Couple with dependent children,More than 5 years,Metro,10%,10%,Less than 10% of my time,Somewhat agree,Somewhat agree,Somewhat agree,Somewhat agree,Somewhat agree,Less than 10% of my time,80%,Somewhat agree,Somewhat agree,Somewhat agree,I’m 10% more productive when working remotely,5.0,14.0,4.0,1.0,1.0,18.0,3.0,2.0,2020
1114,1961,Female,Public Administration and Safety,Clerical and administrative ,More than 200,No,Couple with no dependent children,Between 1 and 5 years,Metro,Rarely or never ,100% - All of my time,100% - I spent all of my time remote working,Somewhat agree,Somewhat agree,Somewhat agree,Somewhat agree,Strongly agree,100% - All of my time,100% - All of my time,Somewhat agree,Strongly agree,Strongly agree,I’m 50% more productive when working remotely (or more),2.0,7.0,3.0,3.0,0.0,7.0,4.0,4.0,2020
1115,1957,Male,Public Administration and Safety,Clerical and administrative ,Between 20 and 199,Yes,Couple with no dependent children,More than 5 years,Metro,70%,50% - About half of my time,70%,Strongly agree,Strongly agree,Somewhat agree,Somewhat agree,Somewhat agree,50% - About half of my time,20%,Neither agree nor disagree,Somewhat agree,Neither agree nor disagree,My productivity is about same when I work remotely,0.5,9.0,4.0,1.0,0.5,9.0,4.0,1.0,2020
1116,1984,Male,"Professional, Scientific and Technical Services",Professionals,Between 20 and 199,Yes,Couple with dependent children,More than 5 years,Metro,40%,40%,60%,Strongly agree,Strongly agree,Strongly agree,Strongly agree,Strongly agree,60%,60%,Strongly agree,Strongly agree,Strongly agree,My productivity is about same when I work remotely,1.0,7.0,5.0,3.0,0.0,7.0,5.0,5.0,2020
1117,1958,Female,Retail Trade,Clerical and administrative ,Between 1 and 4,No,Group household,More than 5 years,Metro,80%,80%,80%,Neither agree nor disagree,Neither agree nor disagree,Neither agree nor disagree,Neither agree nor disagree,Neither agree nor disagree,80%,30%,Neither agree nor disagree,Neither agree nor disagree,Neither agree nor disagree,I’m 10% less productive when working remotely,0.0,4.0,4.0,2.0,0.0,6.0,5.0,13.0,2020
1118,1976,Female,"Transport, Postal and Warehousing",Professionals,More than 200,No,Couple with dependent children,Between 1 and 5 years,Metro,20%,80%,100% - I spent all of my time remote working,Strongly agree,Strongly agree,Strongly agree,Strongly agree,Strongly agree,100% - All of my time,100% - All of my time,Strongly agree,Strongly agree,Strongly agree,I’m 50% more productive when working remotely (or more),2.0,9.0,4.0,4.0,0.0,12.0,4.0,4.0,2020
1119,1991,Male,Information Media and Telecommunications,Professionals,Between 20 and 199,No,Single person,Between 6 and 12 months,Metro,40%,50% - About half of my time,40%,Neither agree nor disagree,Neither agree nor disagree,Somewhat disagree,Neither agree nor disagree,Somewhat agree,30%,40%,Somewhat disagree,Neither agree nor disagree,Somewhat agree,I’m 30% more productive when working remotely,1.0,7.0,5.0,5.0,0.0,7.0,8.0,8.0,2020
1120,1973,Female,Financial and Insurance Services,Clerical and administrative ,More than 200,No,Couple with dependent children,Between 1 and 5 years,Regional,Rarely or never ,100% - All of my time,90%,Strongly agree,Somewhat agree,Strongly agree,Strongly agree,Strongly agree,100% - All of my time,90%,Strongly agree,Strongly agree,Strongly agree,My productivity is about same when I work remotely,1.0,7.66,3.0,5.0,0.5,7.66,6.0,6.0,2020
1121,1976,Male,"Professional, Scientific and Technical Services",Technicians and trades ,Between 5 and 19,No,Couple with dependent children,Between 1 and 5 years,Metro,50% - I spent about half of my time remote working,80%,100% - I spent all of my time remote working,Somewhat agree,Somewhat agree,Somewhat agree,Somewhat agree,Somewhat agree,100% - All of my time,100% - All of my time,Neither agree nor disagree,Somewhat agree,Somewhat agree,I’m 30% more productive when working remotely,0.2,7.0,4.0,2.0,0.1,7.0,3.0,3.0,2020
1122,1968,Female,Health Care and Social Assistance,Managers,Between 20 and 199,Yes,Couple with dependent children,Between 1 and 5 years,Metro,30%,20%,70%,Strongly agree,Strongly agree,Strongly agree,Strongly agree,Strongly agree,80%,20%,Somewhat agree,Strongly agree,Strongly agree,I’m 10% less productive when working remotely,0.5,8.0,7.0,4.0,0.0,8.0,7.0,4.0,2020
1123,2000,Male,"Electricity, Gas, Water and Waste Services",Technicians and trades ,More than 200,Yes,Single person,Between 1 and 5 years,Regional,Rarely or never ,I would not have preferred to work remotely ,100% - I spent all of my time remote working,Somewhat agree,Somewhat agree,Somewhat agree,Neither agree nor disagree,Somewhat agree,I would not have preferred to work remotely ,I would prefer not to work remotely ,Somewhat agree,Somewhat agree,Somewhat agree,My productivity is about same when I work remotely,1.0,9.0,8.0,6.0,1.0,6.0,9.0,8.0,2020
1124,1980,Female,Manufacturing,Managers,More than 200,No,Couple with no dependent children,More than 5 years,Metro,60%,90%,100% - I spent all of my time remote working,Strongly agree,Strongly agree,Strongly agree,Strongly agree,Strongly agree,100% - All of my time,90%,Neither agree nor disagree,Neither agree nor disagree,Neither agree nor disagree,I’m 50% more productive when working remotely (or more),3.0,8.0,2.0,2.0,0.0,9.0,3.0,3.0,2020
1125,1995,Female,Arts and Recreation Services,Technicians and trades ,Between 20 and 199,Yes,Couple with dependent children,Between 6 and 12 months,Metro,Less than 10% of my time,Less than 10% of my time,20%,Neither agree nor disagree,Neither agree nor disagree,Strongly disagree,Somewhat disagree,Somewhat disagree,20%,20%,Somewhat agree,Neither agree nor disagree,Somewhat agree,I’m 10% more productive when working remotely,5.0,6.0,11.0,2.0,5.0,6.0,11.0,2.0,2020
1126,1985,Male,Manufacturing,Professionals,Between 5 and 19,Yes,Couple with dependent children,Between 1 and 5 years,Metro,30%,40%,Less than 10% of my time,Somewhat disagree,Somewhat disagree,Somewhat disagree,Somewhat disagree,Somewhat disagree,50% - About half of my time,Less than 10% of my time,Neither agree nor disagree,Neither agree nor disagree,Neither agree nor disagree,I’m 30% more productive when working remotely,1.0,2.0,3.0,4.0,2.0,2.0,2.0,2.0,2020
1127,1990,Female,Wholesale Trade,Managers,Between 20 and 199,Yes,Couple with dependent children,More than 5 years,Metro,50% - I spent about half of my time remote working,50% - About half of my time,40%,Strongly agree,Somewhat agree,Neither agree nor disagree,Somewhat agree,Somewhat agree,70%,30%,Strongly agree,Somewhat agree,Strongly agree,I’m 20% more productive when working remotely,1.0,8.0,8.0,7.0,1.0,8.0,8.0,7.0,2020
1128,1985,Male,Retail Trade,Professionals,Between 5 and 19,Yes,Couple with dependent children,Between 6 and 12 months,Metro,70%,50% - About half of my time,60%,Neither agree nor disagree,Neither agree nor disagree,Neither agree nor disagree,Somewhat agree,Neither agree nor disagree,60%,70%,Somewhat agree,Somewhat agree,Strongly agree,I’m 20% less productive when working remotely,1.0,2.0,2.0,1.0,1.0,4.0,2.0,2.0,2020
1129,1985,Male,Arts and Recreation Services,Clerical and administrative ,Between 5 and 19,Yes,Couple with dependent children,More than 5 years,Metro,10%,10%,Less than 10% of my time,Neither agree nor disagree,Somewhat agree,Somewhat agree,Strongly agree,Neither agree nor disagree,Less than 10% of my time,20%,Somewhat disagree,Neither agree nor disagree,Somewhat agree,I’m 30% more productive when working remotely,0.25,10.0,5.0,2.0,0.15,3.0,10.0,3.0,2020
1130,1977,Male,"Transport, Postal and Warehousing",Managers,Between 20 and 199,No,Couple with dependent children,Between 6 and 12 months,Regional,50% - I spent about half of my time remote working,60%,60%,Neither agree nor disagree,Somewhat disagree,Somewhat agree,Neither agree nor disagree,Somewhat agree,60%,60%,Somewhat agree,Neither agree nor disagree,Somewhat disagree,I’m 10% more productive when working remotely,1.5,5.0,0.5,0.05,0.0,6.5,1.0,0.05,2020
1131,1973,Female,"Professional, Scientific and Technical Services",Professionals,More than 200,No,Single person,Between 1 and 5 years,Metro,100% - I spent all of my time remote working,Less than 10% of my time,100% - I spent all of my time remote working,Strongly agree,Strongly agree,Strongly agree,Strongly agree,Strongly agree,100% - All of my time,50% - About half of my time,Strongly agree,Strongly agree,Strongly agree,I’m 50% more productive when working remotely (or more),0.0,8.0,8.0,8.0,0.0,8.0,8.0,8.0,2020
1132,1986,Male,Manufacturing,Professionals,Between 20 and 199,Yes,Single person,More than 5 years,Metro,80%,70%,80%,Strongly agree,Strongly agree,Strongly agree,Somewhat agree,Strongly agree,90%,90%,Somewhat agree,Strongly agree,Somewhat agree,I’m 20% more productive when working remotely,1.5,8.5,3.5,1.5,0.5,8.5,4.0,2.0,2020
1133,1978,Male,"Professional, Scientific and Technical Services",Professionals,More than 200,No,Couple with dependent children,Between 1 and 5 years,Metro,90%,90%,100% - I spent all of my time remote working,Strongly agree,Strongly agree,Strongly agree,Strongly agree,Strongly agree,100% - All of my time,90%,Strongly agree,Strongly agree,Strongly agree,I’m 20% more productive when working remotely,1.5,7.5,2.0,2.0,0.5,8.5,3.5,3.5,2020
1134,1981,Female,Construction,Managers,Between 5 and 19,Yes,Single person,More than 5 years,Metro,40%,100% - All of my time,70%,Neither agree nor disagree,Strongly agree,Somewhat agree,Strongly agree,Strongly agree,100% - All of my time,100% - All of my time,Somewhat agree,Somewhat agree,Strongly agree,I’m 50% more productive when working remotely (or more),2.5,8.0,4.0,1.0,0.5,8.0,5.0,4.0,2020
1135,1980,Male,Other Services,Managers,More than 200,Yes,Couple with no dependent children,Between 6 and 12 months,Metro,20%,20%,100% - I spent all of my time remote working,Strongly agree,Strongly agree,Strongly agree,Strongly agree,Neither agree nor disagree,100% - All of my time,100% - All of my time,Neither agree nor disagree,Somewhat disagree,Neither agree nor disagree,My productivity is about same when I work remotely,2.0,7.5,2.0,3.0,0.0,6.0,3.0,4.0,2020
1136,1982,Female,Financial and Insurance Services,Professionals,More than 200,Yes,Couple with no dependent children,More than 5 years,Metro,30%,80%,100% - I spent all of my time remote working,Strongly agree,Strongly agree,Strongly agree,Strongly agree,Strongly agree,100% - All of my time,80%,Somewhat disagree,Neither agree nor disagree,Neither agree nor disagree,I’m 50% more productive when working remotely (or more),2.0,8.0,2.0,3.0,0.5,8.0,5.0,2.0,2020
1137,1963,Female,Administrative and Support Services,Clerical and administrative ,Between 5 and 19,No,Couple with dependent children,Between 6 and 12 months,Metro,50% - I spent about half of my time remote working,50% - About half of my time,70%,Strongly agree,Strongly agree,Strongly agree,Strongly agree,Strongly agree,80%,70%,Strongly agree,Strongly agree,Strongly agree,I’m 50% more productive when working remotely (or more),3.0,8.0,2.0,3.0,0.5,8.0,3.0,4.0,2020
1138,1997,Male,"Professional, Scientific and Technical Services",Professionals,Between 20 and 199,Yes,Other one family household,Between 6 and 12 months,Metro,70%,70%,50% - I spent about half of my time remote working,Somewhat disagree,Neither agree nor disagree,Somewhat disagree,Strongly agree,Neither agree nor disagree,60%,30%,Somewhat disagree,Strongly agree,Neither agree nor disagree,My productivity is about same when I work remotely,3.0,5.0,8.0,4.0,5.0,5.0,7.0,5.0,2020
1139,1975,Female,Education and Training,Clerical and administrative ,More than 200,No,Single person,Between 1 and 5 years,Metro,Less than 10% of my time,50% - About half of my time,100% - I spent all of my time remote working,Strongly agree,Neither agree nor disagree,Strongly agree,Strongly agree,Somewhat agree,100% - All of my time,50% - About half of my time,Somewhat disagree,Somewhat disagree,Somewhat disagree,I’m 20% more productive when working remotely,4.5,7.5,2.0,1.0,2.0,7.5,2.5,2.0,2020
1140,1969,Female,"Professional, Scientific and Technical Services",Professionals,Between 5 and 19,Yes,Couple with dependent children,More than 5 years,Metro,50% - I spent about half of my time remote working,50% - About half of my time,50% - I spent about half of my time remote working,Strongly agree,Strongly agree,Strongly agree,Strongly agree,Strongly agree,50% - About half of my time,50% - About half of my time,Strongly agree,Neither agree nor disagree,Neither agree nor disagree,I’m 10% more productive when working remotely,1.0,6.0,10.0,7.0,0.0,8.0,7.0,9.0,2020
1141,1998,Male,Retail Trade,Managers,More than 200,Yes,Couple with no dependent children,Between 1 and 5 years,Metro,Less than 10% of my time,Less than 10% of my time,Less than 10% of my time,Somewhat disagree,Somewhat agree,Somewhat agree,Somewhat agree,Strongly agree,Less than 10% of my time,20%,Somewhat agree,Somewhat agree,Neither agree nor disagree,I’m 50% more productive when working remotely (or more),0.5,6.0,3.0,0.0,1.0,7.0,3.0,0.0,2020
1142,1992,Male,Manufacturing,Managers,Between 20 and 199,Yes,Couple with dependent children,Between 1 and 5 years,Metro,70%,80%,70%,Somewhat agree,Strongly agree,Somewhat agree,Somewhat agree,Somewhat agree,70%,70%,Somewhat agree,Somewhat agree,Strongly agree,I’m 30% more productive when working remotely,2.0,6.0,12.0,4.0,3.0,7.0,10.0,4.0,2020
1143,1990,Female,Manufacturing,Professionals,Between 5 and 19,No,Couple with no dependent children,Between 6 and 12 months,Metro,Rarely or never ,30%,90%,Strongly agree,Strongly agree,Somewhat agree,Strongly agree,Somewhat agree,90%,50% - About half of my time,Neither agree nor disagree,Neither agree nor disagree,Somewhat disagree,I’m 20% more productive when working remotely,2.0,8.0,3.0,2.0,1.0,8.0,3.0,2.0,2020
1144,1995,Male,"Professional, Scientific and Technical Services",Community and personal service ,Between 20 and 199,No,Couple with no dependent children,Between 6 and 12 months,Regional,30%,10%,50% - I spent about half of my time remote working,Neither agree nor disagree,Neither agree nor disagree,Somewhat agree,Somewhat disagree,Somewhat agree,50% - About half of my time,10%,Somewhat agree,Somewhat disagree,Neither agree nor disagree,I’m 10% less productive when working remotely,0.3,4.0,3.0,2.0,4.0,7.0,7.0,6.0,2020
1145,2000,Female,Other Services,Technicians and trades ,Between 20 and 199,No,Couple with dependent children,Between 6 and 12 months,Metro,100% - I spent all of my time remote working,100% - All of my time,100% - I spent all of my time remote working,Neither agree nor disagree,Somewhat disagree,Neither agree nor disagree,Neither agree nor disagree,Neither agree nor disagree,100% - All of my time,100% - All of my time,Neither agree nor disagree,Neither agree nor disagree,Somewhat agree,My productivity is about same when I work remotely,3.0,5.0,5.0,3.0,0.0,6.0,5.0,4.0,2020
1146,1969,Female,Financial and Insurance Services,Clerical and administrative ,More than 200,No,Couple with no dependent children,More than 5 years,Regional,Rarely or never ,10%,100% - I spent all of my time remote working,Strongly agree,Strongly agree,Strongly agree,Strongly agree,Somewhat agree,100% - All of my time,50% - About half of my time,Somewhat agree,Somewhat agree,Somewhat agree,I’m 30% more productive when working remotely,3.5,10.0,3.0,1.0,0.5,10.0,3.0,2.5,2020
1147,1968,Male,Public Administration and Safety,Professionals,More than 200,No,Couple with dependent children,Between 1 and 5 years,Metro,20%,20%,50% - I spent about half of my time remote working,Somewhat agree,Strongly agree,Strongly agree,Strongly agree,Strongly agree,40%,30%,Neither agree nor disagree,Neither agree nor disagree,Somewhat agree,I’m 10% less productive when working remotely,1.2,8.0,4.0,3.0,0.0,8.5,4.0,3.0,2020
1148,1963,Male,"Rental, Hiring and Real Estate Services",Managers,Between 20 and 199,Yes,Couple with dependent children,More than 5 years,Metro,Rarely or never ,I would not have preferred to work remotely ,40%,Somewhat agree,Neither agree nor disagree,Somewhat agree,Somewhat agree,Somewhat disagree,I would not have preferred to work remotely ,I would prefer not to work remotely ,Neither agree nor disagree,Somewhat disagree,Neither agree nor disagree,I’m 10% less productive when working remotely,0.5,8.0,3.0,2.0,0.5,8.0,3.0,2.0,2020
1149,1977,Male,Construction,Managers,More than 200,Yes,Couple with dependent children,Between 6 and 12 months,Metro,80%,Less than 10% of my time,80%,Neither agree nor disagree,Somewhat agree,Neither agree nor disagree,Neither agree nor disagree,Somewhat agree,80%,50% - About half of my time,Somewhat agree,Somewhat agree,Somewhat agree,I’m 20% more productive when working remotely,0.5,5.0,1.0,1.0,0.5,5.0,2.0,1.0,2020
1150,1956,Female,Financial and Insurance Services,Professionals,I am the only employee,No,Couple with no dependent children,Between 1 and 5 years,Metro,100% - I spent all of my time remote working,100% - All of my time,100% - I spent all of my time remote working,Neither agree nor disagree,Strongly agree,Strongly agree,Neither agree nor disagree,Neither agree nor disagree,100% - All of my time,I would prefer not to work remotely ,Neither agree nor disagree,Neither agree nor disagree,Neither agree nor disagree,I’m 50% more productive when working remotely (or more),0.0,0.0,0.0,0.0,0.0,5.0,5.0,7.0,2020
1151,1975,Female,Manufacturing,Community and personal service ,Between 5 and 19,Yes,Couple with dependent children,More than 5 years,Metro,40%,30%,40%,Strongly agree,Somewhat agree,Somewhat agree,Somewhat agree,Somewhat agree,40%,60%,Somewhat agree,Neither agree nor disagree,Neither agree nor disagree,I’m 10% more productive when working remotely,3.0,2.0,2.0,1.0,4.0,3.0,2.0,1.0,2020
1152,1985,Male,Manufacturing,Professionals,More than 200,Yes,Single person,More than 5 years,Metro,50% - I spent about half of my time remote working,50% - About half of my time,70%,Somewhat agree,Neither agree nor disagree,Strongly agree,Somewhat agree,Somewhat agree,40%,80%,Neither agree nor disagree,Somewhat agree,Somewhat agree,I’m 20% more productive when working remotely,1.0,5.0,2.0,2.0,2.0,2.0,3.0,3.0,2020
1153,1993,Female,Administrative and Support Services,Managers,Between 20 and 199,Yes,Couple with dependent children,Between 6 and 12 months,Regional,70%,100% - All of my time,60%,Somewhat agree,Strongly agree,Strongly agree,Neither agree nor disagree,Strongly agree,50% - About half of my time,100% - All of my time,Strongly agree,Somewhat agree,Strongly agree,I’m 50% more productive when working remotely (or more),2.0,2.0,5.0,5.0,0.0,6.0,5.0,5.0,2020
1154,1956,Female,Education and Training,Professionals,Between 5 and 19,Yes,Couple with no dependent children,More than 5 years,Regional,Less than 10% of my time,Less than 10% of my time,Less than 10% of my time,Strongly disagree,Somewhat disagree,Strongly disagree,Somewhat agree,Somewhat disagree,Less than 10% of my time,Less than 10% of my time,Strongly disagree,Somewhat disagree,Strongly disagree,I’m 50% less productive when working remotely (or less),1.0,3.0,6.0,5.0,1.0,3.0,6.0,5.0,2020
1155,1962,Male,"Professional, Scientific and Technical Services",Professionals,Between 5 and 19,Yes,Couple with no dependent children,More than 5 years,Metro,Less than 10% of my time,100% - All of my time,100% - I spent all of my time remote working,Strongly agree,Strongly agree,Strongly agree,Strongly agree,Somewhat agree,100% - All of my time,100% - All of my time,Somewhat agree,Somewhat disagree,Strongly agree,I’m 20% more productive when working remotely,3.0,9.0,3.0,1.0,0.0,11.0,3.0,2.0,2020
1156,1983,Male,Retail Trade,Technicians and trades ,Between 5 and 19,Yes,One  parent family with dependent children,Between 6 and 12 months,Metro,50% - I spent about half of my time remote working,50% - About half of my time,50% - I spent about half of my time remote working,Somewhat agree,Neither agree nor disagree,Neither agree nor disagree,Somewhat agree,Neither agree nor disagree,50% - About half of my time,50% - About half of my time,Neither agree nor disagree,Somewhat agree,Strongly agree,I’m 30% more productive when working remotely,1.0,8.0,7.0,8.0,1.0,8.0,5.0,10.0,2020
1157,1963,Male,Retail Trade,Sales ,More than 200,No,Couple with no dependent children,More than 5 years,Metro,20%,20%,20%,Strongly agree,Strongly agree,Strongly agree,Strongly agree,Strongly agree,20%,20%,Somewhat agree,Strongly agree,Neither agree nor disagree,My productivity is about same when I work remotely,3.0,7.6,5.0,3.0,1.0,8.0,5.0,3.0,2020
1158,2000,Male,Education and Training,Professionals,Between 5 and 19,No,Single person,Between 1 and 5 years,Metro,50% - I spent about half of my time remote working,30%,80%,Strongly agree,Strongly agree,Strongly agree,Somewhat agree,Strongly agree,40%,30%,Strongly agree,Strongly agree,Somewhat agree,I’m 20% more productive when working remotely,1.0,9.0,2.0,1.3,1.0,9.0,2.0,1.0,2020
1159,1975,Female,Retail Trade,Managers,Between 1 and 4,Yes,Couple with dependent children,More than 5 years,Metro,100% - I spent all of my time remote working,100% - All of my time,100% - I spent all of my time remote working,Strongly agree,Strongly agree,Strongly agree,Strongly agree,Strongly agree,100% - All of my time,100% - All of my time,Strongly agree,Strongly agree,Strongly agree,I’m 50% more productive when working remotely (or more),2.0,8.0,13.0,1.0,0.0,5.0,10.0,9.0,2020
1160,1988,Female,Other Services,Professionals,Between 5 and 19,Yes,Couple with dependent children,Between 6 and 12 months,Metro,90%,70%,80%,Neither agree nor disagree,Somewhat agree,Somewhat agree,Strongly agree,Strongly agree,70%,70%,Somewhat agree,Somewhat agree,Strongly agree,I’m 50% more productive when working remotely (or more),1.0,1.0,1.0,1.0,1.0,1.0,1.0,1.0,2020
1161,1989,Female,Administrative and Support Services,Clerical and administrative ,More than 200,No,Couple with no dependent children,Between 1 and 5 years,Regional,Less than 10% of my time,100% - All of my time,100% - I spent all of my time remote working,Strongly agree,Strongly agree,Somewhat agree,Somewhat agree,Strongly agree,100% - All of my time,20%,Somewhat agree,Somewhat agree,Strongly agree,I’m 40% more productive when working remotely,3.0,8.0,2.0,0.5,0.0,8.0,5.0,2.0,2020
1162,1970,Female,Education and Training,Professionals,Between 20 and 199,No,Couple with dependent children,More than 5 years,Metro,Less than 10% of my time,20%,80%,Somewhat agree,Somewhat agree,Somewhat agree,Somewhat agree,Somewhat agree,80%,50% - About half of my time,Neither agree nor disagree,Somewhat agree,Somewhat agree,My productivity is about same when I work remotely,1.0,7.0,2.0,1.0,0.0,7.0,3.0,2.0,2020
1163,1971,Male,"Professional, Scientific and Technical Services",Professionals,More than 200,Yes,Couple with no dependent children,More than 5 years,Metro,Less than 10% of my time,30%,30%,Somewhat agree,Somewhat agree,Somewhat agree,Somewhat agree,Somewhat agree,50% - About half of my time,30%,Neither agree nor disagree,Neither agree nor disagree,Neither agree nor disagree,I’m 50% more productive when working remotely (or more),2.0,8.0,10.0,4.0,0.5,12.0,10.0,1.5,2020
1164,1985,Male,Construction,Professionals,Between 5 and 19,Yes,Couple with dependent children,Between 6 and 12 months,Metro,30%,40%,30%,Strongly agree,Strongly agree,Strongly agree,Somewhat agree,Strongly agree,40%,40%,Strongly agree,Strongly agree,Somewhat agree,I’m 40% more productive when working remotely,3.0,7.0,7.0,7.0,2.0,7.0,8.0,7.0,2020
1165,1990,Male,"Professional, Scientific and Technical Services",Managers,Between 20 and 199,Yes,Single person,More than 5 years,Metro,80%,100% - All of my time,100% - I spent all of my time remote working,Somewhat agree,Somewhat agree,Somewhat agree,Somewhat agree,Somewhat agree,100% - All of my time,100% - All of my time,Strongly agree,Strongly agree,Strongly agree,I’m 20% more productive when working remotely,2.0,5.0,2.0,0.0,2.0,5.0,2.0,0.0,2020
1166,1992,Female,Education and Training,Professionals,More than 200,No,Group household,Between 6 and 12 months,Metro,Rarely or never ,Less than 10% of my time,50% - I spent about half of my time remote working,Strongly agree,Strongly agree,Strongly agree,Strongly agree,Strongly agree,50% - About half of my time,20%,Neither agree nor disagree,Somewhat agree,Somewhat agree,My productivity is about same when I work remotely,1.0,7.0,12.0,4.0,0.5,7.0,14.0,2.5,2020
1167,1973,Male,"Professional, Scientific and Technical Services",Professionals,More than 200,No,Couple with no dependent children,More than 5 years,Metro,Rarely or never ,I would not have preferred to work remotely ,100% - I spent all of my time remote working,Strongly agree,Somewhat agree,Somewhat disagree,Strongly agree,Strongly agree,100% - All of my time,80%,Neither agree nor disagree,Somewhat agree,Somewhat agree,My productivity is about same when I work remotely,2.0,8.0,3.0,0.5,0.0,8.0,5.0,0.5,2020
1168,1981,Male,Arts and Recreation Services,Managers,More than 200,Yes,Couple with dependent children,More than 5 years,Metro,20%,40%,100% - I spent all of my time remote working,Strongly agree,Somewhat agree,Strongly agree,Strongly agree,Strongly agree,80%,70%,Somewhat agree,Somewhat agree,Strongly agree,I’m 50% more productive when working remotely (or more),2.5,8.0,4.0,6.0,0.25,8.5,6.0,6.0,2020
1169,1956,Male,Manufacturing,Managers,More than 200,No,Couple with no dependent children,More than 5 years,Metro,30%,30%,60%,Somewhat agree,Somewhat agree,Somewhat agree,Somewhat agree,Somewhat agree,80%,80%,Somewhat agree,Somewhat agree,Somewhat agree,I’m 30% more productive when working remotely,1.0,8.0,2.0,0.0,1.0,8.0,3.0,0.0,2020
1170,1962,Female,"Professional, Scientific and Technical Services",Clerical and administrative ,More than 200,No,One  parent family with dependent children,Between 1 and 5 years,Regional,40%,100% - All of my time,100% - I spent all of my time remote working,Strongly agree,Strongly agree,Strongly agree,Strongly agree,Strongly agree,100% - All of my time,100% - All of my time,Somewhat disagree,Somewhat disagree,Somewhat disagree,I’m 50% more productive when working remotely (or more),1.0,7.5,2.0,1.0,0.0,7.5,2.0,2.0,2020
1171,1991,Male,Public Administration and Safety,Managers,More than 200,Yes,Couple with no dependent children,Between 1 and 5 years,Metro,20%,40%,90%,Strongly agree,Neither agree nor disagree,Strongly agree,Strongly agree,Somewhat agree,90%,90%,Strongly agree,Strongly agree,Strongly agree,I’m 30% more productive when working remotely,2.0,9.0,5.0,0.0,0.0,9.0,5.0,0.0,2020
1172,1982,Female,Accommodation and Food Services,Sales ,Between 5 and 19,No,Couple with no dependent children,Between 1 and 5 years,Metro,10%,30%,100% - I spent all of my time remote working,Somewhat agree,Neither agree nor disagree,Somewhat agree,Somewhat agree,Somewhat agree,100% - All of my time,50% - About half of my time,Somewhat agree,Strongly agree,Somewhat agree,I’m 30% more productive when working remotely,1.0,10.0,3.0,1.0,0.0,10.0,4.0,3.0,2020
1173,1973,Female,Other Services,Labourers,Between 20 and 199,No,Single person,Between 1 and 5 years,Metro,100% - I spent all of my time remote working,100% - All of my time,100% - I spent all of my time remote working,Somewhat agree,Somewhat agree,Somewhat agree,Somewhat agree,Somewhat agree,100% - All of my time,10%,Somewhat agree,Somewhat agree,Somewhat agree,I’m 50% more productive when working remotely (or more),1.0,7.0,3.0,0.0,1.0,7.0,3.0,0.0,2020
1174,1983,Female,Administrative and Support Services,Managers,Between 20 and 199,Yes,Couple with dependent children,More than 5 years,Metro,30%,20%,20%,Strongly agree,Somewhat agree,Strongly agree,Strongly agree,Strongly agree,30%,30%,Strongly agree,Strongly agree,Strongly agree,I’m 30% more productive when working remotely,2.0,6.0,3.0,4.0,3.0,6.0,1.0,1.0,2020
1175,1987,Male,Manufacturing,Managers,More than 200,Yes,Couple with dependent children,Between 1 and 5 years,Metro,10%,Less than 10% of my time,70%,Somewhat agree,Somewhat agree,Neither agree nor disagree,Neither agree nor disagree,Somewhat disagree,Less than 10% of my time,Less than 10% of my time,Neither agree nor disagree,Somewhat agree,Somewhat agree,I’m 20% less productive when working remotely,1.0,9.0,4.0,2.0,0.0,8.0,5.0,2.0,2020
1176,1973,Female,Administrative and Support Services,Clerical and administrative ,Between 5 and 19,No,Single person,Between 6 and 12 months,Metro,Rarely or never ,I would not have preferred to work remotely ,30%,Neither agree nor disagree,Somewhat agree,Neither agree nor disagree,Somewhat disagree,Strongly disagree,I would not have preferred to work remotely ,I would prefer not to work remotely ,Somewhat disagree,Somewhat disagree,Somewhat disagree,I’m 50% less productive when working remotely (or less),2.0,8.0,2.0,4.0,0.0,6.0,6.0,6.0,2020
1177,1985,Female,Manufacturing,Professionals,Between 5 and 19,Yes,One  parent family with dependent children,Between 6 and 12 months,Regional,30%,10%,70%,Strongly agree,Strongly disagree,Strongly agree,Strongly agree,Somewhat disagree,10%,10%,Neither agree nor disagree,Somewhat agree,Neither agree nor disagree,I’m 20% less productive when working remotely,2.0,8.0,3.0,11.0,2.0,9.0,2.0,11.0,2020
1178,1997,Male,Mining,Clerical and administrative ,Between 20 and 199,Yes,Couple with dependent children,More than 5 years,Metro,80%,80%,80%,Strongly agree,Strongly agree,Strongly agree,Somewhat agree,Neither agree nor disagree,80%,80%,Somewhat agree,Neither agree nor disagree,Neither agree nor disagree,My productivity is about same when I work remotely,0.5,7.0,8.0,1.0,1.0,7.0,8.0,8.0,2020
1179,1989,Male,"Professional, Scientific and Technical Services",Managers,I am the only employee,Yes,Group household,More than 5 years,Metro,70%,80%,70%,Somewhat agree,Somewhat agree,Strongly agree,Somewhat agree,Strongly agree,80%,80%,Strongly agree,Strongly agree,Strongly agree,I’m 20% more productive when working remotely,3.0,8.0,1.0,2.0,1.0,9.0,2.0,2.0,2020
1180,1993,Female,Public Administration and Safety,Managers,More than 200,Yes,Couple with no dependent children,Between 1 and 5 years,Metro,50% - I spent about half of my time remote working,30%,30%,Somewhat disagree,Somewhat agree,Somewhat disagree,Neither agree nor disagree,Neither agree nor disagree,Less than 10% of my time,50% - About half of my time,Somewhat agree,Somewhat agree,Neither agree nor disagree,I’m 30% more productive when working remotely,1.5,7.0,10.0,5.5,2.0,12.0,6.0,4.0,2020
1181,1976,Male,Wholesale Trade,Professionals,Between 5 and 19,Yes,Couple with no dependent children,Between 6 and 12 months,Metro,10%,20%,20%,Somewhat disagree,Strongly agree,Strongly agree,Neither agree nor disagree,Somewhat agree,10%,20%,Strongly agree,Somewhat agree,Somewhat agree,I’m 30% more productive when working remotely,12.0,12.0,0.0,0.0,12.0,10.0,2.0,0.0,2020
1182,1963,Female,Public Administration and Safety,Clerical and administrative ,More than 200,No,Couple with no dependent children,More than 5 years,Metro,90%,100% - All of my time,100% - I spent all of my time remote working,Strongly agree,Strongly agree,Strongly agree,Strongly agree,Somewhat agree,100% - All of my time,100% - All of my time,Strongly agree,Strongly agree,Strongly agree,My productivity is about same when I work remotely,2.0,6.0,4.0,2.0,2.0,6.0,4.0,2.0,2020
1183,1989,Male,Information Media and Telecommunications,Managers,I am the only employee,Yes,Single person,More than 5 years,Metro,70%,80%,70%,Somewhat agree,Strongly agree,Strongly agree,Neither agree nor disagree,Strongly agree,70%,70%,Strongly agree,Strongly agree,Strongly agree,My productivity is about same when I work remotely,2.0,6.0,2.0,3.0,1.0,10.0,3.0,1.0,2020
1184,1984,Male,Manufacturing,Technicians and trades ,More than 200,No,Couple with dependent children,More than 5 years,Regional,Less than 10% of my time,100% - All of my time,100% - I spent all of my time remote working,Somewhat agree,Strongly agree,Somewhat agree,Strongly agree,Somewhat agree,100% - All of my time,100% - All of my time,Somewhat agree,Somewhat agree,Somewhat agree,I’m 10% more productive when working remotely,2.0,7.0,2.0,2.0,0.0,11.0,2.0,2.0,2020
1185,2001,Female,Public Administration and Safety,Managers,More than 200,Yes,Group household,Between 6 and 12 months,Metro,30%,I would not have preferred to work remotely ,Less than 10% of my time,Strongly agree,Somewhat agree,Strongly agree,Somewhat agree,Neither agree nor disagree,I would not have preferred to work remotely ,Less than 10% of my time,Strongly disagree,Strongly disagree,Strongly disagree,I’m 50% less productive when working remotely (or less),1.0,10.0,6.0,7.0,0.0,12.0,4.0,8.0,2020
1186,1985,Female,Manufacturing,Professionals,Between 5 and 19,Yes,One  parent family with dependent children,Between 1 and 5 years,Regional,20%,60%,60%,Somewhat disagree,Strongly disagree,Somewhat disagree,Somewhat disagree,Strongly disagree,20%,20%,Neither agree nor disagree,Somewhat disagree,Somewhat disagree,I’m 30% less productive when working remotely,2.0,7.0,12.0,3.0,4.0,8.0,9.0,3.0,2020
1187,1975,Female,Information Media and Telecommunications,Managers,More than 200,Yes,Couple with dependent children,More than 5 years,Metro,Rarely or never ,20%,80%,Strongly agree,Somewhat agree,Strongly agree,Strongly agree,Somewhat agree,50% - About half of my time,50% - About half of my time,Somewhat agree,Somewhat agree,Somewhat agree,I’m 10% more productive when working remotely,3.0,9.0,3.0,2.0,0.5,8.0,4.0,3.0,2020
1188,1986,Male,Administrative and Support Services,Professionals,Between 1 and 4,Yes,Couple with dependent children,Between 1 and 5 years,Metro,60%,80%,70%,Somewhat agree,Somewhat agree,Somewhat agree,Somewhat agree,Somewhat agree,80%,80%,Somewhat agree,Somewhat agree,Somewhat agree,I’m 30% more productive when working remotely,2.0,8.0,10.0,3.0,2.0,8.0,10.0,3.0,2020
1189,1978,Female,Health Care and Social Assistance,Managers,Between 20 and 199,Yes,Couple with dependent children,Between 1 and 5 years,Metro,30%,50% - About half of my time,70%,Strongly agree,Strongly agree,Strongly agree,Strongly agree,Strongly agree,70%,50% - About half of my time,Strongly agree,Strongly agree,Strongly agree,I’m 30% more productive when working remotely,0.5,8.0,7.0,4.0,0.5,8.0,7.0,4.0,2020
1190,1979,Female,Administrative and Support Services,Clerical and administrative ,Between 5 and 19,No,Couple with dependent children,Between 1 and 5 years,Regional,Less than 10% of my time,100% - All of my time,Rarely or never ,,,,,,100% - All of my time,100% - All of my time,Strongly disagree,Strongly disagree,Strongly disagree,I’m 50% more productive when working remotely (or more),1.0,7.0,2.0,1.0,2.0,7.0,1.0,1.0,2020
1191,1991,Male,Financial and Insurance Services,Sales ,More than 200,No,Single person,Between 1 and 5 years,Metro,10%,40%,90%,Somewhat agree,Somewhat agree,Strongly agree,Neither agree nor disagree,Somewhat agree,50% - About half of my time,50% - About half of my time,Somewhat disagree,Somewhat agree,Somewhat agree,I’m 10% less productive when working remotely,1.0,8.0,1.0,3.0,0.0,9.0,0.5,2.0,2020
1192,1965,Male,"Professional, Scientific and Technical Services",Technicians and trades ,More than 200,Yes,Couple with no dependent children,Between 6 and 12 months,Regional,10%,Less than 10% of my time,Less than 10% of my time,Somewhat agree,Somewhat agree,Strongly agree,Strongly agree,Somewhat disagree,10%,10%,Somewhat agree,Somewhat agree,Somewhat agree,I’m 30% more productive when working remotely,2.0,9.0,3.0,1.0,0.5,9.0,4.0,2.0,2020
1193,1961,Female,Other Services,Community and personal service ,More than 200,No,One  parent family with dependent children,More than 5 years,Metro,Rarely or never ,20%,50% - I spent about half of my time remote working,Strongly agree,Neither agree nor disagree,Strongly agree,Strongly agree,Somewhat agree,50% - About half of my time,50% - About half of my time,Strongly disagree,Strongly disagree,Strongly disagree,I’m 30% more productive when working remotely,3.0,8.0,10.0,3.0,1.0,8.0,10.0,5.0,2020
1194,1990,Male,Arts and Recreation Services,Managers,Between 20 and 199,Yes,Single person,Between 6 and 12 months,Regional,50% - I spent about half of my time remote working,60%,40%,Neither agree nor disagree,Somewhat disagree,Neither agree nor disagree,Somewhat agree,Neither agree nor disagree,60%,10%,Somewhat disagree,Somewhat agree,Neither agree nor disagree,I’m 10% more productive when working remotely,6.0,6.0,6.0,6.0,6.0,5.0,7.0,6.0,2020
1195,1990,Male,"Professional, Scientific and Technical Services",Professionals,Between 5 and 19,No,Single person,Between 1 and 5 years,Metro,60%,60%,60%,Somewhat agree,Neither agree nor disagree,Neither agree nor disagree,Somewhat agree,Somewhat agree,50% - About half of my time,Less than 10% of my time,Neither agree nor disagree,Neither agree nor disagree,Somewhat agree,I’m 20% less productive when working remotely,2.0,8.0,7.0,7.0,0.0,7.0,9.0,8.0,2020
1196,1993,Male,Administrative and Support Services,Clerical and administrative ,Between 20 and 199,No,Single person,Between 1 and 5 years,Metro,50% - I spent about half of my time remote working,50% - About half of my time,50% - I spent about half of my time remote working,Somewhat agree,Somewhat agree,Somewhat agree,Somewhat agree,Somewhat agree,50% - About half of my time,50% - About half of my time,Somewhat agree,Somewhat agree,Somewhat agree,My productivity is about same when I work remotely,1.0,8.0,1.0,1.0,1.0,8.0,1.0,1.0,2020
1197,1966,Female,Public Administration and Safety,Professionals,More than 200,No,Couple with no dependent children,More than 5 years,Metro,70%,50% - About half of my time,100% - I spent all of my time remote working,Strongly agree,Somewhat disagree,Strongly agree,Somewhat agree,Neither agree nor disagree,90%,50% - About half of my time,Somewhat agree,Somewhat agree,Strongly agree,I’m 20% more productive when working remotely,1.5,8.0,3.0,2.0,0.5,8.0,4.0,2.0,2020
1198,1996,Male,Retail Trade,Managers,More than 200,Yes,Single person,Between 1 and 5 years,Metro,10%,20%,40%,Strongly agree,Somewhat agree,Strongly agree,Strongly agree,Somewhat agree,50% - About half of my time,30%,Somewhat agree,Strongly agree,Somewhat agree,I’m 10% less productive when working remotely,1.0,8.0,7.0,0.5,0.0,7.5,8.5,0.5,2020
1199,1996,Male,Information Media and Telecommunications,Managers,More than 200,Yes,Single person,Between 1 and 5 years,Regional,Rarely or never ,Less than 10% of my time,40%,Somewhat agree,Somewhat agree,Somewhat agree,Somewhat agree,Neither agree nor disagree,50% - About half of my time,30%,Somewhat agree,Somewhat agree,Somewhat agree,I’m 10% less productive when working remotely,1.0,6.0,3.0,2.0,0.2,6.0,4.0,2.0,2020
1200,1993,Male,Retail Trade,Sales ,More than 200,Yes,One  parent family with dependent children,Between 1 and 5 years,Metro,10%,20%,10%,Somewhat agree,Somewhat agree,Somewhat agree,Somewhat agree,Somewhat agree,10%,20%,Somewhat agree,Somewhat agree,Somewhat disagree,My productivity is about same when I work remotely,1.0,20.0,0.5,0.0,1.0,20.0,0.5,0.0,2020
1201,1957,Female,Education and Training,Managers,More than 200,Yes,Couple with no dependent children,More than 5 years,Metro,Rarely or never ,20%,20%,Somewhat agree,Neither agree nor disagree,Somewhat agree,Strongly agree,Somewhat agree,10%,Less than 10% of my time,Neither agree nor disagree,Somewhat agree,Neither agree nor disagree,I’m 40% more productive when working remotely,2.0,8.0,2.0,3.0,0.0,10.0,3.0,2.0,2020
1202,1964,Male,"Professional, Scientific and Technical Services",Sales ,Between 20 and 199,No,Couple with no dependent children,More than 5 years,Metro,Rarely or never ,20%,20%,Somewhat agree,Strongly agree,Somewhat agree,Strongly agree,Somewhat disagree,20%,20%,Somewhat agree,Strongly agree,Strongly agree,I’m 10% less productive when working remotely,3.0,7.0,0.5,0.0,0.5,6.0,1.0,0.5,2020
1203,1989,Male,Information Media and Telecommunications,Professionals,I am the only employee,Yes,Group household,More than 5 years,Metro,80%,70%,50% - I spent about half of my time remote working,Somewhat agree,Neither agree nor disagree,Strongly agree,Somewhat agree,Somewhat agree,80%,60%,Strongly agree,Strongly agree,Strongly agree,I’m 30% more productive when working remotely,1.0,8.0,4.0,1.0,0.5,9.0,5.0,2.0,2020
1204,1981,Male,Construction,Professionals,Between 5 and 19,No,Couple with dependent children,More than 5 years,Metro,80%,20%,80%,Neither agree nor disagree,Somewhat agree,Neither agree nor disagree,Neither agree nor disagree,Somewhat agree,50% - About half of my time,70%,Neither agree nor disagree,Somewhat agree,Somewhat agree,I’m 20% more productive when working remotely,1.0,8.0,0.0,2.0,0.0,6.0,2.0,3.0,2020
1205,1984,Male,Education and Training,Professionals,More than 200,Yes,Couple with dependent children,More than 5 years,Regional,Rarely or never ,100% - All of my time,30%,Somewhat disagree,Neither agree nor disagree,Neither agree nor disagree,Neither agree nor disagree,Somewhat agree,100% - All of my time,100% - All of my time,Neither agree nor disagree,Neither agree nor disagree,Neither agree nor disagree,I’m 50% more productive when working remotely (or more),5.0,5.0,5.0,9.0,5.0,5.0,5.0,9.0,2020
1206,1985,Male,Construction,Managers,More than 200,No,Single person,Between 1 and 5 years,Metro,10%,80%,20%,Somewhat disagree,Strongly agree,Somewhat agree,Somewhat disagree,Somewhat agree,80%,80%,Somewhat disagree,Neither agree nor disagree,Somewhat disagree,My productivity is about same when I work remotely,1.0,10.0,4.0,1.0,0.0,10.0,5.0,1.0,2020
1207,1970,Male,Information Media and Telecommunications,Technicians and trades ,More than 200,No,Couple with no dependent children,More than 5 years,Metro,Rarely or never ,I would not have preferred to work remotely ,100% - I spent all of my time remote working,Strongly agree,Somewhat agree,Strongly agree,Strongly agree,Somewhat agree,I would not have preferred to work remotely ,I would prefer not to work remotely ,Somewhat disagree,Neither agree nor disagree,Somewhat disagree,I’m 20% less productive when working remotely,2.5,8.0,2.0,2.0,0.5,8.0,2.0,2.0,2020
1208,1995,Female,"Professional, Scientific and Technical Services",Professionals,More than 200,Yes,Single person,More than 5 years,Regional,Less than 10% of my time,20%,60%,Strongly agree,Strongly agree,Strongly agree,Strongly agree,Strongly agree,60%,Less than 10% of my time,Neither agree nor disagree,Somewhat agree,Somewhat agree,My productivity is about same when I work remotely,1.0,7.0,10.0,5.0,1.0,7.0,10.0,5.0,2020
1209,1975,Female,Education and Training,Professionals,Between 1 and 4,Yes,Single person,More than 5 years,Metro,80%,80%,80%,Strongly agree,Strongly agree,Strongly agree,Strongly agree,Strongly agree,80%,80%,Strongly agree,Strongly agree,Strongly agree,My productivity is about same when I work remotely,1.5,8.0,5.0,1.5,0.5,8.0,6.0,1.5,2020
1210,1962,Female,Education and Training,Technicians and trades ,Between 20 and 199,No,Couple with no dependent children,More than 5 years,Metro,Rarely or never ,50% - About half of my time,10%,Neither agree nor disagree,Neither agree nor disagree,Strongly disagree,Somewhat disagree,Neither agree nor disagree,50% - About half of my time,50% - About half of my time,Neither agree nor disagree,Somewhat agree,Somewhat disagree,I’m 50% more productive when working remotely (or more),0.5,6.0,3.0,2.0,0.5,6.0,4.0,3.0,2020
1211,1979,Female,Information Media and Telecommunications,Professionals,More than 200,Yes,Couple with dependent children,More than 5 years,Metro,100% - I spent all of my time remote working,30%,100% - I spent all of my time remote working,Neither agree nor disagree,Somewhat agree,Neither agree nor disagree,Somewhat agree,Somewhat agree,100% - All of my time,30%,Somewhat agree,Somewhat agree,Neither agree nor disagree,I’m 30% more productive when working remotely,2.0,8.0,6.0,2.0,0.0,9.0,4.0,4.0,2020
1212,1978,Male,Accommodation and Food Services,Managers,Between 20 and 199,Yes,Couple with dependent children,More than 5 years,Regional,20%,20%,20%,Somewhat agree,Strongly agree,Strongly agree,Strongly agree,Somewhat agree,20%,20%,Somewhat agree,Strongly agree,Somewhat agree,I’m 20% more productive when working remotely,2.0,20.0,2.0,0.0,2.0,20.0,2.0,0.0,2020
1213,1964,Male,Manufacturing,Technicians and trades ,Between 20 and 199,Yes,Couple with dependent children,Between 6 and 12 months,Metro,70%,30%,30%,Somewhat agree,Strongly agree,Strongly agree,Somewhat agree,Strongly agree,40%,20%,Somewhat agree,Strongly agree,Somewhat agree,I’m 40% more productive when working remotely,1.0,2.0,0.5,1.0,1.0,1.0,1.0,2.0,2020
1214,1971,Female,"Professional, Scientific and Technical Services",Managers,Between 20 and 199,Yes,Couple with dependent children,More than 5 years,Metro,Less than 10% of my time,Less than 10% of my time,Less than 10% of my time,Strongly agree,Strongly agree,Strongly agree,Strongly agree,Somewhat agree,Less than 10% of my time,Less than 10% of my time,Somewhat agree,Neither agree nor disagree,Somewhat agree,My productivity is about same when I work remotely,1.0,10.0,2.0,3.0,0.0,10.0,3.0,3.0,2020
1215,1982,Female,Financial and Insurance Services,Managers,More than 200,Yes,Couple with no dependent children,More than 5 years,Metro,Rarely or never ,Less than 10% of my time,100% - I spent all of my time remote working,Somewhat agree,Somewhat agree,Somewhat agree,Somewhat agree,Somewhat agree,100% - All of my time,100% - All of my time,Neither agree nor disagree,Neither agree nor disagree,Neither agree nor disagree,I’m 50% more productive when working remotely (or more),2.0,7.0,2.0,1.0,2.0,8.0,3.0,2.0,2020
1216,1985,Male,Wholesale Trade,Labourers,Between 5 and 19,No,Couple with no dependent children,Between 1 and 5 years,Regional,10%,10%,10%,Somewhat disagree,Somewhat disagree,Somewhat agree,Somewhat agree,Somewhat agree,10%,Less than 10% of my time,Somewhat disagree,Somewhat disagree,Somewhat agree,My productivity is about same when I work remotely,0.1,2.0,0.0,0.5,0.1,2.0,0.0,0.5,2020
1217,1965,Female,Construction,Managers,More than 200,Yes,Single person,More than 5 years,Metro,Rarely or never ,50% - About half of my time,80%,Strongly agree,Strongly agree,Strongly agree,Strongly agree,Strongly agree,90%,50% - About half of my time,Somewhat disagree,Somewhat disagree,Neither agree nor disagree,I’m 50% more productive when working remotely (or more),1.0,8.0,4.0,1.0,1.0,8.0,4.0,1.0,2020
1218,1980,Male,"Professional, Scientific and Technical Services",Technicians and trades ,Between 20 and 199,Yes,Couple with no dependent children,Between 6 and 12 months,Metro,20%,50% - About half of my time,30%,Strongly disagree,Somewhat agree,Somewhat disagree,Somewhat agree,Somewhat disagree,50% - About half of my time,10%,Somewhat disagree,Strongly disagree,Neither agree nor disagree,I’m 30% more productive when working remotely,6.0,6.0,2.0,10.0,5.0,8.0,8.0,3.0,2020
1219,1984,Female,Financial and Insurance Services,Managers,More than 200,Yes,Group household,Between 1 and 5 years,Metro,Less than 10% of my time,40%,100% - I spent all of my time remote working,Strongly agree,Strongly agree,Strongly agree,Strongly agree,Strongly agree,100% - All of my time,40%,Somewhat agree,Somewhat agree,Strongly agree,My productivity is about same when I work remotely,2.0,8.0,2.0,2.0,0.5,8.0,3.0,3.0,2020
1220,1971,Female,Public Administration and Safety,Clerical and administrative ,More than 200,No,Couple with no dependent children,More than 5 years,Metro,Rarely or never ,50% - About half of my time,100% - I spent all of my time remote working,Strongly disagree,Strongly agree,Strongly disagree,Strongly disagree,Strongly agree,100% - All of my time,50% - About half of my time,Strongly disagree,Strongly disagree,Strongly disagree,My productivity is about same when I work remotely,3.0,8.0,1.0,3.0,0.0,8.0,4.0,3.0,2020
1221,1992,Male,"Professional, Scientific and Technical Services",Professionals,Between 20 and 199,Yes,Single person,Between 1 and 5 years,Metro,50% - I spent about half of my time remote working,80%,40%,Strongly disagree,Somewhat disagree,Strongly disagree,Strongly disagree,Strongly disagree,40%,70%,Somewhat agree,Strongly disagree,Strongly agree,My productivity is about same when I work remotely,0.6,10.0,8.0,1.0,0.6,12.0,6.0,0.5,2020
1222,1900,Female,Health Care and Social Assistance,Community and personal service ,More than 200,Yes,Single person,Between 1 and 5 years,Metro,50% - I spent about half of my time remote working,50% - About half of my time,50% - I spent about half of my time remote working,Strongly agree,Strongly agree,Strongly agree,Strongly agree,Strongly agree,50% - About half of my time,50% - About half of my time,Strongly agree,Strongly agree,Strongly agree,I’m 50% more productive when working remotely (or more),3.0,7.0,8.0,6.0,0.0,6.0,12.0,6.0,2020
1223,1991,Female,Health Care and Social Assistance,Sales ,More than 200,No,Other one family household,Between 1 and 5 years,Regional,10%,Less than 10% of my time,20%,Neither agree nor disagree,Neither agree nor disagree,Somewhat agree,Somewhat agree,Strongly agree,20%,Less than 10% of my time,Somewhat disagree,Somewhat disagree,Somewhat disagree,I’m 30% less productive when working remotely,2.0,10.0,2.0,4.0,2.0,8.0,2.0,1.0,2020
1224,1985,Male,Construction,Managers,Between 20 and 199,Yes,One  parent family with dependent children,Between 1 and 5 years,Metro,60%,70%,50% - I spent about half of my time remote working,Somewhat agree,Somewhat disagree,Somewhat disagree,Neither agree nor disagree,Neither agree nor disagree,40%,60%,Somewhat agree,Strongly agree,Somewhat agree,I’m 20% more productive when working remotely,0.5,6.0,3.0,3.0,1.0,6.0,5.0,3.0,2020
1225,1995,Male,Information Media and Telecommunications,Managers,Between 20 and 199,Yes,Couple with no dependent children,Between 6 and 12 months,Metro,30%,40%,30%,Strongly agree,Strongly agree,Somewhat agree,Somewhat agree,Strongly agree,60%,70%,Strongly agree,Somewhat agree,Neither agree nor disagree,I’m 50% more productive when working remotely (or more),2.0,6.0,12.0,4.0,2.0,8.0,10.0,4.0,2020
1226,1956,Male,Manufacturing,Managers,More than 200,Yes,Couple with no dependent children,More than 5 years,Metro,100% - I spent all of my time remote working,60%,100% - I spent all of my time remote working,Neither agree nor disagree,Neither agree nor disagree,Strongly disagree,Neither agree nor disagree,Strongly agree,100% - All of my time,60%,Strongly agree,Somewhat agree,Strongly agree,I’m 10% more productive when working remotely,2.0,9.0,8.0,5.0,0.5,9.5,8.0,6.0,2020
1227,1968,Male,Health Care and Social Assistance,Professionals,More than 200,Yes,Couple with dependent children,More than 5 years,Metro,50% - I spent about half of my time remote working,50% - About half of my time,100% - I spent all of my time remote working,Strongly agree,Strongly agree,Strongly agree,Strongly agree,Strongly agree,100% - All of my time,50% - About half of my time,Strongly agree,Strongly agree,Strongly agree,I’m 50% more productive when working remotely (or more),2.0,8.0,4.0,3.0,0.0,8.0,2.0,0.0,2020
1228,1991,Male,Other Services,Professionals,Between 1 and 4,No,Couple with no dependent children,Between 6 and 12 months,Metro,20%,40%,70%,Neither agree nor disagree,Neither agree nor disagree,Somewhat agree,Somewhat agree,Somewhat agree,40%,40%,Somewhat agree,Neither agree nor disagree,Somewhat agree,I’m 20% less productive when working remotely,2.0,6.0,5.0,1.0,0.5,8.0,4.0,2.0,2020
1229,1990,Male,Retail Trade,Managers,More than 200,Yes,Couple with dependent children,Between 1 and 5 years,Metro,40%,60%,40%,Somewhat agree,Somewhat agree,Somewhat agree,Somewhat agree,Neither agree nor disagree,60%,10%,Somewhat disagree,Somewhat disagree,Neither agree nor disagree,My productivity is about same when I work remotely,1.5,6.5,0.5,0.5,0.5,7.0,0.5,1.0,2020
1230,1981,Male,"Transport, Postal and Warehousing",Managers,More than 200,Yes,Single person,More than 5 years,Metro,20%,20%,80%,Somewhat agree,Somewhat agree,Neither agree nor disagree,Somewhat agree,Somewhat agree,80%,50% - About half of my time,Somewhat agree,Somewhat agree,Somewhat agree,I’m 30% less productive when working remotely,0.5,8.0,3.0,2.0,0.0,10.0,5.0,3.0,2020
1231,1991,Male,Manufacturing,Sales ,More than 200,No,Couple with no dependent children,Between 1 and 5 years,Metro,20%,20%,90%,Strongly agree,Strongly agree,Strongly agree,Strongly agree,Strongly agree,90%,50% - About half of my time,Somewhat agree,Somewhat agree,Strongly agree,My productivity is about same when I work remotely,0.75,7.5,2.0,0.0,0.5,7.0,3.0,0.0,2020
1232,1959,Female,Health Care and Social Assistance,Community and personal service ,More than 200,No,Other one family household,More than 5 years,Regional,50% - I spent about half of my time remote working,50% - About half of my time,50% - I spent about half of my time remote working,Somewhat disagree,Somewhat disagree,Somewhat disagree,Somewhat disagree,Somewhat disagree,50% - About half of my time,100% - All of my time,Strongly agree,Strongly agree,Strongly agree,I’m 50% more productive when working remotely (or more),6.0,4.0,0.5,1.0,4.0,6.0,0.5,1.0,2020
1233,1984,Female,Construction,Professionals,Between 1 and 4,Yes,Couple with dependent children,Between 6 and 12 months,Metro,50% - I spent about half of my time remote working,50% - About half of my time,50% - I spent about half of my time remote working,Neither agree nor disagree,Somewhat agree,Somewhat agree,Strongly agree,Strongly agree,50% - About half of my time,50% - About half of my time,Somewhat agree,Somewhat agree,Somewhat agree,I’m 20% more productive when working remotely,2.0,8.0,8.0,6.0,1.0,8.0,5.0,10.0,2020
1234,1969,Female,Retail Trade,Managers,I am the only employee,No,Other one family household,More than 5 years,Metro,100% - I spent all of my time remote working,100% - All of my time,100% - I spent all of my time remote working,Neither agree nor disagree,Strongly agree,Neither agree nor disagree,Neither agree nor disagree,Neither agree nor disagree,100% - All of my time,100% - All of my time,Neither agree nor disagree,Neither agree nor disagree,Neither agree nor disagree,My productivity is about same when I work remotely,0.0,0.0,0.0,0.0,0.0,6.0,3.0,2.0,2020
1235,1959,Female,"Professional, Scientific and Technical Services",Professionals,Between 20 and 199,No,Couple with dependent children,Between 1 and 5 years,Metro,20%,20%,100% - I spent all of my time remote working,Strongly agree,Strongly agree,Strongly agree,Strongly agree,Strongly agree,100% - All of my time,60%,Somewhat agree,Somewhat agree,Somewhat agree,I’m 10% less productive when working remotely,4.0,7.0,9.0,4.0,1.0,7.0,12.0,4.0,2020
1236,1983,Male,Information Media and Telecommunications,Professionals,Between 5 and 19,Yes,Couple with dependent children,Between 6 and 12 months,Metro,50% - I spent about half of my time remote working,60%,60%,Somewhat agree,Neither agree nor disagree,Somewhat agree,Neither agree nor disagree,Somewhat agree,60%,60%,Neither agree nor disagree,Somewhat agree,Somewhat agree,My productivity is about same when I work remotely,2.0,2.0,2.0,2.0,2.0,2.0,2.0,2.0,2020
1237,1988,Male,Financial and Insurance Services,Clerical and administrative ,Between 5 and 19,No,Single person,Between 1 and 5 years,Metro,20%,50% - About half of my time,100% - I spent all of my time remote working,Strongly agree,Strongly agree,Strongly agree,Strongly agree,Strongly agree,100% - All of my time,80%,Somewhat agree,Somewhat agree,Strongly agree,My productivity is about same when I work remotely,0.75,8.0,6.0,3.0,0.0,10.0,2.0,6.0,2020
1238,1959,Male,"Transport, Postal and Warehousing",Managers,I am the only employee,No,Couple with dependent children,Between 1 and 5 years,Metro,100% - I spent all of my time remote working,100% - All of my time,100% - I spent all of my time remote working,Neither agree nor disagree,Neither agree nor disagree,Neither agree nor disagree,Neither agree nor disagree,Neither agree nor disagree,100% - All of my time,100% - All of my time,Neither agree nor disagree,Neither agree nor disagree,Neither agree nor disagree,My productivity is about same when I work remotely,1.0,3.0,18.0,2.0,1.0,3.0,18.0,2.0,2020
1239,1971,Female,Administrative and Support Services,Clerical and administrative ,Between 1 and 4,No,Couple with no dependent children,More than 5 years,Metro,Rarely or never ,100% - All of my time,100% - I spent all of my time remote working,Strongly agree,Strongly agree,Strongly agree,Strongly agree,Strongly agree,100% - All of my time,100% - All of my time,Strongly agree,Strongly agree,Strongly agree,I’m 50% more productive when working remotely (or more),1.0,5.0,4.0,1.0,0.0,5.0,6.0,1.0,2020
1240,1980,Female,Construction,Managers,Between 20 and 199,Yes,Couple with dependent children,More than 5 years,Regional,Less than 10% of my time,20%,70%,Strongly agree,Somewhat agree,Somewhat agree,Strongly agree,Strongly agree,70%,50% - About half of my time,Somewhat agree,Somewhat agree,Somewhat agree,I’m 30% more productive when working remotely,2.0,7.0,5.0,2.0,1.0,9.0,5.0,2.0,2020
1241,1995,Female,Education and Training,Professionals,Between 20 and 199,No,Couple with no dependent children,Between 1 and 5 years,Metro,100% - I spent all of my time remote working,I would not have preferred to work remotely ,100% - I spent all of my time remote working,Strongly agree,Strongly agree,Strongly agree,Strongly agree,Strongly agree,100% - All of my time,I would prefer not to work remotely ,Strongly disagree,Somewhat disagree,Strongly disagree,My productivity is about same when I work remotely,3.0,6.0,5.0,3.0,2.0,6.0,5.0,3.0,2020
1242,1970,Male,Other Services,Community and personal service ,Between 5 and 19,Yes,Single person,Between 1 and 5 years,Metro,10%,30%,90%,Somewhat agree,Somewhat agree,Somewhat agree,Strongly agree,Strongly agree,100% - All of my time,70%,Somewhat agree,Strongly agree,Strongly agree,My productivity is about same when I work remotely,2.0,4.0,2.0,3.0,1.0,4.0,3.0,3.0,2020
1243,1988,Female,Retail Trade,Clerical and administrative ,More than 200,Yes,Single person,Between 1 and 5 years,Metro,30%,50% - About half of my time,50% - I spent about half of my time remote working,Strongly agree,Somewhat agree,Somewhat agree,Strongly agree,Somewhat agree,20%,30%,Somewhat agree,Strongly agree,Somewhat agree,My productivity is about same when I work remotely,1.0,3.0,2.0,4.0,2.0,1.0,2.0,3.0,2020
1244,1962,Male,Public Administration and Safety,Professionals,More than 200,No,Single person,More than 5 years,Metro,10%,50% - About half of my time,100% - I spent all of my time remote working,Strongly agree,Strongly agree,Somewhat agree,Strongly agree,Strongly agree,100% - All of my time,80%,Somewhat agree,Somewhat agree,Somewhat agree,My productivity is about same when I work remotely,2.0,8.0,13.0,1.0,0.5,8.0,14.5,1.0,2020
1245,1980,Male,Other Services,Managers,More than 200,No,Couple with dependent children,More than 5 years,Metro,20%,100% - All of my time,100% - I spent all of my time remote working,Strongly agree,Strongly agree,Strongly agree,Strongly agree,Strongly agree,100% - All of my time,100% - All of my time,Somewhat disagree,Neither agree nor disagree,Strongly agree,I’m 20% more productive when working remotely,4.0,7.5,0.0,1.0,0.0,12.0,1.0,2.0,2020
1246,1964,Male,Health Care and Social Assistance,Community and personal service ,Between 1 and 4,No,Single person,More than 5 years,Regional,Rarely or never ,100% - All of my time,10%,Strongly disagree,Strongly agree,Strongly disagree,Strongly disagree,Strongly agree,100% - All of my time,100% - All of my time,Strongly disagree,Strongly disagree,Strongly disagree,I’m 10% less productive when working remotely,0.5,7.0,5.0,1.0,0.0,7.0,8.0,2.0,2020
1247,1973,Male,Public Administration and Safety,Professionals,Between 20 and 199,Yes,Couple with dependent children,More than 5 years,Metro,Rarely or never ,10%,100% - I spent all of my time remote working,Somewhat agree,Neither agree nor disagree,Neither agree nor disagree,Neither agree nor disagree,Neither agree nor disagree,100% - All of my time,50% - About half of my time,Somewhat agree,Somewhat agree,Somewhat agree,My productivity is about same when I work remotely,1.0,8.0,3.0,1.0,0.0,8.0,4.0,3.0,2020
1248,1980,Female,Retail Trade,Sales ,Between 5 and 19,Yes,Couple with dependent children,Between 1 and 5 years,Metro,20%,40%,30%,Neither agree nor disagree,Neither agree nor disagree,Neither agree nor disagree,Neither agree nor disagree,Neither agree nor disagree,20%,30%,Somewhat agree,Somewhat agree,Somewhat agree,My productivity is about same when I work remotely,2.0,8.0,5.0,2.0,2.0,9.0,11.0,2.0,2020
1249,1983,Female,Construction,Professionals,Between 5 and 19,Yes,Couple with dependent children,Between 6 and 12 months,Metro,40%,50% - About half of my time,50% - I spent about half of my time remote working,Strongly agree,Somewhat agree,Strongly agree,Neither agree nor disagree,Strongly agree,50% - About half of my time,50% - About half of my time,Neither agree nor disagree,Somewhat agree,Somewhat agree,I’m 10% more productive when working remotely,5.0,8.0,7.0,4.0,0.0,8.0,9.0,7.0,2020
1250,1980,Female,Information Media and Telecommunications,Clerical and administrative ,Between 20 and 199,Yes,Couple with dependent children,Between 1 and 5 years,Metro,60%,60%,60%,Somewhat agree,Somewhat disagree,Somewhat agree,Somewhat agree,Somewhat disagree,60%,60%,Somewhat disagree,Somewhat agree,Somewhat disagree,I’m 30% less productive when working remotely,2.0,8.0,5.0,2.0,2.0,8.0,3.0,3.0,2020
1251,1981,Female,"Professional, Scientific and Technical Services",Professionals,Between 20 and 199,Yes,Couple with no dependent children,Between 1 and 5 years,Metro,100% - I spent all of my time remote working,100% - All of my time,100% - I spent all of my time remote working,Strongly agree,Strongly agree,Strongly agree,Neither agree nor disagree,Strongly agree,100% - All of my time,100% - All of my time,Strongly agree,Neither agree nor disagree,Neither agree nor disagree,I’m 50% more productive when working remotely (or more),0.5,5.0,1.0,1.0,0.0,8.0,2.0,1.0,2020
1252,1991,Male,Financial and Insurance Services,Technicians and trades ,More than 200,No,Single person,Between 1 and 5 years,Metro,20%,Less than 10% of my time,50% - I spent about half of my time remote working,Neither agree nor disagree,Strongly disagree,Strongly disagree,Somewhat disagree,Somewhat disagree,30%,60%,Somewhat disagree,Neither agree nor disagree,Somewhat agree,I’m 40% more productive when working remotely,2.0,5.0,7.0,2.0,1.0,8.0,3.0,1.0,2020
1253,1968,Female,Health Care and Social Assistance,Technicians and trades ,More than 200,Yes,Couple with no dependent children,More than 5 years,Metro,Less than 10% of my time,10%,10%,Somewhat agree,Somewhat agree,Somewhat agree,Somewhat agree,Somewhat agree,30%,30%,Somewhat disagree,Somewhat disagree,Somewhat disagree,I’m 10% less productive when working remotely,1.0,8.0,2.0,1.0,0.0,8.0,3.0,2.0,2020
1254,1986,Male,Health Care and Social Assistance,Managers,More than 200,Yes,Couple with dependent children,Between 1 and 5 years,Metro,70%,60%,50% - I spent about half of my time remote working,Neither agree nor disagree,Neither agree nor disagree,Neither agree nor disagree,Neither agree nor disagree,Somewhat agree,80%,70%,Neither agree nor disagree,Somewhat agree,Somewhat agree,I’m 30% less productive when working remotely,3.0,6.0,5.0,10.0,5.0,3.0,9.0,7.0,2020
1255,1998,Male,Financial and Insurance Services,Professionals,Between 20 and 199,No,Multiple family household,Between 1 and 5 years,Metro,50% - I spent about half of my time remote working,80%,10%,Somewhat agree,Neither agree nor disagree,Somewhat agree,Somewhat agree,Strongly disagree,10%,90%,Neither agree nor disagree,Somewhat agree,Neither agree nor disagree,I’m 50% more productive when working remotely (or more),2.0,5.0,8.0,1.0,1.0,5.0,8.0,2.0,2020
1256,1987,Female,Financial and Insurance Services,Clerical and administrative ,More than 200,No,Couple with no dependent children,Between 1 and 5 years,Metro,50% - I spent about half of my time remote working,60%,100% - I spent all of my time remote working,Strongly agree,Strongly agree,Strongly agree,Strongly agree,Somewhat agree,100% - All of my time,60%,Somewhat agree,Strongly agree,Somewhat agree,I’m 10% less productive when working remotely,2.0,7.0,5.0,1.5,0.5,7.5,6.0,2.0,2020
1257,1986,Female,Financial and Insurance Services,Managers,More than 200,Yes,Couple with dependent children,More than 5 years,Regional,60%,60%,60%,Somewhat agree,Somewhat agree,Somewhat agree,Strongly agree,Strongly agree,70%,70%,Strongly agree,Strongly agree,Somewhat agree,I’m 10% less productive when working remotely,8.0,8.0,4.0,2.0,8.0,5.0,6.0,2.0,2020
1258,1980,Female,Information Media and Telecommunications,Professionals,More than 200,No,Couple with dependent children,More than 5 years,Metro,10%,10%,100% - I spent all of my time remote working,Strongly agree,Somewhat agree,Strongly agree,Strongly agree,Somewhat agree,80%,20%,Somewhat agree,Somewhat agree,Strongly agree,I’m 10% more productive when working remotely,3.0,8.0,3.0,4.0,0.5,9.0,3.5,4.0,2020
1259,1973,Male,Public Administration and Safety,Professionals,More than 200,No,Single person,More than 5 years,Metro,80%,40%,90%,Somewhat agree,Neither agree nor disagree,Strongly disagree,Somewhat agree,Somewhat disagree,50% - About half of my time,60%,Somewhat agree,Strongly agree,Neither agree nor disagree,I’m 10% more productive when working remotely,1.0,7.5,2.0,1.0,0.0,7.5,4.0,1.0,2020
1260,1982,Male,Manufacturing,Managers,More than 200,Yes,Multiple family household,More than 5 years,Regional,80%,80%,40%,Somewhat disagree,Strongly agree,Somewhat agree,Somewhat agree,Somewhat agree,70%,70%,Somewhat disagree,Somewhat disagree,Neither agree nor disagree,I’m 20% more productive when working remotely,2.0,8.0,4.0,2.0,0.5,9.0,4.5,2.0,2020
1261,1975,Male,Health Care and Social Assistance,Professionals,Between 20 and 199,Yes,Couple with no dependent children,More than 5 years,Metro,30%,30%,30%,Somewhat disagree,Neither agree nor disagree,Neither agree nor disagree,Somewhat agree,Somewhat agree,30%,50% - About half of my time,Somewhat agree,Neither agree nor disagree,Somewhat disagree,I’m 40% more productive when working remotely,5.0,12.0,3.0,4.0,5.0,12.0,5.0,2.0,2020
1262,1962,Female,Other Services,Managers,More than 200,Yes,Couple with no dependent children,Between 1 and 5 years,Regional,Less than 10% of my time,I would not have preferred to work remotely ,Less than 10% of my time,Strongly disagree,Somewhat disagree,Strongly agree,Neither agree nor disagree,Somewhat disagree,I would not have preferred to work remotely ,I would prefer not to work remotely ,Strongly disagree,Strongly disagree,Strongly disagree,I’m 20% less productive when working remotely,1.0,10.0,2.0,4.0,1.0,13.0,1.0,2.0,2020
1263,1985,Male,Retail Trade,Managers,Between 5 and 19,Yes,Couple with no dependent children,Between 6 and 12 months,Metro,40%,20%,50% - I spent about half of my time remote working,Somewhat agree,Neither agree nor disagree,Somewhat agree,Somewhat agree,Strongly agree,40%,60%,Neither agree nor disagree,Somewhat agree,Strongly agree,I’m 10% more productive when working remotely,5.0,5.0,5.0,5.0,3.0,5.0,8.0,8.0,2020
1264,1961,Male,"Rental, Hiring and Real Estate Services",Sales ,Between 5 and 19,No,Couple with no dependent children,More than 5 years,Regional,60%,80%,90%,Somewhat agree,Somewhat agree,Somewhat agree,Neither agree nor disagree,Somewhat agree,80%,80%,Strongly agree,Strongly agree,Strongly agree,I’m 50% more productive when working remotely (or more),1.0,3.0,5.0,2.0,1.0,4.0,4.0,1.0,2020
1265,1957,Female,Financial and Insurance Services,Professionals,Between 5 and 19,No,Couple with no dependent children,Between 1 and 5 years,Regional,Rarely or never ,I would not have preferred to work remotely ,50% - I spent about half of my time remote working,Somewhat agree,Neither agree nor disagree,Somewhat disagree,Somewhat agree,Somewhat agree,I would not have preferred to work remotely ,I would prefer not to work remotely ,Somewhat agree,Somewhat agree,Somewhat disagree,I’m 10% less productive when working remotely,2.0,8.0,10.0,4.0,0.5,6.5,10.0,7.0,2020
1266,1980,Female,"Electricity, Gas, Water and Waste Services",Professionals,More than 200,No,Group household,Between 1 and 5 years,Metro,20%,50% - About half of my time,80%,Somewhat agree,Somewhat agree,Somewhat agree,Somewhat agree,Somewhat agree,80%,100% - All of my time,Neither agree nor disagree,Somewhat disagree,Somewhat disagree,I’m 50% more productive when working remotely (or more),1.0,8.0,3.0,5.0,1.0,8.0,8.0,3.0,2020
1267,1961,Female,Retail Trade,Managers,I am the only employee,No,Couple with no dependent children,More than 5 years,Regional,50% - I spent about half of my time remote working,100% - All of my time,100% - I spent all of my time remote working,Strongly agree,Strongly agree,Strongly agree,Strongly agree,Neither agree nor disagree,100% - All of my time,100% - All of my time,Strongly agree,Strongly agree,Strongly agree,My productivity is about same when I work remotely,0.0,3.0,0.0,0.0,0.0,3.0,0.0,0.0,2020
1268,1986,Male,Manufacturing,Community and personal service ,Between 5 and 19,No,Multiple family household,Between 6 and 12 months,Metro,10%,40%,20%,Neither agree nor disagree,Neither agree nor disagree,Somewhat agree,Somewhat disagree,Somewhat disagree,Less than 10% of my time,70%,Somewhat disagree,Somewhat agree,Neither agree nor disagree,I’m 30% more productive when working remotely,2.0,8.0,12.0,2.0,5.0,5.0,5.0,9.0,2020
1269,1986,Male,Retail Trade,Managers,More than 200,Yes,Couple with dependent children,More than 5 years,Metro,100% - I spent all of my time remote working,100% - All of my time,100% - I spent all of my time remote working,Somewhat agree,Strongly agree,Strongly agree,Somewhat agree,Somewhat agree,100% - All of my time,100% - All of my time,Strongly agree,Somewhat agree,Somewhat agree,I’m 40% more productive when working remotely,2.0,8.0,12.0,2.0,8.0,8.0,4.0,4.0,2020
1270,1966,Male,Public Administration and Safety,Professionals,More than 200,Yes,Couple with dependent children,More than 5 years,Metro,Less than 10% of my time,Less than 10% of my time,100% - I spent all of my time remote working,Strongly agree,Strongly agree,Strongly agree,Strongly agree,Strongly agree,100% - All of my time,50% - About half of my time,Somewhat agree,Somewhat agree,Strongly agree,I’m 20% more productive when working remotely,4.0,8.0,10.0,2.0,2.0,8.0,12.0,2.0,2020
1271,2000,Male,Information Media and Telecommunications,Professionals,More than 200,Yes,Single person,Between 1 and 5 years,Metro,40%,90%,30%,Somewhat agree,Somewhat agree,Neither agree nor disagree,Somewhat agree,Somewhat agree,100% - All of my time,80%,Somewhat disagree,Neither agree nor disagree,Neither agree nor disagree,I’m 10% more productive when working remotely,0.2,8.0,3.0,2.0,0.05,10.0,3.0,0.45,2020
1272,1962,Male,Manufacturing,Sales ,More than 200,No,Couple with dependent children,Between 1 and 5 years,Regional,Less than 10% of my time,Less than 10% of my time,20%,Somewhat agree,Somewhat agree,Neither agree nor disagree,Somewhat agree,Somewhat agree,20%,10%,Somewhat disagree,Neither agree nor disagree,Neither agree nor disagree,My productivity is about same when I work remotely,2.0,8.0,10.0,4.0,0.5,9.0,10.0,4.5,2020
1273,1984,Male,Information Media and Telecommunications,Managers,More than 200,Yes,Single person,Between 6 and 12 months,Metro,30%,60%,50% - I spent about half of my time remote working,Neither agree nor disagree,Neither agree nor disagree,Neither agree nor disagree,Somewhat disagree,Strongly disagree,60%,30%,Somewhat agree,Somewhat agree,Somewhat agree,I’m 30% more productive when working remotely,2.0,2.0,5.0,15.0,6.0,5.0,8.0,5.0,2020
1274,1961,Male,"Professional, Scientific and Technical Services",Managers,More than 200,Yes,Couple with dependent children,More than 5 years,Metro,Less than 10% of my time,Less than 10% of my time,100% - I spent all of my time remote working,Strongly agree,Strongly agree,Strongly agree,Strongly agree,Strongly agree,90%,60%,Somewhat agree,Strongly agree,Strongly agree,I’m 20% more productive when working remotely,1.5,11.5,10.0,1.0,0.5,12.5,10.0,1.0,2020
1275,1960,Female,"Professional, Scientific and Technical Services",Managers,Between 5 and 19,No,Couple with no dependent children,More than 5 years,Metro,60%,I would not have preferred to work remotely ,Less than 10% of my time,Neither agree nor disagree,Strongly agree,Strongly disagree,Strongly agree,Somewhat agree,50% - About half of my time,I would prefer not to work remotely ,Somewhat disagree,Somewhat agree,Neither agree nor disagree,I’m 10% less productive when working remotely,1.0,7.0,1.0,0.0,0.25,6.0,1.0,0.0,2020
1276,1987,Male,"Professional, Scientific and Technical Services",Sales ,More than 200,Yes,Couple with no dependent children,Between 1 and 5 years,Metro,Rarely or never ,I would not have preferred to work remotely ,50% - I spent about half of my time remote working,Strongly agree,Somewhat agree,Somewhat agree,Strongly agree,Somewhat agree,80%,80%,Strongly agree,Strongly agree,Somewhat agree,I’m 10% less productive when working remotely,2.0,9.0,4.0,1.0,0.5,10.0,4.0,1.0,2020
1277,1956,Male,"Professional, Scientific and Technical Services",Professionals,More than 200,No,Couple with no dependent children,More than 5 years,Regional,Rarely or never ,100% - All of my time,100% - I spent all of my time remote working,Strongly agree,Strongly agree,Strongly agree,Strongly agree,Strongly agree,100% - All of my time,100% - All of my time,Somewhat agree,Somewhat agree,Somewhat agree,I’m 10% more productive when working remotely,1.0,7.5,0.5,2.0,0.5,7.5,0.5,2.0,2020
1278,1964,Female,Financial and Insurance Services,Clerical and administrative ,Between 5 and 19,No,Couple with dependent children,More than 5 years,Metro,Rarely or never ,20%,50% - I spent about half of my time remote working,Strongly agree,Somewhat agree,Somewhat agree,Strongly agree,Somewhat agree,50% - About half of my time,20%,Neither agree nor disagree,Somewhat agree,Somewhat agree,I’m 10% less productive when working remotely,1.5,8.0,4.0,2.0,0.5,8.0,5.0,2.0,2020
1279,1984,Male,Health Care and Social Assistance,Professionals,More than 200,Yes,Couple with dependent children,More than 5 years,Metro,30%,40%,70%,Strongly agree,Strongly agree,Strongly agree,Strongly agree,Strongly agree,70%,50% - About half of my time,Strongly agree,Strongly agree,Strongly agree,I’m 10% more productive when working remotely,1.0,7.0,4.0,4.0,7.0,0.0,3.0,4.0,2020
1280,1983,Female,"Professional, Scientific and Technical Services",Professionals,Between 20 and 199,No,Couple with dependent children,Between 1 and 5 years,Metro,40%,80%,90%,Strongly agree,Somewhat agree,Strongly agree,Strongly agree,Neither agree nor disagree,70%,60%,Somewhat agree,Somewhat agree,Neither agree nor disagree,I’m 30% more productive when working remotely,2.0,7.0,0.0,0.0,0.0,7.0,1.0,1.0,2020
1281,1985,Male,"Rental, Hiring and Real Estate Services",Managers,More than 200,Yes,Couple with dependent children,More than 5 years,Metro,50% - I spent about half of my time remote working,60%,60%,Strongly agree,Somewhat agree,Somewhat agree,Strongly agree,Strongly agree,60%,60%,Strongly agree,Strongly agree,Somewhat agree,My productivity is about same when I work remotely,2.0,4.0,4.0,4.0,2.5,5.0,4.0,5.0,2020
1282,1968,Female,Wholesale Trade,Managers,Between 5 and 19,Yes,Couple with no dependent children,More than 5 years,Metro,100% - I spent all of my time remote working,80%,100% - I spent all of my time remote working,Somewhat agree,Somewhat agree,Somewhat agree,Somewhat agree,Somewhat agree,100% - All of my time,70%,Neither agree nor disagree,Neither agree nor disagree,Neither agree nor disagree,My productivity is about same when I work remotely,0.5,8.0,4.0,3.0,0.0,8.0,5.0,3.0,2020
1283,1990,Female,Information Media and Telecommunications,Professionals,Between 20 and 199,Yes,Couple with dependent children,Between 1 and 5 years,Metro,30%,30%,70%,Strongly agree,Strongly agree,Strongly agree,Strongly agree,Strongly agree,80%,40%,Somewhat agree,Somewhat agree,Somewhat agree,I’m 20% more productive when working remotely,2.0,6.0,4.0,2.0,1.0,6.0,5.0,3.0,2020
1284,1980,Female,Manufacturing,Technicians and trades ,Between 20 and 199,Yes,Couple with no dependent children,More than 5 years,Regional,60%,40%,20%,Strongly disagree,Strongly disagree,Strongly disagree,Somewhat disagree,Somewhat disagree,10%,20%,Neither agree nor disagree,Somewhat disagree,Somewhat disagree,I’m 50% more productive when working remotely (or more),1.0,2.0,4.0,3.0,1.0,3.0,4.0,4.0,2020
1285,1955,Female,"Transport, Postal and Warehousing",Clerical and administrative ,Between 5 and 19,Yes,Couple with no dependent children,Between 6 and 12 months,Metro,100% - I spent all of my time remote working,50% - About half of my time,100% - I spent all of my time remote working,Somewhat agree,Somewhat agree,Somewhat agree,Somewhat agree,Neither agree nor disagree,50% - About half of my time,40%,Neither agree nor disagree,Somewhat disagree,Neither agree nor disagree,My productivity is about same when I work remotely,2.5,7.5,3.0,2.0,0.5,7.0,3.0,2.0,2020
1286,1978,Male,"Professional, Scientific and Technical Services",Professionals,More than 200,No,Couple with dependent children,Between 1 and 5 years,Metro,90%,90%,100% - I spent all of my time remote working,Strongly agree,Strongly agree,Strongly agree,Strongly agree,Strongly agree,100% - All of my time,90%,Somewhat agree,Strongly agree,Strongly agree,I’m 20% more productive when working remotely,0.5,8.5,5.0,1.0,0.5,9.0,6.0,1.0,2020
1287,1964,Male,Retail Trade,Managers,Between 1 and 4,Yes,Couple with dependent children,Between 1 and 5 years,Metro,10%,Less than 10% of my time,10%,Somewhat disagree,Strongly disagree,Somewhat disagree,Somewhat agree,Somewhat agree,10%,10%,Somewhat agree,Somewhat agree,Somewhat agree,I’m 20% more productive when working remotely,4.0,6.0,3.0,1.0,1.0,7.0,4.0,2.0,2020
1288,1958,Male,Education and Training,Professionals,More than 200,Yes,Couple with no dependent children,More than 5 years,Metro,10%,40%,90%,Strongly agree,Somewhat agree,Strongly agree,Somewhat agree,Strongly agree,90%,30%,Neither agree nor disagree,Somewhat agree,Somewhat agree,I’m 30% more productive when working remotely,1.0,9.0,4.0,2.0,0.0,12.0,3.0,2.0,2020
1289,1990,Male,Information Media and Telecommunications,Technicians and trades ,Between 5 and 19,Yes,Single person,Between 1 and 5 years,Metro,10%,30%,50% - I spent about half of my time remote working,Somewhat disagree,Strongly disagree,Somewhat disagree,Somewhat disagree,Neither agree nor disagree,10%,30%,Somewhat disagree,Neither agree nor disagree,Somewhat disagree,My productivity is about same when I work remotely,5.0,5.0,5.0,5.0,5.0,5.0,5.0,5.0,2020
1290,1984,Female,"Professional, Scientific and Technical Services",Professionals,Between 20 and 199,No,Single person,Between 1 and 5 years,Metro,20%,20%,50% - I spent about half of my time remote working,Somewhat agree,Somewhat agree,Somewhat agree,Somewhat agree,Somewhat agree,20%,20%,Neither agree nor disagree,Somewhat agree,Somewhat agree,My productivity is about same when I work remotely,2.0,8.0,5.0,2.0,1.0,6.0,4.0,1.0,2020
1291,1960,Male,Other Services,Professionals,Between 20 and 199,No,Couple with no dependent children,More than 5 years,Metro,40%,Less than 10% of my time,100% - I spent all of my time remote working,Strongly agree,Strongly agree,Strongly agree,Strongly agree,Strongly agree,I would not have preferred to work remotely ,Less than 10% of my time,Somewhat disagree,Neither agree nor disagree,Neither agree nor disagree,My productivity is about same when I work remotely,0.5,7.0,0.0,0.0,0.0,8.0,0.0,0.5,2020
1292,1969,Female,Education and Training,Professionals,More than 200,No,Couple with no dependent children,Between 1 and 5 years,Regional,Rarely or never ,I would not have preferred to work remotely ,Less than 10% of my time,Neither agree nor disagree,Strongly agree,Somewhat agree,Somewhat agree,Somewhat agree,I would not have preferred to work remotely ,I would prefer not to work remotely ,Somewhat disagree,Somewhat disagree,Somewhat disagree,My productivity is about same when I work remotely,1.5,8.5,4.0,2.0,1.0,8.5,2.0,2.0,2020
1293,1975,Female,Financial and Insurance Services,Clerical and administrative ,Between 20 and 199,Yes,Couple with dependent children,More than 5 years,Metro,40%,I would not have preferred to work remotely ,40%,Somewhat agree,Strongly agree,Neither agree nor disagree,Somewhat agree,Strongly agree,60%,I would prefer not to work remotely ,Strongly disagree,Strongly disagree,Strongly disagree,My productivity is about same when I work remotely,2.0,8.0,3.0,3.0,1.0,8.0,4.0,3.0,2020
1294,1957,Female,Financial and Insurance Services,Clerical and administrative ,More than 200,No,Single person,More than 5 years,Metro,100% - I spent all of my time remote working,100% - All of my time,100% - I spent all of my time remote working,Strongly agree,Strongly agree,Strongly agree,Strongly agree,Strongly agree,100% - All of my time,100% - All of my time,Strongly agree,Strongly agree,Strongly agree,I’m 30% more productive when working remotely,2.0,8.0,1.0,1.0,0.0,8.0,1.0,1.0,2020
1295,1988,Female,Financial and Insurance Services,Clerical and administrative ,Between 20 and 199,No,Couple with no dependent children,Between 6 and 12 months,Metro,40%,50% - About half of my time,30%,Somewhat agree,Strongly agree,Somewhat agree,Strongly agree,Neither agree nor disagree,50% - About half of my time,40%,Neither agree nor disagree,Somewhat agree,Somewhat agree,I’m 30% less productive when working remotely,3.5,8.5,4.0,3.0,0.5,8.5,5.0,4.0,2020
1296,1988,Male,Other Services,Managers,Between 20 and 199,Yes,Group household,More than 5 years,Metro,10%,10%,80%,Somewhat agree,Neither agree nor disagree,Somewhat agree,Somewhat agree,Somewhat agree,90%,30%,Somewhat disagree,Somewhat disagree,Neither agree nor disagree,I’m 10% less productive when working remotely,3.0,6.0,2.0,2.0,3.0,8.0,8.0,5.0,2020
1297,1991,Female,Manufacturing,Managers,Between 20 and 199,Yes,Couple with no dependent children,Between 1 and 5 years,Metro,50% - I spent about half of my time remote working,70%,50% - I spent about half of my time remote working,Neither agree nor disagree,Strongly agree,Somewhat agree,Somewhat agree,Strongly agree,80%,60%,Somewhat agree,Somewhat agree,Somewhat agree,I’m 10% more productive when working remotely,2.0,6.0,3.0,0.0,0.0,9.0,5.0,0.0,2020
1298,1970,Female,Education and Training,Technicians and trades ,More than 200,No,Single person,More than 5 years,Metro,Less than 10% of my time,40%,10%,Somewhat agree,Somewhat disagree,Strongly agree,Somewhat disagree,Strongly agree,100% - All of my time,80%,Strongly disagree,Strongly disagree,Strongly disagree,I’m 40% more productive when working remotely,2.0,7.5,5.0,0.5,0.5,7.5,5.0,1.0,2020
1299,1987,Female,Information Media and Telecommunications,Managers,More than 200,Yes,Couple with dependent children,More than 5 years,Metro,100% - I spent all of my time remote working,80%,80%,Strongly agree,Somewhat agree,Somewhat agree,Somewhat agree,Somewhat agree,90%,90%,Somewhat agree,Somewhat agree,Somewhat agree,I’m 40% more productive when working remotely,2.0,10.0,6.0,6.0,1.0,11.0,5.0,7.0,2020
1300,1990,Male,Other Services,Managers,More than 200,Yes,Couple with no dependent children,More than 5 years,Metro,Rarely or never ,I would not have preferred to work remotely ,100% - I spent all of my time remote working,Somewhat agree,Somewhat agree,Strongly agree,Somewhat agree,Strongly agree,Less than 10% of my time,30%,Somewhat agree,Neither agree nor disagree,Somewhat agree,I’m 50% more productive when working remotely (or more),1.0,9.0,7.0,7.0,10.0,2.0,2.0,10.0,2020
1301,1961,Male,Public Administration and Safety,Professionals,More than 200,No,Couple with dependent children,More than 5 years,Regional,40%,40%,50% - I spent about half of my time remote working,Strongly agree,Strongly agree,Strongly agree,Strongly agree,Strongly agree,50% - About half of my time,50% - About half of my time,Somewhat agree,Somewhat agree,Somewhat agree,My productivity is about same when I work remotely,0.15,8.0,8.0,0.0,0.15,8.0,7.0,1.0,2020
1302,1972,Male,"Professional, Scientific and Technical Services",Professionals,More than 200,No,Couple with dependent children,Between 1 and 5 years,Metro,30%,20%,40%,Strongly agree,Strongly agree,Strongly agree,Somewhat agree,Neither agree nor disagree,70%,40%,Somewhat agree,Somewhat agree,Somewhat agree,My productivity is about same when I work remotely,1.0,8.0,0.0,0.0,3.0,4.0,1.0,2.0,2020
1303,1978,Male,Accommodation and Food Services,Managers,Between 20 and 199,Yes,Couple with dependent children,More than 5 years,Regional,20%,20%,20%,Strongly agree,Strongly agree,Somewhat agree,Strongly agree,Somewhat agree,20%,20%,Somewhat agree,Strongly agree,Strongly agree,I’m 30% more productive when working remotely,2.0,20.0,2.0,0.0,2.0,20.0,2.0,0.0,2020
1304,1990,Male,Health Care and Social Assistance,Professionals,Between 20 and 199,Yes,Couple with no dependent children,Between 1 and 5 years,Metro,30%,10%,30%,Neither agree nor disagree,Somewhat disagree,Somewhat disagree,Strongly disagree,Neither agree nor disagree,10%,20%,Somewhat disagree,Neither agree nor disagree,Somewhat disagree,I’m 10% less productive when working remotely,3.0,8.0,7.0,4.0,3.0,8.0,7.0,4.0,2020
1305,1994,Male,Education and Training,Community and personal service ,Between 1 and 4,Yes,Group household,More than 5 years,Metro,20%,20%,80%,Somewhat agree,Somewhat agree,Neither agree nor disagree,Somewhat agree,Somewhat agree,20%,20%,Somewhat disagree,Somewhat disagree,Somewhat disagree,My productivity is about same when I work remotely,1.0,10.0,12.0,1.0,0.0,9.0,10.0,1.0,2020
1306,1990,Male,Construction,Sales ,Between 5 and 19,Yes,Couple with dependent children,Between 6 and 12 months,Metro,30%,30%,30%,Somewhat agree,Strongly agree,Strongly agree,Somewhat agree,Somewhat agree,50% - About half of my time,40%,Strongly agree,Strongly agree,Strongly agree,I’m 50% more productive when working remotely (or more),3.0,6.0,10.0,5.0,2.0,7.0,9.0,6.0,2020
1307,1958,Female,Health Care and Social Assistance,Technicians and trades ,Between 5 and 19,No,Couple with no dependent children,More than 5 years,Regional,100% - I spent all of my time remote working,50% - About half of my time,100% - I spent all of my time remote working,Strongly agree,Neither agree nor disagree,Strongly agree,Somewhat agree,Somewhat disagree,90%,50% - About half of my time,Somewhat agree,Neither agree nor disagree,Somewhat agree,I’m 40% more productive when working remotely,2.5,4.0,4.0,5.0,0.0,4.0,6.0,5.0,2020
1308,1972,Female,Administrative and Support Services,Clerical and administrative ,Between 20 and 199,No,Couple with dependent children,Between 1 and 5 years,Metro,30%,40%,80%,Somewhat agree,Somewhat agree,Somewhat agree,Strongly agree,Strongly agree,80%,70%,Somewhat agree,Somewhat agree,Somewhat agree,I’m 40% more productive when working remotely,1.0,7.0,6.0,5.0,0.0,6.0,7.0,5.0,2020
1309,1984,Female,"Professional, Scientific and Technical Services",Professionals,Between 5 and 19,No,Group household,More than 5 years,Metro,10%,10%,60%,Strongly agree,Somewhat agree,Strongly agree,Strongly agree,Somewhat agree,60%,20%,Somewhat agree,Somewhat agree,Somewhat agree,I’m 20% more productive when working remotely,2.0,8.0,6.0,2.0,0.0,9.5,6.0,3.0,2020
1310,1967,Female,Arts and Recreation Services,Professionals,Between 1 and 4,No,Couple with dependent children,More than 5 years,Regional,100% - I spent all of my time remote working,100% - All of my time,50% - I spent about half of my time remote working,Strongly agree,Strongly agree,Strongly agree,Strongly agree,Strongly agree,100% - All of my time,100% - All of my time,Strongly agree,Strongly agree,Strongly disagree,My productivity is about same when I work remotely,0.0,7.0,2.0,3.0,0.0,7.0,2.0,3.0,2020
1311,1977,Male,Financial and Insurance Services,Managers,Between 20 and 199,Yes,Couple with dependent children,More than 5 years,Metro,10%,10%,20%,Somewhat agree,Somewhat agree,Neither agree nor disagree,Somewhat agree,Somewhat agree,20%,20%,Neither agree nor disagree,Somewhat agree,Somewhat agree,My productivity is about same when I work remotely,2.0,7.0,2.0,2.0,0.5,7.0,3.5,2.0,2020
1312,1995,Female,Retail Trade,Technicians and trades ,More than 200,No,Couple with dependent children,Between 1 and 5 years,Metro,Rarely or never ,100% - All of my time,90%,Strongly agree,Somewhat agree,Strongly agree,Strongly agree,Strongly agree,100% - All of my time,100% - All of my time,Somewhat disagree,Somewhat disagree,Somewhat disagree,I’m 20% more productive when working remotely,3.0,8.0,10.0,3.0,0.5,8.0,12.5,3.0,2020
1313,1963,Male,"Professional, Scientific and Technical Services",Professionals,I am the only employee,No,Couple with dependent children,More than 5 years,Regional,60%,90%,100% - I spent all of my time remote working,Somewhat agree,Strongly agree,Strongly agree,Strongly agree,Strongly agree,100% - All of my time,90%,Somewhat agree,Somewhat agree,Strongly agree,I’m 50% more productive when working remotely (or more),0.25,6.0,4.0,2.0,0.0,9.0,2.0,2.0,2020
1314,1979,Male,"Agriculture, Forestry and Fishing",Machinery operators and drivers,Between 1 and 4,Yes,Couple with no dependent children,Between 1 and 5 years,Regional,80%,50% - About half of my time,20%,Strongly agree,Somewhat agree,Strongly agree,Somewhat agree,Somewhat agree,80%,50% - About half of my time,Neither agree nor disagree,Neither agree nor disagree,Neither agree nor disagree,My productivity is about same when I work remotely,0.5,9.0,7.0,7.5,0.5,10.0,6.0,7.5,2020
1315,1990,Male,Manufacturing,Managers,Between 20 and 199,Yes,Couple with dependent children,More than 5 years,Regional,10%,20%,60%,Somewhat agree,Somewhat agree,Somewhat agree,Somewhat agree,Strongly agree,60%,40%,Neither agree nor disagree,Somewhat agree,Neither agree nor disagree,I’m 30% more productive when working remotely,2.0,9.0,3.0,3.0,0.0,10.0,3.0,4.0,2020
1316,1998,Male,Construction,Managers,Between 5 and 19,Yes,Multiple family household,Between 6 and 12 months,Metro,80%,90%,90%,Neither agree nor disagree,Somewhat agree,Strongly agree,Somewhat agree,Strongly agree,70%,50% - About half of my time,Somewhat agree,Somewhat agree,Strongly agree,My productivity is about same when I work remotely,2.0,1.0,1.0,2.0,2.0,2.0,1.0,1.0,2020
1317,1972,Male,Information Media and Telecommunications,Professionals,Between 20 and 199,No,Couple with dependent children,More than 5 years,Metro,20%,50% - About half of my time,100% - I spent all of my time remote working,Strongly agree,Strongly agree,Somewhat agree,Strongly agree,Strongly agree,100% - All of my time,50% - About half of my time,Neither agree nor disagree,Strongly agree,Neither agree nor disagree,My productivity is about same when I work remotely,3.0,8.0,2.0,3.0,1.0,8.0,3.0,4.0,2020
1318,1989,Male,"Electricity, Gas, Water and Waste Services",Professionals,More than 200,No,Single person,More than 5 years,Metro,Rarely or never ,20%,30%,Strongly agree,Strongly agree,Somewhat agree,Strongly agree,Somewhat agree,70%,50% - About half of my time,Somewhat agree,Strongly agree,Strongly agree,My productivity is about same when I work remotely,1.5,8.0,6.0,1.0,0.66,9.0,6.0,1.0,2020
1319,1970,Male,"Electricity, Gas, Water and Waste Services",Professionals,More than 200,No,Couple with dependent children,Between 6 and 12 months,Metro,100% - I spent all of my time remote working,50% - About half of my time,100% - I spent all of my time remote working,Strongly agree,Strongly agree,Strongly agree,Strongly agree,Strongly agree,80%,80%,Strongly agree,Strongly agree,Strongly agree,My productivity is about same when I work remotely,1.5,8.0,3.0,2.0,0.5,9.0,3.0,2.0,2020
1320,1969,Female,Retail Trade,Managers,More than 200,Yes,Couple with dependent children,Between 1 and 5 years,Metro,20%,40%,20%,Strongly agree,Strongly agree,Strongly agree,Strongly agree,Strongly agree,40%,40%,Somewhat agree,Somewhat agree,Somewhat agree,I’m 50% more productive when working remotely (or more),1.0,6.0,3.0,3.0,0.5,6.0,4.0,3.0,2020
1321,1983,Male,"Professional, Scientific and Technical Services",Technicians and trades ,Between 20 and 199,No,Couple with dependent children,Between 1 and 5 years,Metro,20%,50% - About half of my time,90%,Strongly agree,Strongly agree,Strongly agree,Strongly agree,Somewhat agree,100% - All of my time,80%,Strongly agree,Strongly agree,Strongly agree,I’m 20% more productive when working remotely,2.0,8.0,4.0,8.0,0.5,6.0,8.0,8.0,2020
1322,1989,Female,Accommodation and Food Services,Managers,Between 20 and 199,Yes,Couple with dependent children,Between 1 and 5 years,Regional,20%,Less than 10% of my time,10%,Neither agree nor disagree,Somewhat agree,Neither agree nor disagree,Neither agree nor disagree,Somewhat disagree,Less than 10% of my time,Less than 10% of my time,Somewhat disagree,Neither agree nor disagree,Somewhat agree,I’m 10% less productive when working remotely,2.0,6.0,2.0,1.0,2.0,6.0,2.0,1.0,2020
1323,1971,Male,"Transport, Postal and Warehousing",Labourers,More than 200,No,Couple with dependent children,Between 6 and 12 months,Regional,Less than 10% of my time,Less than 10% of my time,Rarely or never ,,,,,,I would not have preferred to work remotely ,Less than 10% of my time,Neither agree nor disagree,Neither agree nor disagree,Neither agree nor disagree,I’m 20% more productive when working remotely,1.0,8.0,5.0,5.0,2.0,10.0,5.0,7.0,2020
1324,1969,Female,Retail Trade,Sales ,More than 200,Yes,Couple with no dependent children,More than 5 years,Metro,50% - I spent about half of my time remote working,40%,20%,Somewhat agree,Strongly agree,Neither agree nor disagree,Neither agree nor disagree,Neither agree nor disagree,20%,50% - About half of my time,Somewhat agree,Somewhat agree,Somewhat agree,I’m 30% more productive when working remotely,1.0,7.0,10.0,6.0,1.0,7.0,10.0,6.0,2020
1325,1972,Female,"Professional, Scientific and Technical Services",Managers,Between 1 and 4,No,Couple with dependent children,Between 1 and 5 years,Metro,100% - I spent all of my time remote working,100% - All of my time,100% - I spent all of my time remote working,Somewhat agree,Somewhat agree,Somewhat agree,Somewhat agree,Neither agree nor disagree,100% - All of my time,100% - All of my time,Neither agree nor disagree,Neither agree nor disagree,Neither agree nor disagree,My productivity is about same when I work remotely,2.0,4.0,4.0,2.0,0.0,4.0,4.0,4.0,2020
1326,1974,Female,Retail Trade,Managers,More than 200,Yes,Couple with dependent children,More than 5 years,Regional,90%,90%,100% - I spent all of my time remote working,Strongly agree,Strongly agree,Strongly agree,Strongly agree,Strongly agree,90%,90%,Strongly agree,Strongly agree,Strongly agree,I’m 50% more productive when working remotely (or more),6.0,6.0,0.5,0.0,0.25,9.0,2.0,2.0,2020
1327,1995,Male,Education and Training,Managers,Between 20 and 199,Yes,Single person,Between 6 and 12 months,Metro,60%,50% - About half of my time,60%,Strongly agree,Neither agree nor disagree,Strongly agree,Strongly agree,Somewhat agree,50% - About half of my time,30%,Somewhat agree,Neither agree nor disagree,Strongly agree,I’m 40% more productive when working remotely,1.0,8.0,3.0,3.0,0.0,8.0,5.0,4.0,2020
1328,1990,Male,"Professional, Scientific and Technical Services",Managers,Between 1 and 4,Yes,Couple with dependent children,Between 1 and 5 years,Metro,40%,30%,30%,Somewhat agree,Somewhat agree,Somewhat agree,Neither agree nor disagree,Neither agree nor disagree,50% - About half of my time,70%,Neither agree nor disagree,Neither agree nor disagree,Somewhat agree,I’m 10% more productive when working remotely,7.0,0.0,2.0,1.0,7.0,2.0,1.0,1.0,2020
1329,1992,Male,"Professional, Scientific and Technical Services",Professionals,More than 200,No,Couple with dependent children,Between 1 and 5 years,Metro,Less than 10% of my time,50% - About half of my time,100% - I spent all of my time remote working,Strongly agree,Strongly agree,Strongly agree,Strongly agree,Somewhat agree,50% - About half of my time,50% - About half of my time,Strongly agree,Strongly agree,Strongly agree,I’m 10% more productive when working remotely,2.5,6.5,13.0,2.0,0.0,7.5,14.5,2.0,2020
1330,1977,Male,Construction,Machinery operators and drivers,Between 1 and 4,No,Couple with dependent children,Between 1 and 5 years,Metro,100% - I spent all of my time remote working,100% - All of my time,100% - I spent all of my time remote working,Strongly agree,Strongly agree,Strongly agree,Strongly agree,Strongly agree,80%,80%,Somewhat agree,Somewhat agree,Somewhat agree,I’m 40% more productive when working remotely,0.0,8.0,12.0,4.0,1.0,8.0,13.0,2.0,2020
1331,1987,Female,"Electricity, Gas, Water and Waste Services",Professionals,Between 5 and 19,Yes,Couple with no dependent children,Between 6 and 12 months,Metro,Less than 10% of my time,Less than 10% of my time,Less than 10% of my time,Strongly agree,Strongly agree,Strongly agree,Strongly agree,Strongly agree,50% - About half of my time,I would prefer not to work remotely ,Strongly agree,Strongly agree,Strongly agree,My productivity is about same when I work remotely,10.0,10.0,0.0,4.0,10.0,10.0,4.0,0.0,2020
1332,1979,Male,Information Media and Telecommunications,Professionals,Between 5 and 19,Yes,Couple with dependent children,More than 5 years,Regional,Less than 10% of my time,20%,100% - I spent all of my time remote working,Strongly agree,Strongly agree,Strongly agree,Strongly agree,Strongly agree,100% - All of my time,60%,Somewhat agree,Neither agree nor disagree,Somewhat agree,I’m 20% more productive when working remotely,3.5,8.0,4.0,1.0,0.0,9.0,6.0,1.0,2020
1333,1992,Male,Administrative and Support Services,Managers,More than 200,Yes,Group household,Between 6 and 12 months,Metro,40%,60%,100% - I spent all of my time remote working,Strongly agree,Neither agree nor disagree,Strongly agree,Strongly agree,Neither agree nor disagree,50% - About half of my time,60%,Somewhat disagree,Somewhat disagree,Somewhat agree,I’m 20% less productive when working remotely,1.0,8.0,1.0,2.0,0.0,7.0,4.0,4.0,2020
1334,1995,Male,"Professional, Scientific and Technical Services",Managers,Between 20 and 199,Yes,Single person,Between 1 and 5 years,Metro,40%,50% - About half of my time,100% - I spent all of my time remote working,Somewhat agree,Somewhat agree,Strongly agree,Strongly agree,Neither agree nor disagree,30%,30%,Neither agree nor disagree,Strongly agree,Somewhat agree,I’m 40% more productive when working remotely,1.0,9.0,1.0,1.0,0.0,10.0,1.0,1.0,2020
1335,1974,Male,"Professional, Scientific and Technical Services",Managers,More than 200,Yes,Couple with dependent children,Between 1 and 5 years,Regional,20%,100% - All of my time,100% - I spent all of my time remote working,Strongly agree,Strongly agree,Strongly agree,Strongly agree,Strongly agree,100% - All of my time,100% - All of my time,Neither agree nor disagree,Neither agree nor disagree,Somewhat disagree,I’m 30% more productive when working remotely,5.0,8.0,2.0,2.0,0.0,10.0,4.0,3.0,2020
1336,1960,Female,"Professional, Scientific and Technical Services",Professionals,More than 200,No,Couple with no dependent children,More than 5 years,Metro,100% - I spent all of my time remote working,100% - All of my time,100% - I spent all of my time remote working,Strongly agree,Somewhat agree,Strongly agree,Strongly agree,Strongly agree,100% - All of my time,100% - All of my time,Somewhat agree,Somewhat agree,Strongly agree,I’m 20% more productive when working remotely,0.5,7.0,0.0,0.0,0.0,8.0,0.5,0.0,2020
1337,1989,Female,Financial and Insurance Services,Professionals,More than 200,No,Couple with no dependent children,Between 6 and 12 months,Metro,Rarely or never ,Less than 10% of my time,100% - I spent all of my time remote working,Somewhat agree,Somewhat agree,Somewhat agree,Somewhat agree,Somewhat agree,100% - All of my time,100% - All of my time,Somewhat agree,Somewhat agree,Neither agree nor disagree,I’m 50% more productive when working remotely (or more),1.0,8.0,4.0,0.0,1.0,8.0,4.0,0.0,2020
1338,1984,Female,"Professional, Scientific and Technical Services",Professionals,Between 20 and 199,Yes,Couple with dependent children,More than 5 years,Metro,Rarely or never ,20%,100% - I spent all of my time remote working,Strongly agree,Somewhat agree,Neither agree nor disagree,Somewhat agree,Neither agree nor disagree,100% - All of my time,20%,Somewhat disagree,Somewhat agree,Neither agree nor disagree,My productivity is about same when I work remotely,2.0,8.0,13.0,1.0,0.0,8.0,14.0,2.0,2020
1339,1981,Female,"Transport, Postal and Warehousing",Professionals,More than 200,No,Couple with no dependent children,Between 1 and 5 years,Metro,50% - I spent about half of my time remote working,Less than 10% of my time,100% - I spent all of my time remote working,Strongly agree,Strongly agree,Strongly agree,Strongly agree,Strongly agree,100% - All of my time,100% - All of my time,Neither agree nor disagree,Neither agree nor disagree,Neither agree nor disagree,I’m 10% more productive when working remotely,1.0,8.0,0.0,0.0,0.0,8.0,0.0,0.0,2020
1340,1990,Male,Construction,Professionals,Between 5 and 19,Yes,Couple with dependent children,Between 6 and 12 months,Metro,40%,40%,30%,Somewhat agree,Strongly agree,Strongly agree,Somewhat agree,Strongly agree,30%,30%,Strongly agree,Somewhat agree,Strongly agree,I’m 20% less productive when working remotely,3.0,7.0,8.0,6.0,3.0,7.0,8.0,6.0,2020
1341,1987,Male,Arts and Recreation Services,Managers,More than 200,Yes,Couple with no dependent children,More than 5 years,Regional,Rarely or never ,60%,40%,Somewhat agree,Somewhat disagree,Strongly disagree,Strongly agree,Strongly agree,70%,80%,Somewhat agree,Somewhat agree,Somewhat agree,I’m 30% more productive when working remotely,1.0,8.0,1.0,2.0,0.2,8.0,3.0,4.0,2020
1342,1993,Male,"Professional, Scientific and Technical Services",Technicians and trades ,Between 5 and 19,No,Multiple family household,Between 1 and 5 years,Regional,Rarely or never ,I would not have preferred to work remotely ,Less than 10% of my time,Somewhat agree,Strongly agree,Strongly agree,Strongly agree,Strongly agree,10%,I would prefer not to work remotely ,Somewhat agree,Strongly agree,Strongly agree,I’m 10% less productive when working remotely,0.5,7.0,0.0,0.0,0.0,6.0,1.0,1.0,2020
1343,1978,Male,Accommodation and Food Services,Managers,Between 20 and 199,Yes,Couple with dependent children,More than 5 years,Regional,20%,30%,30%,Strongly agree,Strongly agree,Somewhat agree,Strongly agree,Somewhat agree,30%,30%,Somewhat agree,Strongly agree,Somewhat agree,I’m 30% more productive when working remotely,1.0,23.0,0.0,0.0,1.0,23.0,0.0,0.0,2020
1344,1963,Female,Other Services,Clerical and administrative ,More than 200,No,One  parent family with dependent children,Between 6 and 12 months,Regional,Less than 10% of my time,100% - All of my time,100% - I spent all of my time remote working,Strongly agree,Strongly agree,Neither agree nor disagree,Strongly agree,Strongly agree,100% - All of my time,100% - All of my time,Somewhat disagree,Somewhat disagree,Somewhat disagree,I’m 50% more productive when working remotely (or more),2.0,9.0,10.0,3.0,0.0,9.0,10.0,5.0,2020
1345,1976,Female,"Electricity, Gas, Water and Waste Services",Professionals,Between 20 and 199,Yes,Couple with dependent children,Between 1 and 5 years,Metro,20%,10%,10%,Somewhat disagree,Neither agree nor disagree,Neither agree nor disagree,Neither agree nor disagree,Neither agree nor disagree,Less than 10% of my time,20%,Neither agree nor disagree,Neither agree nor disagree,Neither agree nor disagree,I’m 30% more productive when working remotely,1.0,1.0,1.0,1.0,1.0,1.0,1.0,1.0,2020
1346,1996,Female,Administrative and Support Services,Clerical and administrative ,More than 200,No,Couple with dependent children,Between 1 and 5 years,Metro,Rarely or never ,50% - About half of my time,60%,Somewhat agree,Somewhat disagree,Strongly agree,Somewhat agree,Somewhat agree,80%,40%,Somewhat disagree,Somewhat disagree,Strongly disagree,I’m 10% less productive when working remotely,2.0,8.0,4.0,1.0,0.25,8.0,4.0,2.0,2020
1347,1974,Male,"Professional, Scientific and Technical Services",Managers,More than 200,Yes,Couple with dependent children,Between 1 and 5 years,Regional,20%,100% - All of my time,100% - I spent all of my time remote working,Strongly agree,Strongly agree,Strongly agree,Strongly agree,Strongly agree,100% - All of my time,100% - All of my time,Somewhat agree,Somewhat agree,Somewhat disagree,I’m 20% more productive when working remotely,5.0,7.0,2.0,2.0,0.5,8.0,4.0,2.0,2020
1348,1969,Male,"Electricity, Gas, Water and Waste Services",Professionals,More than 200,Yes,Couple with dependent children,More than 5 years,Metro,40%,40%,60%,Strongly agree,Strongly agree,Strongly agree,Strongly agree,Somewhat agree,40%,40%,Strongly agree,Strongly agree,Strongly agree,I’m 40% more productive when working remotely,3.5,8.0,4.0,3.0,1.0,8.0,4.0,5.0,2020
1349,1960,Male,Financial and Insurance Services,Professionals,I am the only employee,No,Single person,More than 5 years,Metro,100% - I spent all of my time remote working,100% - All of my time,100% - I spent all of my time remote working,Strongly agree,Strongly agree,Strongly agree,Strongly agree,Strongly disagree,100% - All of my time,100% - All of my time,Neither agree nor disagree,Neither agree nor disagree,Neither agree nor disagree,My productivity is about same when I work remotely,0.0,6.0,10.0,8.0,0.0,6.0,10.0,8.0,2020
1350,1990,Female,"Professional, Scientific and Technical Services",Managers,Between 20 and 199,Yes,Couple with no dependent children,Between 6 and 12 months,Metro,20%,20%,90%,Strongly agree,Somewhat agree,Strongly agree,Strongly agree,Somewhat agree,90%,60%,Somewhat agree,Strongly agree,Strongly agree,I’m 20% more productive when working remotely,1.5,7.5,3.0,1.0,0.5,9.0,4.0,0.5,2020
1351,1964,Male,Other Services,Managers,Between 20 and 199,Yes,Couple with dependent children,Between 1 and 5 years,Metro,Less than 10% of my time,40%,80%,Strongly agree,Strongly agree,Strongly agree,Strongly agree,Somewhat agree,80%,60%,Somewhat agree,Somewhat agree,Somewhat agree,I’m 30% more productive when working remotely,1.5,9.0,3.0,0.5,0.25,9.0,4.0,1.0,2020
1352,1998,Female,Accommodation and Food Services,Managers,More than 200,Yes,Couple with no dependent children,Between 1 and 5 years,Metro,50% - I spent about half of my time remote working,50% - About half of my time,50% - I spent about half of my time remote working,Strongly agree,Strongly agree,Strongly agree,Strongly agree,Strongly agree,100% - All of my time,30%,Strongly agree,Strongly agree,Strongly agree,I’m 30% less productive when working remotely,1.0,8.0,5.0,2.0,1.0,8.0,8.0,2.0,2020
1353,1994,Male,Construction,Professionals,Between 5 and 19,Yes,Couple with dependent children,Between 6 and 12 months,Metro,40%,40%,40%,Strongly agree,Somewhat agree,Strongly agree,Somewhat agree,Strongly agree,40%,40%,Somewhat agree,Strongly agree,Somewhat agree,I’m 50% more productive when working remotely (or more),3.0,8.0,8.0,5.0,3.0,8.0,6.0,7.0,2020
1354,1978,Female,Education and Training,Community and personal service ,Between 20 and 199,No,Couple with dependent children,More than 5 years,Metro,30%,I would not have preferred to work remotely ,Rarely or never ,,,,,,I would not have preferred to work remotely ,I would prefer not to work remotely ,Strongly disagree,Strongly disagree,Strongly disagree,I’m 20% less productive when working remotely,1.0,7.0,2.0,2.0,0.5,6.0,3.0,2.0,2020
1355,1992,Female,Accommodation and Food Services,Managers,Between 20 and 199,Yes,Single person,More than 5 years,Regional,10%,I would not have preferred to work remotely ,80%,Strongly disagree,Strongly disagree,Strongly agree,Strongly disagree,Somewhat agree,100% - All of my time,80%,Strongly disagree,Strongly disagree,Strongly disagree,I’m 30% more productive when working remotely,1.0,11.0,2.0,2.0,0.25,5.0,5.0,5.0,2020
1356,1989,Female,Manufacturing,Clerical and administrative ,Between 20 and 199,Yes,Multiple family household,Between 1 and 5 years,Regional,30%,70%,Rarely or never ,,,,,,90%,50% - About half of my time,Strongly disagree,Strongly disagree,Strongly disagree,I’m 50% more productive when working remotely (or more),6.0,8.0,1.0,2.0,0.5,9.0,4.0,4.0,2020
1357,1960,Female,Administrative and Support Services,Clerical and administrative ,Between 1 and 4,No,Couple with no dependent children,More than 5 years,Regional,50% - I spent about half of my time remote working,50% - About half of my time,100% - I spent all of my time remote working,Somewhat agree,Somewhat agree,Somewhat agree,Strongly agree,Somewhat agree,100% - All of my time,80%,Somewhat agree,Somewhat agree,Strongly agree,My productivity is about same when I work remotely,0.5,4.0,2.0,2.0,0.5,4.0,2.0,2.0,2020
1358,1974,Female,Financial and Insurance Services,Sales ,More than 200,No,Single person,Between 1 and 5 years,Metro,Rarely or never ,I would not have preferred to work remotely ,100% - I spent all of my time remote working,Neither agree nor disagree,Somewhat agree,Somewhat disagree,Somewhat agree,Strongly disagree,Less than 10% of my time,30%,Strongly agree,Strongly agree,Strongly agree,I’m 50% less productive when working remotely (or less),2.0,7.0,10.0,5.0,0.0,7.0,8.0,9.0,2020
1359,1975,Female,Public Administration and Safety,Clerical and administrative ,Between 5 and 19,Yes,Couple with no dependent children,More than 5 years,Metro,60%,40%,40%,Strongly agree,Strongly agree,Neither agree nor disagree,Neither agree nor disagree,Strongly agree,40%,40%,Neither agree nor disagree,Neither agree nor disagree,Strongly agree,I’m 40% more productive when working remotely,2.0,6.0,5.0,2.0,3.0,6.0,8.0,6.0,2020
1360,1971,Male,Retail Trade,Managers,More than 200,Yes,Couple with dependent children,Between 1 and 5 years,Metro,50% - I spent about half of my time remote working,50% - About half of my time,50% - I spent about half of my time remote working,Strongly agree,Strongly agree,Strongly agree,Strongly agree,Somewhat agree,50% - About half of my time,70%,Somewhat agree,Somewhat agree,Somewhat agree,I’m 10% more productive when working remotely,0.0,10.0,3.0,1.0,0.0,10.0,3.0,1.0,2020
1361,1956,Male,Education and Training,Professionals,Between 20 and 199,No,Couple with no dependent children,Between 6 and 12 months,Regional,60%,90%,40%,Somewhat agree,Somewhat agree,Somewhat agree,Somewhat agree,Neither agree nor disagree,90%,90%,Somewhat disagree,Neither agree nor disagree,Neither agree nor disagree,I’m 20% more productive when working remotely,1.85,4.5,0.5,2.65,0.3,4.5,1.5,2.2,2020
1362,1964,Female,Wholesale Trade,Clerical and administrative ,More than 200,No,Couple with dependent children,More than 5 years,Metro,Rarely or never ,50% - About half of my time,100% - I spent all of my time remote working,Strongly agree,Strongly agree,Strongly agree,Strongly agree,Strongly agree,50% - About half of my time,50% - About half of my time,Somewhat agree,Somewhat agree,Somewhat agree,My productivity is about same when I work remotely,1.0,8.0,3.0,1.0,0.0,8.0,2.0,2.0,2020
1363,1976,Female,Administrative and Support Services,Clerical and administrative ,More than 200,No,Couple with no dependent children,More than 5 years,Metro,20%,50% - About half of my time,100% - I spent all of my time remote working,Strongly agree,Strongly agree,Strongly agree,Strongly agree,Strongly agree,100% - All of my time,60%,Somewhat agree,Somewhat agree,Somewhat agree,I’m 30% more productive when working remotely,1.5,8.0,2.0,1.5,0.5,7.0,1.0,1.0,2020
1364,1988,Female,"Professional, Scientific and Technical Services",Clerical and administrative ,Between 1 and 4,No,Couple with no dependent children,Between 1 and 5 years,Metro,Rarely or never ,I would not have preferred to work remotely ,70%,Neither agree nor disagree,Somewhat agree,Neither agree nor disagree,Somewhat agree,Somewhat agree,80%,50% - About half of my time,Neither agree nor disagree,Neither agree nor disagree,Neither agree nor disagree,My productivity is about same when I work remotely,0.3,7.5,3.5,1.0,0.0,7.5,3.0,2.0,2020
1365,1987,Female,"Rental, Hiring and Real Estate Services",Professionals,Between 20 and 199,Yes,Couple with dependent children,Between 6 and 12 months,Metro,40%,30%,40%,Somewhat agree,Somewhat agree,Neither agree nor disagree,Neither agree nor disagree,Somewhat agree,30%,50% - About half of my time,Neither agree nor disagree,Somewhat agree,Somewhat agree,I’m 30% more productive when working remotely,1.0,1.0,1.0,1.0,2.0,1.0,2.0,1.0,2020
1366,1969,Female,Health Care and Social Assistance,Community and personal service ,I am the only employee,No,Single person,More than 5 years,Metro,100% - I spent all of my time remote working,100% - All of my time,100% - I spent all of my time remote working,Somewhat agree,Somewhat agree,Somewhat agree,Somewhat agree,Somewhat agree,100% - All of my time,100% - All of my time,Neither agree nor disagree,Neither agree nor disagree,Neither agree nor disagree,I’m 50% more productive when working remotely (or more),1.0,5.0,11.0,2.0,1.0,5.0,5.0,5.0,2020
1367,1987,Female,"Rental, Hiring and Real Estate Services",Professionals,Between 20 and 199,Yes,Couple with dependent children,Between 6 and 12 months,Metro,50% - I spent about half of my time remote working,30%,40%,Neither agree nor disagree,Neither agree nor disagree,Somewhat agree,Neither agree nor disagree,Somewhat agree,30%,40%,Neither agree nor disagree,Somewhat agree,Somewhat agree,I’m 20% more productive when working remotely,1.0,0.5,1.0,0.5,1.0,0.5,1.0,0.5,2020
1368,1996,Female,Other Services,Professionals,More than 200,No,One  parent family with dependent children,Between 1 and 5 years,Metro,Rarely or never ,80%,100% - I spent all of my time remote working,Strongly disagree,Somewhat disagree,Somewhat agree,Somewhat agree,Somewhat agree,100% - All of my time,100% - All of my time,Strongly disagree,Somewhat agree,Somewhat agree,I’m 30% more productive when working remotely,3.5,8.0,3.0,1.5,0.5,9.5,5.0,2.5,2020
1369,1957,Female,Other Services,Clerical and administrative ,More than 200,No,Single person,Between 1 and 5 years,Metro,Rarely or never ,I would not have preferred to work remotely ,Less than 10% of my time,Strongly agree,Somewhat agree,Strongly agree,Strongly agree,Strongly agree,I would not have preferred to work remotely ,I would prefer not to work remotely ,Strongly agree,Strongly agree,Strongly agree,I’m 50% more productive when working remotely (or more),1.5,8.0,4.0,2.0,0.75,8.0,6.0,2.0,2020
1370,1978,Male,Retail Trade,Sales ,Between 20 and 199,No,Single person,Between 1 and 5 years,Metro,50% - I spent about half of my time remote working,50% - About half of my time,50% - I spent about half of my time remote working,Somewhat agree,Somewhat agree,Somewhat agree,Somewhat agree,Somewhat agree,50% - About half of my time,50% - About half of my time,Somewhat agree,Somewhat agree,Somewhat agree,My productivity is about same when I work remotely,1.0,8.0,3.0,3.0,1.0,8.0,5.0,5.0,2020
1371,1981,Female,Other Services,Professionals,Between 5 and 19,Yes,One  parent family with dependent children,Between 6 and 12 months,Metro,60%,60%,100% - I spent all of my time remote working,Somewhat agree,Somewhat agree,Somewhat agree,Somewhat agree,Neither agree nor disagree,100% - All of my time,80%,Somewhat agree,Neither agree nor disagree,Somewhat agree,My productivity is about same when I work remotely,2.0,9.0,1.0,1.0,0.0,9.0,3.0,3.0,2020
1372,1959,Male,Accommodation and Food Services,Managers,Between 5 and 19,,Couple with no dependent children,Between 1 and 5 years,Metro,10%,20%,40%,Neither agree nor disagree,Neither agree nor disagree,Neither agree nor disagree,Somewhat agree,Somewhat disagree,50% - About half of my time,,Somewhat agree,Neither agree nor disagree,Somewhat disagree,My productivity is about same when I work remotely,2.5,6.0,5.0,3.0,0.25,7.0,6.0,4.0,2020
1373,1964,Male,Manufacturing,Managers,Between 5 and 19,,Couple with dependent children,More than 5 years,Metro,80%,80%,90%,Somewhat agree,Strongly agree,Somewhat agree,Strongly agree,Somewhat agree,90%,,Somewhat agree,Somewhat agree,Somewhat agree,I’m 20% more productive when working remotely,2.0,4.0,2.0,1.0,1.0,7.0,1.0,2.0,2020
1374,1960,Female,Wholesale Trade,Professionals,More than 200,,Single person,More than 5 years,Metro,Rarely or never ,50% - About half of my time,30%,Strongly disagree,Neither agree nor disagree,Strongly disagree,Strongly disagree,Strongly agree,100% - All of my time,,Strongly disagree,Strongly disagree,Strongly disagree,I’m 50% more productive when working remotely (or more),2.0,5.0,1.0,2.0,0.0,5.0,2.0,2.0,2020
1375,1963,Female,Health Care and Social Assistance,Managers,More than 200,,Multiple family household,More than 5 years,Metro,Rarely or never ,50% - About half of my time,50% - I spent about half of my time remote working,Somewhat disagree,Somewhat disagree,Somewhat disagree,Somewhat disagree,Somewhat agree,100% - All of my time,,Strongly disagree,Strongly disagree,Strongly disagree,My productivity is about same when I work remotely,2.0,9.0,4.0,2.0,1.0,6.0,5.0,4.0,2020
1376,1972,Female,Retail Trade,Managers,More than 200,,One  parent family with dependent children,Between 1 and 5 years,Metro,20%,20%,30%,Neither agree nor disagree,Somewhat agree,Somewhat agree,Somewhat agree,Somewhat agree,30%,,Somewhat agree,Somewhat agree,Somewhat agree,I’m 30% more productive when working remotely,1.0,8.0,4.0,4.0,0.0,4.0,12.0,4.0,2020
1377,1958,Male,Manufacturing,Managers,I am the only employee,,Couple with dependent children,More than 5 years,Regional,100% - I spent all of my time remote working,100% - All of my time,100% - I spent all of my time remote working,Strongly agree,Strongly agree,Strongly agree,Strongly agree,Strongly agree,100% - All of my time,,Strongly agree,Strongly agree,Strongly agree,I’m 50% more productive when working remotely (or more),1.0,12.0,9.0,2.0,1.0,12.0,9.0,2.0,2020
1378,1985,Male,Manufacturing,Managers,More than 200,,Couple with dependent children,More than 5 years,Metro,40%,20%,40%,Neither agree nor disagree,Somewhat agree,Neither agree nor disagree,Neither agree nor disagree,Neither agree nor disagree,30%,,Neither agree nor disagree,Somewhat agree,Somewhat agree,I’m 30% more productive when working remotely,1.0,10.0,8.0,5.0,0.5,16.0,5.5,2.0,2020
1379,1964,Female,Financial and Insurance Services,Managers,Between 20 and 199,,Couple with no dependent children,Between 1 and 5 years,Metro,Rarely or never ,20%,100% - I spent all of my time remote working,Strongly agree,Strongly agree,Somewhat agree,Strongly agree,Strongly agree,100% - All of my time,,Somewhat agree,Neither agree nor disagree,Neither agree nor disagree,I’m 50% more productive when working remotely (or more),3.0,9.0,3.0,1.0,0.0,11.0,3.0,1.0,2020
1380,1965,Male,Wholesale Trade,Clerical and administrative ,More than 200,,Single person,More than 5 years,Metro,20%,20%,Rarely or never ,,,,,,30%,,Neither agree nor disagree,Neither agree nor disagree,Neither agree nor disagree,My productivity is about same when I work remotely,2.0,8.0,6.0,2.0,0.5,8.0,7.0,2.0,2020
1381,1977,Female,"Transport, Postal and Warehousing",Clerical and administrative ,Between 20 and 199,,One  parent family with dependent children,More than 5 years,Regional,Rarely or never ,20%,100% - I spent all of my time remote working,Strongly agree,Strongly agree,Somewhat agree,Strongly agree,Strongly agree,50% - About half of my time,,Neither agree nor disagree,Somewhat disagree,Neither agree nor disagree,I’m 30% more productive when working remotely,1.0,6.5,0.5,0.0,0.25,8.0,0.5,1.0,2020
1382,1977,Male,"Professional, Scientific and Technical Services",Professionals,Between 20 and 199,,Single person,Between 1 and 5 years,Metro,Less than 10% of my time,Less than 10% of my time,50% - I spent about half of my time remote working,Neither agree nor disagree,Strongly agree,Strongly agree,Strongly agree,Somewhat agree,Less than 10% of my time,,Neither agree nor disagree,Somewhat disagree,Somewhat agree,My productivity is about same when I work remotely,1.5,8.0,0.5,0.0,0.5,8.5,1.0,0.0,2020
1383,1982,Male,"Transport, Postal and Warehousing",Managers,Between 20 and 199,,Couple with no dependent children,Between 1 and 5 years,Metro,50% - I spent about half of my time remote working,50% - About half of my time,50% - I spent about half of my time remote working,Somewhat agree,Somewhat agree,Somewhat agree,Somewhat agree,Somewhat agree,60%,,Somewhat agree,Somewhat agree,Somewhat agree,I’m 40% more productive when working remotely,1.0,2.0,2.0,1.0,1.0,2.0,2.0,1.0,2020
1384,1972,Female,Construction,Clerical and administrative ,Between 5 and 19,,Couple with dependent children,More than 5 years,Metro,Less than 10% of my time,I would not have preferred to work remotely ,Rarely or never ,,,,,,I would not have preferred to work remotely ,,Somewhat agree,Neither agree nor disagree,Neither agree nor disagree,I’m 10% less productive when working remotely,1.0,7.5,4.0,4.0,0.0,7.0,5.0,4.0,2020
1385,1957,Female,Accommodation and Food Services,Managers,Between 5 and 19,,Couple with no dependent children,More than 5 years,Regional,30%,50% - About half of my time,80%,Neither agree nor disagree,Strongly agree,Somewhat disagree,Strongly agree,Strongly agree,80%,,Neither agree nor disagree,Neither agree nor disagree,Neither agree nor disagree,I’m 50% more productive when working remotely (or more),1.5,7.0,5.0,2.0,0.0,7.0,5.0,4.0,2020
1386,1994,Male,Financial and Insurance Services,Managers,Between 20 and 199,,Single person,Between 1 and 5 years,Metro,50% - I spent about half of my time remote working,50% - About half of my time,50% - I spent about half of my time remote working,Somewhat agree,Neither agree nor disagree,Neither agree nor disagree,Somewhat disagree,Neither agree nor disagree,50% - About half of my time,,Somewhat disagree,Neither agree nor disagree,Somewhat agree,My productivity is about same when I work remotely,5.0,5.0,5.0,5.0,5.0,5.0,5.0,5.0,2020
1387,1957,Male,"Professional, Scientific and Technical Services",Professionals,I am the only employee,,Couple with dependent children,Between 1 and 5 years,Metro,60%,50% - About half of my time,90%,Strongly agree,Strongly agree,Strongly agree,Strongly agree,Neither agree nor disagree,50% - About half of my time,,Strongly agree,Strongly agree,Strongly disagree,My productivity is about same when I work remotely,2.0,9.0,3.0,1.0,1.0,9.0,3.0,1.0,2020
1388,1956,Female,Education and Training,Professionals,Between 5 and 19,,Couple with no dependent children,More than 5 years,Regional,Less than 10% of my time,Less than 10% of my time,Less than 10% of my time,Somewhat agree,Somewhat agree,Somewhat disagree,Somewhat agree,Somewhat agree,Less than 10% of my time,,Neither agree nor disagree,Somewhat agree,Somewhat disagree,My productivity is about same when I work remotely,1.0,4.0,3.0,8.0,1.0,3.0,3.0,8.0,2020
1389,1961,Female,Mining,Clerical and administrative ,Between 20 and 199,,Single person,Between 6 and 12 months,Regional,30%,20%,20%,Neither agree nor disagree,Strongly agree,Somewhat disagree,Strongly agree,Strongly agree,20%,,Neither agree nor disagree,Neither agree nor disagree,Somewhat agree,I’m 20% more productive when working remotely,0.25,7.0,5.0,2.0,0.25,8.0,6.0,4.0,2020
1390,1982,Male,Retail Trade,Clerical and administrative ,More than 200,,Couple with dependent children,More than 5 years,Metro,40%,40%,40%,Strongly agree,Strongly agree,Strongly agree,Neither agree nor disagree,Somewhat disagree,50% - About half of my time,,Strongly agree,Strongly agree,Somewhat agree,I’m 10% less productive when working remotely,0.5,9.0,6.0,8.5,0.5,10.0,7.0,6.5,2020
1391,1984,Male,"Professional, Scientific and Technical Services",Professionals,Between 20 and 199,,Couple with dependent children,More than 5 years,Metro,30%,30%,70%,Strongly agree,Strongly agree,Strongly agree,Strongly agree,Strongly agree,40%,,Strongly agree,Strongly agree,Strongly agree,My productivity is about same when I work remotely,1.0,7.0,3.0,3.0,0.0,7.0,6.0,7.0,2020
1392,1973,Male,Other Services,Professionals,Between 20 and 199,,Couple with dependent children,More than 5 years,Metro,40%,10%,30%,Strongly agree,Strongly agree,Strongly agree,Strongly agree,Strongly agree,40%,,Strongly agree,Strongly agree,Strongly agree,I’m 30% more productive when working remotely,1.5,8.0,4.5,10.0,1.5,8.0,3.0,4.0,2020
1393,1971,Male,Financial and Insurance Services,Managers,Between 20 and 199,,Couple with no dependent children,More than 5 years,Metro,Rarely or never ,Less than 10% of my time,Less than 10% of my time,Somewhat agree,Somewhat agree,Somewhat disagree,Strongly agree,Somewhat disagree,Less than 10% of my time,,Somewhat agree,Somewhat agree,Somewhat agree,I’m 10% less productive when working remotely,2.5,8.0,4.0,1.0,0.0,9.0,6.0,1.0,2020
1394,1979,Male,Information Media and Telecommunications,Professionals,More than 200,,Couple with dependent children,More than 5 years,Metro,100% - I spent all of my time remote working,100% - All of my time,100% - I spent all of my time remote working,Strongly agree,Somewhat agree,Strongly agree,Strongly agree,Strongly agree,100% - All of my time,,Strongly agree,Strongly agree,Strongly agree,I’m 50% more productive when working remotely (or more),2.0,6.0,4.0,2.0,1.0,8.0,3.0,3.0,2020
1395,1978,Female,Financial and Insurance Services,Professionals,More than 200,,Couple with dependent children,More than 5 years,Metro,20%,20%,100% - I spent all of my time remote working,Strongly agree,Somewhat agree,Strongly agree,Strongly agree,Somewhat agree,40%,,Strongly agree,Somewhat agree,Strongly agree,My productivity is about same when I work remotely,2.0,8.0,2.5,3.0,0.0,9.0,3.0,3.0,2020
1396,1961,Female,"Professional, Scientific and Technical Services",Clerical and administrative ,More than 200,,Couple with no dependent children,Between 1 and 5 years,Regional,90%,100% - All of my time,100% - I spent all of my time remote working,Strongly agree,Strongly agree,Strongly agree,Strongly agree,Strongly agree,90%,,Strongly agree,Strongly agree,Strongly agree,I’m 50% more productive when working remotely (or more),2.0,10.0,2.0,1.0,0.5,12.0,1.0,1.0,2020
1397,1995,Female,Public Administration and Safety,Professionals,More than 200,,Multiple family household,Between 1 and 5 years,Metro,20%,20%,100% - I spent all of my time remote working,Strongly agree,Somewhat agree,Somewhat agree,Strongly agree,Somewhat agree,100% - All of my time,,Strongly agree,Strongly agree,Somewhat agree,My productivity is about same when I work remotely,2.0,8.0,5.0,0.0,0.5,8.0,6.0,1.0,2020
1398,1958,Female,Education and Training,Managers,Between 5 and 19,,Couple with no dependent children,More than 5 years,Metro,30%,80%,100% - I spent all of my time remote working,Strongly agree,Strongly agree,Strongly agree,Strongly agree,Strongly agree,100% - All of my time,,Strongly agree,Strongly agree,Strongly agree,My productivity is about same when I work remotely,1.0,7.0,5.0,1.0,0.0,7.0,4.0,2.0,2020
1399,1977,Male,Other Services,Professionals,More than 200,,Single person,Between 1 and 5 years,Metro,Rarely or never ,20%,10%,Somewhat agree,Somewhat agree,Strongly agree,Neither agree nor disagree,Somewhat agree,10%,,Somewhat agree,Somewhat agree,Strongly agree,My productivity is about same when I work remotely,1.0,7.5,2.0,2.0,0.0,8.0,4.0,4.0,2020
1400,1987,Female,Financial and Insurance Services,Professionals,More than 200,,Couple with dependent children,More than 5 years,Metro,60%,90%,100% - I spent all of my time remote working,Strongly agree,Somewhat agree,Strongly agree,Strongly agree,Somewhat agree,100% - All of my time,,Strongly agree,Somewhat disagree,Neither agree nor disagree,I’m 50% more productive when working remotely (or more),3.0,7.0,2.5,2.5,0.0,10.0,3.0,4.0,2020
1401,1972,Male,Education and Training,Professionals,Between 1 and 4,,Single person,More than 5 years,Regional,30%,50% - About half of my time,10%,Somewhat disagree,Somewhat disagree,Neither agree nor disagree,Neither agree nor disagree,Somewhat agree,50% - About half of my time,,Strongly disagree,Strongly disagree,Strongly disagree,My productivity is about same when I work remotely,2.0,5.0,5.0,5.0,6.0,7.0,2.0,2.0,2020
1402,1956,Female,Education and Training,Professionals,Between 20 and 199,,Other one family household,More than 5 years,Metro,Rarely or never ,I would not have preferred to work remotely ,60%,Strongly agree,Somewhat disagree,Strongly disagree,Strongly agree,Neither agree nor disagree,I would not have preferred to work remotely ,,Neither agree nor disagree,Somewhat agree,Strongly disagree,I’m 20% less productive when working remotely,2.0,6.0,2.0,2.0,4.0,4.0,2.0,2.0,2020
1403,1969,Male,Manufacturing,Professionals,More than 200,,Couple with dependent children,More than 5 years,Metro,10%,10%,90%,Strongly agree,Strongly agree,Somewhat agree,Strongly agree,Somewhat agree,80%,,Somewhat agree,Neither agree nor disagree,Somewhat agree,My productivity is about same when I work remotely,1.5,9.5,5.0,1.0,0.1,9.8,6.5,1.0,2020
1404,1964,Male,Health Care and Social Assistance,Community and personal service ,Between 1 and 4,,Single person,More than 5 years,Regional,10%,100% - All of my time,Rarely or never ,,,,,,100% - All of my time,,Strongly disagree,Strongly disagree,Strongly disagree,I’m 10% more productive when working remotely,0.5,7.0,10.0,0.0,0.0,7.0,12.0,2.0,2020
1405,1957,Male,"Agriculture, Forestry and Fishing",Machinery operators and drivers,Between 1 and 4,,Couple with no dependent children,More than 5 years,Metro,Less than 10% of my time,Less than 10% of my time,20%,Somewhat disagree,Neither agree nor disagree,Somewhat disagree,Somewhat disagree,Somewhat agree,20%,,Somewhat disagree,Neither agree nor disagree,Somewhat disagree,I’m 10% more productive when working remotely,0.5,8.0,4.0,2.0,0.5,7.0,3.0,3.0,2020
1406,1990,Male,Construction,Professionals,Between 20 and 199,,Single person,Between 6 and 12 months,Metro,30%,40%,40%,Somewhat agree,Somewhat agree,Somewhat agree,Strongly agree,Somewhat agree,20%,,Strongly agree,Strongly agree,Strongly agree,I’m 30% more productive when working remotely,3.0,33.0,4.0,4.0,3.0,33.0,4.0,4.0,2020
1407,1994,Male,Construction,Managers,More than 200,,Couple with dependent children,Between 6 and 12 months,Metro,30%,40%,20%,Somewhat agree,Somewhat agree,Somewhat agree,Somewhat agree,Somewhat agree,40%,,Somewhat agree,Strongly agree,Somewhat agree,I’m 50% more productive when working remotely (or more),1.0,6.0,10.0,7.0,4.0,6.0,8.0,6.0,2020
1408,2001,Male,Manufacturing,Machinery operators and drivers,Between 20 and 199,,Single person,Between 6 and 12 months,Metro,Less than 10% of my time,10%,10%,Neither agree nor disagree,Neither agree nor disagree,Somewhat agree,Neither agree nor disagree,Neither agree nor disagree,10%,,Somewhat agree,Neither agree nor disagree,Strongly agree,I’m 20% more productive when working remotely,0.5,6.0,2.0,1.0,0.5,6.0,4.0,1.0,2020
1409,1958,Male,Information Media and Telecommunications,Professionals,More than 200,,Couple with no dependent children,More than 5 years,Metro,50% - I spent about half of my time remote working,50% - About half of my time,50% - I spent about half of my time remote working,Somewhat agree,Somewhat agree,Somewhat agree,Somewhat agree,Somewhat agree,50% - About half of my time,,Somewhat agree,Somewhat agree,Somewhat agree,My productivity is about same when I work remotely,2.0,8.0,6.0,8.0,1.0,8.0,4.0,6.0,2020
1410,1981,Male,Financial and Insurance Services,Managers,More than 200,,Couple with dependent children,More than 5 years,Metro,20%,10%,100% - I spent all of my time remote working,Strongly agree,Strongly agree,Somewhat agree,Strongly agree,Somewhat agree,100% - All of my time,,Somewhat agree,Somewhat agree,Somewhat agree,I’m 10% less productive when working remotely,3.0,8.0,2.0,2.0,0.0,9.0,4.0,3.0,2020
1411,1978,Male,Financial and Insurance Services,Managers,More than 200,,Couple with dependent children,More than 5 years,Metro,40%,50% - About half of my time,100% - I spent all of my time remote working,Somewhat agree,Somewhat agree,Somewhat agree,Somewhat agree,Somewhat agree,100% - All of my time,,Somewhat agree,Neither agree nor disagree,Somewhat agree,My productivity is about same when I work remotely,2.0,8.0,3.0,3.0,0.5,10.0,2.0,3.5,2020
1412,1985,Female,Health Care and Social Assistance,Professionals,More than 200,,Couple with dependent children,More than 5 years,Metro,Less than 10% of my time,20%,80%,Neither agree nor disagree,Neither agree nor disagree,Strongly agree,Somewhat agree,Somewhat agree,90%,,Neither agree nor disagree,Neither agree nor disagree,Neither agree nor disagree,I’m 40% more productive when working remotely,2.5,7.0,2.0,3.0,0.5,7.5,4.0,3.0,2020
1413,1975,Male,Retail Trade,Managers,Between 1 and 4,,Couple with dependent children,More than 5 years,Metro,20%,40%,100% - I spent all of my time remote working,Neither agree nor disagree,Somewhat agree,Neither agree nor disagree,Neither agree nor disagree,Neither agree nor disagree,100% - All of my time,,Neither agree nor disagree,Neither agree nor disagree,Neither agree nor disagree,My productivity is about same when I work remotely,1.0,1.0,1.0,1.0,1.0,5.0,4.0,1.0,2020
1414,1961,Male,Public Administration and Safety,Professionals,More than 200,,Single person,More than 5 years,Metro,20%,50% - About half of my time,20%,Strongly agree,Strongly agree,Strongly agree,Strongly agree,Strongly agree,50% - About half of my time,,Strongly agree,Strongly agree,Strongly agree,My productivity is about same when I work remotely,3.0,8.0,5.0,1.0,1.0,8.0,5.0,1.0,2020
1415,1985,Male,Manufacturing,Professionals,More than 200,,One  parent family with dependent children,More than 5 years,Metro,10%,Less than 10% of my time,20%,Somewhat agree,Somewhat agree,Neither agree nor disagree,Somewhat agree,Neither agree nor disagree,30%,,Somewhat agree,Neither agree nor disagree,Somewhat agree,My productivity is about same when I work remotely,1.0,8.0,8.0,7.0,0.5,10.0,6.0,7.5,2020
1416,1966,Male,Public Administration and Safety,Professionals,More than 200,,Couple with dependent children,More than 5 years,Metro,Less than 10% of my time,Less than 10% of my time,100% - I spent all of my time remote working,Somewhat agree,Strongly agree,Somewhat agree,Somewhat agree,Strongly agree,100% - All of my time,,Strongly agree,Strongly agree,Strongly agree,My productivity is about same when I work remotely,3.0,8.0,10.0,3.0,0.0,9.0,12.0,3.0,2020
1417,2000,Male,Manufacturing,Sales ,Between 20 and 199,,Couple with no dependent children,Between 6 and 12 months,Metro,50% - I spent about half of my time remote working,80%,50% - I spent about half of my time remote working,Somewhat disagree,Somewhat disagree,Somewhat disagree,Strongly disagree,Somewhat disagree,80%,,Somewhat agree,Somewhat agree,Somewhat agree,I’m 10% less productive when working remotely,1.0,6.0,8.0,2.0,0.5,6.0,8.0,2.0,2020
1418,1973,Male,Public Administration and Safety,Professionals,Between 20 and 199,,Couple with dependent children,More than 5 years,Metro,Rarely or never ,10%,100% - I spent all of my time remote working,Neither agree nor disagree,Neither agree nor disagree,Neither agree nor disagree,Somewhat agree,Neither agree nor disagree,100% - All of my time,,Somewhat agree,Neither agree nor disagree,Neither agree nor disagree,I’m 10% more productive when working remotely,2.0,8.0,1.0,2.0,1.0,8.0,3.0,2.0,2020
1419,1974,Rather not say,"Professional, Scientific and Technical Services",Professionals,Between 1 and 4,,One  parent family with dependent children,More than 5 years,Metro,Less than 10% of my time,30%,100% - I spent all of my time remote working,Strongly agree,Strongly agree,Strongly agree,Strongly agree,Somewhat agree,100% - All of my time,,Strongly agree,Neither agree nor disagree,Neither agree nor disagree,My productivity is about same when I work remotely,2.0,8.0,1.0,0.0,0.0,8.0,1.0,0.0,2020
1420,1979,Female,Education and Training,Professionals,Between 20 and 199,,Single person,More than 5 years,Metro,40%,100% - All of my time,50% - I spent about half of my time remote working,Strongly disagree,Strongly disagree,Strongly disagree,Strongly disagree,Strongly agree,100% - All of my time,,Strongly disagree,Strongly disagree,Strongly disagree,I’m 50% more productive when working remotely (or more),2.0,6.0,0.0,0.0,6.0,6.0,0.0,0.0,2020
1421,1983,Male,"Transport, Postal and Warehousing",Managers,More than 200,,Couple with dependent children,More than 5 years,Metro,Rarely or never ,100% - All of my time,100% - I spent all of my time remote working,Somewhat agree,Somewhat agree,Somewhat agree,Neither agree nor disagree,Somewhat agree,100% - All of my time,,Somewhat agree,Somewhat agree,Somewhat agree,I’m 20% less productive when working remotely,1.0,8.0,9.0,6.0,0.0,8.0,9.0,7.0,2020
1422,1977,Female,Health Care and Social Assistance,Professionals,More than 200,,Single person,Between 6 and 12 months,Metro,Less than 10% of my time,30%,100% - I spent all of my time remote working,Strongly agree,Neither agree nor disagree,Somewhat agree,Strongly agree,Somewhat disagree,50% - About half of my time,,Strongly agree,Somewhat agree,Somewhat agree,I’m 10% less productive when working remotely,1.0,8.0,4.0,1.0,0.5,9.0,5.0,2.0,2020
1423,1965,Male,Construction,Managers,Between 5 and 19,,Couple with dependent children,More than 5 years,Metro,50% - I spent about half of my time remote working,40%,50% - I spent about half of my time remote working,Strongly agree,Strongly agree,Strongly agree,Strongly agree,Strongly agree,40%,,Strongly agree,Neither agree nor disagree,Strongly agree,I’m 20% less productive when working remotely,2.0,4.0,1.0,1.0,0.0,6.0,1.0,1.0,2020
1424,1979,Male,"Rental, Hiring and Real Estate Services",Technicians and trades ,More than 200,,Couple with dependent children,More than 5 years,Regional,10%,10%,20%,Neither agree nor disagree,Somewhat agree,Neither agree nor disagree,Somewhat agree,Somewhat agree,20%,,Somewhat agree,Somewhat agree,Somewhat agree,I’m 30% more productive when working remotely,2.0,8.0,10.0,4.0,0.5,8.0,11.5,4.0,2020
1425,1981,Male,Construction,Managers,Between 5 and 19,,Couple with dependent children,Between 1 and 5 years,Metro,60%,70%,80%,Somewhat agree,Neither agree nor disagree,Somewhat disagree,Somewhat agree,Neither agree nor disagree,80%,,Neither agree nor disagree,Somewhat agree,Somewhat agree,I’m 20% more productive when working remotely,1.0,8.0,3.0,2.0,0.0,8.0,5.0,3.0,2020
1426,1964,Female,Wholesale Trade,Clerical and administrative ,More than 200,,Couple with dependent children,More than 5 years,Metro,Rarely or never ,50% - About half of my time,100% - I spent all of my time remote working,Strongly agree,Strongly agree,Somewhat agree,Strongly agree,Strongly agree,50% - About half of my time,,Strongly agree,Neither agree nor disagree,Somewhat agree,My productivity is about same when I work remotely,0.0,8.0,3.0,1.5,0.0,8.0,3.0,1.0,2020
1427,1974,Female,"Professional, Scientific and Technical Services",Clerical and administrative ,Between 5 and 19,,Couple with no dependent children,More than 5 years,Metro,20%,80%,90%,Somewhat agree,Neither agree nor disagree,Somewhat agree,Somewhat agree,Somewhat agree,100% - All of my time,,Neither agree nor disagree,Neither agree nor disagree,Somewhat agree,I’m 50% more productive when working remotely (or more),2.0,7.0,2.0,6.0,0.0,8.0,8.0,6.0,2020
1428,1963,Female,Education and Training,Clerical and administrative ,Between 20 and 199,,Couple with no dependent children,More than 5 years,Metro,30%,20%,Rarely or never ,,,,,,20%,,Somewhat disagree,Somewhat disagree,Somewhat disagree,My productivity is about same when I work remotely,0.75,7.0,10.0,6.25,0.0,7.0,10.0,7.0,2020
1429,1983,Male,"Professional, Scientific and Technical Services",Technicians and trades ,Between 20 and 199,,Couple with dependent children,Between 1 and 5 years,Metro,30%,60%,80%,Strongly agree,Somewhat agree,Somewhat agree,Somewhat agree,Somewhat agree,90%,,Somewhat agree,Somewhat agree,Somewhat agree,I’m 20% more productive when working remotely,2.0,8.0,4.0,6.0,0.0,8.0,8.0,6.0,2020
1430,1959,Female,Education and Training,Professionals,More than 200,,Other one family household,More than 5 years,Metro,Rarely or never ,I would not have preferred to work remotely ,50% - I spent about half of my time remote working,Strongly agree,Strongly agree,Somewhat agree,Strongly agree,Somewhat agree,50% - About half of my time,,Neither agree nor disagree,Neither agree nor disagree,Somewhat disagree,I’m 10% less productive when working remotely,2.5,6.5,6.0,5.0,0.0,6.5,8.0,6.0,2020
1431,1976,Male,Information Media and Telecommunications,Professionals,Between 5 and 19,,Couple with dependent children,More than 5 years,Metro,Less than 10% of my time,30%,30%,Somewhat agree,Somewhat agree,Somewhat agree,Somewhat agree,Strongly agree,20%,,Neither agree nor disagree,Somewhat agree,Somewhat agree,I’m 10% more productive when working remotely,1.0,8.0,1.0,1.0,0.0,9.0,0.5,1.0,2020
1432,1981,Male,Financial and Insurance Services,Professionals,Between 20 and 199,,Couple with dependent children,More than 5 years,Metro,70%,70%,60%,Somewhat agree,Somewhat agree,Neither agree nor disagree,Somewhat agree,Neither agree nor disagree,70%,,Somewhat agree,Somewhat agree,Somewhat agree,I’m 50% more productive when working remotely (or more),1.0,1.0,1.0,1.0,1.0,1.0,1.0,1.0,2020
1433,1967,Female,Construction,Community and personal service ,More than 200,,Couple with no dependent children,Between 1 and 5 years,Metro,40%,40%,100% - I spent all of my time remote working,Strongly agree,Strongly agree,Strongly agree,Strongly agree,Somewhat agree,100% - All of my time,,Strongly agree,Strongly agree,Strongly agree,I’m 50% more productive when working remotely (or more),20.0,60.0,20.0,20.0,20.0,40.0,20.0,20.0,2020
1434,1962,Male,Information Media and Telecommunications,Professionals,Between 20 and 199,,Couple with no dependent children,More than 5 years,Metro,20%,20%,100% - I spent all of my time remote working,Strongly agree,Strongly agree,Strongly agree,Strongly agree,Strongly agree,50% - About half of my time,,Strongly agree,Strongly agree,Strongly agree,My productivity is about same when I work remotely,2.0,7.0,1.0,0.0,0.0,9.0,2.0,0.0,2020
1435,1971,Female,"Rental, Hiring and Real Estate Services",Clerical and administrative ,Between 5 and 19,,Couple with dependent children,More than 5 years,Metro,50% - I spent about half of my time remote working,Less than 10% of my time,90%,Somewhat agree,Neither agree nor disagree,Somewhat agree,Somewhat agree,Somewhat agree,80%,,Somewhat agree,Somewhat agree,Somewhat agree,I’m 50% more productive when working remotely (or more),5.0,6.0,3.0,3.0,6.0,7.0,3.0,3.0,2020
1436,1989,Male,"Professional, Scientific and Technical Services",Professionals,Between 20 and 199,,Couple with dependent children,More than 5 years,Regional,40%,70%,60%,Somewhat agree,Strongly agree,Somewhat agree,Somewhat disagree,Neither agree nor disagree,60%,,Somewhat agree,Neither agree nor disagree,Somewhat agree,I’m 40% more productive when working remotely,1.0,6.0,2.0,2.0,0.5,5.0,3.0,2.0,2020
1437,1989,Male,Information Media and Telecommunications,Managers,Between 5 and 19,,Group household,Between 6 and 12 months,Regional,60%,100% - All of my time,100% - I spent all of my time remote working,Somewhat agree,Neither agree nor disagree,Somewhat agree,Strongly agree,Neither agree nor disagree,100% - All of my time,,Somewhat agree,Somewhat agree,Neither agree nor disagree,I’m 50% more productive when working remotely (or more),1.5,8.0,3.0,1.0,0.0,8.0,4.0,1.0,2020
1438,1970,Male,Administrative and Support Services,Managers,Between 5 and 19,,Group household,More than 5 years,Metro,30%,30%,20%,Somewhat agree,Somewhat agree,Somewhat agree,Somewhat agree,Somewhat agree,30%,,Somewhat agree,Somewhat agree,Somewhat agree,I’m 30% more productive when working remotely,0.5,1.0,1.0,0.5,0.5,1.0,1.0,0.5,2020
1439,1988,Male,Wholesale Trade,Professionals,Between 20 and 199,,Couple with dependent children,Between 6 and 12 months,Metro,30%,40%,30%,Neither agree nor disagree,Strongly agree,Strongly agree,Somewhat agree,Strongly agree,40%,,Somewhat agree,Somewhat agree,Somewhat agree,I’m 50% more productive when working remotely (or more),3.0,8.0,6.0,7.0,3.0,8.0,6.0,7.0,2020
1440,1994,Male,Construction,Professionals,Between 5 and 19,,Couple with dependent children,Between 6 and 12 months,Metro,30%,40%,30%,Strongly agree,Strongly agree,Somewhat agree,Strongly agree,Strongly agree,40%,,Strongly agree,Strongly agree,Somewhat agree,I’m 40% more productive when working remotely,3.0,7.0,7.0,7.0,3.0,8.0,7.0,6.0,2020
1441,1991,Female,Health Care and Social Assistance,Sales ,More than 200,,Other one family household,Between 1 and 5 years,Regional,Less than 10% of my time,10%,40%,Neither agree nor disagree,Somewhat disagree,Neither agree nor disagree,Neither agree nor disagree,Neither agree nor disagree,20%,,Somewhat agree,Somewhat agree,Neither agree nor disagree,I’m 10% less productive when working remotely,0.5,9.0,1.0,4.0,0.25,8.0,3.0,3.0,2020
1442,1975,Female,Administrative and Support Services,Clerical and administrative ,Between 5 and 19,,Couple with no dependent children,Between 1 and 5 years,Metro,50% - I spent about half of my time remote working,50% - About half of my time,50% - I spent about half of my time remote working,Neither agree nor disagree,Strongly agree,Neither agree nor disagree,Neither agree nor disagree,Strongly agree,60%,,Strongly agree,Strongly agree,Strongly agree,I’m 50% more productive when working remotely (or more),4.0,5.0,5.0,5.0,5.0,6.0,4.0,5.0,2020
1443,1984,Female,Financial and Insurance Services,Clerical and administrative ,More than 200,,Couple with no dependent children,More than 5 years,Metro,Less than 10% of my time,10%,100% - I spent all of my time remote working,Strongly agree,Somewhat agree,Strongly agree,Strongly agree,Somewhat agree,80%,,Strongly agree,Strongly agree,Strongly agree,I’m 20% more productive when working remotely,5.0,8.0,2.0,1.0,1.0,9.0,5.0,1.0,2020
1444,1977,Male,Administrative and Support Services,Clerical and administrative ,Between 20 and 199,,Single person,More than 5 years,Metro,40%,40%,40%,Somewhat agree,Strongly agree,Somewhat agree,Somewhat agree,Somewhat agree,50% - About half of my time,,Neither agree nor disagree,Somewhat agree,Neither agree nor disagree,I’m 20% more productive when working remotely,0.0,8.0,15.0,1.0,0.0,7.0,13.0,4.0,2020
1445,1980,Male,Retail Trade,Managers,Between 20 and 199,,Couple with dependent children,More than 5 years,Regional,90%,100% - All of my time,90%,Strongly agree,Strongly agree,Somewhat agree,Strongly agree,Strongly agree,90%,,Strongly agree,Somewhat agree,Strongly agree,My productivity is about same when I work remotely,0.4,6.0,3.0,4.0,0.0,8.0,4.0,1.0,2020
1446,1973,Male,"Transport, Postal and Warehousing",Managers,Between 1 and 4,,Couple with dependent children,Between 1 and 5 years,Metro,50% - I spent about half of my time remote working,50% - About half of my time,40%,Somewhat agree,Somewhat agree,Somewhat agree,Somewhat agree,Somewhat disagree,90%,,Strongly agree,Somewhat disagree,Somewhat agree,I’m 10% less productive when working remotely,2.0,8.0,5.0,1.0,0.0,7.0,5.0,2.0,2020
1447,1970,Male,Education and Training,Professionals,More than 200,,Couple with dependent children,More than 5 years,Regional,10%,70%,80%,Strongly agree,Strongly disagree,Strongly agree,Somewhat agree,Somewhat agree,100% - All of my time,,Strongly agree,Somewhat agree,Strongly agree,I’m 40% more productive when working remotely,0.5,8.0,6.0,4.0,0.5,9.0,6.0,6.0,2020
1448,1957,Male,Public Administration and Safety,Managers,More than 200,,Couple with no dependent children,More than 5 years,Regional,Less than 10% of my time,100% - All of my time,100% - I spent all of my time remote working,Strongly agree,Somewhat agree,Strongly agree,Strongly agree,Strongly agree,100% - All of my time,,Strongly agree,Strongly agree,Strongly agree,I’m 20% more productive when working remotely,3.0,8.0,5.0,2.0,0.5,8.5,6.0,2.0,2020
1449,1959,Female,"Professional, Scientific and Technical Services",Professionals,I am the only employee,,Couple with no dependent children,More than 5 years,Regional,Rarely or never ,50% - About half of my time,100% - I spent all of my time remote working,Strongly agree,Strongly agree,Somewhat agree,Strongly agree,Strongly agree,50% - About half of my time,,Strongly agree,Strongly agree,Neither agree nor disagree,I’m 50% more productive when working remotely (or more),2.0,2.0,6.0,3.0,1.0,2.0,6.0,3.0,2020
1450,1970,Female,"Rental, Hiring and Real Estate Services",Professionals,Between 20 and 199,,Single person,Between 1 and 5 years,Metro,80%,80%,80%,Somewhat disagree,Somewhat agree,Neither agree nor disagree,Neither agree nor disagree,Somewhat disagree,70%,,Somewhat disagree,Neither agree nor disagree,Somewhat agree,I’m 30% more productive when working remotely,2.0,9.0,6.0,5.0,0.5,10.0,5.0,3.0,2020
1451,1969,Male,Information Media and Telecommunications,Managers,More than 200,,Couple with no dependent children,Between 1 and 5 years,Metro,Rarely or never ,50% - About half of my time,100% - I spent all of my time remote working,Somewhat agree,Somewhat agree,Strongly agree,Strongly agree,Somewhat agree,50% - About half of my time,,Strongly agree,Neither agree nor disagree,Somewhat disagree,I’m 10% less productive when working remotely,1.0,8.0,2.0,2.0,0.5,7.0,3.0,1.0,2020
1452,1986,Female,Education and Training,Clerical and administrative ,Between 20 and 199,,Couple with no dependent children,Between 1 and 5 years,Metro,Rarely or never ,20%,90%,Strongly agree,Somewhat agree,Somewhat agree,Strongly agree,Somewhat agree,30%,,Strongly agree,Neither agree nor disagree,Neither agree nor disagree,I’m 30% more productive when working remotely,2.0,6.0,4.0,2.0,0.5,6.0,4.0,2.0,2020
1453,1956,Male,"Professional, Scientific and Technical Services",Clerical and administrative ,I am the only employee,,Couple with dependent children,More than 5 years,Regional,100% - I spent all of my time remote working,100% - All of my time,100% - I spent all of my time remote working,Strongly agree,Strongly agree,Strongly agree,Strongly agree,Strongly agree,100% - All of my time,,Strongly agree,Strongly agree,Strongly agree,I’m 20% less productive when working remotely,2.0,6.0,3.0,1.0,0.0,8.0,3.0,1.0,2020
1454,1959,Male,"Transport, Postal and Warehousing",Managers,I am the only employee,,Multiple family household,Between 1 and 5 years,Metro,100% - I spent all of my time remote working,100% - All of my time,100% - I spent all of my time remote working,Neither agree nor disagree,Neither agree nor disagree,Neither agree nor disagree,Neither agree nor disagree,Neither agree nor disagree,100% - All of my time,,Neither agree nor disagree,Neither agree nor disagree,Neither agree nor disagree,My productivity is about same when I work remotely,1.0,6.0,10.0,7.0,2.0,7.0,10.0,5.0,2020
1455,1977,Female,Financial and Insurance Services,Professionals,I am the only employee,,Couple with dependent children,More than 5 years,Metro,100% - I spent all of my time remote working,100% - All of my time,100% - I spent all of my time remote working,Strongly agree,Strongly agree,Strongly agree,Strongly agree,Strongly agree,100% - All of my time,,Strongly agree,Neither agree nor disagree,Neither agree nor disagree,My productivity is about same when I work remotely,0.0,5.0,9.0,10.0,0.0,5.0,9.0,10.0,2020
1456,1989,Male,Manufacturing,Managers,More than 200,,Couple with no dependent children,More than 5 years,Metro,50% - I spent about half of my time remote working,70%,100% - I spent all of my time remote working,Somewhat agree,Somewhat agree,Strongly agree,Strongly agree,Somewhat agree,100% - All of my time,,Somewhat agree,Strongly agree,Strongly agree,I’m 30% more productive when working remotely,1.5,9.0,5.0,2.0,0.0,11.0,6.0,3.0,2020
1457,1966,Female,Retail Trade,Sales ,I am the only employee,,Couple with no dependent children,Between 1 and 5 years,Regional,50% - I spent about half of my time remote working,80%,100% - I spent all of my time remote working,Strongly agree,Strongly agree,Strongly agree,Strongly agree,Strongly agree,100% - All of my time,,Strongly agree,Strongly agree,Somewhat agree,I’m 50% more productive when working remotely (or more),1.0,3.0,4.0,2.0,0.0,4.0,4.0,2.0,2020
1458,1989,Male,Retail Trade,Managers,More than 200,,Couple with dependent children,More than 5 years,Metro,50% - I spent about half of my time remote working,50% - About half of my time,50% - I spent about half of my time remote working,Somewhat agree,Somewhat agree,Somewhat agree,Somewhat agree,Somewhat agree,50% - About half of my time,,Somewhat agree,Somewhat agree,Neither agree nor disagree,I’m 20% more productive when working remotely,2.0,3.0,1.0,2.0,2.0,2.0,2.0,0.0,2020
1459,1984,Female,"Professional, Scientific and Technical Services",Professionals,Between 5 and 19,,Couple with dependent children,Between 1 and 5 years,Metro,50% - I spent about half of my time remote working,50% - About half of my time,50% - I spent about half of my time remote working,Somewhat agree,Neither agree nor disagree,Somewhat agree,Somewhat agree,Somewhat disagree,30%,,Neither agree nor disagree,Neither agree nor disagree,Neither agree nor disagree,I’m 10% more productive when working remotely,4.0,8.0,2.0,10.0,2.0,8.0,10.0,4.0,2020
1460,1983,Female,Information Media and Telecommunications,Professionals,Between 5 and 19,,Couple with dependent children,Between 6 and 12 months,Metro,50% - I spent about half of my time remote working,50% - About half of my time,50% - I spent about half of my time remote working,Strongly agree,Neither agree nor disagree,Somewhat agree,Somewhat agree,Somewhat disagree,40%,,Neither agree nor disagree,Somewhat agree,Somewhat agree,My productivity is about same when I work remotely,1.0,8.0,5.0,10.0,0.0,8.0,6.0,10.0,2020
1461,1985,Male,Mining,Technicians and trades ,Between 5 and 19,,Couple with dependent children,Between 1 and 5 years,Metro,50% - I spent about half of my time remote working,Less than 10% of my time,Less than 10% of my time,Somewhat disagree,Neither agree nor disagree,Neither agree nor disagree,Neither agree nor disagree,Neither agree nor disagree,Less than 10% of my time,,Somewhat disagree,Neither agree nor disagree,Neither agree nor disagree,I’m 30% more productive when working remotely,1.0,32.0,4.0,5.0,1.0,2.0,2.0,1.0,2020
1462,1959,Female,"Electricity, Gas, Water and Waste Services",Managers,Between 1 and 4,,Couple with dependent children,Between 1 and 5 years,Metro,30%,40%,30%,Strongly agree,Strongly agree,Strongly agree,Strongly agree,Strongly agree,40%,,Strongly agree,Strongly agree,Strongly agree,I’m 40% more productive when working remotely,2.0,7.0,7.0,8.0,2.0,7.0,10.0,5.0,2020
1463,1966,Female,"Professional, Scientific and Technical Services",Professionals,More than 200,,Couple with no dependent children,Between 1 and 5 years,Regional,Rarely or never ,I would not have preferred to work remotely ,70%,Strongly agree,Somewhat agree,Somewhat agree,Strongly agree,Somewhat agree,40%,,Strongly agree,Strongly agree,Strongly agree,My productivity is about same when I work remotely,0.1,7.5,2.0,2.0,0.0,7.5,2.0,2.0,2020
1464,1988,Male,Wholesale Trade,Managers,Between 5 and 19,,Couple with dependent children,Between 1 and 5 years,Metro,20%,20%,70%,Neither agree nor disagree,Somewhat agree,Somewhat agree,Somewhat agree,Somewhat agree,70%,,Somewhat agree,Somewhat agree,Neither agree nor disagree,I’m 30% less productive when working remotely,2.0,9.0,5.0,2.0,0.4,9.0,5.0,4.0,2020
1465,1987,Male,"Professional, Scientific and Technical Services",Professionals,Between 5 and 19,,Single person,Between 1 and 5 years,Metro,60%,50% - About half of my time,50% - I spent about half of my time remote working,Somewhat agree,Neither agree nor disagree,Strongly agree,Neither agree nor disagree,Somewhat agree,50% - About half of my time,,Somewhat agree,Somewhat agree,Strongly agree,I’m 10% more productive when working remotely,2.0,8.0,4.0,4.0,0.5,8.0,6.5,3.0,2020
1466,1990,Male,Construction,Professionals,Between 5 and 19,,Couple with dependent children,Between 1 and 5 years,Metro,30%,30%,30%,Strongly agree,Strongly agree,Strongly agree,Strongly agree,Strongly agree,40%,,Strongly agree,Strongly agree,Strongly agree,I’m 40% more productive when working remotely,2.0,8.0,6.0,8.0,2.0,8.0,8.0,6.0,2020
1467,1980,Male,Information Media and Telecommunications,Professionals,More than 200,,Multiple family household,More than 5 years,Metro,100% - I spent all of my time remote working,50% - About half of my time,100% - I spent all of my time remote working,Strongly agree,Strongly agree,Strongly agree,Strongly agree,Strongly agree,100% - All of my time,,Strongly agree,Strongly agree,Strongly agree,My productivity is about same when I work remotely,1.0,8.0,2.0,1.0,0.0,12.0,1.0,1.0,2020
1468,1981,Female,Manufacturing,Professionals,Between 20 and 199,,One  parent family with dependent children,Between 1 and 5 years,Metro,20%,50% - About half of my time,80%,Somewhat agree,Somewhat agree,Somewhat agree,Somewhat agree,Somewhat agree,90%,,Somewhat agree,Somewhat agree,Somewhat agree,My productivity is about same when I work remotely,2.0,8.0,2.0,1.0,0.0,9.0,2.0,1.0,2020
1469,1981,Female,Information Media and Telecommunications,Professionals,More than 200,,Couple with dependent children,Between 1 and 5 years,Metro,50% - I spent about half of my time remote working,80%,100% - I spent all of my time remote working,Strongly agree,Somewhat agree,Strongly agree,Somewhat agree,Somewhat agree,100% - All of my time,,Strongly agree,Strongly agree,Strongly agree,I’m 20% more productive when working remotely,2.0,8.0,1.0,2.0,0.0,10.0,2.0,2.0,2020
1470,1967,Female,Health Care and Social Assistance,Community and personal service ,Between 5 and 19,,One  parent family with dependent children,Between 1 and 5 years,Regional,20%,50% - About half of my time,20%,Strongly agree,Strongly agree,Strongly agree,Strongly agree,Strongly agree,60%,,Strongly agree,Strongly agree,Strongly agree,My productivity is about same when I work remotely,1.0,6.0,4.0,5.0,0.5,6.0,5.0,6.0,2020
1471,1982,Male,Retail Trade,Managers,Between 20 and 199,,Couple with dependent children,More than 5 years,Metro,20%,40%,20%,Neither agree nor disagree,Strongly agree,Neither agree nor disagree,Neither agree nor disagree,Strongly agree,30%,,Strongly agree,Somewhat agree,Strongly agree,My productivity is about same when I work remotely,3.0,10.0,8.0,4.0,3.0,11.0,0.0,8.0,2020
1472,1996,Male,Retail Trade,Managers,More than 200,,Single person,Between 1 and 5 years,Metro,Less than 10% of my time,10%,30%,Somewhat agree,Somewhat disagree,Neither agree nor disagree,Strongly agree,Neither agree nor disagree,40%,,Neither agree nor disagree,Somewhat agree,Somewhat agree,I’m 10% less productive when working remotely,1.0,8.0,6.0,0.5,0.0,7.5,7.5,0.5,2020
1473,1985,Male,"Professional, Scientific and Technical Services",Managers,More than 200,,Single person,Between 1 and 5 years,Metro,20%,80%,60%,Neither agree nor disagree,Somewhat agree,Somewhat agree,Somewhat agree,Strongly agree,90%,,Somewhat disagree,Somewhat disagree,Somewhat disagree,My productivity is about same when I work remotely,1.0,10.0,4.0,1.0,0.0,10.0,5.0,1.0,2020
1474,1986,Female,"Professional, Scientific and Technical Services",Professionals,Between 20 and 199,,One  parent family with dependent children,Between 6 and 12 months,Metro,20%,Less than 10% of my time,Less than 10% of my time,Strongly agree,Somewhat agree,Strongly agree,Strongly agree,Strongly agree,50% - About half of my time,,Neither agree nor disagree,Neither agree nor disagree,Neither agree nor disagree,I’m 20% more productive when working remotely,4.0,6.0,8.0,8.0,5.0,8.0,6.0,7.0,2020
1475,1970,Female,Administrative and Support Services,Managers,Between 20 and 199,,One  parent family with dependent children,More than 5 years,Metro,50% - I spent about half of my time remote working,50% - About half of my time,50% - I spent about half of my time remote working,Somewhat agree,Somewhat agree,Somewhat agree,Somewhat agree,Somewhat agree,50% - About half of my time,,Somewhat agree,Somewhat agree,Neither agree nor disagree,I’m 20% more productive when working remotely,1.0,8.0,5.0,3.0,2.0,8.0,6.0,3.0,2020
1476,1992,Female,Retail Trade,Clerical and administrative ,More than 200,,Group household,Between 1 and 5 years,Metro,Less than 10% of my time,Less than 10% of my time,60%,Neither agree nor disagree,Somewhat agree,Strongly agree,Strongly agree,Somewhat agree,20%,,Somewhat agree,Strongly agree,Somewhat agree,I’m 30% less productive when working remotely,1.0,9.0,0.5,2.0,0.5,10.0,3.0,1.0,2020
1477,1979,Male,"Rental, Hiring and Real Estate Services",Managers,Between 20 and 199,,Couple with no dependent children,More than 5 years,Metro,50% - I spent about half of my time remote working,Less than 10% of my time,30%,Somewhat agree,Somewhat agree,Somewhat agree,Somewhat agree,Somewhat agree,I would not have preferred to work remotely ,,Somewhat agree,Somewhat agree,Somewhat agree,I’m 30% less productive when working remotely,3.0,10.0,3.0,3.0,0.5,13.0,3.0,3.0,2020
1478,1993,Male,Financial and Insurance Services,Professionals,Between 20 and 199,,Single person,Between 1 and 5 years,Metro,20%,20%,50% - I spent about half of my time remote working,Somewhat agree,Somewhat agree,Somewhat agree,Somewhat agree,Somewhat agree,50% - About half of my time,,Somewhat agree,Somewhat agree,Somewhat agree,My productivity is about same when I work remotely,2.0,8.0,1.0,1.0,1.0,8.0,2.0,1.0,2020
1479,1976,Male,"Professional, Scientific and Technical Services",Managers,Between 1 and 4,,Couple with dependent children,More than 5 years,Metro,10%,90%,70%,Somewhat agree,Somewhat agree,Strongly agree,Strongly agree,Somewhat agree,100% - All of my time,,Strongly agree,Strongly agree,Somewhat agree,I’m 10% more productive when working remotely,1.0,7.0,1.0,1.0,0.0,8.0,1.0,1.0,2020
1480,1980,Female,Other Services,Managers,Between 20 and 199,,Couple with dependent children,More than 5 years,Regional,10%,10%,10%,Somewhat agree,Neither agree nor disagree,Neither agree nor disagree,Somewhat agree,Neither agree nor disagree,10%,,Somewhat agree,Somewhat agree,Somewhat agree,I’m 10% more productive when working remotely,3.0,6.0,10.0,5.0,3.0,6.0,10.0,5.0,2020
1481,1960,Female,"Professional, Scientific and Technical Services",Professionals,More than 200,,Couple with no dependent children,More than 5 years,Metro,100% - I spent all of my time remote working,100% - All of my time,100% - I spent all of my time remote working,Somewhat agree,Somewhat agree,Somewhat agree,Strongly agree,Somewhat agree,100% - All of my time,,Neither agree nor disagree,Neither agree nor disagree,Strongly agree,I’m 20% more productive when working remotely,1.0,7.5,3.0,4.0,0.0,8.0,3.0,4.0,2020
1482,1987,Male,"Electricity, Gas, Water and Waste Services",Community and personal service ,Between 5 and 19,,Couple with dependent children,Between 1 and 5 years,Metro,60%,40%,50% - I spent about half of my time remote working,Somewhat agree,Neither agree nor disagree,Somewhat disagree,Somewhat agree,Neither agree nor disagree,70%,,Neither agree nor disagree,Somewhat agree,Somewhat agree,I’m 20% more productive when working remotely,4.0,8.0,4.0,8.0,1.0,12.0,5.0,6.0,2020
1483,1980,Female,Education and Training,Managers,Between 20 and 199,,Couple with dependent children,Between 1 and 5 years,Metro,50% - I spent about half of my time remote working,60%,60%,Somewhat agree,Strongly agree,Strongly agree,Somewhat agree,Somewhat agree,50% - About half of my time,,Strongly agree,Strongly agree,Somewhat agree,I’m 40% more productive when working remotely,2.0,9.0,3.0,3.0,3.0,9.0,4.0,2.0,2020
1484,1977,Male,Construction,Labourers,Between 5 and 19,,Couple with dependent children,Between 1 and 5 years,Metro,70%,70%,90%,Strongly agree,Strongly agree,Strongly agree,Strongly agree,Strongly agree,90%,,Strongly agree,Strongly agree,Somewhat agree,I’m 20% more productive when working remotely,2.0,8.0,10.0,4.0,2.0,8.0,10.0,2.0,2020
1485,1990,Female,Administrative and Support Services,Managers,More than 200,,Group household,More than 5 years,Metro,Less than 10% of my time,10%,10%,Somewhat agree,Strongly agree,Somewhat agree,Somewhat agree,Somewhat agree,10%,,Strongly agree,Somewhat agree,Somewhat agree,I’m 50% more productive when working remotely (or more),1.0,9.0,6.0,8.0,1.0,9.0,7.0,7.0,2020
1486,1967,Male,"Transport, Postal and Warehousing",Managers,Between 20 and 199,,Single person,More than 5 years,Metro,10%,20%,100% - I spent all of my time remote working,Somewhat agree,Somewhat disagree,Neither agree nor disagree,Somewhat agree,Neither agree nor disagree,20%,,Somewhat agree,Somewhat agree,Neither agree nor disagree,I’m 50% less productive when working remotely (or less),1.5,14.0,0.5,8.0,0.0,15.0,8.0,1.0,2020
1487,1978,Male,Accommodation and Food Services,Managers,Between 20 and 199,,Couple with dependent children,More than 5 years,Regional,50% - I spent about half of my time remote working,30%,30%,Strongly agree,Strongly agree,Strongly agree,Somewhat agree,Somewhat agree,30%,,Somewhat agree,Strongly agree,Strongly agree,I’m 30% more productive when working remotely,2.0,6.0,6.0,2.0,1.0,8.0,2.0,2.0,2020
1488,1962,Male,Manufacturing,Managers,More than 200,,Couple with dependent children,Between 1 and 5 years,Regional,20%,10%,50% - I spent about half of my time remote working,Somewhat agree,Somewhat agree,Somewhat agree,Neither agree nor disagree,Somewhat disagree,30%,,Neither agree nor disagree,Neither agree nor disagree,Somewhat disagree,My productivity is about same when I work remotely,2.0,8.0,4.0,10.0,0.0,10.0,4.0,10.0,2020
1489,1989,Female,Financial and Insurance Services,Professionals,More than 200,,Couple with no dependent children,Between 1 and 5 years,Metro,Rarely or never ,Less than 10% of my time,100% - I spent all of my time remote working,Strongly agree,Strongly agree,Somewhat agree,Somewhat agree,Strongly agree,100% - All of my time,,Strongly agree,Strongly agree,Somewhat agree,I’m 50% more productive when working remotely (or more),1.0,7.0,2.0,0.0,1.0,7.0,2.0,0.0,2020
1490,1986,Male,"Professional, Scientific and Technical Services",Managers,More than 200,,Couple with dependent children,More than 5 years,Metro,30%,30%,40%,Neither agree nor disagree,Somewhat agree,Somewhat agree,Neither agree nor disagree,Neither agree nor disagree,40%,,Strongly agree,Somewhat agree,Somewhat agree,I’m 10% more productive when working remotely,0.5,9.0,6.0,8.5,0.5,10.0,6.0,7.5,2020
1491,1976,Male,Information Media and Telecommunications,Professionals,Between 20 and 199,,Couple with dependent children,More than 5 years,Metro,50% - I spent about half of my time remote working,60%,60%,Somewhat disagree,Somewhat agree,Somewhat agree,Neither agree nor disagree,Neither agree nor disagree,70%,,Neither agree nor disagree,Somewhat disagree,Somewhat agree,I’m 30% more productive when working remotely,1.0,5.0,5.0,5.0,2.0,8.0,10.0,4.0,2020
1492,1969,Female,Retail Trade,Sales ,More than 200,,Couple with no dependent children,More than 5 years,Metro,20%,50% - About half of my time,80%,Neither agree nor disagree,Strongly agree,Neither agree nor disagree,Somewhat agree,Somewhat agree,50% - About half of my time,,Neither agree nor disagree,Strongly agree,Strongly agree,I’m 30% more productive when working remotely,6.0,4.0,4.0,10.0,3.0,4.0,7.0,10.0,2020
1493,1987,Male,Arts and Recreation Services,Managers,More than 200,,Couple with no dependent children,More than 5 years,Regional,Rarely or never ,40%,30%,Strongly agree,Somewhat disagree,Somewhat agree,Strongly agree,Somewhat agree,70%,,Somewhat disagree,Somewhat agree,Somewhat agree,I’m 30% more productive when working remotely,0.8,8.0,3.0,1.0,0.0,8.0,4.0,5.0,2020
1494,1990,Male,Construction,Managers,Between 5 and 19,,Couple with dependent children,Between 1 and 5 years,Metro,30%,50% - About half of my time,30%,Strongly agree,Strongly agree,Somewhat agree,Strongly agree,Strongly agree,40%,,Somewhat agree,Strongly agree,Strongly agree,I’m 40% more productive when working remotely,15.0,10.0,5.0,10.0,15.0,15.0,10.0,5.0,2020
1495,1986,Male,Retail Trade,Managers,More than 200,,Couple with dependent children,Between 1 and 5 years,Metro,50% - I spent about half of my time remote working,20%,80%,Somewhat agree,Strongly agree,Strongly agree,Somewhat agree,Somewhat agree,100% - All of my time,,Strongly agree,Somewhat agree,Somewhat agree,I’m 40% less productive when working remotely,2.0,8.0,10.0,4.0,4.0,8.0,6.0,6.0,2020
1496,1961,Female,Health Care and Social Assistance,Community and personal service ,More than 200,,One  parent family with dependent children,More than 5 years,Metro,Rarely or never ,50% - About half of my time,50% - I spent about half of my time remote working,Strongly agree,Somewhat disagree,Strongly agree,Strongly agree,Somewhat agree,70%,,Strongly disagree,Strongly disagree,Somewhat disagree,I’m 30% more productive when working remotely,3.0,8.0,9.0,4.0,4.0,8.0,9.0,3.0,2020
1497,1986,Female,Other Services,Technicians and trades ,Between 1 and 4,,Couple with no dependent children,More than 5 years,Regional,100% - I spent all of my time remote working,100% - All of my time,100% - I spent all of my time remote working,Somewhat agree,Strongly agree,Somewhat agree,Somewhat agree,Somewhat agree,100% - All of my time,,Somewhat agree,Neither agree nor disagree,Strongly agree,I’m 10% more productive when working remotely,0.0,4.0,5.0,2.0,0.0,4.0,3.0,2.0,2020
1498,1977,Female,Health Care and Social Assistance,Professionals,More than 200,,Couple with dependent children,More than 5 years,Metro,10%,20%,20%,Neither agree nor disagree,Neither agree nor disagree,Somewhat agree,Strongly agree,Neither agree nor disagree,20%,,Somewhat agree,Neither agree nor disagree,Somewhat agree,I’m 20% more productive when working remotely,1.0,1.0,1.0,1.0,1.0,1.0,1.0,1.0,2020
1499,1979,Male,"Agriculture, Forestry and Fishing",Managers,Between 1 and 4,,Couple with no dependent children,Between 1 and 5 years,Regional,50% - I spent about half of my time remote working,30%,70%,Somewhat agree,Somewhat agree,Neither agree nor disagree,Strongly agree,Somewhat agree,90%,,Somewhat agree,Somewhat agree,Somewhat agree,My productivity is about same when I work remotely,0.5,10.0,1.5,12.0,0.0,8.0,10.0,6.0,2020
1500,1976,Female,Retail Trade,Technicians and trades ,Between 5 and 19,,Couple with dependent children,Between 1 and 5 years,Metro,60%,50% - About half of my time,50% - I spent about half of my time remote working,Somewhat agree,Neither agree nor disagree,Somewhat agree,Strongly agree,Somewhat agree,60%,,Somewhat agree,Neither agree nor disagree,Somewhat agree,I’m 30% more productive when working remotely,1.0,1.0,5.0,1.0,5.0,5.0,5.0,1.0,2020
1501,1974,Male,Financial and Insurance Services,Managers,More than 200,,Couple with dependent children,Between 1 and 5 years,Regional,20%,100% - All of my time,100% - I spent all of my time remote working,Strongly agree,Strongly agree,Strongly agree,Strongly agree,Strongly agree,100% - All of my time,,Strongly agree,Strongly agree,Strongly agree,I’m 20% more productive when working remotely,5.0,7.0,2.0,2.0,0.0,9.0,5.0,2.0,2020
1502,1992,Male,Education and Training,Professionals,More than 200,,Group household,Between 6 and 12 months,Metro,80%,40%,100% - I spent all of my time remote working,Strongly agree,Neither agree nor disagree,Strongly agree,Strongly agree,Somewhat agree,50% - About half of my time,,Strongly agree,Strongly agree,Somewhat disagree,I’m 20% less productive when working remotely,0.5,8.0,4.0,2.0,0.0,8.0,6.0,2.0,2020
1503,1995,Male,"Rental, Hiring and Real Estate Services",Technicians and trades ,Between 20 and 199,,Single person,Between 1 and 5 years,Metro,10%,20%,100% - I spent all of my time remote working,Somewhat agree,Neither agree nor disagree,Strongly agree,Strongly agree,Somewhat agree,40%,,Neither agree nor disagree,Strongly agree,Somewhat agree,I’m 30% more productive when working remotely,1.0,6.0,1.0,2.0,1.0,7.0,1.0,1.0,2020
1504,1990,Female,Wholesale Trade,Managers,Between 20 and 199,,Couple with dependent children,More than 5 years,Metro,10%,10%,70%,Somewhat agree,Neither agree nor disagree,Neither agree nor disagree,Neither agree nor disagree,Somewhat disagree,30%,,Somewhat agree,Somewhat agree,Strongly agree,I’m 10% less productive when working remotely,0.5,8.0,9.0,6.0,4.0,7.0,11.0,2.0,2020
1505,1998,Male,Health Care and Social Assistance,Professionals,Between 20 and 199,,Single person,Between 1 and 5 years,Metro,50% - I spent about half of my time remote working,50% - About half of my time,30%,Somewhat agree,Somewhat agree,Neither agree nor disagree,Somewhat agree,Strongly agree,20%,,Neither agree nor disagree,Somewhat agree,Neither agree nor disagree,I’m 50% more productive when working remotely (or more),1.0,10.0,2.0,1.0,1.0,10.0,2.0,1.0,2020
1506,1968,Female,"Transport, Postal and Warehousing",Clerical and administrative ,More than 200,,Couple with no dependent children,Between 1 and 5 years,Metro,20%,60%,100% - I spent all of my time remote working,Strongly agree,Strongly agree,Somewhat agree,Somewhat agree,Strongly agree,80%,,Somewhat agree,Strongly agree,Strongly agree,I’m 40% more productive when working remotely,1.0,7.0,8.0,8.0,0.0,9.0,10.0,5.0,2020
1507,1980,Male,Information Media and Telecommunications,Managers,Between 5 and 19,,Couple with dependent children,More than 5 years,Metro,10%,100% - All of my time,100% - I spent all of my time remote working,Somewhat disagree,Somewhat agree,Somewhat agree,Somewhat agree,Somewhat agree,100% - All of my time,,Somewhat disagree,Somewhat disagree,Somewhat disagree,I’m 30% more productive when working remotely,2.5,8.0,3.0,3.0,0.5,11.0,3.0,3.0,2020
