response_id,birth_year,gender,industry,occupation,org_size,is_manager,household_type,tenure,location,remote_time_last_year,preferred_remote_last_year,remote_time_this_year,org_encouraged_remote,org_prepared,remote_was_common,easy_permission,easy_collaboration,preferred_remote_this_year,post_covid_preference,expect_employer_encourage,expect_employer_changes,expect_more_choice,productivity_remote,office_commute_hrs,office_working_hrs,office_personal_hrs,office_caring_hrs,remote_commute_hrs,remote_working_hrs,remote_personal_hrs,remote_caring_hrs,feel_better_remote,more_active_remote,feel_better_in_person,policy_sentiment,year
1,1976,Male,Other Services,Professionals - ICT Professionals,More than 200,No,Couple with dependent children,More than 5 years,Metro,50% - I spent about half of my time remote working,80%,50% - I spent about half of my time remote working,Somewhat agree,Somewhat agree,Strongly agree,Somewhat agree,Somewhat agree,80%,80%,Somewhat likely,Somewhat likely,Somewhat likely,I’m 50% more productive when working remotely (or more),2.0,6.0,1.0,7.0,0.0,8.0,1.0,7.0,Strongly agree,Somewhat agree,Neither agree nor disagree,Somewhat Positive,2021
2,1971,Male,Construction,Professionals - ICT Professionals,More than 200,No,Couple with no dependent children,More than 5 years,Metro,10%,50% - About half of my time,Less than 10% of my time,Neither agree nor disagree,Neither agree nor disagree,Neither agree nor disagree,Neither agree nor disagree,Neither agree nor disagree,50% - About half of my time,50% - About half of my time,Neither unlikely or likely,Neither unlikely or likely,Neither unlikely or likely,I’m 50% more productive when working remotely (or more),1.5,8.0,2.0,6.0,0.0,10.0,4.0,4.0,Neither agree nor disagree,Neither agree nor disagree,Neither agree nor disagree,Neither positive nor negative,2021
3,1978,Female,Financial and Insurance,"Professionals - Business, Human Resource and Marketing Professionals",More than 200,No,Single person,Between 6 and 12 months,Metro,100% - I spent all of my time remote working,100% - All of my time,90%,Strongly agree,Strongly agree,Strongly agree,Strongly agree,Strongly agree,90%,60%,Somewhat unlikely,Somewhat likely,Very likely,My productivity is about same when I work remotely,3.0,8.0,1.0,4.0,1.0,8.0,2.0,5.0,Somewhat agree,Neither agree nor disagree,Somewhat disagree,Strongly Positive,2021
4,1962,Female,Health Care and Social Assistance,Professionals - Health Professionals,Between 20 and 199,Yes,One parent family with dependent children,Between 1 and 5 years,Regional,40%,40%,40%,Neither agree nor disagree,Neither agree nor disagree,Somewhat agree,Neither agree nor disagree,Neither agree nor disagree,40%,40%,Somewhat likely,Somewhat likely,Somewhat likely,I’m 50% more productive when working remotely (or more),1.0,8.0,6.0,3.0,1.0,8.0,4.0,4.0,Somewhat agree,Somewhat agree,Somewhat agree,Neither positive nor negative,2021
5,1974,Male,Financial and Insurance,Managers - Specialist Managers,More than 200,No,Couple with dependent children,More than 5 years,Regional,100% - I spent all of my time remote working,100% - All of my time,100% - I spent all of my time remote working,Somewhat agree,Strongly agree,Somewhat agree,Somewhat agree,Strongly agree,100% - All of my time,100% - All of my time,Somewhat likely,Somewhat likely,Somewhat likely,I’m 20% more productive when working remotely,5.0,8.0,2.0,3.0,,9.0,3.0,4.0,Strongly agree,Somewhat agree,Neither agree nor disagree,Somewhat Positive,2021
6,1985,Male,Manufacturing,Technicians and trades workers - Construction Trades Workers,Between 5 and 19,No,Couple with dependent children,Between 1 and 5 years,Metro,50% - I spent about half of my time remote working,40%,50% - I spent about half of my time remote working,Neither agree nor disagree,Neither agree nor disagree,Somewhat disagree,Neither agree nor disagree,Neither agree nor disagree,50% - About half of my time,50% - About half of my time,Neither unlikely or likely,Neither unlikely or likely,Neither unlikely or likely,I’m 20% more productive when working remotely,3.0,8.0,2.0,3.0,2.0,8.0,4.0,2.0,Neither agree nor disagree,Neither agree nor disagree,Neither agree nor disagree,Somewhat Negative,2021
7,1973,Male,Public Administration and Safety,Managers - Specialist Managers,Between 20 and 199,Yes,Couple with dependent children,More than 5 years,Metro,100% - I spent all of my time remote working,100% - All of my time,80%,Somewhat agree,Somewhat agree,Somewhat agree,Somewhat agree,Somewhat agree,100% - All of my time,100% - All of my time,Neither unlikely or likely,Somewhat likely,Somewhat likely,I’m 10% more productive when working remotely,2.0,8.0,3.0,3.0,1.0,8.0,3.0,4.0,Somewhat agree,Somewhat agree,Somewhat agree,Somewhat Positive,2021
8,1992,Female,Administrative and Support,Clerical and administrative workers - General Clerical Workers,More than 200,No,Couple with no dependent children,Between 1 and 5 years,Metro,100% - I spent all of my time remote working,100% - All of my time,100% - I spent all of my time remote working,Somewhat agree,Somewhat agree,Somewhat agree,Somewhat agree,Somewhat agree,100% - All of my time,90%,Somewhat likely,Somewhat likely,Neither unlikely or likely,I’m 20% more productive when working remotely,1.5,8.5,0.5,5.5,0.5,9.0,0.5,5.0,Somewhat agree,Somewhat agree,Neither agree nor disagree,Somewhat Positive,2021
9,1970,Female,Administrative and Support,Clerical and administrative workers - General Clerical Workers,More than 200,No,One parent family with dependent children,More than 5 years,Metro,100% - I spent all of my time remote working,100% - All of my time,50% - I spent about half of my time remote working,Neither agree nor disagree,Somewhat agree,Somewhat agree,Somewhat agree,Neither agree nor disagree,50% - About half of my time,50% - About half of my time,Somewhat likely,Somewhat likely,Neither unlikely or likely,I’m 50% less productive when working remotely (or worse),1.0,8.0,5.0,2.0,1.0,7.0,5.0,3.0,Strongly agree,Somewhat agree,Strongly disagree,Somewhat Positive,2021
10,1981,Female,Other Services,Professionals - ICT Professionals,More than 200,No,Couple with no dependent children,Between 1 and 5 years,Metro,100% - I spent all of my time remote working,100% - All of my time,90%,Neither agree nor disagree,Strongly agree,Strongly agree,Somewhat agree,Strongly agree,100% - All of my time,100% - All of my time,Neither unlikely or likely,Neither unlikely or likely,Somewhat likely,I’m 50% more productive when working remotely (or more),1.5,8.0,0.0,7.5,0.5,8.0,0.0,8.5,Strongly agree,Strongly agree,Strongly disagree,Somewhat Positive,2021
11,1980,Female,"Electricity, Gas, Water and Waste",Professionals - ICT Professionals,More than 200,Yes,Group household,Between 1 and 5 years,Metro,90%,80%,80%,Somewhat agree,Somewhat agree,Somewhat agree,Somewhat agree,Somewhat agree,80%,90%,Somewhat likely,Very likely,Very likely,I’m 50% more productive when working remotely (or more),2.0,8.0,2.0,4.0,0.0,8.0,4.0,4.0,Somewhat agree,Somewhat agree,Somewhat agree,Somewhat Positive,2021
12,1959,Male,Construction,Machinery operators and drivers - Mobile Plant Operators,Between 5 and 19,Yes,Couple with dependent children,Between 1 and 5 years,Metro,10%,10%,10%,Somewhat disagree,Neither agree nor disagree,Somewhat disagree,Neither agree nor disagree,Neither agree nor disagree,10%,Less than 10% of my time,Somewhat unlikely,Neither unlikely or likely,Somewhat unlikely,I’m 20% more productive when working remotely,1.0,8.0,3.0,4.0,1.0,8.0,3.0,4.0,Somewhat agree,Neither agree nor disagree,Somewhat agree,Somewhat Negative,2021
13,1992,Female,Other Services,Professionals - ICT Professionals,Between 1 and 4,Yes,Couple with dependent children,Between 6 and 12 months,Metro,50% - I spent about half of my time remote working,50% - About half of my time,50% - I spent about half of my time remote working,Strongly agree,Strongly agree,Strongly agree,Strongly agree,Strongly agree,50% - About half of my time,50% - About half of my time,Very likely,Very likely,Very likely,I’m 10% less productive when working remotely,3.0,8.0,2.0,3.0,0.0,12.0,2.0,2.0,Neither agree nor disagree,Neither agree nor disagree,Neither agree nor disagree,Strongly Positive,2021
14,1968,Female,Administrative and Support,Clerical and administrative workers - General Clerical Workers,More than 200,No,Couple with no dependent children,More than 5 years,Metro,50% - I spent about half of my time remote working,20%,50% - I spent about half of my time remote working,Strongly disagree,Somewhat agree,Strongly agree,Strongly disagree,Somewhat disagree,20%,I would prefer not to work remotely,Very unlikely,Very likely,Very unlikely,I’m 20% less productive when working remotely,2.5,8.0,2.0,3.5,0.0,8.0,3.0,4.0,Strongly disagree,Strongly disagree,Strongly agree,Strongly Positive,2021
15,1976,Male,"Professional, Scientific and Technical",Professionals - Health Professionals,Between 5 and 19,No,Single person,More than 5 years,Metro,80%,80%,80%,Somewhat agree,Somewhat agree,Strongly agree,Somewhat agree,Somewhat agree,70%,80%,Somewhat likely,Somewhat likely,Somewhat likely,I’m 40% more productive when working remotely,1.0,11.0,2.0,1.0,0.0,12.0,2.0,2.0,Somewhat agree,Somewhat agree,Somewhat agree,Somewhat Negative,2021
16,1973,Male,Education and Training,Professionals - Education Professionals,More than 200,Yes,Single person,More than 5 years,Metro,30%,50% - About half of my time,10%,Somewhat agree,Somewhat disagree,Somewhat agree,Somewhat agree,Somewhat disagree,20%,40%,Neither unlikely or likely,Somewhat likely,Somewhat likely,I’m 50% more productive when working remotely (or more),3.0,8.0,3.0,2.0,2.0,8.0,3.0,3.0,Neither agree nor disagree,Neither agree nor disagree,Neither agree nor disagree,Somewhat Positive,2021
17,1972,Female,Retail Trade,"Managers - Hospitality, Retail and Service Managers",More than 200,No,One parent family with dependent children,Between 1 and 5 years,Regional,30%,10%,20%,Somewhat agree,Somewhat agree,Somewhat agree,Somewhat agree,Somewhat agree,20%,20%,Neither unlikely or likely,Neither unlikely or likely,Neither unlikely or likely,I’m 50% more productive when working remotely (or more),5.0,5.0,5.0,5.0,5.0,5.0,5.0,5.0,Neither agree nor disagree,Neither agree nor disagree,Somewhat agree,Somewhat Positive,2021
18,1977,Female,Administrative and Support,"Managers - Chief Executives, General Managers and Legislators",Between 5 and 19,Yes,Couple with dependent children,More than 5 years,Regional,20%,10%,10%,Strongly agree,Strongly agree,Strongly agree,Strongly agree,Strongly agree,Less than 10% of my time,10%,Very likely,Very likely,Very likely,I’m 10% more productive when working remotely,3.0,8.0,3.0,3.0,1.0,8.0,4.0,3.0,Somewhat agree,Strongly agree,Somewhat agree,Strongly Positive,2021
19,1978,Male,Construction,Managers - Specialist Managers,Between 20 and 199,Yes,Couple with dependent children,More than 5 years,Metro,30%,40%,20%,Neither agree nor disagree,Strongly agree,Somewhat agree,Strongly agree,Strongly agree,20%,20%,Neither unlikely or likely,Neither unlikely or likely,Somewhat likely,I’m 10% more productive when working remotely,3.0,8.0,3.0,2.0,1.0,8.0,4.0,3.0,Somewhat agree,Somewhat agree,Neither agree nor disagree,Strongly Positive,2021
20,1995,Female,Retail Trade,Sales workers - Sales Support Workers,More than 200,No,Other one family household,Between 1 and 5 years,Metro,80%,100% - All of my time,80%,Somewhat agree,Somewhat agree,Strongly agree,Somewhat agree,Somewhat agree,100% - All of my time,100% - All of my time,Somewhat unlikely,Somewhat unlikely,Somewhat unlikely,I’m 20% more productive when working remotely,2.5,8.0,3.0,2.5,0.5,8.0,3.0,4.5,Strongly agree,Strongly agree,Somewhat disagree,Somewhat Positive,2021
21,1980,Female,Construction,Community and personal service workers - Hospitality Workers,Between 5 and 19,Yes,Couple with dependent children,Between 6 and 12 months,Metro,20%,20%,20%,Strongly agree,Somewhat agree,Strongly agree,Somewhat agree,Somewhat agree,20%,30%,Very likely,Somewhat likely,Somewhat likely,I’m 50% more productive when working remotely (or more),8.0,2.0,1.0,5.0,2.0,10.0,8.0,2.0,Somewhat agree,Somewhat agree,Somewhat agree,Somewhat Positive,2021
22,1978,Male,Accommodation and Food,Managers - Specialist Managers,Between 20 and 199,Yes,Couple with dependent children,More than 5 years,Regional,30%,30%,30%,Somewhat agree,Somewhat agree,Strongly agree,Strongly agree,Strongly agree,30%,30%,Very likely,Somewhat likely,Somewhat likely,I’m 30% more productive when working remotely,1.0,2.0,5.0,8.0,1.0,8.0,4.0,3.0,Strongly agree,Somewhat agree,Somewhat agree,Strongly Positive,2021
23,1976,Male,Wholesale Trade,Managers - Specialist Managers,Between 20 and 199,Yes,Couple with dependent children,More than 5 years,Metro,30%,40%,50% - I spent about half of my time remote working,Neither agree nor disagree,Somewhat disagree,Neither agree nor disagree,Neither agree nor disagree,Somewhat agree,20%,50% - About half of my time,Neither unlikely or likely,Somewhat likely,Somewhat unlikely,I’m 30% more productive when working remotely,2.0,8.0,3.0,3.0,0.0,8.0,5.0,3.0,Neither agree nor disagree,Somewhat agree,Somewhat disagree,Neither positive nor negative,2021
24,1961,Male,Wholesale Trade,Managers - Specialist Managers,Between 20 and 199,Yes,Couple with no dependent children,More than 5 years,Metro,90%,90%,90%,Somewhat disagree,Strongly disagree,Neither agree nor disagree,Strongly agree,Strongly agree,90%,90%,Neither unlikely or likely,Neither unlikely or likely,Neither unlikely or likely,I’m 50% more productive when working remotely (or more),1.0,4.0,6.0,6.0,0.0,4.0,8.0,4.0,Strongly agree,Strongly agree,Strongly disagree,Neither positive nor negative,2021
25,1965,Female,Education and Training,Clerical and administrative workers - General Clerical Workers,Between 20 and 199,No,Couple with dependent children,Between 1 and 5 years,Metro,100% - I spent all of my time remote working,100% - All of my time,100% - I spent all of my time remote working,Strongly agree,Strongly agree,Strongly agree,Strongly agree,Strongly agree,100% - All of my time,Less than 10% of my time,Very unlikely,Very unlikely,Very unlikely,I’m 50% more productive when working remotely (or more),2.0,8.0,4.0,4.0,1.0,8.0,3.0,4.0,Strongly agree,Strongly agree,Strongly agree,Strongly Positive,2021
26,1959,Male,Wholesale Trade,Managers - Specialist Managers,I am a sole trader/owner-operator,No,Couple with dependent children,Between 1 and 5 years,Metro,100% - I spent all of my time remote working,100% - All of my time,100% - I spent all of my time remote working,Neither agree nor disagree,Somewhat agree,Somewhat agree,Neither agree nor disagree,Somewhat agree,100% - All of my time,100% - All of my time,Somewhat likely,Somewhat likely,Very likely,My productivity is about same when I work remotely,1.0,4.0,0.0,11.0,1.0,4.0,0.0,11.0,Strongly agree,Strongly agree,Somewhat agree,Strongly Positive,2021
27,1964,Female,Wholesale Trade,Clerical and administrative workers - General Clerical Workers,More than 200,No,Couple with dependent children,More than 5 years,Metro,70%,50% - About half of my time,20%,Strongly agree,Strongly agree,Strongly agree,Strongly agree,Strongly agree,50% - About half of my time,50% - About half of my time,Somewhat likely,Very likely,Somewhat likely,I’m 30% more productive when working remotely,1.0,8.0,4.0,3.0,1.0,8.0,4.0,3.0,Somewhat agree,Somewhat agree,Strongly agree,Strongly Positive,2021
28,1989,Male,Wholesale Trade,"Managers - Chief Executives, General Managers and Legislators",Between 5 and 19,Yes,Couple with dependent children,Between 1 and 5 years,Metro,20%,30%,20%,Somewhat agree,Somewhat agree,Somewhat agree,Somewhat agree,Somewhat agree,10%,10%,Somewhat likely,Neither unlikely or likely,Somewhat likely,I’m 30% more productive when working remotely,1.0,8.0,3.0,5.0,2.0,8.0,3.0,3.0,Somewhat agree,Somewhat agree,Strongly agree,Somewhat Positive,2021
29,1975,Female,Financial and Insurance,Clerical and administrative workers - Clerical and Office Support Workers,Between 5 and 19,Yes,Couple with no dependent children,More than 5 years,Metro,30%,40%,30%,Strongly agree,Strongly agree,Strongly agree,Strongly agree,Strongly agree,70%,80%,Very likely,Very likely,Very likely,I’m 40% more productive when working remotely,2.0,8.0,2.0,4.0,2.0,8.0,2.0,6.0,Strongly agree,Strongly agree,Strongly agree,Strongly Positive,2021
30,1987,Female,Financial and Insurance,Professionals - ICT Professionals,More than 200,No,Couple with dependent children,More than 5 years,Metro,100% - I spent all of my time remote working,100% - All of my time,100% - I spent all of my time remote working,Strongly agree,Strongly agree,Somewhat agree,Somewhat agree,Somewhat agree,100% - All of my time,100% - All of my time,Somewhat likely,Somewhat likely,Somewhat likely,I’m 20% more productive when working remotely,3.5,7.5,1.0,2.0,0.0,9.0,3.0,2.0,Strongly agree,Strongly agree,Somewhat disagree,Somewhat Positive,2021
31,1975,Female,Other Services,Technicians and trades workers - Skilled Animal and Horticultural Workers,Between 1 and 4,No,One parent family with dependent children,Between 1 and 5 years,Regional,30%,50% - About half of my time,10%,Neither agree nor disagree,Somewhat agree,Somewhat agree,Somewhat agree,Somewhat agree,50% - About half of my time,50% - About half of my time,Neither unlikely or likely,Neither unlikely or likely,Neither unlikely or likely,My productivity is about same when I work remotely,1.0,6.0,4.0,6.0,1.0,7.0,4.5,4.5,Neither agree nor disagree,Neither agree nor disagree,Neither agree nor disagree,Strongly Positive,2021
32,1979,Female,Information Media and Telecommunications,Professionals - ICT Professionals,Between 20 and 199,Yes,Couple with no dependent children,Between 1 and 5 years,Metro,100% - I spent all of my time remote working,100% - All of my time,100% - I spent all of my time remote working,Somewhat agree,Strongly agree,Strongly agree,Somewhat agree,Strongly agree,100% - All of my time,100% - All of my time,Somewhat likely,Somewhat likely,Somewhat likely,I’m 30% more productive when working remotely,2.0,8.0,1.0,4.0,1.0,8.0,1.0,6.0,Neither agree nor disagree,Neither agree nor disagree,Somewhat agree,Strongly Positive,2021
33,1983,Female,Construction,Professionals - Education Professionals,Between 5 and 19,Yes,Couple with dependent children,Between 6 and 12 months,Metro,20%,40%,30%,Neither agree nor disagree,Neither agree nor disagree,Neither agree nor disagree,Somewhat agree,Somewhat agree,20%,30%,Neither unlikely or likely,Neither unlikely or likely,Neither unlikely or likely,I’m 10% more productive when working remotely,2.0,8.0,4.0,2.0,2.0,8.0,3.0,3.0,Strongly agree,Somewhat agree,Somewhat agree,Neither positive nor negative,2021
34,1974,I would rather not say,"Professional, Scientific and Technical",Professionals - ICT Professionals,Between 20 and 199,No,Multiple family household,More than 5 years,Metro,100% - I spent all of my time remote working,100% - All of my time,60%,Neither agree nor disagree,Strongly agree,Somewhat agree,Somewhat agree,Somewhat agree,100% - All of my time,90%,Somewhat unlikely,Somewhat likely,Somewhat unlikely,I’m 20% more productive when working remotely,2.0,7.0,2.0,6.0,0.0,9.0,2.0,6.0,Neither agree nor disagree,Somewhat agree,Neither agree nor disagree,Strongly Positive,2021
35,1967,Male,"Rental, Hiring and Real Estate","Managers - Chief Executives, General Managers and Legislators",Between 1 and 4,Yes,Other one family household,More than 5 years,Regional,20%,20%,20%,Neither agree nor disagree,Neither agree nor disagree,Somewhat disagree,Somewhat agree,Somewhat disagree,20%,20%,Neither unlikely or likely,Neither unlikely or likely,Neither unlikely or likely,I’m 20% less productive when working remotely,1.5,8.0,1.0,6.5,0.5,6.0,1.0,9.5,Somewhat disagree,Somewhat disagree,Somewhat agree,Neither positive nor negative,2021
36,1967,Male,Manufacturing,"Managers - Chief Executives, General Managers and Legislators",Between 20 and 199,Yes,Couple with dependent children,More than 5 years,Metro,Less than 10% of my time,10%,80%,Somewhat agree,Somewhat agree,Somewhat agree,Strongly agree,Somewhat agree,50% - About half of my time,20%,Neither unlikely or likely,Neither unlikely or likely,Neither unlikely or likely,I’m 10% less productive when working remotely,1.5,8.5,2.0,4.0,0.0,8.5,2.0,5.5,Somewhat agree,Neither agree nor disagree,Somewhat agree,Strongly Positive,2021
37,1960,Male,Other Services,Managers - Specialist Managers,Between 20 and 199,No,Couple with no dependent children,More than 5 years,Metro,100% - I spent all of my time remote working,100% - All of my time,20%,Somewhat disagree,Somewhat agree,Somewhat disagree,Somewhat agree,Strongly agree,70%,50% - About half of my time,Somewhat unlikely,Somewhat likely,Somewhat unlikely,I’m 50% more productive when working remotely (or more),3.0,8.0,1.0,4.0,0.0,10.0,1.0,5.0,Somewhat agree,Somewhat agree,Neither agree nor disagree,Neither positive nor negative,2021
38,1982,Male,"Transport, Postal and Warehousing","Managers - Chief Executives, General Managers and Legislators",Between 5 and 19,Yes,Couple with no dependent children,More than 5 years,Metro,10%,50% - About half of my time,40%,Somewhat agree,Strongly disagree,Somewhat agree,Somewhat agree,Somewhat agree,60%,70%,Very likely,Very likely,Very likely,I’m 50% more productive when working remotely (or more),2.0,7.0,4.0,3.0,2.0,7.0,3.0,4.0,Strongly agree,Strongly agree,Somewhat disagree,Strongly Positive,2021
39,1979,Male,"Agriculture, Forestry and Fishing","Managers - Chief Executives, General Managers and Legislators",Between 5 and 19,Yes,Couple with dependent children,More than 5 years,Metro,Rarely or never,50% - About half of my time,Rarely or never,Somewhat agree,Strongly agree,Somewhat agree,Strongly agree,Strongly agree,50% - About half of my time,50% - About half of my time,Somewhat likely,Very likely,Somewhat likely,I’m 40% more productive when working remotely,2.5,8.5,2.0,3.5,0.0,8.5,2.5,5.0,Strongly agree,Strongly agree,Neither agree nor disagree,Strongly Positive,2021
40,1962,Female,Retail Trade,"Professionals - Design, Engineering, Science and Transport Professionals",Between 1 and 4,Yes,Couple with dependent children,Between 6 and 12 months,Metro,50% - I spent about half of my time remote working,90%,100% - I spent all of my time remote working,Somewhat agree,Strongly agree,Strongly agree,Somewhat agree,Strongly agree,100% - All of my time,100% - All of my time,Somewhat likely,Very likely,Very likely,I’m 50% more productive when working remotely (or more),16.0,3.0,3.0,1.0,16.0,3.0,3.0,1.0,Strongly agree,Strongly agree,Somewhat agree,Strongly Positive,2021
41,1961,Male,"Professional, Scientific and Technical","Professionals - Legal, Social and Welfare Professionals",Between 5 and 19,Yes,Couple with dependent children,More than 5 years,Metro,20%,Less than 10% of my time,10%,Neither agree nor disagree,Somewhat agree,Somewhat agree,Strongly agree,Somewhat agree,Less than 10% of my time,Less than 10% of my time,Neither unlikely or likely,Very likely,Somewhat likely,My productivity is about same when I work remotely,1.0,8.0,3.0,5.0,1.0,8.0,3.0,5.0,Somewhat disagree,Neither agree nor disagree,Somewhat agree,Strongly Positive,2021
42,1983,Male,"Professional, Scientific and Technical",Professionals - Health Professionals,Between 20 and 199,Yes,Couple with dependent children,Between 1 and 5 years,Metro,10%,30%,Rarely or never,Strongly agree,Strongly agree,Strongly agree,Strongly agree,Strongly agree,I would not have preferred to work remotely,I would prefer not to work remotely,Very likely,Very likely,Very likely,My productivity is about same when I work remotely,1.0,7.0,1.0,7.0,1.0,7.0,1.0,7.0,Strongly disagree,Strongly disagree,Strongly agree,Strongly Positive,2021
43,1965,Male,Construction,"Professionals - Design, Engineering, Science and Transport Professionals",Between 20 and 199,No,Couple with no dependent children,Between 1 and 5 years,Metro,90%,90%,10%,Somewhat disagree,Somewhat agree,Neither agree nor disagree,Somewhat agree,Somewhat agree,90%,50% - About half of my time,Somewhat unlikely,Neither unlikely or likely,Neither unlikely or likely,I’m 50% more productive when working remotely (or more),4.0,8.0,1.0,4.0,0.0,10.0,1.5,4.5,Strongly agree,Somewhat agree,Somewhat agree,Somewhat Positive,2021
44,1981,Female,Information Media and Telecommunications,Professionals - ICT Professionals,More than 200,No,Single person,Between 6 and 12 months,Metro,50% - I spent about half of my time remote working,50% - About half of my time,50% - I spent about half of my time remote working,Neither agree nor disagree,Somewhat disagree,Somewhat agree,Somewhat disagree,Somewhat disagree,50% - About half of my time,50% - About half of my time,Somewhat likely,Somewhat likely,Somewhat likely,I’m 50% more productive when working remotely (or more),2.0,8.0,2.0,6.0,1.0,8.0,3.0,4.0,Somewhat agree,Somewhat agree,Somewhat agree,Somewhat Positive,2021
45,1966,Female,"Professional, Scientific and Technical","Professionals - Design, Engineering, Science and Transport Professionals",More than 200,No,Couple with no dependent children,Between 1 and 5 years,Regional,Rarely or never,I would not have preferred to work remotely,30%,Somewhat agree,Somewhat agree,Somewhat agree,Somewhat agree,Somewhat disagree,10%,I would prefer not to work remotely,Neither unlikely or likely,Somewhat likely,Very likely,I’m 20% less productive when working remotely,0.25,8.0,2.0,5.0,0.0,8.0,3.0,5.0,Somewhat disagree,Somewhat disagree,Somewhat agree,Somewhat Positive,2021
46,1974,Female,Wholesale Trade,Clerical and administrative workers - Office Managers and Program Administrators,Between 20 and 199,No,Couple with dependent children,Between 1 and 5 years,Metro,50% - I spent about half of my time remote working,50% - About half of my time,50% - I spent about half of my time remote working,Neither agree nor disagree,Somewhat disagree,Somewhat disagree,Neither agree nor disagree,Somewhat agree,50% - About half of my time,50% - About half of my time,Neither unlikely or likely,Neither unlikely or likely,Neither unlikely or likely,My productivity is about same when I work remotely,2.0,10.0,2.0,2.0,0.5,10.0,2.0,4.0,Somewhat agree,Somewhat agree,Strongly agree,Neither positive nor negative,2021
47,1978,Male,Financial and Insurance,"Professionals - Business, Human Resource and Marketing Professionals",More than 200,No,Couple with dependent children,More than 5 years,Metro,90%,90%,90%,Somewhat agree,Somewhat agree,Neither agree nor disagree,Somewhat agree,Somewhat agree,90%,80%,Neither unlikely or likely,Neither unlikely or likely,Somewhat likely,My productivity is about same when I work remotely,3.0,9.0,1.0,3.0,1.0,11.0,1.0,3.0,Neither agree nor disagree,Neither agree nor disagree,Neither agree nor disagree,Somewhat Positive,2021
48,1987,Female,"Rental, Hiring and Real Estate","Managers - Chief Executives, General Managers and Legislators",More than 200,Yes,Couple with dependent children,Between 1 and 5 years,Metro,20%,20%,20%,Neither agree nor disagree,Somewhat agree,Somewhat agree,Somewhat agree,Somewhat agree,30%,20%,Somewhat likely,Somewhat likely,Somewhat likely,I’m 30% more productive when working remotely,2.0,8.0,3.0,3.0,3.0,8.0,3.0,2.0,Somewhat agree,Neither agree nor disagree,Somewhat agree,Somewhat Positive,2021
49,1984,Male,Manufacturing,Professionals - ICT Professionals,More than 200,No,Couple with dependent children,More than 5 years,Regional,100% - I spent all of my time remote working,100% - All of my time,100% - I spent all of my time remote working,Somewhat agree,Strongly agree,Somewhat agree,Somewhat agree,Somewhat agree,100% - All of my time,100% - All of my time,Very unlikely,Somewhat likely,Somewhat likely,I’m 20% more productive when working remotely,2.0,8.0,5.0,3.0,0.0,10.0,5.0,3.0,Somewhat agree,Somewhat disagree,Somewhat disagree,Somewhat Positive,2021
50,1983,Male,Financial and Insurance,"Professionals - Business, Human Resource and Marketing Professionals",More than 200,No,Couple with dependent children,Between 1 and 5 years,Metro,80%,100% - All of my time,80%,Somewhat agree,Somewhat agree,Somewhat agree,Somewhat agree,Somewhat agree,80%,60%,Somewhat likely,Somewhat likely,Somewhat likely,I’m 30% more productive when working remotely,3.0,7.0,3.0,3.0,1.0,8.0,4.0,4.0,Somewhat agree,Somewhat agree,Neither agree nor disagree,Strongly Positive,2021
51,1971,Male,Retail Trade,"Managers - Chief Executives, General Managers and Legislators",More than 200,Yes,Couple with dependent children,Between 1 and 5 years,Metro,50% - I spent about half of my time remote working,50% - About half of my time,40%,Neither agree nor disagree,Somewhat agree,Somewhat agree,Neither agree nor disagree,Somewhat agree,30%,50% - About half of my time,Somewhat likely,Neither unlikely or likely,Neither unlikely or likely,I’m 50% more productive when working remotely (or more),2.0,10.0,2.0,3.0,1.0,12.0,2.0,4.0,Neither agree nor disagree,Somewhat agree,Somewhat disagree,Somewhat Positive,2021
52,1980,Male,Information Media and Telecommunications,Professionals - ICT Professionals,I am a sole trader/owner-operator,No,Couple with dependent children,More than 5 years,Metro,50% - I spent about half of my time remote working,50% - About half of my time,50% - I spent about half of my time remote working,Neither agree nor disagree,Neither agree nor disagree,Neither agree nor disagree,Neither agree nor disagree,Neither agree nor disagree,50% - About half of my time,50% - About half of my time,Neither unlikely or likely,Neither unlikely or likely,Neither unlikely or likely,My productivity is about same when I work remotely,10.0,2.0,2.0,2.0,8.0,2.0,2.0,4.0,Neither agree nor disagree,Neither agree nor disagree,Neither agree nor disagree,Neither positive nor negative,2021
53,1981,Male,Financial and Insurance,Professionals - ICT Professionals,Between 20 and 199,Yes,Couple with dependent children,More than 5 years,Metro,70%,70%,70%,Neither agree nor disagree,Somewhat agree,Somewhat agree,Neither agree nor disagree,Neither agree nor disagree,80%,80%,Somewhat likely,Somewhat likely,Somewhat likely,I’m 50% more productive when working remotely (or more),2.0,8.0,3.0,4.0,0.0,9.0,4.0,4.0,Strongly agree,Strongly agree,Neither agree nor disagree,Somewhat Positive,2021
54,1977,Female,Arts and Recreation,Professionals - Arts and Media Professionals,Between 1 and 4,No,Couple with dependent children,More than 5 years,Regional,100% - I spent all of my time remote working,100% - All of my time,100% - I spent all of my time remote working,Strongly agree,Strongly agree,Strongly agree,Strongly agree,Strongly agree,100% - All of my time,100% - All of my time,Very likely,Neither unlikely or likely,Neither unlikely or likely,I’m 50% more productive when working remotely (or more),0.0,9.0,4.0,4.0,0.0,9.0,4.0,4.0,Strongly agree,Somewhat agree,Neither agree nor disagree,Strongly Positive,2021
55,1981,Male,Information Media and Telecommunications,"Managers - Chief Executives, General Managers and Legislators",More than 200,No,Couple with dependent children,More than 5 years,Metro,30%,20%,10%,Somewhat agree,Strongly agree,Strongly agree,Somewhat agree,Strongly agree,20%,20%,Somewhat likely,Very likely,Very likely,I’m 30% more productive when working remotely,2.0,8.0,3.0,3.0,2.0,8.0,2.0,4.0,Somewhat agree,Strongly agree,Strongly agree,Strongly Positive,2021
56,1962,Male,Information Media and Telecommunications,Professionals - ICT Professionals,Between 20 and 199,No,Couple with no dependent children,More than 5 years,Metro,100% - I spent all of my time remote working,50% - About half of my time,90%,Neither agree nor disagree,Strongly agree,Somewhat agree,Strongly agree,Strongly agree,70%,70%,Neither unlikely or likely,Somewhat likely,Somewhat likely,My productivity is about same when I work remotely,2.0,8.0,2.0,4.0,0.0,9.0,3.0,4.0,Neither agree nor disagree,Somewhat agree,Neither agree nor disagree,Strongly Positive,2021
57,1978,Male,Information Media and Telecommunications,Professionals - ICT Professionals,More than 200,Yes,Couple with dependent children,More than 5 years,Metro,40%,90%,80%,Strongly agree,Somewhat agree,Strongly agree,Strongly agree,Strongly agree,40%,80%,Very likely,Very likely,Somewhat likely,I’m 50% more productive when working remotely (or more),3.0,7.0,4.0,3.0,3.0,7.0,3.0,4.0,Strongly agree,Somewhat agree,Strongly agree,Strongly Positive,2021
58,1980,Female,Retail Trade,Managers - Specialist Managers,Between 20 and 199,Yes,One parent family with dependent children,Between 1 and 5 years,Metro,50% - I spent about half of my time remote working,50% - About half of my time,50% - I spent about half of my time remote working,Strongly agree,Somewhat agree,Neither agree nor disagree,Strongly agree,Somewhat agree,60%,60%,Very likely,Neither unlikely or likely,Very likely,I’m 30% more productive when working remotely,3.0,7.0,5.0,2.0,1.0,6.0,5.0,3.0,Neither agree nor disagree,Strongly agree,Somewhat agree,Somewhat Positive,2021
59,1987,Male,Retail Trade,Technicians and trades workers - Electrotechnology and Telecommunications Trades Workers,Between 5 and 19,No,Multiple family household,Between 6 and 12 months,Metro,40%,40%,30%,Neither agree nor disagree,Somewhat agree,Neither agree nor disagree,Somewhat agree,Somewhat agree,60%,40%,Somewhat likely,Neither unlikely or likely,Somewhat unlikely,I’m 20% more productive when working remotely,2.0,8.0,4.0,4.0,1.0,9.0,4.0,4.0,Somewhat disagree,Neither agree nor disagree,Somewhat agree,Somewhat Positive,2021
60,1972,Male,Information Media and Telecommunications,Professionals - ICT Professionals,Between 20 and 199,No,Couple with dependent children,More than 5 years,Metro,80%,80%,80%,Somewhat agree,Strongly agree,Strongly agree,Strongly agree,Somewhat agree,80%,80%,Somewhat likely,Somewhat likely,Neither unlikely or likely,My productivity is about same when I work remotely,3.0,8.0,3.0,2.0,0.0,9.0,4.0,3.0,Neither agree nor disagree,Neither agree nor disagree,Somewhat agree,Neither positive nor negative,2021
61,1985,Male,Administrative and Support,"Managers - Chief Executives, General Managers and Legislators",Between 20 and 199,Yes,Couple with dependent children,More than 5 years,Metro,50% - I spent about half of my time remote working,50% - About half of my time,20%,Somewhat agree,Strongly agree,Somewhat agree,Somewhat agree,Somewhat agree,20%,20%,Very likely,Very likely,Very likely,I’m 50% more productive when working remotely (or more),1.0,8.0,3.0,5.0,0.0,8.0,3.0,4.0,Strongly agree,Strongly agree,Somewhat agree,Strongly Positive,2021
62,1964,Male,Other Services,Managers - Specialist Managers,Between 20 and 199,Yes,Couple with dependent children,Between 1 and 5 years,Metro,90%,80%,50% - I spent about half of my time remote working,Strongly agree,Strongly agree,Strongly agree,Strongly agree,Strongly agree,50% - About half of my time,40%,Somewhat likely,Somewhat likely,Very likely,My productivity is about same when I work remotely,2.0,9.0,2.0,3.0,2.0,9.0,3.0,2.0,Neither agree nor disagree,Somewhat disagree,Strongly agree,Strongly Positive,2021
63,1961,Female,Retail Trade,"Managers - Hospitality, Retail and Service Managers",I am a sole trader/owner-operator,No,Couple with no dependent children,More than 5 years,Regional,100% - I spent all of my time remote working,100% - All of my time,100% - I spent all of my time remote working,Strongly agree,Strongly agree,Strongly agree,Strongly agree,Strongly agree,100% - All of my time,100% - All of my time,Very likely,Very likely,Very likely,My productivity is about same when I work remotely,0.0,3.0,4.0,6.0,0.0,4.0,3.0,6.0,Strongly agree,Strongly agree,Neither agree nor disagree,Strongly Positive,2021
64,1963,Male,"Professional, Scientific and Technical","Professionals - Design, Engineering, Science and Transport Professionals",More than 200,No,Couple with no dependent children,Between 1 and 5 years,Metro,Less than 10% of my time,Less than 10% of my time,Rarely or never,Somewhat agree,Somewhat agree,Neither agree nor disagree,Neither agree nor disagree,Somewhat disagree,I would not have preferred to work remotely,I would prefer not to work remotely,Somewhat likely,Somewhat likely,Very likely,I’m 50% less productive when working remotely (or worse),2.0,8.0,2.0,4.0,0.5,10.0,2.0,3.5,Strongly disagree,Strongly disagree,Somewhat agree,Strongly Positive,2021
65,1992,Male,Financial and Insurance,"Professionals - Business, Human Resource and Marketing Professionals",Between 20 and 199,No,Single person,Between 1 and 5 years,Metro,90%,80%,90%,Neither agree nor disagree,Strongly agree,Somewhat agree,Somewhat agree,Somewhat agree,80%,80%,Somewhat likely,Somewhat likely,Somewhat likely,My productivity is about same when I work remotely,1.5,7.5,2.0,5.0,0.0,7.5,2.0,6.5,Neither agree nor disagree,Somewhat agree,Somewhat agree,Strongly Positive,2021
66,1981,Male,"Professional, Scientific and Technical","Professionals - Design, Engineering, Science and Transport Professionals",Between 20 and 199,Yes,Group household,Between 1 and 5 years,Metro,80%,80%,40%,Somewhat disagree,Neither agree nor disagree,Somewhat disagree,Somewhat disagree,Somewhat disagree,60%,20%,Neither unlikely or likely,Neither unlikely or likely,Neither unlikely or likely,I’m 20% less productive when working remotely,2.0,8.0,4.0,3.0,0.5,7.0,5.0,4.5,Somewhat agree,Somewhat disagree,Somewhat agree,Somewhat Positive,2021
67,1961,Male,"Rental, Hiring and Real Estate","Managers - Chief Executives, General Managers and Legislators",I am a sole trader/owner-operator,No,Couple with no dependent children,More than 5 years,Regional,10%,20%,30%,Neither agree nor disagree,Somewhat agree,Somewhat agree,Somewhat agree,Neither agree nor disagree,30%,60%,Somewhat likely,Somewhat likely,Somewhat likely,I’m 30% more productive when working remotely,1.0,5.0,5.0,5.0,0.0,6.0,6.0,5.0,Somewhat agree,Somewhat agree,Neither agree nor disagree,Somewhat Positive,2021
68,1990,Female,Other Services,"Professionals - Design, Engineering, Science and Transport Professionals",Between 5 and 19,No,Couple with no dependent children,Between 1 and 5 years,Metro,70%,70%,50% - I spent about half of my time remote working,Strongly agree,Somewhat agree,Somewhat agree,Somewhat agree,Somewhat agree,50% - About half of my time,50% - About half of my time,Somewhat unlikely,Neither unlikely or likely,Neither unlikely or likely,I’m 10% more productive when working remotely,2.5,8.0,2.0,4.0,1.5,8.0,3.0,4.0,Somewhat agree,Somewhat disagree,Somewhat agree,Somewhat Positive,2021
69,1995,Female,Public Administration and Safety,Professionals - Education Professionals,More than 200,No,Multiple family household,Between 6 and 12 months,Metro,100% - I spent all of my time remote working,90%,90%,Somewhat disagree,Somewhat disagree,Strongly disagree,Strongly disagree,Somewhat disagree,90%,60%,Neither unlikely or likely,Neither unlikely or likely,Somewhat likely,I’m 20% more productive when working remotely,3.0,8.0,1.0,4.0,0.5,8.0,1.5,5.0,Strongly agree,Somewhat agree,Somewhat disagree,Somewhat Positive,2021
70,1974,Female,Health Care and Social Assistance,Professionals - Health Professionals,More than 200,No,Couple with dependent children,More than 5 years,Metro,100% - I spent all of my time remote working,100% - All of my time,100% - I spent all of my time remote working,Strongly agree,Strongly agree,Strongly agree,Strongly agree,Strongly agree,100% - All of my time,80%,Neither unlikely or likely,Neither unlikely or likely,Somewhat likely,I’m 30% more productive when working remotely,2.0,9.0,3.0,2.0,0.5,10.5,3.0,2.0,Neither agree nor disagree,Neither agree nor disagree,Neither agree nor disagree,Somewhat Positive,2021
71,1961,Male,"Agriculture, Forestry and Fishing",Technicians and trades workers - Skilled Animal and Horticultural Workers,Between 20 and 199,Yes,Couple with dependent children,More than 5 years,Regional,20%,30%,20%,Somewhat agree,Neither agree nor disagree,Somewhat agree,Somewhat agree,Somewhat agree,30%,20%,Neither unlikely or likely,Somewhat likely,Neither unlikely or likely,My productivity is about same when I work remotely,2.0,8.0,0.0,5.0,6.0,8.0,4.0,3.0,Somewhat agree,Somewhat agree,Somewhat agree,Somewhat Positive,2021
72,1968,Female,Education and Training,Professionals - Education Professionals,Between 1 and 4,Yes,Couple with no dependent children,More than 5 years,Regional,Rarely or never,I would not have preferred to work remotely,Rarely or never,Strongly disagree,Strongly disagree,Neither agree nor disagree,Strongly disagree,Neither agree nor disagree,I would not have preferred to work remotely,I would prefer not to work remotely,Neither unlikely or likely,Neither unlikely or likely,Neither unlikely or likely,My productivity is about same when I work remotely,2.5,9.0,1.5,4.0,0.0,2.0,2.0,13.0,Neither agree nor disagree,Strongly disagree,Somewhat agree,Strongly Positive,2021
73,1980,Male,Retail Trade,"Managers - Hospitality, Retail and Service Managers",Between 20 and 199,Yes,Couple with dependent children,Between 1 and 5 years,Metro,30%,30%,20%,Neither agree nor disagree,Neither agree nor disagree,Neither agree nor disagree,Somewhat agree,Strongly agree,20%,50% - About half of my time,Somewhat likely,Neither unlikely or likely,Somewhat likely,I’m 30% more productive when working remotely,0.0,,8.0,7.0,5.0,0.0,5.0,14.0,Neither agree nor disagree,Neither agree nor disagree,Somewhat agree,Somewhat Positive,2021
74,1981,Male,Public Administration and Safety,Clerical and administrative workers - Personal Assistants and Secretaries,More than 200,No,Couple with dependent children,Between 6 and 12 months,Metro,60%,40%,60%,Strongly agree,Strongly agree,Strongly agree,Strongly agree,Somewhat agree,60%,40%,Neither unlikely or likely,Neither unlikely or likely,Neither unlikely or likely,I’m 10% more productive when working remotely,2.0,8.0,3.0,4.0,1.0,9.0,4.0,3.0,Neither agree nor disagree,Strongly disagree,Somewhat agree,Strongly Positive,2021
75,1985,Female,Health Care and Social Assistance,"Professionals - Legal, Social and Welfare Professionals",More than 200,No,Couple with dependent children,More than 5 years,Metro,30%,100% - All of my time,20%,Somewhat disagree,Somewhat agree,Strongly disagree,Strongly disagree,Strongly agree,70%,70%,Very unlikely,Very unlikely,Very unlikely,I’m 50% more productive when working remotely (or more),3.5,8.0,4.0,2.5,0.5,8.5,4.0,5.0,Strongly agree,Neither agree nor disagree,Somewhat disagree,Somewhat Negative,2021
76,1981,Male,Financial and Insurance,Managers - Specialist Managers,More than 200,Yes,Couple with dependent children,More than 5 years,Metro,100% - I spent all of my time remote working,100% - All of my time,100% - I spent all of my time remote working,Somewhat agree,Somewhat agree,Strongly agree,Somewhat agree,Somewhat agree,100% - All of my time,100% - All of my time,Somewhat likely,Neither unlikely or likely,Somewhat likely,I’m 10% less productive when working remotely,2.5,8.0,3.0,1.0,0.0,8.0,4.0,2.0,Neither agree nor disagree,Neither agree nor disagree,Somewhat disagree,Somewhat Positive,2021
77,1977,Male,Public Administration and Safety,Professionals - ICT Professionals,More than 200,No,Other one family household,More than 5 years,Metro,100% - I spent all of my time remote working,100% - All of my time,100% - I spent all of my time remote working,Somewhat agree,Neither agree nor disagree,Neither agree nor disagree,Neither agree nor disagree,Neither agree nor disagree,100% - All of my time,80%,Somewhat likely,Neither unlikely or likely,Neither unlikely or likely,I’m 20% more productive when working remotely,2.0,8.0,2.0,5.0,0.5,9.0,2.5,5.0,Somewhat agree,Somewhat agree,Neither agree nor disagree,Somewhat Positive,2021
78,1971,Male,"Professional, Scientific and Technical",Managers - Specialist Managers,More than 200,Yes,Couple with dependent children,Between 6 and 12 months,Metro,90%,90%,80%,Somewhat agree,Somewhat agree,Somewhat agree,Somewhat agree,Somewhat agree,80%,70%,Neither unlikely or likely,Neither unlikely or likely,Neither unlikely or likely,My productivity is about same when I work remotely,1.0,8.0,0.0,9.0,2.0,8.0,4.0,4.0,Neither agree nor disagree,Neither agree nor disagree,Neither agree nor disagree,Strongly Positive,2021
79,1978,Female,Health Care and Social Assistance,Clerical and administrative workers - Office Managers and Program Administrators,Between 20 and 199,Yes,Other one family household,Between 1 and 5 years,Metro,40%,40%,40%,Somewhat agree,Strongly agree,Somewhat disagree,Strongly agree,Strongly agree,60%,60%,Somewhat unlikely,Somewhat unlikely,Somewhat unlikely,I’m 50% more productive when working remotely (or more),3.0,9.0,1.0,4.0,0.5,9.0,1.5,5.0,Strongly agree,Strongly agree,Somewhat disagree,Strongly Positive,2021
80,1957,Female,Health Care and Social Assistance,Community and personal service workers - Health and Welfare Support Workers,Between 5 and 19,No,Other one family household,More than 5 years,Metro,20%,I would not have preferred to work remotely,Less than 10% of my time,Somewhat disagree,Somewhat disagree,Strongly disagree,Somewhat disagree,Strongly disagree,I would not have preferred to work remotely,I would prefer not to work remotely,Very unlikely,Somewhat unlikely,Somewhat unlikely,I’m 10% more productive when working remotely,1.0,7.0,3.0,6.0,2.0,7.0,4.0,4.0,Somewhat disagree,Somewhat agree,Neither agree nor disagree,Somewhat Negative,2021
81,1978,Female,Financial and Insurance,Professionals - Health Professionals,More than 200,No,Single person,Between 1 and 5 years,Metro,50% - I spent about half of my time remote working,60%,50% - I spent about half of my time remote working,Neither agree nor disagree,Neither agree nor disagree,Neither agree nor disagree,Neither agree nor disagree,Neither agree nor disagree,50% - About half of my time,30%,Neither unlikely or likely,Neither unlikely or likely,Neither unlikely or likely,I’m 20% more productive when working remotely,0.0,20.0,0.0,0.0,0.0,16.0,0.0,0.0,Neither agree nor disagree,Neither agree nor disagree,Neither agree nor disagree,Neither positive nor negative,2021
82,1970,Female,"Rental, Hiring and Real Estate",Managers - Specialist Managers,Between 20 and 199,Yes,Group household,Between 6 and 12 months,Metro,40%,100% - All of my time,80%,Neither agree nor disagree,Neither agree nor disagree,Somewhat disagree,Neither agree nor disagree,Somewhat agree,100% - All of my time,100% - All of my time,Neither unlikely or likely,Neither unlikely or likely,Neither unlikely or likely,I’m 50% more productive when working remotely (or more),6.0,9.0,2.0,2.0,0.0,12.0,2.0,2.0,Strongly agree,Strongly agree,Strongly disagree,Somewhat Negative,2021
83,1965,Male,"Transport, Postal and Warehousing",Clerical and administrative workers - General Clerical Workers,More than 200,No,Single person,More than 5 years,Metro,Less than 10% of my time,I would not have preferred to work remotely,Less than 10% of my time,Somewhat agree,Somewhat agree,Somewhat agree,Somewhat agree,Somewhat agree,I would not have preferred to work remotely,I would prefer not to work remotely,Somewhat likely,Somewhat likely,Somewhat likely,I’m 20% less productive when working remotely,1.0,12.0,2.0,1.0,0.5,12.0,2.0,1.5,Strongly disagree,Strongly disagree,Strongly agree,Somewhat Positive,2021
84,1976,Female,Retail Trade,"Managers - Chief Executives, General Managers and Legislators",Between 20 and 199,Yes,Single person,More than 5 years,Metro,Less than 10% of my time,Less than 10% of my time,30%,Strongly disagree,Somewhat agree,Somewhat disagree,Somewhat agree,Neither agree nor disagree,30%,30%,Very unlikely,Somewhat unlikely,Somewhat likely,I’m 30% more productive when working remotely,3.0,12.0,1.0,2.0,1.5,12.0,1.0,2.5,Neither agree nor disagree,Neither agree nor disagree,Neither agree nor disagree,Neither positive nor negative,2021
85,1957,Male,"Professional, Scientific and Technical","Professionals - Business, Human Resource and Marketing Professionals",I am a sole trader/owner-operator,No,Couple with dependent children,More than 5 years,Metro,80%,50% - About half of my time,70%,Neither agree nor disagree,Strongly agree,Strongly agree,Strongly agree,Strongly agree,50% - About half of my time,50% - About half of my time,Somewhat unlikely,Neither unlikely or likely,Neither unlikely or likely,I’m 30% more productive when working remotely,1.0,7.0,2.0,6.0,0.0,7.0,3.0,6.0,Somewhat agree,Somewhat agree,Neither agree nor disagree,Strongly Positive,2021
86,1986,Female,Public Administration and Safety,Managers - Specialist Managers,More than 200,Yes,Couple with dependent children,Between 1 and 5 years,Regional,50% - I spent about half of my time remote working,50% - About half of my time,10%,Somewhat disagree,Strongly agree,Somewhat agree,Strongly disagree,Strongly agree,40%,40%,Very unlikely,Very unlikely,Somewhat unlikely,My productivity is about same when I work remotely,1.0,8.5,6.0,2.0,0.0,8.0,6.0,3.0,Neither agree nor disagree,Somewhat disagree,Neither agree nor disagree,Strongly Negative,2021
87,1986,Female,"Rental, Hiring and Real Estate",Professionals - Education Professionals,Between 20 and 199,Yes,Couple with no dependent children,Between 1 and 5 years,Metro,40%,10%,20%,Somewhat agree,Somewhat agree,Strongly agree,Strongly agree,Somewhat agree,30%,20%,Somewhat likely,Somewhat likely,Very likely,I’m 10% less productive when working remotely,3.0,7.0,3.0,5.0,1.0,7.0,5.0,5.0,Somewhat agree,Neither agree nor disagree,Somewhat agree,Somewhat Positive,2021
88,1991,Female,"Professional, Scientific and Technical","Professionals - Business, Human Resource and Marketing Professionals",More than 200,No,Couple with dependent children,Between 1 and 5 years,Metro,90%,80%,100% - I spent all of my time remote working,Neither agree nor disagree,Somewhat agree,Somewhat disagree,Strongly agree,Somewhat agree,80%,60%,Somewhat likely,Somewhat likely,Somewhat likely,I’m 20% less productive when working remotely,0.5,10.0,3.0,2.0,0.0,12.0,2.0,2.0,Neither agree nor disagree,Neither agree nor disagree,Somewhat agree,Neither positive nor negative,2021
89,1965,Male,Construction,Technicians and trades workers - Construction Trades Workers,Between 5 and 19,No,Couple with dependent children,More than 5 years,Metro,90%,100% - All of my time,90%,Strongly agree,Neither agree nor disagree,Somewhat agree,Strongly agree,Strongly agree,70%,80%,Somewhat likely,Somewhat likely,Somewhat likely,I’m 50% more productive when working remotely (or more),3.0,7.0,2.0,3.0,0.0,9.0,3.0,3.0,Somewhat agree,Somewhat agree,Neither agree nor disagree,Strongly Positive,2021
90,1972,Male,Education and Training,Managers - Specialist Managers,Between 1 and 4,Yes,Couple with dependent children,More than 5 years,Regional,10%,Less than 10% of my time,Rarely or never,Somewhat disagree,Somewhat disagree,Somewhat disagree,Somewhat agree,Somewhat disagree,I would not have preferred to work remotely,10%,Neither unlikely or likely,Neither unlikely or likely,Neither unlikely or likely,My productivity is about same when I work remotely,1.0,6.0,5.0,6.0,1.0,6.0,5.0,6.0,Neither agree nor disagree,Neither agree nor disagree,Somewhat agree,Neither positive nor negative,2021
91,1962,Female,Manufacturing,Managers - Specialist Managers,More than 200,Yes,Couple with no dependent children,Between 1 and 5 years,Regional,Rarely or never,I would not have preferred to work remotely,Rarely or never,Strongly disagree,Strongly disagree,Strongly disagree,Strongly disagree,Strongly disagree,I would not have preferred to work remotely,I would prefer not to work remotely,Very unlikely,Very unlikely,Very unlikely,My productivity is about same when I work remotely,1.0,12.0,4.0,0.0,0.0,8.0,8.0,0.0,Strongly disagree,Strongly disagree,Strongly agree,Strongly Negative,2021
92,1993,Female,Wholesale Trade,Clerical and administrative workers - Office Managers and Program Administrators,More than 200,No,Couple with no dependent children,Between 6 and 12 months,Metro,20%,50% - About half of my time,30%,Neither agree nor disagree,Neither agree nor disagree,Neither agree nor disagree,Neither agree nor disagree,Neither agree nor disagree,50% - About half of my time,50% - About half of my time,Neither unlikely or likely,Neither unlikely or likely,Neither unlikely or likely,I’m 30% more productive when working remotely,5.0,5.0,5.0,9.0,2.0,10.0,2.0,2.0,Somewhat disagree,Neither agree nor disagree,Neither agree nor disagree,Neither positive nor negative,2021
93,1973,Male,Public Administration and Safety,"Professionals - Legal, Social and Welfare Professionals",More than 200,No,Single person,More than 5 years,Metro,50% - I spent about half of my time remote working,20%,20%,Somewhat agree,Somewhat agree,Strongly agree,Somewhat agree,Neither agree nor disagree,40%,30%,Somewhat likely,Somewhat likely,Somewhat likely,My productivity is about same when I work remotely,2.0,8.0,1.0,7.0,0.0,8.0,1.0,8.0,Somewhat agree,Somewhat agree,Neither agree nor disagree,Somewhat Positive,2021
94,1983,Male,Information Media and Telecommunications,Professionals - ICT Professionals,Between 20 and 199,Yes,Couple with dependent children,Between 6 and 12 months,Metro,70%,70%,70%,Somewhat agree,Somewhat agree,Neither agree nor disagree,Somewhat agree,Somewhat agree,70%,70%,Somewhat likely,Neither unlikely or likely,Somewhat likely,My productivity is about same when I work remotely,4.0,4.0,5.0,6.0,4.0,4.0,5.0,5.0,Neither agree nor disagree,Somewhat agree,Somewhat agree,Strongly Positive,2021
95,1966,Female,"Professional, Scientific and Technical","Professionals - Business, Human Resource and Marketing Professionals",Between 5 and 19,No,Single person,More than 5 years,Metro,100% - I spent all of my time remote working,100% - All of my time,100% - I spent all of my time remote working,Strongly agree,Neither agree nor disagree,Strongly agree,Strongly agree,Somewhat agree,80%,80%,Very likely,Neither unlikely or likely,Very likely,My productivity is about same when I work remotely,0.0,10.0,2.0,4.0,0.0,10.0,3.0,3.0,Neither agree nor disagree,Strongly agree,Neither agree nor disagree,Strongly Positive,2021
96,1990,Female,Accommodation and Food,"Managers - Hospitality, Retail and Service Managers",Between 20 and 199,Yes,Couple with dependent children,Between 1 and 5 years,Metro,20%,10%,10%,Strongly agree,Somewhat agree,Somewhat agree,Somewhat agree,Somewhat agree,20%,Less than 10% of my time,Somewhat unlikely,Somewhat likely,Somewhat unlikely,I’m 10% less productive when working remotely,1.0,8.0,3.0,4.0,0.0,8.0,4.0,4.0,Somewhat agree,Somewhat disagree,Strongly agree,Strongly Positive,2021
97,1995,Female,Administrative and Support,Managers - Farmers and Farm Managers,Between 20 and 199,No,One parent family with dependent children,Between 1 and 5 years,Metro,20%,10%,20%,Strongly disagree,Somewhat disagree,Neither agree nor disagree,Somewhat disagree,Strongly disagree,20%,10%,Somewhat likely,Neither unlikely or likely,Somewhat unlikely,I’m 40% more productive when working remotely,5.0,6.0,2.0,5.0,5.0,6.0,7.0,3.0,Neither agree nor disagree,Strongly agree,Somewhat agree,Somewhat Negative,2021
98,1957,Female,Accommodation and Food,"Managers - Chief Executives, General Managers and Legislators",Between 5 and 19,Yes,Couple with no dependent children,Between 1 and 5 years,Regional,50% - I spent about half of my time remote working,80%,40%,Somewhat agree,Strongly agree,Neither agree nor disagree,Strongly agree,Somewhat agree,80%,50% - About half of my time,Neither unlikely or likely,Somewhat likely,Neither unlikely or likely,I’m 50% more productive when working remotely (or more),1.5,7.0,1.5,6.0,0.0,6.0,4.0,6.0,Strongly agree,Strongly agree,Neither agree nor disagree,Somewhat Positive,2021
99,1970,Male,Financial and Insurance,Clerical and administrative workers - General Clerical Workers,Between 20 and 199,No,Couple with dependent children,More than 5 years,Metro,70%,60%,60%,Neither agree nor disagree,Neither agree nor disagree,Neither agree nor disagree,Somewhat agree,Somewhat agree,60%,70%,Somewhat likely,Very likely,Somewhat likely,I’m 30% more productive when working remotely,1.0,9.0,3.0,3.0,2.0,10.0,2.0,1.0,Somewhat agree,Neither agree nor disagree,Strongly agree,Neither positive nor negative,2021
100,1980,Male,Retail Trade,"Managers - Hospitality, Retail and Service Managers",More than 200,Yes,Couple with dependent children,More than 5 years,Metro,50% - I spent about half of my time remote working,40%,30%,Somewhat agree,Neither agree nor disagree,Strongly agree,Strongly agree,Somewhat agree,20%,30%,Very likely,Neither unlikely or likely,Somewhat likely,I’m 10% more productive when working remotely,6.0,4.0,4.0,4.0,2.5,2.5,5.0,6.0,Somewhat agree,Neither agree nor disagree,Strongly agree,Somewhat Positive,2021
101,1978,Female,Education and Training,Professionals - Education Professionals,Between 5 and 19,No,Couple with dependent children,Between 1 and 5 years,Metro,60%,60%,70%,Somewhat agree,Neither agree nor disagree,Somewhat agree,Strongly agree,Somewhat agree,70%,70%,Somewhat likely,Somewhat likely,Very likely,I’m 20% more productive when working remotely,2.0,6.0,5.0,3.0,3.0,6.0,5.0,3.0,Strongly agree,Somewhat agree,Strongly agree,Somewhat Positive,2021
102,1997,Female,"Electricity, Gas, Water and Waste",Community and personal service workers - Hospitality Workers,Between 1 and 4,Yes,Couple with dependent children,Between 1 and 5 years,Metro,40%,30%,50% - I spent about half of my time remote working,Strongly disagree,Neither agree nor disagree,Somewhat disagree,Neither agree nor disagree,Somewhat disagree,40%,40%,Neither unlikely or likely,Somewhat likely,Somewhat unlikely,I’m 10% more productive when working remotely,2.0,6.0,2.0,6.0,4.0,8.0,2.0,4.0,Somewhat disagree,Strongly disagree,Strongly disagree,Somewhat Positive,2021
103,1976,Female,Other Services,Clerical and administrative workers - Personal Assistants and Secretaries,More than 200,No,Couple with no dependent children,More than 5 years,Metro,100% - I spent all of my time remote working,100% - All of my time,100% - I spent all of my time remote working,Strongly agree,Somewhat agree,Somewhat agree,Strongly agree,Somewhat agree,100% - All of my time,60%,Somewhat likely,Somewhat likely,Somewhat likely,I’m 30% more productive when working remotely,1.0,8.0,3.0,3.0,0.0,6.0,4.0,4.0,Somewhat agree,Somewhat agree,Neither agree nor disagree,Somewhat Positive,2021
104,1975,Female,Financial and Insurance,Clerical and administrative workers - General Clerical Workers,Between 5 and 19,Yes,Couple with no dependent children,More than 5 years,Metro,40%,50% - About half of my time,50% - I spent about half of my time remote working,Strongly agree,Strongly agree,Strongly agree,Strongly agree,Strongly agree,40%,20%,Very likely,Very likely,Very likely,I’m 40% more productive when working remotely,2.0,8.0,2.0,4.0,2.0,8.0,2.0,6.0,Strongly agree,Strongly agree,Strongly agree,Strongly Positive,2021
105,1993,Female,Other Services,Professionals - Arts and Media Professionals,Between 20 and 199,No,Couple with no dependent children,Between 1 and 5 years,Metro,10%,30%,Rarely or never,Strongly agree,Somewhat agree,Strongly agree,Somewhat agree,Somewhat agree,30%,30%,Somewhat unlikely,Neither unlikely or likely,Somewhat unlikely,My productivity is about same when I work remotely,2.0,8.0,3.0,5.0,0.0,6.0,4.0,7.0,Strongly agree,Somewhat agree,Neither agree nor disagree,Neither positive nor negative,2021
106,1992,Female,Retail Trade,Sales workers - Sales Assistants and Salespersons,Between 20 and 199,Yes,One parent family with dependent children,Between 6 and 12 months,Metro,10%,20%,40%,Strongly disagree,Neither agree nor disagree,Neither agree nor disagree,Somewhat disagree,Strongly disagree,20%,30%,Somewhat unlikely,Somewhat unlikely,Somewhat unlikely,I’m 30% more productive when working remotely,6.0,7.0,3.0,3.0,2.0,8.0,4.0,5.0,Neither agree nor disagree,Strongly disagree,Somewhat disagree,Somewhat Positive,2021
107,1969,Female,Retail Trade,"Managers - Hospitality, Retail and Service Managers",Between 20 and 199,Yes,One parent family with dependent children,More than 5 years,Metro,20%,20%,20%,Somewhat agree,Somewhat agree,Somewhat agree,Somewhat agree,Somewhat agree,20%,20%,Somewhat likely,Neither unlikely or likely,Somewhat likely,I’m 40% more productive when working remotely,6.0,6.0,4.0,2.0,6.0,6.0,4.0,2.0,Somewhat agree,Somewhat agree,Somewhat agree,Somewhat Positive,2021
108,1986,Female,Financial and Insurance,"Professionals - Legal, Social and Welfare Professionals",More than 200,No,Couple with no dependent children,More than 5 years,Metro,100% - I spent all of my time remote working,100% - All of my time,100% - I spent all of my time remote working,Somewhat disagree,Somewhat agree,Somewhat agree,Strongly agree,Strongly agree,100% - All of my time,100% - All of my time,Somewhat likely,Somewhat likely,Somewhat likely,My productivity is about same when I work remotely,3.0,7.0,,6.0,,7.0,,9.0,Somewhat agree,Somewhat disagree,Somewhat disagree,Strongly Positive,2021
109,1978,Female,Accommodation and Food,"Managers - Chief Executives, General Managers and Legislators",Between 20 and 199,Yes,One parent family with dependent children,Between 1 and 5 years,Regional,30%,50% - About half of my time,30%,Strongly agree,Somewhat agree,Somewhat agree,Somewhat agree,Somewhat agree,50% - About half of my time,50% - About half of my time,Somewhat likely,Neither unlikely or likely,Somewhat likely,I’m 20% more productive when working remotely,1.0,8.0,3.0,4.0,0.0,9.0,3.0,4.0,Somewhat agree,Somewhat agree,Somewhat agree,Strongly Positive,2021
110,1992,Female,"Professional, Scientific and Technical","Professionals - Design, Engineering, Science and Transport Professionals",More than 200,No,Couple with no dependent children,Between 1 and 5 years,Metro,40%,40%,20%,Strongly agree,Strongly agree,Strongly agree,Strongly agree,Somewhat agree,20%,20%,Somewhat likely,Somewhat likely,Somewhat likely,I’m 30% more productive when working remotely,1.5,8.0,4.0,3.0,0.5,8.0,4.0,4.0,Strongly agree,Strongly agree,Neither agree nor disagree,Strongly Positive,2021
111,1995,Female,Construction,Managers - Specialist Managers,Between 20 and 199,Yes,Couple with no dependent children,Between 1 and 5 years,Metro,40%,30%,70%,Neither agree nor disagree,Somewhat agree,Somewhat agree,Somewhat agree,Somewhat agree,70%,40%,Somewhat likely,Neither unlikely or likely,Somewhat likely,I’m 40% more productive when working remotely,3.0,6.0,3.0,5.0,2.0,6.0,6.0,4.0,Neither agree nor disagree,Neither agree nor disagree,Somewhat agree,Neither positive nor negative,2021
112,1984,Female,"Transport, Postal and Warehousing","Professionals - Design, Engineering, Science and Transport Professionals",More than 200,No,Couple with dependent children,Between 1 and 5 years,Metro,80%,50% - About half of my time,80%,Strongly agree,Somewhat disagree,Strongly agree,Strongly agree,Neither agree nor disagree,50% - About half of my time,50% - About half of my time,Neither unlikely or likely,Neither unlikely or likely,Neither unlikely or likely,I’m 50% more productive when working remotely (or more),4.0,8.0,2.0,2.0,4.0,8.0,2.0,2.0,Somewhat agree,Neither agree nor disagree,Neither agree nor disagree,Somewhat Positive,2021
113,1998,Female,Retail Trade,"Managers - Hospitality, Retail and Service Managers",Between 20 and 199,No,Multiple family household,Between 1 and 5 years,Metro,Rarely or never,50% - About half of my time,Rarely or never,Neither agree nor disagree,Neither agree nor disagree,Neither agree nor disagree,Neither agree nor disagree,Neither agree nor disagree,50% - About half of my time,50% - About half of my time,Neither unlikely or likely,Neither unlikely or likely,Neither unlikely or likely,My productivity is about same when I work remotely,1.0,8.0,4.0,2.0,1.0,8.0,4.0,2.0,Somewhat disagree,Somewhat disagree,Somewhat agree,Neither positive nor negative,2021
114,1987,Female,Financial and Insurance,Clerical and administrative workers - Other Clerical and Administrative Workers,Between 5 and 19,No,Couple with dependent children,More than 5 years,Regional,30%,50% - About half of my time,30%,Somewhat agree,Neither agree nor disagree,Somewhat agree,Somewhat agree,Somewhat agree,50% - About half of my time,50% - About half of my time,Neither unlikely or likely,Somewhat likely,Somewhat likely,I’m 20% more productive when working remotely,2.0,8.0,4.0,4.0,0.5,8.0,4.0,4.0,Somewhat agree,Somewhat agree,Neither agree nor disagree,Somewhat Positive,2021
115,1974,Male,Financial and Insurance,Managers - Specialist Managers,More than 200,No,Couple with dependent children,Between 1 and 5 years,Regional,100% - I spent all of my time remote working,100% - All of my time,50% - I spent about half of my time remote working,Neither agree nor disagree,Strongly agree,Strongly agree,Somewhat agree,Strongly agree,100% - All of my time,100% - All of my time,Neither unlikely or likely,Somewhat likely,Neither unlikely or likely,I’m 20% more productive when working remotely,4.0,9.0,2.0,3.0,0.0,10.0,3.0,3.0,Strongly agree,Somewhat agree,Strongly disagree,Somewhat Positive,2021
116,1986,Female,Retail Trade,"Managers - Hospitality, Retail and Service Managers",More than 200,Yes,Multiple family household,More than 5 years,Metro,30%,20%,40%,Somewhat agree,Neither agree nor disagree,Somewhat agree,Somewhat agree,Neither agree nor disagree,30%,30%,Somewhat likely,Somewhat likely,Neither unlikely or likely,I’m 30% more productive when working remotely,6.0,4.0,6.0,4.0,9.0,7.0,2.0,4.0,Somewhat agree,Somewhat agree,Neither agree nor disagree,Somewhat Positive,2021
117,1977,Female,Health Care and Social Assistance,Professionals - Health Professionals,More than 200,Yes,Couple with dependent children,More than 5 years,Metro,10%,20%,20%,Neither agree nor disagree,Somewhat agree,Neither agree nor disagree,Strongly agree,Neither agree nor disagree,20%,20%,Somewhat likely,Very likely,Neither unlikely or likely,I’m 20% more productive when working remotely,1.0,8.0,4.0,4.0,1.0,8.0,4.0,4.0,Neither agree nor disagree,Somewhat agree,Strongly agree,Somewhat Positive,2021
118,1989,Male,Other Services,Clerical and administrative workers - General Clerical Workers,More than 200,No,Single person,More than 5 years,Metro,100% - I spent all of my time remote working,100% - All of my time,Rarely or never,Somewhat disagree,Somewhat agree,Somewhat agree,Somewhat agree,Somewhat agree,100% - All of my time,70%,Neither unlikely or likely,Somewhat likely,Somewhat likely,I’m 10% less productive when working remotely,2.0,7.0,0.0,8.0,0.0,7.0,0.0,7.0,Neither agree nor disagree,Neither agree nor disagree,Somewhat agree,Somewhat Positive,2021
119,1983,Male,Information Media and Telecommunications,Professionals - ICT Professionals,More than 200,Yes,Couple with dependent children,Between 1 and 5 years,Metro,70%,70%,70%,Neither agree nor disagree,Somewhat agree,Strongly agree,Strongly agree,Strongly agree,70%,70%,Very likely,Neither unlikely or likely,Neither unlikely or likely,I’m 30% less productive when working remotely,4.0,4.0,5.0,5.0,5.0,5.0,4.0,4.0,Neither agree nor disagree,Somewhat agree,Somewhat agree,Neither positive nor negative,2021
120,1999,Female,Public Administration and Safety,Clerical and administrative workers - Clerical and Office Support Workers,More than 200,No,Couple with dependent children,Between 1 and 5 years,Metro,100% - I spent all of my time remote working,100% - All of my time,100% - I spent all of my time remote working,Strongly agree,Strongly agree,Strongly agree,Strongly agree,Strongly agree,60%,80%,Neither unlikely or likely,Somewhat likely,Very likely,I’m 50% more productive when working remotely (or more),1.0,8.0,3.0,4.0,0.3,8.0,3.7,5.0,Strongly agree,Strongly agree,Neither agree nor disagree,Strongly Positive,2021
121,1981,Female,Information Media and Telecommunications,"Professionals - Business, Human Resource and Marketing Professionals",More than 200,No,Single person,Between 1 and 5 years,Metro,30%,90%,Less than 10% of my time,Neither agree nor disagree,Somewhat agree,Somewhat agree,Somewhat disagree,Somewhat agree,Less than 10% of my time,I would prefer not to work remotely,Somewhat unlikely,Very likely,Neither unlikely or likely,My productivity is about same when I work remotely,1.0,8.0,4.0,5.0,0.0,8.0,5.0,5.0,Somewhat agree,Somewhat agree,Somewhat agree,Somewhat Positive,2021
122,1971,Male,Education and Training,"Managers - Chief Executives, General Managers and Legislators",More than 200,Yes,Couple with dependent children,Between 6 and 12 months,Metro,100% - I spent all of my time remote working,100% - All of my time,100% - I spent all of my time remote working,Strongly agree,Strongly agree,Strongly agree,Strongly agree,Neither agree nor disagree,100% - All of my time,100% - All of my time,Very likely,Very likely,Very likely,I’m 20% more productive when working remotely,5.0,9.0,2.0,2.0,0.0,10.0,4.0,3.0,Strongly agree,Strongly agree,Neither agree nor disagree,Strongly Positive,2021
123,1986,Female,Education and Training,Managers - Specialist Managers,More than 200,Yes,Couple with dependent children,Between 6 and 12 months,Metro,80%,80%,60%,Strongly agree,Strongly agree,Strongly agree,Strongly agree,Strongly agree,80%,80%,Somewhat likely,Somewhat likely,Somewhat likely,I’m 50% more productive when working remotely (or more),2.0,7.0,3.0,4.0,0.5,9.0,2.0,4.5,Strongly agree,Strongly disagree,Somewhat agree,Somewhat Positive,2021
124,1981,Male,Financial and Insurance,Managers - Specialist Managers,Between 20 and 199,Yes,Couple with dependent children,More than 5 years,Metro,50% - I spent about half of my time remote working,60%,40%,Strongly agree,Somewhat agree,Somewhat agree,Somewhat agree,Somewhat agree,50% - About half of my time,50% - About half of my time,Very likely,Somewhat likely,Somewhat likely,I’m 20% more productive when working remotely,2.0,8.0,2.0,2.0,2.0,8.0,2.0,4.0,Somewhat agree,Strongly agree,Somewhat agree,Strongly Positive,2021
125,1978,Male,Accommodation and Food,"Managers - Hospitality, Retail and Service Managers",Between 20 and 199,No,Couple with dependent children,More than 5 years,Regional,10%,10%,10%,Somewhat agree,Somewhat agree,Somewhat agree,Strongly agree,Somewhat agree,10%,10%,Somewhat likely,Very likely,Somewhat likely,I’m 10% less productive when working remotely,1.0,2.0,5.0,8.0,1.0,8.0,4.0,3.0,Somewhat agree,Somewhat agree,Somewhat agree,Strongly Positive,2021
126,1995,Male,Health Care and Social Assistance,"Managers - Hospitality, Retail and Service Managers",Between 20 and 199,Yes,Group household,Between 1 and 5 years,Metro,50% - I spent about half of my time remote working,50% - About half of my time,50% - I spent about half of my time remote working,Neither agree nor disagree,Neither agree nor disagree,Neither agree nor disagree,Somewhat agree,Neither agree nor disagree,50% - About half of my time,70%,Neither unlikely or likely,Somewhat likely,Neither unlikely or likely,I’m 50% more productive when working remotely (or more),2.0,7.5,4.0,4.5,2.0,7.5,4.0,4.5,Neither agree nor disagree,Neither agree nor disagree,Somewhat agree,Somewhat Positive,2021
127,1972,Male,Information Media and Telecommunications,Managers - Specialist Managers,More than 200,Yes,Couple with dependent children,Between 1 and 5 years,Metro,Less than 10% of my time,20%,20%,Strongly agree,Neither agree nor disagree,Somewhat disagree,Neither agree nor disagree,Strongly agree,20%,40%,Very likely,Very likely,Somewhat likely,I’m 20% more productive when working remotely,3.0,8.0,1.0,4.0,1.0,8.0,2.0,5.0,Strongly agree,Strongly agree,Somewhat agree,Strongly Positive,2021
128,1992,Male,Manufacturing,Machinery operators and drivers - Storepersons,More than 200,Yes,Couple with dependent children,Between 1 and 5 years,Metro,10%,10%,10%,Neither agree nor disagree,Neither agree nor disagree,Somewhat agree,Neither agree nor disagree,Neither agree nor disagree,10%,10%,Very unlikely,Very unlikely,Very unlikely,I’m 10% less productive when working remotely,2.0,5.0,5.0,5.0,5.0,5.0,5.0,5.0,Strongly disagree,Somewhat disagree,Somewhat disagree,Somewhat Positive,2021
129,1980,Male,Retail Trade,"Managers - Chief Executives, General Managers and Legislators",Between 20 and 199,Yes,Multiple family household,Between 1 and 5 years,Metro,70%,70%,40%,Strongly agree,Neither agree nor disagree,Somewhat agree,Strongly agree,Neither agree nor disagree,50% - About half of my time,60%,Very likely,Somewhat likely,Very likely,I’m 20% more productive when working remotely,2.0,8.0,3.0,3.0,2.0,2.0,4.0,8.0,Neither agree nor disagree,Strongly agree,Somewhat agree,Somewhat Negative,2021
130,1979,Male,Financial and Insurance,Managers - Specialist Managers,More than 200,Yes,Couple with no dependent children,More than 5 years,Metro,50% - I spent about half of my time remote working,50% - About half of my time,50% - I spent about half of my time remote working,Somewhat agree,Somewhat disagree,Somewhat disagree,Somewhat disagree,Somewhat disagree,50% - About half of my time,50% - About half of my time,Somewhat likely,Somewhat likely,Somewhat likely,I’m 50% more productive when working remotely (or more),3.0,8.0,3.0,2.0,0.0,7.5,3.5,4.0,Somewhat agree,Somewhat agree,Somewhat agree,Somewhat Positive,2021
131,1992,Female,Health Care and Social Assistance,Clerical and administrative workers - General Clerical Workers,More than 200,No,Multiple family household,Between 1 and 5 years,Metro,40%,20%,30%,Somewhat disagree,Neither agree nor disagree,Somewhat agree,Somewhat agree,Neither agree nor disagree,30%,20%,Neither unlikely or likely,Neither unlikely or likely,Neither unlikely or likely,I’m 30% more productive when working remotely,1.0,9.0,,6.0,1.0,8.0,1.0,6.0,Somewhat agree,Somewhat agree,Neither agree nor disagree,Neither positive nor negative,2021
132,1968,Male,"Professional, Scientific and Technical",Professionals - ICT Professionals,More than 200,No,Couple with dependent children,More than 5 years,Metro,100% - I spent all of my time remote working,100% - All of my time,60%,Strongly agree,Strongly agree,Strongly agree,Strongly agree,Strongly agree,100% - All of my time,100% - All of my time,Very likely,Very likely,Very likely,I’m 20% more productive when working remotely,2.0,7.5,3.0,4.0,0.0,8.5,3.0,5.0,Strongly agree,Strongly agree,Strongly disagree,Strongly Positive,2021
133,1999,Male,Retail Trade,Sales workers - Sales Assistants and Salespersons,More than 200,No,Multiple family household,Between 1 and 5 years,Regional,Rarely or never,I would not have preferred to work remotely,Rarely or never,Neither agree nor disagree,Neither agree nor disagree,Neither agree nor disagree,Neither agree nor disagree,Neither agree nor disagree,I would not have preferred to work remotely,I would prefer not to work remotely,Neither unlikely or likely,Neither unlikely or likely,Neither unlikely or likely,I’m 10% less productive when working remotely,2.0,8.0,,5.0,0.0,8.0,,6.0,Somewhat disagree,Somewhat disagree,Somewhat agree,Neither positive nor negative,2021
134,1998,Female,Administrative and Support,Sales workers - Sales Representatives and Agents,More than 200,No,Other one family household,Between 1 and 5 years,Metro,90%,90%,90%,Somewhat agree,Somewhat agree,Somewhat agree,Somewhat agree,Somewhat agree,100% - All of my time,100% - All of my time,Very unlikely,Very unlikely,Very unlikely,My productivity is about same when I work remotely,3.0,8.0,3.0,2.0,0.0,8.0,3.0,5.0,Somewhat agree,Somewhat agree,Somewhat agree,Somewhat Positive,2021
135,1996,Female,Financial and Insurance,"Professionals - Business, Human Resource and Marketing Professionals",More than 200,No,Single person,Between 1 and 5 years,Metro,100% - I spent all of my time remote working,100% - All of my time,100% - I spent all of my time remote working,Strongly agree,Strongly agree,Somewhat agree,Strongly agree,Somewhat disagree,90%,70%,Somewhat likely,Somewhat likely,Somewhat likely,I’m 50% more productive when working remotely (or more),1.5,8.5,1.0,5.0,1.0,8.0,1.0,6.0,Somewhat agree,Somewhat agree,Somewhat agree,Strongly Positive,2021
136,1986,Female,Education and Training,Professionals - Education Professionals,Between 20 and 199,Yes,Single person,More than 5 years,Metro,Less than 10% of my time,I would not have preferred to work remotely,Rarely or never,Strongly disagree,Somewhat disagree,Strongly disagree,Somewhat disagree,Somewhat disagree,20%,20%,Somewhat unlikely,Somewhat unlikely,Somewhat unlikely,I’m 30% less productive when working remotely,1.0,10.5,3.0,1.5,0.5,8.5,3.0,3.0,Neither agree nor disagree,Somewhat disagree,Somewhat agree,Somewhat Negative,2021
137,1980,Male,Retail Trade,"Managers - Chief Executives, General Managers and Legislators",Between 20 and 199,Yes,Couple with dependent children,Between 1 and 5 years,Metro,70%,40%,60%,Somewhat agree,Strongly agree,Somewhat agree,Somewhat agree,Neither agree nor disagree,60%,60%,Very likely,Somewhat likely,Very likely,I’m 20% more productive when working remotely,5.0,8.0,2.0,1.0,5.0,8.0,2.0,1.0,Strongly agree,Strongly agree,Somewhat agree,Somewhat Negative,2021
138,1999,Female,Other Services,Sales workers - Sales Assistants and Salespersons,Between 20 and 199,No,Couple with no dependent children,Between 1 and 5 years,Metro,Rarely or never,Less than 10% of my time,Rarely or never,Strongly disagree,Strongly agree,Strongly disagree,Strongly agree,Strongly agree,Less than 10% of my time,Less than 10% of my time,Very unlikely,Very unlikely,Somewhat unlikely,My productivity is about same when I work remotely,3.0,8.0,3.0,2.0,0.5,8.0,5.0,3.0,Neither agree nor disagree,Somewhat agree,Strongly agree,Strongly Positive,2021
139,1966,Male,Public Administration and Safety,"Professionals - Business, Human Resource and Marketing Professionals",More than 200,No,Couple with dependent children,More than 5 years,Metro,100% - I spent all of my time remote working,100% - All of my time,100% - I spent all of my time remote working,Neither agree nor disagree,Strongly agree,Somewhat agree,Somewhat agree,Strongly agree,100% - All of my time,60%,Very likely,Very likely,Very likely,I’m 30% more productive when working remotely,2.0,7.5,3.5,3.0,0.0,7.5,3.5,5.0,Strongly agree,Strongly agree,Neither agree nor disagree,Strongly Positive,2021
140,1993,Male,Accommodation and Food,Technicians and trades workers - Food Trades Workers,Between 20 and 199,Yes,Single person,Between 1 and 5 years,Metro,20%,80%,40%,Somewhat agree,Somewhat agree,Somewhat agree,Somewhat agree,Somewhat agree,20%,50% - About half of my time,Somewhat likely,Somewhat likely,Somewhat unlikely,I’m 50% more productive when working remotely (or more),2.0,6.0,2.0,4.0,3.0,6.0,2.0,3.0,Somewhat agree,Somewhat agree,Somewhat agree,Somewhat Positive,2021
141,1981,Male,Construction,"Managers - Chief Executives, General Managers and Legislators",More than 200,Yes,Couple with dependent children,Between 6 and 12 months,Metro,80%,90%,70%,Neither agree nor disagree,Neither agree nor disagree,Somewhat agree,Somewhat agree,Somewhat agree,70%,60%,Somewhat likely,Very likely,Somewhat likely,I’m 30% more productive when working remotely,1.0,5.0,2.0,8.0,8.0,3.0,2.0,3.0,Somewhat agree,Strongly agree,Strongly agree,Strongly Positive,2021
142,1993,Female,Financial and Insurance,"Professionals - Business, Human Resource and Marketing Professionals",More than 200,No,Multiple family household,Between 1 and 5 years,Metro,Less than 10% of my time,100% - All of my time,100% - I spent all of my time remote working,Somewhat agree,Somewhat agree,Strongly agree,Strongly agree,Strongly agree,100% - All of my time,90%,Somewhat unlikely,Neither unlikely or likely,Somewhat likely,I’m 50% more productive when working remotely (or more),4.0,7.0,2.0,3.0,0.5,8.0,2.0,5.5,Somewhat agree,Somewhat agree,Neither agree nor disagree,Somewhat Positive,2021
143,1990,Male,Administrative and Support,Clerical and administrative workers - Office Managers and Program Administrators,More than 200,No,Couple with dependent children,Between 1 and 5 years,Metro,100% - I spent all of my time remote working,80%,100% - I spent all of my time remote working,Somewhat agree,Neither agree nor disagree,Somewhat agree,Neither agree nor disagree,Somewhat agree,100% - All of my time,80%,Somewhat likely,Neither unlikely or likely,Somewhat likely,I’m 20% more productive when working remotely,3.0,7.0,7.0,,1.0,7.0,7.0,,Somewhat agree,Neither agree nor disagree,Neither agree nor disagree,Somewhat Positive,2021
144,1999,Female,Retail Trade,Machinery operators and drivers - Storepersons,More than 200,No,Couple with no dependent children,Between 6 and 12 months,Metro,20%,I would not have preferred to work remotely,Less than 10% of my time,Strongly disagree,Strongly disagree,Neither agree nor disagree,Strongly disagree,Somewhat disagree,I would not have preferred to work remotely,I would prefer not to work remotely,Very unlikely,Very unlikely,Very unlikely,I’m 50% less productive when working remotely (or worse),1.5,5.0,2.0,5.5,0.0,5.0,7.0,2.0,Strongly disagree,Strongly disagree,Neither agree nor disagree,Neither positive nor negative,2021
145,1983,Male,Education and Training,Managers - Specialist Managers,Between 20 and 199,Yes,Couple with dependent children,Between 6 and 12 months,Metro,100% - I spent all of my time remote working,100% - All of my time,40%,Somewhat agree,Somewhat agree,Somewhat agree,Somewhat agree,Somewhat agree,100% - All of my time,100% - All of my time,Somewhat likely,Somewhat likely,Somewhat likely,I’m 30% more productive when working remotely,1.0,8.0,3.0,4.0,0.5,8.5,4.0,3.0,Somewhat agree,Somewhat agree,Neither agree nor disagree,Strongly Positive,2021
146,1995,Female,"Rental, Hiring and Real Estate",Clerical and administrative workers - Inquiry Clerks and Receptionists,More than 200,No,Couple with no dependent children,Between 1 and 5 years,Metro,40%,80%,20%,Neither agree nor disagree,Neither agree nor disagree,Neither agree nor disagree,Neither agree nor disagree,Neither agree nor disagree,50% - About half of my time,40%,Somewhat likely,Neither unlikely or likely,Neither unlikely or likely,I’m 30% less productive when working remotely,2.0,8.0,4.0,3.0,0.5,8.0,3.0,5.5,Strongly agree,Strongly disagree,Somewhat agree,Somewhat Positive,2021
147,1988,Female,Health Care and Social Assistance,Community and personal service workers - Health and Welfare Support Workers,More than 200,Yes,Couple with dependent children,Between 1 and 5 years,Metro,60%,60%,Less than 10% of my time,Strongly disagree,Strongly disagree,Strongly disagree,Strongly disagree,Strongly agree,50% - About half of my time,50% - About half of my time,Very unlikely,Very unlikely,Very unlikely,I’m 30% more productive when working remotely,2.0,8.0,4.0,4.0,0.5,8.0,2.5,5.0,Somewhat agree,Strongly agree,Neither agree nor disagree,Strongly Negative,2021
148,1989,Female,Construction,Labourers - Construction and Mining Labourers,Between 5 and 19,No,Couple with dependent children,Between 1 and 5 years,Metro,40%,50% - About half of my time,50% - I spent about half of my time remote working,Neither agree nor disagree,Somewhat disagree,Neither agree nor disagree,Neither agree nor disagree,Neither agree nor disagree,30%,80%,Somewhat likely,Somewhat likely,Somewhat likely,I’m 30% more productive when working remotely,2.0,8.0,1.0,5.0,1.0,8.0,1.0,6.0,Somewhat agree,Neither agree nor disagree,Somewhat agree,Neither positive nor negative,2021
149,1992,Male,Retail Trade,Managers - Specialist Managers,Between 5 and 19,Yes,Couple with dependent children,More than 5 years,Metro,50% - I spent about half of my time remote working,50% - About half of my time,10%,Somewhat agree,Somewhat agree,Somewhat agree,Strongly agree,Somewhat agree,50% - About half of my time,50% - About half of my time,Somewhat likely,Somewhat likely,Somewhat likely,I’m 20% more productive when working remotely,2.0,8.0,2.0,4.0,0.0,8.0,3.0,5.0,Somewhat agree,Somewhat agree,Neither agree nor disagree,Somewhat Positive,2021
150,1991,Female,"Professional, Scientific and Technical","Professionals - Business, Human Resource and Marketing Professionals",Between 20 and 199,Yes,Couple with dependent children,More than 5 years,Metro,70%,100% - All of my time,30%,Somewhat disagree,Somewhat agree,Somewhat agree,Somewhat disagree,Neither agree nor disagree,70%,70%,Somewhat unlikely,Somewhat unlikely,Somewhat unlikely,I’m 30% more productive when working remotely,2.0,8.0,5.0,1.0,0.0,8.0,5.0,3.0,Somewhat agree,Somewhat agree,Neither agree nor disagree,Neither positive nor negative,2021
151,1990,Female,Manufacturing,"Professionals - Business, Human Resource and Marketing Professionals",More than 200,No,Couple with no dependent children,Between 1 and 5 years,Metro,100% - I spent all of my time remote working,100% - All of my time,80%,Somewhat agree,Somewhat agree,Somewhat agree,Neither agree nor disagree,Strongly agree,70%,100% - All of my time,Neither unlikely or likely,Neither unlikely or likely,Neither unlikely or likely,I’m 50% more productive when working remotely (or more),2.0,8.0,4.0,2.0,2.0,8.0,4.0,3.0,Neither agree nor disagree,Neither agree nor disagree,Neither agree nor disagree,Neither positive nor negative,2021
152,1992,Female,Construction,Clerical and administrative workers - Office Managers and Program Administrators,Between 5 and 19,No,Couple with dependent children,More than 5 years,Regional,50% - I spent about half of my time remote working,50% - About half of my time,50% - I spent about half of my time remote working,Somewhat agree,Somewhat agree,Somewhat agree,Strongly agree,Somewhat agree,60%,50% - About half of my time,Somewhat likely,Somewhat likely,Very likely,I’m 40% more productive when working remotely,1.0,5.0,4.0,4.0,1.0,6.0,3.0,4.0,Somewhat agree,Somewhat agree,Somewhat agree,Strongly Positive,2021
153,1979,Male,"Professional, Scientific and Technical","Technicians and trades workers - Engineering, ICT and Science Technicians",Between 20 and 199,No,Couple with dependent children,More than 5 years,Metro,80%,100% - All of my time,80%,Somewhat agree,Strongly agree,Somewhat disagree,Somewhat agree,Somewhat agree,80%,80%,Somewhat unlikely,Neither unlikely or likely,Somewhat unlikely,I’m 20% more productive when working remotely,3.0,8.0,2.0,3.0,0.0,10.0,4.0,2.0,Somewhat agree,Somewhat agree,Strongly agree,Strongly Positive,2021
154,1990,Male,Retail Trade,Managers - Specialist Managers,More than 200,Yes,Couple with dependent children,Between 1 and 5 years,Metro,30%,20%,40%,Somewhat agree,Somewhat agree,Strongly agree,Somewhat agree,Strongly agree,20%,20%,Neither unlikely or likely,Somewhat likely,Very likely,I’m 30% more productive when working remotely,4.0,6.0,4.0,2.0,6.0,8.0,2.0,4.0,Somewhat agree,Strongly agree,Somewhat agree,Strongly Positive,2021
155,1982,Female,Retail Trade,"Professionals - Business, Human Resource and Marketing Professionals",More than 200,No,Couple with dependent children,More than 5 years,Metro,30%,30%,20%,Somewhat agree,Somewhat agree,Somewhat agree,Neither agree nor disagree,Somewhat agree,30%,30%,Neither unlikely or likely,Somewhat likely,Somewhat unlikely,I’m 10% more productive when working remotely,3.0,8.0,1.0,3.0,0.5,8.0,1.5,5.0,Neither agree nor disagree,Somewhat agree,Neither agree nor disagree,Somewhat Positive,2021
156,1980,Male,Information Media and Telecommunications,Managers - Specialist Managers,More than 200,Yes,Couple with dependent children,Between 1 and 5 years,Metro,10%,30%,20%,Neither agree nor disagree,Somewhat disagree,Somewhat disagree,Somewhat disagree,Somewhat disagree,20%,20%,Somewhat likely,Somewhat likely,Neither unlikely or likely,I’m 10% more productive when working remotely,4.0,5.0,6.0,3.0,3.0,10.0,6.0,3.0,Somewhat agree,Somewhat agree,Neither agree nor disagree,Neither positive nor negative,2021
157,1990,Male,Retail Trade,Managers - Specialist Managers,More than 200,Yes,Couple with dependent children,Between 1 and 5 years,Metro,30%,20%,30%,Neither agree nor disagree,Somewhat agree,Somewhat agree,Strongly agree,Strongly agree,30%,40%,Very likely,Very likely,Somewhat likely,I’m 40% more productive when working remotely,8.0,4.0,3.0,4.0,5.0,4.0,5.0,7.0,Somewhat agree,Somewhat agree,Strongly agree,Somewhat Positive,2021
158,1999,Female,Retail Trade,"Managers - Hospitality, Retail and Service Managers",More than 200,Yes,Couple with no dependent children,Between 1 and 5 years,Regional,Rarely or never,Less than 10% of my time,Rarely or never,Neither agree nor disagree,Neither agree nor disagree,Neither agree nor disagree,Neither agree nor disagree,Neither agree nor disagree,20%,I would prefer not to work remotely,Very unlikely,Very unlikely,Very unlikely,I’m 10% less productive when working remotely,0.25,10.0,2.5,3.5,0.0,10.0,2.5,2.5,Neither agree nor disagree,Strongly disagree,Somewhat agree,Neither positive nor negative,2021
159,1994,Male,Financial and Insurance,"Professionals - Business, Human Resource and Marketing Professionals",Between 20 and 199,Yes,Couple with dependent children,Between 1 and 5 years,Metro,40%,40%,40%,Somewhat agree,Strongly agree,Somewhat agree,Strongly agree,Strongly agree,30%,30%,Neither unlikely or likely,Somewhat likely,Somewhat unlikely,I’m 40% more productive when working remotely,2.0,8.0,3.0,2.0,0.0,6.0,5.0,4.0,Strongly agree,Neither agree nor disagree,Somewhat agree,Somewhat Positive,2021
160,1985,Male,Administrative and Support,"Managers - Chief Executives, General Managers and Legislators",Between 20 and 199,Yes,Couple with dependent children,More than 5 years,Metro,40%,40%,20%,Somewhat agree,Somewhat agree,Somewhat agree,Neither agree nor disagree,Somewhat agree,20%,I would prefer not to work remotely,Very likely,Very likely,Very likely,I’m 30% more productive when working remotely,1.0,8.0,3.0,5.0,0.0,8.0,3.0,4.0,Somewhat agree,Somewhat agree,Somewhat agree,Strongly Positive,2021
161,1977,Male,Administrative and Support,Clerical and administrative workers - Clerical and Office Support Workers,Between 20 and 199,No,Single person,More than 5 years,Metro,60%,60%,50% - I spent about half of my time remote working,Somewhat agree,Somewhat agree,Somewhat agree,Somewhat agree,Somewhat agree,50% - About half of my time,40%,Neither unlikely or likely,Somewhat likely,Very likely,I’m 40% more productive when working remotely,2.0,7.0,1.0,5.0,0.0,5.0,1.0,11.0,Somewhat agree,Strongly agree,Neither agree nor disagree,Somewhat Positive,2021
162,1994,Female,Health Care and Social Assistance,"Professionals - Legal, Social and Welfare Professionals",More than 200,No,Couple with no dependent children,Between 1 and 5 years,Regional,30%,50% - About half of my time,40%,Strongly agree,Strongly agree,Somewhat agree,Strongly agree,Strongly agree,70%,30%,Very unlikely,Very unlikely,Very unlikely,I’m 50% more productive when working remotely (or more),2.0,8.0,3.0,2.0,0.5,8.0,3.0,3.5,Strongly agree,Strongly agree,Somewhat agree,Somewhat Negative,2021
163,1984,Female,Arts and Recreation,Clerical and administrative workers - General Clerical Workers,Between 20 and 199,No,Group household,Between 1 and 5 years,Metro,10%,20%,10%,Neither agree nor disagree,Neither agree nor disagree,Neither agree nor disagree,Neither agree nor disagree,Neither agree nor disagree,20%,10%,Somewhat unlikely,Very unlikely,Somewhat unlikely,I’m 20% more productive when working remotely,5.0,10.0,5.0,2.0,10.0,4.0,5.0,5.0,Somewhat disagree,Neither agree nor disagree,Neither agree nor disagree,Neither positive nor negative,2021
164,1984,Male,Financial and Insurance,"Managers - Chief Executives, General Managers and Legislators",More than 200,No,Couple with no dependent children,More than 5 years,Metro,100% - I spent all of my time remote working,100% - All of my time,100% - I spent all of my time remote working,Somewhat agree,Somewhat agree,Somewhat agree,Somewhat agree,Somewhat agree,100% - All of my time,100% - All of my time,Somewhat likely,Somewhat likely,Somewhat likely,My productivity is about same when I work remotely,2.0,8.0,2.0,4.0,0.0,8.0,4.0,4.0,Neither agree nor disagree,Somewhat agree,Somewhat agree,Somewhat Positive,2021
165,1994,Male,Financial and Insurance,"Professionals - Business, Human Resource and Marketing Professionals",More than 200,No,Couple with no dependent children,More than 5 years,Metro,50% - I spent about half of my time remote working,40%,60%,Somewhat agree,Somewhat agree,Somewhat agree,Strongly agree,Somewhat disagree,40%,20%,Neither unlikely or likely,Somewhat likely,Neither unlikely or likely,I’m 10% less productive when working remotely,2.5,10.0,1.5,2.0,0.5,11.0,1.5,3.0,Neither agree nor disagree,Neither agree nor disagree,Strongly agree,Strongly Positive,2021
166,1995,Male,Information Media and Telecommunications,Professionals - ICT Professionals,Between 20 and 199,Yes,Couple with no dependent children,Between 6 and 12 months,Metro,30%,60%,50% - I spent about half of my time remote working,Somewhat agree,Strongly agree,Somewhat agree,Strongly agree,Strongly agree,60%,50% - About half of my time,Very likely,Somewhat likely,Very likely,I’m 50% more productive when working remotely (or more),2.0,6.0,0.0,2.0,2.0,7.0,2.0,7.0,Strongly agree,Strongly agree,Somewhat agree,Strongly Positive,2021
167,1995,Male,Construction,Technicians and trades workers - Construction Trades Workers,Between 20 and 199,Yes,Couple with no dependent children,Between 1 and 5 years,Metro,50% - I spent about half of my time remote working,50% - About half of my time,50% - I spent about half of my time remote working,Neither agree nor disagree,Neither agree nor disagree,Neither agree nor disagree,Neither agree nor disagree,Neither agree nor disagree,50% - About half of my time,50% - About half of my time,Neither unlikely or likely,Neither unlikely or likely,Neither unlikely or likely,My productivity is about same when I work remotely,2.0,10.0,2.0,3.0,0.0,10.0,2.0,5.0,Neither agree nor disagree,Neither agree nor disagree,Neither agree nor disagree,Somewhat Positive,2021
168,1990,Female,Information Media and Telecommunications,Sales workers - Sales Support Workers,More than 200,No,Couple with dependent children,More than 5 years,Metro,30%,60%,40%,Somewhat agree,Somewhat agree,Strongly agree,Somewhat agree,Somewhat agree,40%,40%,Somewhat likely,Somewhat likely,Very likely,I’m 30% less productive when working remotely,1.5,8.0,2.0,3.5,0.0,6.0,5.0,3.0,Neither agree nor disagree,Somewhat disagree,Neither agree nor disagree,Somewhat Positive,2021
169,1987,Male,Arts and Recreation,Managers - Specialist Managers,More than 200,Yes,Couple with no dependent children,More than 5 years,Regional,30%,60%,20%,Strongly agree,Neither agree nor disagree,Somewhat agree,Strongly agree,Strongly agree,60%,60%,Somewhat likely,Somewhat likely,Somewhat likely,I’m 20% more productive when working remotely,1.0,8.0,3.0,3.0,0.5,8.0,4.0,4.0,Strongly agree,Strongly agree,Somewhat agree,Somewhat Positive,2021
170,1973,Male,Public Administration and Safety,"Professionals - Legal, Social and Welfare Professionals",More than 200,No,Single person,More than 5 years,Metro,20%,40%,30%,Somewhat agree,Neither agree nor disagree,Neither agree nor disagree,Somewhat disagree,Somewhat agree,20%,20%,Somewhat likely,Somewhat likely,Somewhat unlikely,I’m 40% less productive when working remotely,2.0,8.0,0.0,7.0,0.0,8.0,0.0,9.0,Somewhat agree,Somewhat agree,Somewhat disagree,Somewhat Positive,2021
171,1974,Male,"Professional, Scientific and Technical",Managers - Specialist Managers,More than 200,No,Couple with dependent children,Between 1 and 5 years,Regional,100% - I spent all of my time remote working,100% - All of my time,50% - I spent about half of my time remote working,Somewhat agree,Somewhat agree,Strongly agree,Somewhat agree,Strongly agree,100% - All of my time,100% - All of my time,Neither unlikely or likely,Neither unlikely or likely,Somewhat likely,I’m 20% more productive when working remotely,4.0,8.0,2.0,3.0,0.0,9.0,3.0,4.0,Strongly agree,Somewhat agree,Neither agree nor disagree,Somewhat Positive,2021
172,1985,Male,Construction,"Managers - Chief Executives, General Managers and Legislators",More than 200,No,Single person,Between 1 and 5 years,Metro,50% - I spent about half of my time remote working,70%,20%,Neither agree nor disagree,Somewhat agree,Somewhat agree,Somewhat agree,Somewhat agree,70%,70%,Somewhat unlikely,Neither unlikely or likely,Somewhat unlikely,My productivity is about same when I work remotely,1.0,9.0,2.0,4.0,0.5,9.5,2.0,4.0,Neither agree nor disagree,Somewhat agree,Neither agree nor disagree,Neither positive nor negative,2021
173,1992,Female,Construction,Clerical and administrative workers - Other Clerical and Administrative Workers,More than 200,No,Couple with dependent children,More than 5 years,Regional,Rarely or never,80%,Rarely or never,Strongly disagree,Somewhat agree,Somewhat disagree,Somewhat disagree,Strongly agree,80%,80%,Very unlikely,Very unlikely,Very unlikely,My productivity is about same when I work remotely,3.5,10.0,2.0,1.5,0.0,9.0,2.0,6.0,Strongly agree,Strongly agree,Somewhat disagree,Strongly Negative,2021
174,1983,Female,Financial and Insurance,Clerical and administrative workers - Other Clerical and Administrative Workers,More than 200,No,Single person,More than 5 years,Regional,80%,100% - All of my time,60%,Somewhat agree,Somewhat agree,Somewhat disagree,Somewhat agree,Somewhat agree,80%,80%,Somewhat unlikely,Somewhat likely,Somewhat likely,I’m 30% more productive when working remotely,1.0,7.5,,6.5,0.0,9.0,,6.0,Somewhat agree,Somewhat agree,Strongly agree,Somewhat Positive,2021
175,1976,Female,Retail Trade,"Managers - Chief Executives, General Managers and Legislators",Between 20 and 199,Yes,Single person,More than 5 years,Metro,10%,50% - About half of my time,10%,Somewhat disagree,Strongly agree,Strongly disagree,Somewhat agree,Somewhat disagree,50% - About half of my time,50% - About half of my time,Somewhat unlikely,Neither unlikely or likely,Somewhat likely,I’m 50% more productive when working remotely (or more),3.0,12.0,1.0,1.0,2.0,12.0,1.0,2.0,Neither agree nor disagree,Neither agree nor disagree,Somewhat agree,Somewhat Positive,2021
176,2001,Female,Education and Training,Professionals - Education Professionals,Between 20 and 199,Yes,Multiple family household,Between 1 and 5 years,Metro,50% - I spent about half of my time remote working,Less than 10% of my time,Rarely or never,Somewhat disagree,Somewhat disagree,Somewhat disagree,Somewhat disagree,Neither agree nor disagree,I would not have preferred to work remotely,Less than 10% of my time,Somewhat unlikely,Somewhat unlikely,Somewhat likely,I’m 10% less productive when working remotely,3.0,6.0,6.0,1.0,1.0,5.0,5.0,5.0,Neither agree nor disagree,Somewhat disagree,Strongly agree,Somewhat Positive,2021
177,1996,Male,"Professional, Scientific and Technical",Community and personal service workers - Protective Service Workers,More than 200,No,Single person,Between 1 and 5 years,Metro,Less than 10% of my time,Less than 10% of my time,Less than 10% of my time,Neither agree nor disagree,Neither agree nor disagree,Neither agree nor disagree,Somewhat agree,Strongly agree,Less than 10% of my time,Less than 10% of my time,Very unlikely,Very unlikely,Very unlikely,I’m 10% more productive when working remotely,2.0,8.0,3.0,5.0,2.0,8.0,2.0,5.0,Somewhat agree,Somewhat disagree,Somewhat agree,Neither positive nor negative,2021
178,1987,Male,"Electricity, Gas, Water and Waste",Professionals - Arts and Media Professionals,Between 5 and 19,No,Couple with no dependent children,Between 6 and 12 months,Metro,30%,40%,30%,Somewhat disagree,Somewhat disagree,Neither agree nor disagree,Strongly disagree,Somewhat agree,50% - About half of my time,70%,Somewhat likely,Somewhat likely,Neither unlikely or likely,I’m 10% more productive when working remotely,2.0,8.0,7.0,6.0,2.0,8.0,2.0,2.0,Neither agree nor disagree,Somewhat agree,Neither agree nor disagree,Somewhat Negative,2021
179,1973,Male,Public Administration and Safety,"Professionals - Design, Engineering, Science and Transport Professionals",Between 20 and 199,Yes,Couple with dependent children,More than 5 years,Metro,100% - I spent all of my time remote working,80%,80%,Neither agree nor disagree,Somewhat agree,Somewhat agree,Somewhat agree,Somewhat agree,100% - All of my time,100% - All of my time,Neither unlikely or likely,Neither unlikely or likely,Neither unlikely or likely,I’m 10% more productive when working remotely,2.0,8.0,3.0,3.0,1.0,8.0,3.0,4.0,Neither agree nor disagree,Somewhat agree,Somewhat agree,Somewhat Positive,2021
180,1963,Male,Other Services,"Professionals - Design, Engineering, Science and Transport Professionals",More than 200,No,Couple with dependent children,Between 1 and 5 years,Metro,Rarely or never,I would not have preferred to work remotely,Less than 10% of my time,Strongly disagree,Strongly disagree,Strongly disagree,Strongly disagree,Strongly disagree,I would not have preferred to work remotely,I would prefer not to work remotely,Somewhat unlikely,Somewhat unlikely,Somewhat unlikely,My productivity is about same when I work remotely,1.0,8.0,3.0,4.0,0.0,10.0,2.0,4.0,Neither agree nor disagree,Somewhat agree,Neither agree nor disagree,Neither positive nor negative,2021
181,1997,Female,Retail Trade,Technicians and trades workers - Skilled Animal and Horticultural Workers,Between 5 and 19,No,Other one family household,Between 1 and 5 years,Metro,20%,40%,50% - I spent about half of my time remote working,Neither agree nor disagree,Neither agree nor disagree,Somewhat agree,Strongly agree,Somewhat agree,40%,40%,Neither unlikely or likely,Neither unlikely or likely,Neither unlikely or likely,I’m 30% more productive when working remotely,3.0,7.5,3.5,2.0,0.5,8.0,4.0,3.5,Strongly agree,Strongly agree,Neither agree nor disagree,Somewhat Positive,2021
182,1986,Female,Public Administration and Safety,Managers - Specialist Managers,More than 200,Yes,Couple with dependent children,Between 1 and 5 years,Regional,40%,40%,10%,Strongly agree,Somewhat agree,Somewhat disagree,Strongly disagree,Strongly agree,40%,40%,Very unlikely,Somewhat unlikely,Very unlikely,My productivity is about same when I work remotely,1.0,8.5,6.0,2.0,0.0,8.0,6.0,3.0,Somewhat agree,Neither agree nor disagree,Neither agree nor disagree,Strongly Negative,2021
183,1981,Female,"Rental, Hiring and Real Estate",Sales workers - Sales Representatives and Agents,Between 20 and 199,No,Couple with dependent children,Between 6 and 12 months,Metro,90%,80%,90%,Neither agree nor disagree,Neither agree nor disagree,Neither agree nor disagree,Neither agree nor disagree,Neither agree nor disagree,60%,100% - All of my time,Neither unlikely or likely,Neither unlikely or likely,Neither unlikely or likely,I’m 10% more productive when working remotely,2.0,8.0,5.0,3.0,1.0,9.0,5.0,4.0,Neither agree nor disagree,Neither agree nor disagree,Neither agree nor disagree,Neither positive nor negative,2021
184,1988,Female,Retail Trade,"Managers - Chief Executives, General Managers and Legislators",More than 200,Yes,Couple with no dependent children,Between 1 and 5 years,Metro,70%,50% - About half of my time,20%,Neither agree nor disagree,Neither agree nor disagree,Neither agree nor disagree,Somewhat agree,Somewhat disagree,20%,20%,Somewhat unlikely,Somewhat unlikely,Somewhat unlikely,My productivity is about same when I work remotely,1.0,10.0,2.0,4.0,0.5,10.0,2.5,4.0,Somewhat agree,Neither agree nor disagree,Somewhat agree,Somewhat Positive,2021
185,1984,Female,"Professional, Scientific and Technical","Managers - Chief Executives, General Managers and Legislators",Between 20 and 199,Yes,Single person,More than 5 years,Regional,100% - I spent all of my time remote working,100% - All of my time,90%,Strongly disagree,Strongly agree,Somewhat agree,Strongly agree,Strongly agree,100% - All of my time,100% - All of my time,Very unlikely,Somewhat likely,Very likely,I’m 20% more productive when working remotely,6.0,8.0,1.0,2.0,1.0,8.0,1.0,6.0,Strongly agree,Strongly agree,Somewhat disagree,Strongly Positive,2021
186,1994,Female,Other Services,Professionals - Health Professionals,Between 1 and 4,No,One parent family with dependent children,More than 5 years,Metro,50% - I spent about half of my time remote working,50% - About half of my time,50% - I spent about half of my time remote working,Strongly agree,Somewhat disagree,Strongly agree,Strongly agree,Strongly disagree,20%,I would prefer not to work remotely,Very unlikely,Very likely,Very likely,I’m 50% less productive when working remotely (or worse),1.0,12.0,2.0,3.0,1.0,12.0,3.0,3.0,Somewhat disagree,Strongly disagree,Strongly agree,Somewhat Negative,2021
187,1990,Female,Financial and Insurance,"Professionals - Business, Human Resource and Marketing Professionals",Between 5 and 19,Yes,Couple with dependent children,More than 5 years,Metro,40%,60%,Rarely or never,Somewhat disagree,Neither agree nor disagree,Somewhat agree,Somewhat disagree,Somewhat agree,40%,40%,Very unlikely,Somewhat unlikely,Somewhat likely,I’m 10% more productive when working remotely,2.5,8.0,5.5,1.0,0.5,8.0,5.5,3.0,Strongly agree,Strongly agree,Neither agree nor disagree,Strongly Negative,2021
188,1980,Male,Construction,Technicians and trades workers - Other Technicians and Trades Workers,More than 200,No,Group household,Between 1 and 5 years,Metro,100% - I spent all of my time remote working,100% - All of my time,100% - I spent all of my time remote working,Strongly agree,Strongly agree,Strongly disagree,Strongly agree,Strongly agree,100% - All of my time,100% - All of my time,Neither unlikely or likely,Neither unlikely or likely,Neither unlikely or likely,I’m 30% more productive when working remotely,1.5,8.0,,7.0,0.5,8.0,2.0,6.0,Strongly agree,Strongly agree,Strongly disagree,Strongly Positive,2021
189,1997,Female,Administrative and Support,Technicians and trades workers - Construction Trades Workers,Between 1 and 4,No,Other one family household,Between 6 and 12 months,Regional,80%,50% - About half of my time,Rarely or never,Strongly agree,Strongly agree,Strongly agree,Strongly agree,Somewhat agree,I would not have preferred to work remotely,60%,Somewhat likely,Somewhat likely,Neither unlikely or likely,I’m 20% less productive when working remotely,2.0,8.0,3.0,5.0,0.5,8.0,3.0,5.0,Neither agree nor disagree,Neither agree nor disagree,Somewhat agree,Strongly Positive,2021
190,1979,Female,Education and Training,Professionals - Education Professionals,Between 5 and 19,Yes,Single person,More than 5 years,Metro,20%,100% - All of my time,20%,Strongly disagree,Strongly disagree,Strongly disagree,Strongly disagree,Strongly agree,100% - All of my time,100% - All of my time,Very unlikely,Very unlikely,Very unlikely,I’m 50% more productive when working remotely (or more),3.0,6.0,4.0,0.0,3.0,6.0,4.0,0.0,Strongly agree,Strongly agree,Strongly disagree,Strongly Negative,2021
191,1988,Male,Other Services,"Managers - Chief Executives, General Managers and Legislators",Between 20 and 199,Yes,Group household,More than 5 years,Metro,20%,10%,10%,Strongly agree,Somewhat agree,Strongly agree,Somewhat agree,Somewhat agree,10%,30%,Very likely,Very likely,Somewhat likely,I’m 20% more productive when working remotely,2.0,4.0,6.0,7.0,8.0,5.0,2.0,7.0,Somewhat disagree,Somewhat agree,Neither agree nor disagree,Strongly Negative,2021
192,1960,Female,"Professional, Scientific and Technical","Professionals - Design, Engineering, Science and Transport Professionals",More than 200,No,Couple with no dependent children,More than 5 years,Metro,80%,80%,60%,Somewhat agree,Neither agree nor disagree,Strongly agree,Somewhat agree,Somewhat agree,80%,80%,Somewhat unlikely,Neither unlikely or likely,Neither unlikely or likely,I’m 10% more productive when working remotely,2.0,7.5,3.5,4.0,0.5,8.0,4.5,4.0,Neither agree nor disagree,Somewhat agree,Strongly agree,Strongly Positive,2021
193,1974,Female,Financial and Insurance,Clerical and administrative workers - Numerical Clerks,Between 20 and 199,No,Couple with dependent children,More than 5 years,Metro,20%,100% - All of my time,Less than 10% of my time,Neither agree nor disagree,Somewhat agree,Somewhat agree,Somewhat agree,Somewhat disagree,100% - All of my time,100% - All of my time,Neither unlikely or likely,Somewhat likely,Somewhat likely,My productivity is about same when I work remotely,2.0,8.0,2.0,4.0,0.0,9.0,3.0,4.0,Neither agree nor disagree,Somewhat disagree,Somewhat agree,Neither positive nor negative,2021
194,2002,Female,Education and Training,Sales workers - Sales Support Workers,Between 5 and 19,Yes,Single person,Between 6 and 12 months,Metro,20%,30%,70%,Neither agree nor disagree,Neither agree nor disagree,Neither agree nor disagree,Somewhat disagree,Strongly agree,70%,40%,Somewhat likely,Neither unlikely or likely,Somewhat unlikely,I’m 40% more productive when working remotely,3.0,6.0,4.0,4.0,3.0,8.0,3.0,3.0,Neither agree nor disagree,Neither agree nor disagree,Neither agree nor disagree,Somewhat Positive,2021
195,2000,Female,"Professional, Scientific and Technical",Clerical and administrative workers - Other Clerical and Administrative Workers,More than 200,No,Other one family household,Between 1 and 5 years,Metro,50% - I spent about half of my time remote working,100% - All of my time,Rarely or never,Strongly disagree,Strongly disagree,Strongly disagree,Somewhat disagree,Somewhat agree,100% - All of my time,100% - All of my time,Very unlikely,Very unlikely,Very unlikely,I’m 20% more productive when working remotely,4.0,5.0,4.0,3.0,0.0,6.0,3.0,7.0,Somewhat agree,Somewhat agree,Somewhat disagree,Strongly Negative,2021
196,1980,Female,Information Media and Telecommunications,Professionals - ICT Professionals,More than 200,No,Group household,Between 6 and 12 months,Metro,10%,Less than 10% of my time,80%,Somewhat agree,Somewhat agree,Somewhat agree,Somewhat agree,Strongly agree,Less than 10% of my time,100% - All of my time,Very likely,Somewhat likely,Somewhat likely,I’m 10% less productive when working remotely,2.0,8.0,2.0,4.0,0.0,8.0,4.0,4.0,Somewhat agree,Somewhat agree,Somewhat agree,Somewhat Positive,2021
197,1974,Female,Retail Trade,"Managers - Hospitality, Retail and Service Managers",More than 200,Yes,Single person,More than 5 years,Metro,Rarely or never,100% - All of my time,Rarely or never,Neither agree nor disagree,Neither agree nor disagree,Neither agree nor disagree,Neither agree nor disagree,Neither agree nor disagree,50% - About half of my time,I would prefer not to work remotely,Very unlikely,Very unlikely,Very unlikely,I’m 10% less productive when working remotely,3.0,7.0,6.0,3.0,4.0,9.0,4.0,3.0,Neither agree nor disagree,Somewhat disagree,Somewhat agree,Strongly Positive,2021
198,1972,Female,Information Media and Telecommunications,"Professionals - Business, Human Resource and Marketing Professionals",Between 20 and 199,No,Couple with dependent children,More than 5 years,Metro,100% - I spent all of my time remote working,100% - All of my time,100% - I spent all of my time remote working,Strongly agree,Strongly agree,Strongly agree,Strongly agree,Strongly agree,100% - All of my time,100% - All of my time,Somewhat likely,Somewhat likely,Somewhat likely,I’m 50% more productive when working remotely (or more),2.0,8.0,3.0,3.0,0.0,7.0,3.0,5.0,Somewhat agree,Neither agree nor disagree,Neither agree nor disagree,Strongly Positive,2021
199,1973,Female,Retail Trade,Sales workers - Sales Assistants and Salespersons,More than 200,No,One parent family with dependent children,Between 1 and 5 years,Regional,Less than 10% of my time,Less than 10% of my time,Less than 10% of my time,Neither agree nor disagree,Neither agree nor disagree,Neither agree nor disagree,Neither agree nor disagree,Somewhat agree,Less than 10% of my time,Less than 10% of my time,Neither unlikely or likely,Neither unlikely or likely,Neither unlikely or likely,My productivity is about same when I work remotely,2.0,5.0,6.0,3.0,0.0,1.0,7.0,8.0,Neither agree nor disagree,Somewhat disagree,Somewhat agree,Neither positive nor negative,2021
200,1996,Male,"Professional, Scientific and Technical",Professionals - ICT Professionals,Between 20 and 199,No,Couple with no dependent children,Between 6 and 12 months,Metro,30%,30%,Rarely or never,Somewhat disagree,Neither agree nor disagree,Strongly disagree,Strongly disagree,Somewhat agree,30%,70%,Somewhat likely,Somewhat unlikely,Somewhat likely,I’m 50% more productive when working remotely (or more),2.0,9.0,2.0,3.0,2.0,9.0,2.0,3.0,Somewhat agree,Somewhat disagree,Strongly disagree,Somewhat Positive,2021
201,1984,Female,"Professional, Scientific and Technical","Professionals - Business, Human Resource and Marketing Professionals",Between 5 and 19,No,Group household,More than 5 years,Metro,80%,80%,60%,Strongly agree,Somewhat agree,Somewhat agree,Strongly agree,Somewhat agree,60%,50% - About half of my time,Somewhat likely,Somewhat likely,Somewhat likely,I’m 40% more productive when working remotely,3.0,8.0,4.0,3.0,1.0,9.0,4.0,3.0,Somewhat agree,Strongly agree,Neither agree nor disagree,Strongly Positive,2021
202,1971,Female,Administrative and Support,Clerical and administrative workers - Personal Assistants and Secretaries,Between 1 and 4,No,Couple with no dependent children,More than 5 years,Metro,100% - I spent all of my time remote working,100% - All of my time,100% - I spent all of my time remote working,Strongly agree,Strongly agree,Strongly agree,Strongly agree,Strongly agree,100% - All of my time,100% - All of my time,Very likely,Very likely,Very likely,I’m 50% more productive when working remotely (or more),2.0,5.0,4.0,5.0,0.5,5.0,5.0,5.5,Strongly agree,Strongly agree,Strongly disagree,Strongly Positive,2021
203,1977,Female,Arts and Recreation,Professionals - Arts and Media Professionals,Between 1 and 4,No,Couple with dependent children,More than 5 years,Regional,100% - I spent all of my time remote working,100% - All of my time,100% - I spent all of my time remote working,Strongly agree,Strongly agree,Strongly agree,Strongly agree,Strongly agree,100% - All of my time,100% - All of my time,Neither unlikely or likely,Neither unlikely or likely,Very likely,I’m 50% more productive when working remotely (or more),0.0,9.0,3.0,4.0,0.0,9.0,4.0,3.0,Strongly agree,Neither agree nor disagree,Neither agree nor disagree,Strongly Positive,2021
204,1974,Male,Public Administration and Safety,Clerical and administrative workers - Office Managers and Program Administrators,More than 200,Yes,Couple with no dependent children,More than 5 years,Metro,100% - I spent all of my time remote working,80%,100% - I spent all of my time remote working,Strongly agree,Somewhat agree,Strongly agree,Strongly agree,Somewhat agree,80%,80%,Somewhat likely,Somewhat likely,Somewhat likely,I’m 10% more productive when working remotely,0.0,7.0,2.0,7.0,0.0,7.0,2.0,7.0,Somewhat agree,Somewhat agree,Somewhat agree,Strongly Positive,2021
205,1958,Male,Other Services,"Managers - Chief Executives, General Managers and Legislators",Between 1 and 4,Yes,Couple with no dependent children,More than 5 years,Metro,Less than 10% of my time,20%,20%,Somewhat disagree,Strongly disagree,Neither agree nor disagree,Somewhat disagree,Neither agree nor disagree,20%,20%,Neither unlikely or likely,Neither unlikely or likely,Neither unlikely or likely,My productivity is about same when I work remotely,1.0,7.0,3.0,6.0,0.0,7.0,3.0,6.0,Neither agree nor disagree,Somewhat agree,Somewhat agree,Strongly Positive,2021
206,1984,Female,"Professional, Scientific and Technical","Professionals - Design, Engineering, Science and Transport Professionals",Between 20 and 199,Yes,Couple with dependent children,Between 1 and 5 years,Metro,20%,I would not have preferred to work remotely,Less than 10% of my time,Somewhat agree,Somewhat agree,Neither agree nor disagree,Neither agree nor disagree,Strongly agree,10%,I would prefer not to work remotely,Somewhat likely,Neither unlikely or likely,Somewhat likely,I’m 40% more productive when working remotely,2.0,8.0,2.0,4.0,3.0,8.0,3.0,2.0,Somewhat agree,Somewhat agree,Neither agree nor disagree,Somewhat Positive,2021
207,1957,Female,Financial and Insurance,Clerical and administrative workers - Clerical and Office Support Workers,More than 200,No,Single person,More than 5 years,Metro,100% - I spent all of my time remote working,100% - All of my time,100% - I spent all of my time remote working,Strongly agree,Somewhat agree,Somewhat agree,Somewhat agree,Somewhat agree,100% - All of my time,100% - All of my time,Somewhat likely,Somewhat likely,Somewhat likely,My productivity is about same when I work remotely,0.0,8.0,0.0,4.0,0.0,8.0,1.0,3.0,Strongly agree,Somewhat agree,Somewhat disagree,Strongly Positive,2021
208,1989,Male,Information Media and Telecommunications,Professionals - ICT Professionals,Between 5 and 19,Yes,Couple with no dependent children,Between 6 and 12 months,Metro,60%,80%,50% - I spent about half of my time remote working,Strongly agree,Strongly agree,Strongly agree,Strongly agree,Strongly agree,50% - About half of my time,40%,Somewhat likely,Somewhat likely,Somewhat likely,I’m 50% more productive when working remotely (or more),2.0,4.0,1.0,5.0,1.0,8.0,2.0,4.0,Strongly agree,Strongly agree,Strongly agree,Strongly Positive,2021
209,1988,Female,"Agriculture, Forestry and Fishing",Community and personal service workers - Health and Welfare Support Workers,I am a sole trader/owner-operator,No,Couple with no dependent children,Between 6 and 12 months,Regional,20%,20%,50% - I spent about half of my time remote working,Neither agree nor disagree,Somewhat agree,Somewhat disagree,Neither agree nor disagree,Neither agree nor disagree,30%,30%,Somewhat likely,Very unlikely,Neither unlikely or likely,I’m 30% more productive when working remotely,20.0,,,,20.0,,,,Somewhat disagree,Neither agree nor disagree,Strongly disagree,Somewhat Positive,2021
210,1990,Male,Information Media and Telecommunications,"Managers - Chief Executives, General Managers and Legislators",Between 20 and 199,Yes,Single person,Between 6 and 12 months,Metro,20%,40%,60%,Somewhat agree,Somewhat disagree,Neither agree nor disagree,Neither agree nor disagree,Somewhat disagree,80%,70%,Somewhat likely,Somewhat unlikely,Somewhat likely,I’m 20% more productive when working remotely,4.0,3.0,3.0,3.0,4.0,4.0,4.0,4.0,Neither agree nor disagree,Somewhat disagree,Strongly disagree,Neither positive nor negative,2021
211,1974,Female,Wholesale Trade,Clerical and administrative workers - Personal Assistants and Secretaries,Between 20 and 199,No,Couple with dependent children,Between 1 and 5 years,Metro,60%,100% - All of my time,50% - I spent about half of my time remote working,Neither agree nor disagree,Somewhat disagree,Somewhat disagree,Somewhat agree,Somewhat agree,50% - About half of my time,50% - About half of my time,Neither unlikely or likely,Neither unlikely or likely,Neither unlikely or likely,My productivity is about same when I work remotely,3.0,8.0,2.0,3.0,0.0,10.0,4.0,4.0,Neither agree nor disagree,Neither agree nor disagree,Strongly agree,Somewhat Positive,2021
212,1990,Female,Information Media and Telecommunications,Professionals - ICT Professionals,More than 200,No,Couple with dependent children,More than 5 years,Metro,10%,20%,20%,Somewhat disagree,Somewhat agree,Strongly agree,Somewhat disagree,Strongly disagree,10%,Less than 10% of my time,Neither unlikely or likely,Somewhat likely,Very unlikely,I’m 20% more productive when working remotely,2.0,8.0,1.0,6.0,1.0,6.0,3.0,6.0,Neither agree nor disagree,Somewhat agree,Strongly agree,Strongly Positive,2021
213,1964,Male,Arts and Recreation,Managers - Specialist Managers,Between 5 and 19,Yes,Couple with dependent children,Between 1 and 5 years,Metro,10%,30%,10%,Somewhat disagree,Somewhat disagree,Somewhat disagree,Somewhat disagree,Somewhat agree,30%,40%,Somewhat unlikely,Somewhat unlikely,Somewhat unlikely,I’m 30% more productive when working remotely,3.5,8.0,2.0,2.5,0.5,8.5,3.0,4.0,Somewhat disagree,Somewhat agree,Somewhat agree,Somewhat Negative,2021
214,1960,Male,Financial and Insurance,"Professionals - Business, Human Resource and Marketing Professionals",I am a sole trader/owner-operator,No,Single person,More than 5 years,Metro,100% - I spent all of my time remote working,100% - All of my time,100% - I spent all of my time remote working,Strongly agree,Strongly agree,Strongly agree,Strongly agree,Strongly disagree,100% - All of my time,100% - All of my time,Very likely,Neither unlikely or likely,Neither unlikely or likely,I’m 30% more productive when working remotely,1.0,5.0,2.0,8.0,1.0,5.0,2.0,8.0,Somewhat agree,Somewhat disagree,Strongly disagree,Strongly Positive,2021
215,1996,Female,Information Media and Telecommunications,Managers - Specialist Managers,More than 200,Yes,Couple with no dependent children,Between 1 and 5 years,Metro,10%,50% - About half of my time,90%,Somewhat agree,Strongly agree,Somewhat agree,Strongly agree,Somewhat agree,80%,80%,Somewhat unlikely,Very likely,Somewhat likely,I’m 20% more productive when working remotely,2.5,8.0,1.5,4.0,0.5,9.0,1.5,5.0,Neither agree nor disagree,Strongly agree,Somewhat agree,Strongly Positive,2021
216,1963,Female,"Professional, Scientific and Technical",Professionals - Health Professionals,More than 200,No,Couple with no dependent children,More than 5 years,Regional,100% - I spent all of my time remote working,100% - All of my time,20%,Somewhat agree,Strongly agree,Somewhat agree,Somewhat agree,Strongly agree,100% - All of my time,100% - All of my time,Somewhat unlikely,Somewhat unlikely,Somewhat unlikely,I’m 20% more productive when working remotely,5.0,8.0,0.5,2.5,0.5,9.0,1.0,5.5,Strongly agree,Strongly agree,Somewhat disagree,Somewhat Negative,2021
217,1970,Male,Information Media and Telecommunications,"Professionals - Design, Engineering, Science and Transport Professionals",Between 5 and 19,No,Couple with dependent children,More than 5 years,Metro,60%,80%,60%,Neither agree nor disagree,Strongly agree,Strongly agree,Strongly agree,Strongly agree,80%,80%,Neither unlikely or likely,Neither unlikely or likely,Somewhat likely,My productivity is about same when I work remotely,2.0,7.0,3.0,4.0,0.0,7.0,4.0,5.0,Neither agree nor disagree,Neither agree nor disagree,Neither agree nor disagree,Strongly Positive,2021
218,1987,Female,"Electricity, Gas, Water and Waste",Sales workers - Sales Assistants and Salespersons,I am a sole trader/owner-operator,No,One parent family with dependent children,Between 6 and 12 months,Metro,30%,30%,20%,Neither agree nor disagree,Somewhat disagree,Somewhat agree,Neither agree nor disagree,Somewhat agree,20%,30%,Somewhat likely,Neither unlikely or likely,Very unlikely,I’m 20% more productive when working remotely,3.0,7.0,6.0,5.0,3.0,6.0,5.0,7.0,Somewhat agree,Somewhat agree,Neither agree nor disagree,Somewhat Negative,2021
219,1980,Female,Financial and Insurance,"Professionals - Business, Human Resource and Marketing Professionals",More than 200,No,Couple with dependent children,Between 1 and 5 years,Metro,50% - I spent about half of my time remote working,50% - About half of my time,50% - I spent about half of my time remote working,Somewhat agree,Somewhat agree,Somewhat agree,Somewhat agree,Somewhat agree,50% - About half of my time,40%,Neither unlikely or likely,Neither unlikely or likely,Neither unlikely or likely,I’m 50% more productive when working remotely (or more),2.0,8.0,3.0,3.0,4.0,8.0,2.0,4.0,Neither agree nor disagree,Neither agree nor disagree,Somewhat agree,Somewhat Positive,2021
220,1978,Female,Financial and Insurance,Managers - Specialist Managers,More than 200,Yes,Couple with dependent children,Between 1 and 5 years,Metro,90%,90%,50% - I spent about half of my time remote working,Somewhat agree,Somewhat agree,Somewhat agree,Somewhat agree,Somewhat agree,60%,100% - All of my time,Somewhat likely,Somewhat likely,Somewhat likely,I’m 30% more productive when working remotely,2.0,8.0,4.0,2.0,0.0,11.0,3.0,2.0,Somewhat agree,Somewhat agree,Somewhat agree,Somewhat Positive,2021
221,1994,Female,"Transport, Postal and Warehousing",Clerical and administrative workers - General Clerical Workers,Between 20 and 199,Yes,One parent family with dependent children,Between 1 and 5 years,Metro,60%,50% - About half of my time,30%,Strongly agree,Strongly agree,Somewhat agree,Somewhat agree,Strongly agree,50% - About half of my time,50% - About half of my time,Very unlikely,Very unlikely,Very unlikely,I’m 50% more productive when working remotely (or more),2.0,8.0,2.0,4.0,0.0,8.0,3.0,4.0,Strongly agree,Strongly agree,Strongly disagree,Somewhat Positive,2021
222,1964,Male,"Professional, Scientific and Technical",Sales workers - Sales Representatives and Agents,Between 20 and 199,No,Couple with no dependent children,More than 5 years,Metro,20%,20%,20%,Somewhat agree,Strongly agree,Somewhat agree,Strongly agree,Somewhat disagree,20%,20%,Neither unlikely or likely,Somewhat likely,Somewhat likely,My productivity is about same when I work remotely,3.0,9.0,2.0,3.0,0.5,9.0,2.0,5.5,Neither agree nor disagree,Somewhat disagree,Somewhat agree,Strongly Positive,2021
223,1987,Male,Retail Trade,Community and personal service workers - Hospitality Workers,Between 1 and 4,No,One parent family with dependent children,Between 6 and 12 months,Metro,20%,20%,20%,Somewhat agree,Somewhat disagree,Somewhat disagree,Somewhat disagree,Somewhat disagree,30%,70%,Neither unlikely or likely,Very unlikely,Somewhat likely,I’m 40% more productive when working remotely,1.0,8.0,4.0,6.0,2.0,7.0,3.0,6.0,Somewhat disagree,Neither agree nor disagree,Neither agree nor disagree,Somewhat Positive,2021
224,1973,Male,"Professional, Scientific and Technical",Professionals - ICT Professionals,More than 200,No,Couple with no dependent children,More than 5 years,Metro,100% - I spent all of my time remote working,100% - All of my time,100% - I spent all of my time remote working,Neither agree nor disagree,Somewhat agree,Somewhat disagree,Strongly agree,Somewhat agree,100% - All of my time,80%,Neither unlikely or likely,Neither unlikely or likely,Very likely,My productivity is about same when I work remotely,2.0,8.5,1.0,5.0,0.0,8.5,1.0,7.0,Strongly agree,Strongly agree,Neither agree nor disagree,Strongly Positive,2021
225,1990,Female,Information Media and Telecommunications,Professionals - ICT Professionals,More than 200,Yes,Couple with dependent children,More than 5 years,Metro,10%,10%,10%,Strongly agree,Strongly agree,Strongly agree,Strongly agree,Strongly agree,20%,10%,Very likely,Somewhat likely,Very likely,I’m 30% more productive when working remotely,8.0,2.0,2.0,6.0,2.0,9.0,3.0,4.0,Somewhat agree,Strongly agree,Strongly agree,Strongly Positive,2021
226,1958,Female,Health Care and Social Assistance,Technicians and trades workers - Other Technicians and Trades Workers,More than 200,No,Couple with no dependent children,More than 5 years,Regional,100% - I spent all of my time remote working,100% - All of my time,100% - I spent all of my time remote working,Somewhat agree,Strongly agree,Strongly agree,Strongly agree,Somewhat agree,100% - All of my time,100% - All of my time,Very likely,Very likely,Very likely,My productivity is about same when I work remotely,0.5,4.0,3.0,6.5,0.0,4.0,3.0,7.0,Somewhat agree,Somewhat agree,Neither agree nor disagree,Strongly Positive,2021
227,1969,Female,Health Care and Social Assistance,Community and personal service workers - Health and Welfare Support Workers,More than 200,No,Couple with dependent children,Between 1 and 5 years,Metro,50% - I spent about half of my time remote working,50% - About half of my time,50% - I spent about half of my time remote working,Somewhat agree,Somewhat agree,Somewhat agree,Somewhat agree,Somewhat agree,50% - About half of my time,40%,Neither unlikely or likely,Neither unlikely or likely,Neither unlikely or likely,My productivity is about same when I work remotely,2.0,6.0,4.0,4.0,0.0,6.0,4.0,6.0,Neither agree nor disagree,Neither agree nor disagree,Somewhat disagree,Neither positive nor negative,2021
228,1979,Male,Financial and Insurance,"Managers - Chief Executives, General Managers and Legislators",More than 200,Yes,Couple with no dependent children,More than 5 years,Metro,50% - I spent about half of my time remote working,50% - About half of my time,50% - I spent about half of my time remote working,Somewhat agree,Somewhat agree,Somewhat disagree,Somewhat agree,Somewhat disagree,50% - About half of my time,50% - About half of my time,Somewhat likely,Somewhat likely,Somewhat likely,I’m 50% more productive when working remotely (or more),3.0,8.0,3.0,2.0,0.0,8.0,3.0,5.0,Somewhat agree,Somewhat agree,Somewhat agree,Somewhat Positive,2021
229,1991,Female,Manufacturing,"Managers - Chief Executives, General Managers and Legislators",Between 20 and 199,Yes,Couple with no dependent children,More than 5 years,Metro,100% - I spent all of my time remote working,100% - All of my time,60%,Strongly agree,Strongly agree,Strongly agree,Somewhat agree,Somewhat agree,50% - About half of my time,70%,Very likely,Very likely,Very likely,I’m 20% more productive when working remotely,1.0,9.0,,5.0,2.0,8.0,1.0,3.0,Somewhat agree,Somewhat agree,Strongly agree,Somewhat Positive,2021
230,1985,Male,Manufacturing,Sales workers - Sales Representatives and Agents,Between 5 and 19,No,Single person,Between 6 and 12 months,Metro,10%,20%,10%,Somewhat agree,Somewhat agree,Somewhat agree,Strongly agree,Strongly agree,20%,30%,Somewhat unlikely,Somewhat likely,Somewhat likely,I’m 30% more productive when working remotely,5.0,5.0,5.0,5.0,5.0,5.0,5.0,5.0,Neither agree nor disagree,Somewhat agree,Somewhat agree,Somewhat Positive,2021
231,1988,Male,Other Services,Labourers - Other Labourers,More than 200,No,Single person,More than 5 years,Metro,10%,80%,20%,Somewhat agree,Neither agree nor disagree,Somewhat agree,Neither agree nor disagree,Neither agree nor disagree,80%,50% - About half of my time,Somewhat unlikely,Somewhat unlikely,Very unlikely,I’m 50% more productive when working remotely (or more),2.0,10.0,3.0,3.0,0.5,6.0,5.0,4.0,Strongly agree,Strongly agree,Neither agree nor disagree,Neither positive nor negative,2021
232,1961,Female,Construction,Clerical and administrative workers - Numerical Clerks,Between 1 and 4,No,Couple with no dependent children,More than 5 years,Metro,100% - I spent all of my time remote working,100% - All of my time,100% - I spent all of my time remote working,Strongly agree,Somewhat agree,Somewhat disagree,Strongly agree,Strongly agree,100% - All of my time,90%,Very likely,Very likely,Very likely,My productivity is about same when I work remotely,1.0,7.0,3.0,5.0,1.0,7.0,3.0,5.0,Neither agree nor disagree,Neither agree nor disagree,Neither agree nor disagree,Somewhat Positive,2021
233,1970,Female,Administrative and Support,Clerical and administrative workers - Clerical and Office Support Workers,Between 20 and 199,No,One parent family with dependent children,Between 6 and 12 months,Metro,100% - I spent all of my time remote working,100% - All of my time,100% - I spent all of my time remote working,Somewhat agree,Strongly agree,Somewhat agree,Somewhat agree,Strongly agree,100% - All of my time,100% - All of my time,Somewhat likely,Somewhat likely,Somewhat likely,I’m 40% less productive when working remotely,2.0,7.0,3.0,5.0,2.0,7.0,5.0,3.0,Neither agree nor disagree,Strongly agree,Somewhat agree,Somewhat Positive,2021
234,1982,Female,Financial and Insurance,"Professionals - Business, Human Resource and Marketing Professionals",More than 200,Yes,Couple with no dependent children,Between 1 and 5 years,Metro,100% - I spent all of my time remote working,80%,100% - I spent all of my time remote working,Strongly agree,Strongly agree,Strongly agree,Somewhat agree,Strongly agree,100% - All of my time,90%,Very unlikely,Somewhat unlikely,Very unlikely,I’m 50% more productive when working remotely (or more),2.5,9.0,2.5,3.0,0.5,8.0,2.0,5.5,Strongly agree,Strongly agree,Somewhat disagree,Neither positive nor negative,2021
235,1980,Male,Construction,Managers - Farmers and Farm Managers,More than 200,Yes,Couple with dependent children,More than 5 years,Metro,40%,40%,30%,Somewhat agree,Strongly agree,Neither agree nor disagree,Somewhat agree,Strongly agree,20%,10%,Somewhat unlikely,Somewhat likely,Somewhat likely,I’m 30% more productive when working remotely,10.0,3.0,11.0,,3.0,2.0,12.0,5.0,Neither agree nor disagree,Strongly agree,Somewhat agree,Neither positive nor negative,2021
236,1986,Female,Other Services,Technicians and trades workers - Other Technicians and Trades Workers,Between 1 and 4,Yes,Couple with no dependent children,More than 5 years,Regional,100% - I spent all of my time remote working,100% - All of my time,100% - I spent all of my time remote working,Somewhat agree,Strongly agree,Strongly agree,Somewhat agree,Somewhat agree,100% - All of my time,80%,Neither unlikely or likely,Neither unlikely or likely,Very likely,I’m 20% more productive when working remotely,1.0,6.0,5.0,4.0,1.0,5.0,4.0,5.0,Strongly agree,Somewhat agree,Somewhat agree,Somewhat Positive,2021
237,1991,Male,"Professional, Scientific and Technical","Professionals - Business, Human Resource and Marketing Professionals",Between 20 and 199,Yes,Group household,More than 5 years,Metro,80%,80%,60%,Strongly disagree,Strongly disagree,Neither agree nor disagree,Strongly agree,Neither agree nor disagree,70%,60%,Neither unlikely or likely,Very unlikely,Very likely,I’m 10% more productive when working remotely,2.0,9.0,2.0,3.0,0.0,12.0,2.0,2.0,Somewhat agree,Strongly agree,Strongly agree,Strongly Positive,2021
238,1986,Male,Education and Training,Professionals - Education Professionals,Between 20 and 199,No,One parent family with dependent children,Between 1 and 5 years,Metro,60%,70%,60%,Neither agree nor disagree,Somewhat agree,Neither agree nor disagree,Somewhat agree,Somewhat agree,70%,60%,Very likely,Very likely,Somewhat likely,My productivity is about same when I work remotely,3.0,8.0,2.0,3.0,1.0,10.0,3.0,3.0,Somewhat agree,Somewhat agree,Strongly agree,Neither positive nor negative,2021
239,2001,Female,"Agriculture, Forestry and Fishing",Professionals - Education Professionals,Between 5 and 19,Yes,Other one family household,Between 6 and 12 months,Regional,10%,10%,20%,Neither agree nor disagree,Somewhat disagree,Somewhat disagree,Somewhat disagree,Somewhat disagree,20%,10%,Neither unlikely or likely,Somewhat unlikely,Neither unlikely or likely,I’m 10% more productive when working remotely,1.0,14.0,2.0,2.0,1.0,6.0,7.0,4.0,Neither agree nor disagree,Neither agree nor disagree,Somewhat disagree,Somewhat Positive,2021
240,1980,Male,Construction,"Professionals - Business, Human Resource and Marketing Professionals",More than 200,Yes,One parent family with dependent children,More than 5 years,Metro,10%,20%,30%,Somewhat agree,Somewhat agree,Somewhat agree,Somewhat agree,Neither agree nor disagree,10%,10%,Very likely,Somewhat likely,Somewhat likely,I’m 30% more productive when working remotely,3.0,3.0,5.0,4.0,,8.0,,7.0,Somewhat agree,Neither agree nor disagree,Strongly agree,Neither positive nor negative,2021
241,1970,Male,Information Media and Telecommunications,"Managers - Hospitality, Retail and Service Managers",Between 20 and 199,Yes,Couple with dependent children,Between 1 and 5 years,Metro,40%,50% - About half of my time,40%,Strongly agree,Strongly agree,Strongly agree,Strongly agree,Somewhat agree,50% - About half of my time,20%,Very likely,Very likely,Somewhat likely,I’m 30% more productive when working remotely,6.0,2.0,4.0,4.0,8.0,2.0,2.0,3.0,Strongly agree,Strongly agree,Somewhat agree,Strongly Positive,2021
242,1983,Female,"Transport, Postal and Warehousing",Clerical and administrative workers - Other Clerical and Administrative Workers,Between 5 and 19,No,One parent family with dependent children,Between 6 and 12 months,Regional,Less than 10% of my time,Less than 10% of my time,Less than 10% of my time,Somewhat disagree,Strongly disagree,Somewhat agree,Strongly disagree,Somewhat disagree,10%,20%,Somewhat unlikely,Somewhat unlikely,Somewhat likely,I’m 50% more productive when working remotely (or more),1.0,9.0,5.0,3.0,1.0,9.0,4.0,3.0,Strongly agree,Strongly agree,Neither agree nor disagree,Somewhat Negative,2021
243,1978,Male,Financial and Insurance,Managers - Specialist Managers,Between 20 and 199,Yes,Couple with dependent children,Between 1 and 5 years,Metro,30%,50% - About half of my time,30%,Strongly agree,Strongly agree,Strongly agree,Somewhat agree,Somewhat agree,30%,Less than 10% of my time,Very likely,Very likely,Somewhat likely,I’m 30% more productive when working remotely,2.0,8.0,4.0,2.0,2.0,8.0,4.0,2.0,Somewhat agree,Strongly agree,Strongly agree,Strongly Positive,2021
244,1962,Female,Manufacturing,Managers - Specialist Managers,More than 200,Yes,Couple with no dependent children,Between 1 and 5 years,Regional,Rarely or never,I would not have preferred to work remotely,Rarely or never,Strongly disagree,Strongly agree,Strongly disagree,Neither agree nor disagree,Strongly disagree,I would not have preferred to work remotely,I would prefer not to work remotely,Very unlikely,Very unlikely,Very unlikely,I’m 50% more productive when working remotely (or more),1.0,12.0,4.0,0.0,0.0,15.0,3.0,0.0,Strongly disagree,Strongly disagree,Strongly disagree,Neither positive nor negative,2021
245,1994,Female,Retail Trade,Managers - Specialist Managers,Between 20 and 199,Yes,Couple with dependent children,Between 1 and 5 years,Metro,50% - I spent about half of my time remote working,70%,50% - I spent about half of my time remote working,Somewhat agree,Somewhat agree,Somewhat disagree,Somewhat disagree,Somewhat agree,90%,60%,Somewhat likely,Somewhat likely,Somewhat unlikely,My productivity is about same when I work remotely,1.0,8.0,5.0,2.0,1.0,8.0,5.0,3.0,Strongly agree,Strongly agree,Strongly agree,Somewhat Positive,2021
246,1979,Male,Financial and Insurance,Managers - Specialist Managers,Between 20 and 199,Yes,One parent family with dependent children,Between 1 and 5 years,Metro,30%,30%,30%,Strongly agree,Somewhat agree,Somewhat agree,Strongly agree,Somewhat agree,30%,Less than 10% of my time,Somewhat likely,Somewhat likely,Very likely,I’m 30% more productive when working remotely,2.0,8.0,4.0,2.0,2.0,8.0,4.0,2.0,Somewhat agree,Strongly agree,Strongly agree,Strongly Positive,2021
247,1964,Female,Financial and Insurance,Clerical and administrative workers - Clerical and Office Support Workers,Between 20 and 199,No,Single person,More than 5 years,Metro,50% - I spent about half of my time remote working,50% - About half of my time,50% - I spent about half of my time remote working,Somewhat disagree,Somewhat disagree,Somewhat disagree,Somewhat disagree,Somewhat disagree,50% - About half of my time,50% - About half of my time,Very unlikely,Very unlikely,Very unlikely,I’m 20% less productive when working remotely,2.0,8.0,2.0,4.0,1.0,8.0,3.0,4.0,Somewhat agree,Strongly disagree,Strongly agree,Somewhat Positive,2021
248,1964,Female,Financial and Insurance,Clerical and administrative workers - Clerical and Office Support Workers,Between 5 and 19,No,Couple with dependent children,More than 5 years,Metro,Less than 10% of my time,Less than 10% of my time,Less than 10% of my time,Somewhat agree,Somewhat agree,Somewhat agree,Somewhat agree,Somewhat agree,20%,20%,Somewhat likely,Somewhat likely,Somewhat likely,My productivity is about same when I work remotely,1.0,8.0,3.0,4.0,0.0,8.0,4.0,4.0,Somewhat agree,Neither agree nor disagree,Somewhat agree,Somewhat Positive,2021
249,1965,Female,Financial and Insurance,Clerical and administrative workers - General Clerical Workers,Between 20 and 199,No,Single person,More than 5 years,Metro,60%,70%,60%,Neither agree nor disagree,Somewhat agree,Somewhat agree,Somewhat agree,Somewhat agree,70%,70%,Neither unlikely or likely,Somewhat likely,Somewhat likely,I’m 20% more productive when working remotely,1.0,8.0,3.0,4.0,0.0,8.0,4.0,4.0,Somewhat agree,Somewhat agree,Neither agree nor disagree,Somewhat Positive,2021
250,1996,Female,Health Care and Social Assistance,Professionals - Health Professionals,Between 5 and 19,No,Couple with no dependent children,Between 6 and 12 months,Metro,70%,70%,70%,Somewhat agree,Neither agree nor disagree,Strongly agree,Somewhat agree,Strongly agree,80%,70%,Somewhat likely,Somewhat likely,Somewhat likely,I’m 10% less productive when working remotely,2.0,8.0,1.0,5.0,0.0,8.0,2.0,5.0,Somewhat agree,Somewhat agree,Somewhat agree,Somewhat Positive,2021
251,1964,Female,Wholesale Trade,Clerical and administrative workers - Clerical and Office Support Workers,More than 200,No,Couple with dependent children,More than 5 years,Metro,100% - I spent all of my time remote working,50% - About half of my time,50% - I spent about half of my time remote working,Strongly agree,Strongly agree,Neither agree nor disagree,Strongly agree,Somewhat agree,50% - About half of my time,50% - About half of my time,Somewhat likely,Neither unlikely or likely,Somewhat likely,My productivity is about same when I work remotely,1.0,8.0,4.0,3.0,1.0,8.0,4.0,3.0,Neither agree nor disagree,Somewhat agree,Strongly agree,Strongly Positive,2021
252,1985,Female,Other Services,"Professionals - Business, Human Resource and Marketing Professionals",Between 20 and 199,Yes,Couple with dependent children,More than 5 years,Metro,80%,90%,90%,Somewhat disagree,Strongly agree,Somewhat agree,Somewhat agree,Strongly agree,90%,100% - All of my time,Somewhat likely,Neither unlikely or likely,Somewhat likely,My productivity is about same when I work remotely,3.0,9.0,2.0,3.0,0.5,10.0,3.0,4.0,Strongly agree,Somewhat disagree,Somewhat agree,Somewhat Positive,2021
253,1980,Male,Information Media and Telecommunications,"Managers - Chief Executives, General Managers and Legislators",More than 200,Yes,Couple with dependent children,More than 5 years,Metro,100% - I spent all of my time remote working,100% - All of my time,100% - I spent all of my time remote working,Strongly agree,Strongly agree,Strongly agree,Strongly agree,Strongly agree,100% - All of my time,100% - All of my time,Very likely,Very likely,Very likely,I’m 50% more productive when working remotely (or more),4.0,5.0,5.0,5.0,5.0,5.0,5.0,5.0,Strongly agree,Strongly agree,Strongly agree,Strongly Positive,2021
254,1993,Female,Health Care and Social Assistance,Community and personal service workers - Health and Welfare Support Workers,More than 200,No,One parent family with dependent children,Between 1 and 5 years,Regional,50% - I spent about half of my time remote working,50% - About half of my time,20%,Strongly agree,Strongly agree,Strongly agree,Strongly agree,Strongly agree,50% - About half of my time,50% - About half of my time,Somewhat unlikely,Somewhat likely,Neither unlikely or likely,My productivity is about same when I work remotely,1.0,8.0,5.0,2.0,1.0,7.0,6.0,2.0,Somewhat agree,Neither agree nor disagree,Somewhat agree,Somewhat Positive,2021
255,1963,Female,Public Administration and Safety,Clerical and administrative workers - Other Clerical and Administrative Workers,More than 200,No,Couple with no dependent children,More than 5 years,Metro,100% - I spent all of my time remote working,100% - All of my time,100% - I spent all of my time remote working,Strongly agree,Strongly agree,Strongly agree,Strongly agree,Neither agree nor disagree,100% - All of my time,100% - All of my time,Neither unlikely or likely,Very unlikely,Very unlikely,My productivity is about same when I work remotely,0.0,8.0,5.0,4.0,0.0,8.0,5.0,4.0,Somewhat agree,Somewhat agree,Somewhat agree,Neither positive nor negative,2021
256,1969,Male,Other Services,Technicians and trades workers - Electrotechnology and Telecommunications Trades Workers,More than 200,No,Couple with no dependent children,More than 5 years,Regional,80%,100% - All of my time,80%,Strongly agree,Somewhat agree,Somewhat disagree,Strongly agree,Somewhat agree,100% - All of my time,100% - All of my time,Somewhat likely,Somewhat likely,Somewhat unlikely,I’m 20% more productive when working remotely,2.0,6.0,4.0,6.0,1.0,7.0,4.0,6.0,Somewhat agree,Somewhat agree,Neither agree nor disagree,Somewhat Positive,2021
257,1957,Female,Education and Training,Professionals - Education Professionals,More than 200,Yes,Couple with no dependent children,More than 5 years,Metro,40%,30%,Rarely or never,Neither agree nor disagree,Somewhat agree,Somewhat agree,Somewhat agree,Somewhat agree,20%,20%,Somewhat likely,Somewhat likely,Somewhat likely,I’m 20% more productive when working remotely,2.0,8.0,3.0,4.0,0.0,8.0,4.0,4.0,Strongly agree,Somewhat agree,Somewhat agree,Somewhat Positive,2021
258,1985,Female,"Professional, Scientific and Technical","Professionals - Legal, Social and Welfare Professionals",Between 1 and 4,No,Couple with dependent children,More than 5 years,Metro,100% - I spent all of my time remote working,100% - All of my time,100% - I spent all of my time remote working,Somewhat agree,Somewhat agree,Strongly agree,Strongly agree,Somewhat agree,100% - All of my time,100% - All of my time,Neither unlikely or likely,Somewhat likely,Very likely,I’m 40% more productive when working remotely,7.0,6.0,3.0,2.0,1.0,8.0,7.0,2.0,Somewhat agree,Somewhat agree,Somewhat disagree,Strongly Positive,2021
259,1969,Male,Construction,"Professionals - Design, Engineering, Science and Transport Professionals",Between 20 and 199,Yes,Couple with no dependent children,More than 5 years,Metro,50% - I spent about half of my time remote working,50% - About half of my time,50% - I spent about half of my time remote working,Neither agree nor disagree,Somewhat agree,Somewhat agree,Neither agree nor disagree,Somewhat agree,50% - About half of my time,50% - About half of my time,Somewhat likely,Somewhat likely,Somewhat likely,I’m 50% more productive when working remotely (or more),3.0,9.0,2.0,3.0,1.0,10.0,3.0,3.0,Strongly agree,Strongly agree,Neither agree nor disagree,Somewhat Positive,2021
260,1997,Female,"Electricity, Gas, Water and Waste",Clerical and administrative workers - Inquiry Clerks and Receptionists,Between 5 and 19,Yes,Couple with no dependent children,Between 6 and 12 months,Metro,40%,40%,60%,Strongly agree,Strongly agree,Strongly agree,Strongly agree,Strongly agree,40%,50% - About half of my time,Very likely,Very likely,Very likely,My productivity is about same when I work remotely,4.0,1.0,3.0,8.0,4.0,8.0,8.0,2.0,Strongly agree,Strongly agree,Strongly agree,Strongly Positive,2021
261,1990,Female,Information Media and Telecommunications,Clerical and administrative workers - Office Managers and Program Administrators,More than 200,No,Couple with dependent children,More than 5 years,Metro,100% - I spent all of my time remote working,100% - All of my time,40%,Strongly agree,Somewhat agree,Strongly agree,Strongly agree,Somewhat agree,40%,40%,Somewhat likely,Somewhat likely,Somewhat likely,I’m 20% less productive when working remotely,2.0,8.0,2.0,4.0,0.0,7.0,4.0,5.0,Neither agree nor disagree,Neither agree nor disagree,Somewhat disagree,Somewhat Positive,2021
262,1982,Female,Financial and Insurance,"Managers - Chief Executives, General Managers and Legislators",More than 200,Yes,Couple with no dependent children,More than 5 years,Metro,50% - I spent about half of my time remote working,50% - About half of my time,50% - I spent about half of my time remote working,Somewhat agree,Somewhat agree,Somewhat agree,Somewhat agree,Somewhat agree,50% - About half of my time,50% - About half of my time,Somewhat likely,Somewhat likely,Somewhat likely,I’m 50% more productive when working remotely (or more),2.0,8.0,2.0,4.0,0.0,8.0,4.0,4.0,Somewhat agree,Somewhat agree,Somewhat agree,Strongly Positive,2021
263,2000,Female,Information Media and Telecommunications,Clerical and administrative workers - Other Clerical and Administrative Workers,More than 200,No,Single person,Between 1 and 5 years,Metro,10%,I would not have preferred to work remotely,Rarely or never,Strongly agree,Neither agree nor disagree,Somewhat agree,Neither agree nor disagree,Neither agree nor disagree,I would not have preferred to work remotely,I would prefer not to work remotely,Neither unlikely or likely,Neither unlikely or likely,Very unlikely,I’m 30% less productive when working remotely,3.0,12.0,0.0,5.0,3.0,12.0,0.0,5.0,Neither agree nor disagree,Neither agree nor disagree,Neither agree nor disagree,Strongly Positive,2021
264,1973,Female,Financial and Insurance,Clerical and administrative workers - Clerical and Office Support Workers,More than 200,No,Couple with dependent children,Between 1 and 5 years,Regional,100% - I spent all of my time remote working,100% - All of my time,90%,Strongly agree,Somewhat disagree,Strongly agree,Strongly agree,Somewhat disagree,90%,90%,Somewhat likely,Somewhat unlikely,Somewhat likely,I’m 10% less productive when working remotely,1.0,5.0,3.0,7.0,1.0,5.0,3.0,7.0,Strongly agree,Somewhat agree,Neither agree nor disagree,Strongly Positive,2021
265,1986,Female,Education and Training,Professionals - Education Professionals,Between 20 and 199,No,Couple with dependent children,Between 1 and 5 years,Metro,Rarely or never,I would not have preferred to work remotely,Rarely or never,Somewhat disagree,Somewhat disagree,Somewhat disagree,Strongly disagree,Somewhat agree,I would not have preferred to work remotely,I would prefer not to work remotely,Very unlikely,Very unlikely,Very unlikely,I’m 10% more productive when working remotely,3.0,7.0,3.0,3.0,0.0,10.0,3.0,3.0,Somewhat disagree,Strongly disagree,Somewhat agree,Somewhat Positive,2021
266,1973,Male,Manufacturing,"Professionals - Design, Engineering, Science and Transport Professionals",More than 200,No,Couple with dependent children,More than 5 years,Metro,50% - I spent about half of my time remote working,50% - About half of my time,40%,Somewhat agree,Somewhat agree,Somewhat agree,Strongly agree,Somewhat agree,50% - About half of my time,50% - About half of my time,Neither unlikely or likely,Somewhat likely,Somewhat likely,I’m 10% more productive when working remotely,1.5,7.5,4.0,4.0,0.0,7.0,5.0,5.0,Somewhat agree,Somewhat agree,Somewhat agree,Somewhat Positive,2021
267,2000,Female,Mining,Machinery operators and drivers - Machine and Stationary Plant Operators,More than 200,No,Couple with no dependent children,Between 1 and 5 years,Metro,50% - I spent about half of my time remote working,50% - About half of my time,50% - I spent about half of my time remote working,Strongly agree,Strongly agree,Strongly agree,Strongly agree,Strongly agree,50% - About half of my time,50% - About half of my time,Very likely,Very likely,Very likely,I’m 50% more productive when working remotely (or more),2.0,10.0,2.0,4.0,2.0,10.0,5.0,0.0,Strongly agree,Strongly agree,Strongly agree,Strongly Positive,2021
268,1988,Female,"Rental, Hiring and Real Estate",Sales workers - Sales Assistants and Salespersons,Between 1 and 4,No,One parent family with dependent children,Between 6 and 12 months,Metro,30%,50% - About half of my time,60%,Neither agree nor disagree,Somewhat agree,Somewhat agree,Somewhat agree,Somewhat agree,80%,70%,Neither unlikely or likely,Somewhat likely,Somewhat likely,I’m 50% more productive when working remotely (or more),3.0,8.0,3.0,3.0,1.0,10.0,3.0,3.0,Somewhat agree,Strongly agree,Somewhat agree,Somewhat Positive,2021
269,1996,Female,Other Services,"Professionals - Legal, Social and Welfare Professionals",More than 200,No,Single person,Between 1 and 5 years,Metro,Less than 10% of my time,50% - About half of my time,Rarely or never,Strongly disagree,Somewhat disagree,Somewhat agree,Strongly agree,Neither agree nor disagree,50% - About half of my time,50% - About half of my time,Very unlikely,Very unlikely,Very unlikely,My productivity is about same when I work remotely,1.0,8.0,0.5,6.5,0.5,8.0,2.5,5.0,Neither agree nor disagree,Neither agree nor disagree,Neither agree nor disagree,Neither positive nor negative,2021
270,1990,Male,Retail Trade,Sales workers - Sales Assistants and Salespersons,More than 200,No,Single person,Between 1 and 5 years,Regional,50% - I spent about half of my time remote working,50% - About half of my time,20%,Somewhat agree,Strongly agree,Somewhat agree,Strongly agree,Somewhat agree,20%,10%,Very likely,Very likely,Very likely,I’m 30% more productive when working remotely,1.0,7.0,3.0,5.0,1.0,8.0,2.0,5.0,Strongly agree,Somewhat agree,Strongly agree,Strongly Positive,2021
271,1992,Male,Other Services,Technicians and trades workers - Electrotechnology and Telecommunications Trades Workers,Between 20 and 199,Yes,Multiple family household,Between 1 and 5 years,Metro,30%,20%,30%,Somewhat agree,Somewhat disagree,Neither agree nor disagree,Neither agree nor disagree,Somewhat disagree,20%,Less than 10% of my time,Somewhat unlikely,Very likely,Somewhat likely,I’m 30% less productive when working remotely,4.0,10.0,2.0,4.0,6.0,6.0,2.0,4.0,Somewhat disagree,Somewhat disagree,Somewhat agree,Neither positive nor negative,2021
272,1981,Male,Information Media and Telecommunications,"Managers - Chief Executives, General Managers and Legislators",More than 200,Yes,Couple with dependent children,Between 1 and 5 years,Metro,30%,20%,30%,Strongly agree,Strongly agree,Strongly agree,Somewhat agree,Strongly agree,30%,30%,Somewhat likely,Very likely,Very likely,I’m 20% more productive when working remotely,2.0,5.0,2.0,5.0,2.0,8.0,3.0,3.0,Somewhat agree,Strongly agree,Strongly agree,Strongly Positive,2021
273,1998,Female,Other Services,Clerical and administrative workers - Personal Assistants and Secretaries,Between 20 and 199,No,Couple with no dependent children,Between 6 and 12 months,Metro,80%,70%,Less than 10% of my time,Strongly agree,Somewhat agree,Somewhat agree,Somewhat agree,Somewhat agree,40%,I would prefer not to work remotely,Very likely,Very likely,Very likely,I’m 30% less productive when working remotely,2.0,8.0,2.0,4.0,0.0,8.0,2.0,6.0,Strongly agree,Neither agree nor disagree,Somewhat agree,Neither positive nor negative,2021
274,1985,Male,Information Media and Telecommunications,"Managers - Chief Executives, General Managers and Legislators",Between 20 and 199,No,One parent family with dependent children,More than 5 years,Metro,20%,20%,20%,Somewhat agree,Strongly agree,Neither agree nor disagree,Somewhat agree,Somewhat agree,20%,10%,Neither unlikely or likely,Neither unlikely or likely,Neither unlikely or likely,My productivity is about same when I work remotely,1.0,9.0,4.0,6.0,1.0,9.0,6.0,4.0,Neither agree nor disagree,Somewhat agree,Neither agree nor disagree,Somewhat Positive,2021
275,1988,Female,Financial and Insurance,"Professionals - Business, Human Resource and Marketing Professionals",More than 200,Yes,Couple with no dependent children,Between 1 and 5 years,Metro,100% - I spent all of my time remote working,100% - All of my time,100% - I spent all of my time remote working,Neither agree nor disagree,Strongly agree,Somewhat agree,Somewhat disagree,Strongly agree,100% - All of my time,100% - All of my time,Very unlikely,Very unlikely,Very unlikely,I’m 20% more productive when working remotely,1.5,8.0,2.5,4.0,0.0,9.0,3.0,4.0,Strongly agree,Strongly agree,Neither agree nor disagree,Neither positive nor negative,2021
276,1960,Female,Other Services,Clerical and administrative workers - Clerical and Office Support Workers,Between 1 and 4,No,Couple with no dependent children,More than 5 years,Metro,100% - I spent all of my time remote working,100% - All of my time,100% - I spent all of my time remote working,Somewhat agree,Somewhat agree,Strongly disagree,Strongly agree,Strongly agree,100% - All of my time,50% - About half of my time,Somewhat unlikely,Somewhat unlikely,Somewhat unlikely,I’m 50% more productive when working remotely (or more),2.0,6.0,4.0,5.0,,7.0,5.0,5.0,Neither agree nor disagree,Somewhat agree,Neither agree nor disagree,Somewhat Positive,2021
277,1969,Female,Information Media and Telecommunications,"Professionals - Legal, Social and Welfare Professionals",More than 200,Yes,Couple with dependent children,More than 5 years,Metro,100% - I spent all of my time remote working,90%,90%,Strongly agree,Somewhat agree,Strongly agree,Strongly agree,Strongly agree,90%,80%,Neither unlikely or likely,Somewhat likely,Somewhat likely,I’m 40% more productive when working remotely,1.0,9.0,6.0,1.0,0.0,9.0,6.0,2.0,Somewhat agree,Strongly agree,Neither agree nor disagree,Strongly Positive,2021
278,1986,Female,"Agriculture, Forestry and Fishing",Managers - Specialist Managers,Between 20 and 199,Yes,Other one family household,More than 5 years,Regional,20%,60%,80%,Somewhat agree,Somewhat disagree,Neither agree nor disagree,Somewhat agree,Somewhat disagree,Less than 10% of my time,Less than 10% of my time,Somewhat likely,Somewhat unlikely,Neither unlikely or likely,I’m 30% more productive when working remotely,6.0,7.0,1.0,5.0,6.0,6.0,4.0,2.0,Neither agree nor disagree,Neither agree nor disagree,Somewhat disagree,Neither positive nor negative,2021
279,1965,Female,Health Care and Social Assistance,Professionals - Health Professionals,I am a sole trader/owner-operator,No,Single person,Between 1 and 5 years,Metro,100% - I spent all of my time remote working,100% - All of my time,100% - I spent all of my time remote working,Strongly agree,Strongly agree,Strongly agree,Strongly agree,Strongly agree,100% - All of my time,100% - All of my time,Neither unlikely or likely,Neither unlikely or likely,Neither unlikely or likely,My productivity is about same when I work remotely,1.0,10.0,1.0,3.0,0.0,8.0,2.0,6.0,Strongly agree,Neither agree nor disagree,Strongly disagree,Strongly Positive,2021
280,1970,Male,Education and Training,Professionals - Education Professionals,Between 20 and 199,No,Couple with dependent children,More than 5 years,Metro,Rarely or never,50% - About half of my time,Rarely or never,Strongly disagree,Strongly disagree,Strongly disagree,Strongly disagree,Strongly disagree,50% - About half of my time,I would prefer not to work remotely,Very unlikely,Very unlikely,Very unlikely,My productivity is about same when I work remotely,3.0,8.0,5.0,2.0,2.0,10.0,5.0,2.0,Somewhat disagree,Somewhat disagree,Neither agree nor disagree,Neither positive nor negative,2021
281,1961,Male,Public Administration and Safety,Managers - Specialist Managers,Between 5 and 19,Yes,Couple with no dependent children,More than 5 years,Metro,70%,60%,60%,Somewhat agree,Somewhat agree,Somewhat agree,Somewhat agree,Somewhat agree,40%,20%,Somewhat unlikely,Somewhat unlikely,Neither unlikely or likely,I’m 30% more productive when working remotely,2.0,8.0,3.0,4.0,0.5,9.0,1.5,5.0,Neither agree nor disagree,Neither agree nor disagree,Somewhat agree,Somewhat Positive,2021
282,1980,Female,Other Services,"Managers - Hospitality, Retail and Service Managers",Between 20 and 199,No,Couple with no dependent children,More than 5 years,Metro,100% - I spent all of my time remote working,100% - All of my time,100% - I spent all of my time remote working,Strongly agree,Strongly agree,Strongly agree,Strongly agree,Strongly agree,100% - All of my time,100% - All of my time,Very likely,Very likely,Very likely,My productivity is about same when I work remotely,4.0,7.5,3.5,2.0,0.5,7.5,3.5,3.5,Somewhat agree,Somewhat agree,Neither agree nor disagree,Strongly Positive,2021
283,1963,Male,Financial and Insurance,Managers - Specialist Managers,Between 5 and 19,No,Couple with no dependent children,More than 5 years,Metro,Less than 10% of my time,Less than 10% of my time,Less than 10% of my time,Strongly agree,Strongly agree,Somewhat agree,Strongly agree,Strongly agree,Less than 10% of my time,Less than 10% of my time,Somewhat likely,Somewhat unlikely,Somewhat likely,I’m 20% more productive when working remotely,1.0,9.0,2.0,5.0,1.0,8.0,3.0,5.0,Neither agree nor disagree,Neither agree nor disagree,Neither agree nor disagree,Strongly Positive,2021
284,1961,Male,Financial and Insurance,Professionals - ICT Professionals,More than 200,No,Couple with no dependent children,More than 5 years,Metro,50% - I spent about half of my time remote working,50% - About half of my time,50% - I spent about half of my time remote working,Neither agree nor disagree,Somewhat agree,Somewhat agree,Somewhat agree,Somewhat disagree,50% - About half of my time,50% - About half of my time,Somewhat unlikely,Neither unlikely or likely,Neither unlikely or likely,My productivity is about same when I work remotely,2.0,9.0,2.0,3.0,1.0,9.0,3.0,3.0,Neither agree nor disagree,Neither agree nor disagree,Somewhat agree,Somewhat Positive,2021
285,1964,Male,Accommodation and Food,"Managers - Hospitality, Retail and Service Managers",Between 20 and 199,No,Group household,Between 6 and 12 months,Metro,20%,100% - All of my time,20%,Strongly agree,Somewhat agree,Somewhat agree,Neither agree nor disagree,Somewhat agree,100% - All of my time,Less than 10% of my time,Neither unlikely or likely,Neither unlikely or likely,Neither unlikely or likely,I’m 30% less productive when working remotely,2.0,7.5,4.0,4.0,0.5,8.0,5.0,3.5,Strongly disagree,Strongly disagree,Strongly agree,Somewhat Positive,2021
286,1974,Male,Information Media and Telecommunications,Technicians and trades workers - Electrotechnology and Telecommunications Trades Workers,Between 20 and 199,Yes,Couple with dependent children,Between 1 and 5 years,Metro,Less than 10% of my time,I would not have preferred to work remotely,Rarely or never,Neither agree nor disagree,Somewhat agree,Somewhat agree,Somewhat agree,Somewhat disagree,I would not have preferred to work remotely,I would prefer not to work remotely,Somewhat unlikely,Somewhat unlikely,Somewhat unlikely,I’m 10% less productive when working remotely,1.5,10.0,2.0,3.5,0.0,10.0,2.0,5.0,Somewhat disagree,Strongly disagree,Somewhat agree,Somewhat Positive,2021
287,1980,Male,Manufacturing,"Professionals - Business, Human Resource and Marketing Professionals",More than 200,Yes,Couple with no dependent children,Between 1 and 5 years,Metro,Less than 10% of my time,30%,Rarely or never,Somewhat disagree,Neither agree nor disagree,Somewhat disagree,Neither agree nor disagree,Somewhat agree,30%,30%,Very unlikely,Somewhat unlikely,Very unlikely,I’m 50% more productive when working remotely (or more),1.5,7.6,2.8999,4.0,,9.0,3.0,4.0,Strongly agree,Somewhat agree,Neither agree nor disagree,Neither positive nor negative,2021
288,1972,Male,"Professional, Scientific and Technical",Managers - Specialist Managers,More than 200,Yes,Single person,More than 5 years,Metro,90%,90%,90%,Somewhat agree,Somewhat agree,Somewhat agree,Strongly agree,Somewhat agree,90%,90%,Somewhat unlikely,Neither unlikely or likely,Neither unlikely or likely,I’m 30% more productive when working remotely,3.0,8.0,1.0,2.0,0.0,10.0,2.0,2.0,Strongly agree,Somewhat agree,Neither agree nor disagree,Somewhat Positive,2021
289,1969,Male,Public Administration and Safety,Clerical and administrative workers - Office Managers and Program Administrators,More than 200,No,Couple with dependent children,Between 1 and 5 years,Metro,80%,Less than 10% of my time,20%,Strongly agree,Somewhat agree,Somewhat agree,Somewhat agree,Somewhat agree,20%,20%,Somewhat likely,Neither unlikely or likely,Somewhat likely,I’m 30% more productive when working remotely,1.0,7.0,1.0,8.0,0.0,7.0,5.0,5.0,Neither agree nor disagree,Neither agree nor disagree,Strongly agree,Strongly Positive,2021
290,1964,Male,Construction,Labourers - Construction and Mining Labourers,Between 5 and 19,No,Couple with no dependent children,Between 1 and 5 years,Regional,Less than 10% of my time,20%,20%,Neither agree nor disagree,Neither agree nor disagree,Strongly agree,Somewhat agree,Somewhat agree,40%,40%,Somewhat likely,Neither unlikely or likely,Neither unlikely or likely,My productivity is about same when I work remotely,1.0,8.0,3.0,6.0,2.0,8.0,2.0,6.0,Somewhat agree,Somewhat agree,Strongly agree,Somewhat Positive,2021
291,1990,Female,Wholesale Trade,Clerical and administrative workers - Other Clerical and Administrative Workers,More than 200,No,Multiple family household,More than 5 years,Metro,100% - I spent all of my time remote working,100% - All of my time,100% - I spent all of my time remote working,Strongly agree,Somewhat disagree,Neither agree nor disagree,Somewhat agree,Strongly agree,100% - All of my time,100% - All of my time,Very likely,Very likely,Very likely,I’m 10% less productive when working remotely,4.0,7.5,1.5,3.0,0.0,7.5,1.5,5.0,Strongly agree,Neither agree nor disagree,Somewhat disagree,Strongly Positive,2021
292,1983,Female,Financial and Insurance,"Professionals - Business, Human Resource and Marketing Professionals",More than 200,No,Couple with no dependent children,More than 5 years,Metro,100% - I spent all of my time remote working,100% - All of my time,90%,Somewhat agree,Somewhat agree,Neither agree nor disagree,Strongly agree,Strongly agree,90%,80%,Somewhat likely,Neither unlikely or likely,Neither unlikely or likely,I’m 50% more productive when working remotely (or more),2.5,9.0,2.5,2.5,0.0,9.5,2.5,4.5,Somewhat agree,Somewhat agree,Somewhat agree,Strongly Positive,2021
293,1998,Female,Other Services,"Managers - Hospitality, Retail and Service Managers",More than 200,Yes,Couple with no dependent children,Between 1 and 5 years,Metro,90%,90%,90%,Strongly disagree,Strongly disagree,Strongly disagree,Strongly disagree,Strongly disagree,90%,90%,Very unlikely,Very unlikely,Very unlikely,I’m 50% less productive when working remotely (or worse),2.0,9.0,0.0,5.0,2.0,9.0,0.0,5.0,Strongly disagree,Strongly disagree,Strongly agree,Neither positive nor negative,2021
294,1980,Male,Financial and Insurance,Managers - Specialist Managers,More than 200,Yes,One parent family with dependent children,Between 6 and 12 months,Metro,100% - I spent all of my time remote working,100% - All of my time,80%,Strongly agree,Somewhat agree,Strongly agree,Strongly agree,Somewhat agree,60%,50% - About half of my time,Somewhat likely,Somewhat likely,Somewhat likely,I’m 20% more productive when working remotely,1.5,10.0,1.0,3.0,0.0,11.0,2.0,2.0,Somewhat agree,Somewhat disagree,Somewhat agree,Somewhat Positive,2021
295,1959,Male,"Electricity, Gas, Water and Waste","Professionals - Design, Engineering, Science and Transport Professionals",More than 200,No,Couple with no dependent children,More than 5 years,Metro,80%,80%,80%,Strongly agree,Strongly agree,Somewhat disagree,Strongly agree,Strongly agree,80%,90%,Somewhat unlikely,Somewhat likely,Neither unlikely or likely,I’m 30% more productive when working remotely,3.0,10.0,2.0,2.0,0.0,12.0,2.0,2.0,Neither agree nor disagree,Strongly agree,Neither agree nor disagree,Strongly Positive,2021
296,1962,Female,Financial and Insurance,"Managers - Chief Executives, General Managers and Legislators",I am a sole trader/owner-operator,No,Single person,More than 5 years,Metro,80%,80%,50% - I spent about half of my time remote working,Somewhat agree,Strongly agree,Strongly agree,Strongly agree,Somewhat agree,50% - About half of my time,50% - About half of my time,Somewhat likely,Somewhat likely,Somewhat likely,I’m 20% more productive when working remotely,2.0,9.0,2.0,3.0,0.5,9.5,2.0,4.0,Neither agree nor disagree,Somewhat agree,Neither agree nor disagree,Somewhat Positive,2021
297,1972,Male,Information Media and Telecommunications,Professionals - ICT Professionals,Between 5 and 19,No,Couple with dependent children,More than 5 years,Metro,100% - I spent all of my time remote working,100% - All of my time,100% - I spent all of my time remote working,Strongly agree,Strongly agree,Strongly agree,Strongly agree,Strongly agree,100% - All of my time,80%,Neither unlikely or likely,Neither unlikely or likely,Neither unlikely or likely,My productivity is about same when I work remotely,3.0,8.0,3.0,2.0,1.0,9.0,3.0,3.0,Strongly agree,Strongly agree,Neither agree nor disagree,Somewhat Positive,2021
298,1984,Female,Financial and Insurance,Clerical and administrative workers - Other Clerical and Administrative Workers,More than 200,No,Couple with dependent children,More than 5 years,Metro,90%,90%,50% - I spent about half of my time remote working,Strongly agree,Strongly agree,Somewhat disagree,Strongly agree,Strongly agree,50% - About half of my time,40%,Somewhat unlikely,Very likely,Neither unlikely or likely,I’m 20% more productive when working remotely,3.0,8.0,3.5,4.0,0.0,9.0,4.0,5.0,Neither agree nor disagree,Somewhat agree,Somewhat agree,Strongly Positive,2021
299,1959,Male,"Professional, Scientific and Technical","Professionals - Design, Engineering, Science and Transport Professionals",More than 200,No,Couple with dependent children,More than 5 years,Metro,100% - I spent all of my time remote working,100% - All of my time,100% - I spent all of my time remote working,Somewhat agree,Somewhat agree,Somewhat agree,Somewhat agree,Somewhat agree,100% - All of my time,100% - All of my time,Somewhat unlikely,Neither unlikely or likely,Neither unlikely or likely,I’m 20% more productive when working remotely,2.0,7.0,3.0,4.0,0.0,9.0,4.0,3.0,Strongly agree,Somewhat agree,Neither agree nor disagree,Strongly Positive,2021
300,1992,Male,Accommodation and Food,Technicians and trades workers - Food Trades Workers,Between 1 and 4,Yes,One parent family with dependent children,Between 1 and 5 years,Regional,40%,60%,50% - I spent about half of my time remote working,Neither agree nor disagree,Somewhat disagree,Somewhat agree,Neither agree nor disagree,Somewhat agree,50% - About half of my time,40%,Somewhat unlikely,Somewhat likely,Somewhat unlikely,I’m 40% less productive when working remotely,10.0,2.0,8.0,2.0,10.0,6.0,2.0,4.0,Strongly disagree,Somewhat disagree,Somewhat disagree,Neither positive nor negative,2021
301,1977,Female,"Transport, Postal and Warehousing",Clerical and administrative workers - Clerical and Office Support Workers,Between 20 and 199,No,Couple with dependent children,Between 1 and 5 years,Metro,50% - I spent about half of my time remote working,70%,Rarely or never,Strongly disagree,Neither agree nor disagree,Somewhat agree,Strongly disagree,Strongly agree,50% - About half of my time,50% - About half of my time,Very unlikely,Very unlikely,Very unlikely,I’m 30% more productive when working remotely,2.5,7.5,3.0,4.0,0.0,8.0,4.0,4.0,Strongly agree,Strongly agree,Somewhat agree,Somewhat Negative,2021
302,1981,Male,Other Services,Managers - Specialist Managers,More than 200,No,Couple with dependent children,More than 5 years,Metro,100% - I spent all of my time remote working,100% - All of my time,100% - I spent all of my time remote working,Strongly agree,Strongly agree,Strongly agree,Strongly agree,Strongly agree,100% - All of my time,100% - All of my time,Neither unlikely or likely,Neither unlikely or likely,Neither unlikely or likely,I’m 30% more productive when working remotely,5.0,8.0,2.0,2.0,0.0,10.0,3.0,3.0,Strongly agree,Somewhat agree,Strongly disagree,Strongly Positive,2021
303,1981,Female,Health Care and Social Assistance,Professionals - Health Professionals,More than 200,No,Couple with no dependent children,Between 6 and 12 months,Metro,Rarely or never,10%,Rarely or never,Somewhat agree,Strongly disagree,Strongly disagree,Strongly disagree,Somewhat disagree,10%,10%,Very unlikely,Very unlikely,Very unlikely,My productivity is about same when I work remotely,2.0,8.0,1.0,5.0,0.0,8.0,2.0,6.0,Neither agree nor disagree,Neither agree nor disagree,Neither agree nor disagree,Neither positive nor negative,2021
304,1970,Male,Wholesale Trade,"Professionals - Design, Engineering, Science and Transport Professionals",Between 20 and 199,No,Couple with dependent children,More than 5 years,Regional,Less than 10% of my time,20%,Rarely or never,Strongly disagree,Strongly disagree,Somewhat disagree,Somewhat agree,Somewhat disagree,30%,30%,Somewhat unlikely,Somewhat unlikely,Somewhat unlikely,I’m 20% more productive when working remotely,4.0,7.5,2.0,3.5,0.5,8.0,2.0,6.5,Somewhat agree,Somewhat agree,Somewhat agree,Neither positive nor negative,2021
305,1971,Male,Financial and Insurance,"Professionals - Legal, Social and Welfare Professionals",More than 200,No,Couple with no dependent children,More than 5 years,Metro,80%,70%,90%,Strongly agree,Somewhat agree,Strongly agree,Strongly agree,Neither agree nor disagree,70%,70%,Somewhat unlikely,Somewhat unlikely,Neither unlikely or likely,I’m 10% less productive when working remotely,1.0,7.0,7.0,2.0,0.5,9.0,5.5,2.0,Somewhat disagree,Somewhat agree,Strongly agree,Strongly Positive,2021
306,1959,Female,Financial and Insurance,Professionals - ICT Professionals,More than 200,No,Single person,Between 6 and 12 months,Metro,100% - I spent all of my time remote working,100% - All of my time,90%,Somewhat agree,Strongly agree,Somewhat agree,Strongly agree,Strongly agree,100% - All of my time,90%,Somewhat likely,Very likely,Very likely,I’m 40% more productive when working remotely,2.5,8.0,2.0,3.5,0.5,9.0,2.0,4.5,Somewhat agree,Somewhat agree,Neither agree nor disagree,Somewhat Positive,2021
307,1985,Female,"Professional, Scientific and Technical","Professionals - Legal, Social and Welfare Professionals",Between 20 and 199,Yes,Single person,Between 1 and 5 years,Metro,Less than 10% of my time,20%,20%,Somewhat agree,Neither agree nor disagree,Somewhat agree,Neither agree nor disagree,Somewhat agree,20%,30%,Neither unlikely or likely,Somewhat likely,Somewhat likely,I’m 20% more productive when working remotely,2.0,9.0,2.0,3.0,0.5,9.5,3.0,2.0,Neither agree nor disagree,Somewhat agree,Somewhat agree,Somewhat Positive,2021
308,1978,Male,Information Media and Telecommunications,"Managers - Chief Executives, General Managers and Legislators",More than 200,Yes,Couple with dependent children,More than 5 years,Metro,80%,50% - About half of my time,20%,Somewhat agree,Somewhat agree,Strongly agree,Strongly agree,Neither agree nor disagree,90%,20%,Neither unlikely or likely,Neither unlikely or likely,Somewhat likely,I’m 30% more productive when working remotely,2.0,8.0,2.0,5.0,0.0,9.0,2.0,6.0,Somewhat agree,Somewhat agree,Strongly agree,Strongly Positive,2021
309,1961,Male,"Professional, Scientific and Technical",Managers - Specialist Managers,More than 200,Yes,Couple with dependent children,More than 5 years,Metro,50% - I spent about half of my time remote working,50% - About half of my time,50% - I spent about half of my time remote working,Somewhat disagree,Somewhat agree,Somewhat agree,Neither agree nor disagree,Somewhat disagree,40%,20%,Somewhat unlikely,Somewhat unlikely,Somewhat unlikely,My productivity is about same when I work remotely,2.0,8.0,2.0,6.0,0.0,10.0,2.0,6.0,Neither agree nor disagree,Somewhat disagree,Somewhat agree,Somewhat Positive,2021
310,1972,Male,Education and Training,"Managers - Chief Executives, General Managers and Legislators",Between 20 and 199,Yes,Multiple family household,More than 5 years,Metro,50% - I spent about half of my time remote working,50% - About half of my time,40%,Somewhat disagree,Neither agree nor disagree,Somewhat disagree,Neither agree nor disagree,Neither agree nor disagree,30%,80%,Somewhat unlikely,Somewhat unlikely,Somewhat unlikely,My productivity is about same when I work remotely,2.0,11.0,3.0,2.0,1.0,11.0,2.0,4.0,Neither agree nor disagree,Neither agree nor disagree,Neither agree nor disagree,Somewhat Positive,2021
311,1980,Male,"Professional, Scientific and Technical",Managers - Specialist Managers,More than 200,Yes,Couple with dependent children,Between 1 and 5 years,Metro,Less than 10% of my time,20%,Less than 10% of my time,Somewhat disagree,Somewhat agree,Strongly disagree,Somewhat disagree,Somewhat disagree,20%,20%,Very unlikely,Somewhat unlikely,Somewhat unlikely,I’m 20% less productive when working remotely,1.0,9.0,3.0,3.0,0.0,8.0,4.0,4.0,Strongly agree,Neither agree nor disagree,Neither agree nor disagree,Somewhat Positive,2021
312,1984,Male,Arts and Recreation,"Managers - Chief Executives, General Managers and Legislators",Between 1 and 4,Yes,Group household,Between 1 and 5 years,Metro,50% - I spent about half of my time remote working,30%,30%,Somewhat agree,Strongly agree,Strongly agree,Strongly agree,Somewhat disagree,30%,50% - About half of my time,Neither unlikely or likely,Neither unlikely or likely,Neither unlikely or likely,I’m 20% less productive when working remotely,0.25,8.0,2.75,7.0,0.25,6.0,3.75,8.0,Somewhat disagree,Somewhat disagree,Somewhat agree,Strongly Positive,2021
313,1998,Female,"Agriculture, Forestry and Fishing",Managers - Farmers and Farm Managers,Between 1 and 4,Yes,Single person,Between 6 and 12 months,Regional,20%,40%,40%,Somewhat agree,Somewhat disagree,Strongly agree,Neither agree nor disagree,Strongly agree,20%,90%,Neither unlikely or likely,Very likely,Somewhat likely,I’m 30% more productive when working remotely,2.0,5.0,3.0,6.0,4.0,3.0,5.0,5.0,Somewhat disagree,Somewhat agree,Strongly agree,Neither positive nor negative,2021
314,1957,Male,Education and Training,Professionals - Education Professionals,More than 200,No,Couple with dependent children,Between 1 and 5 years,Metro,Less than 10% of my time,I would not have preferred to work remotely,Rarely or never,Strongly disagree,Somewhat agree,Somewhat disagree,Somewhat agree,Strongly disagree,I would not have preferred to work remotely,I would prefer not to work remotely,Very unlikely,Very unlikely,Somewhat unlikely,I’m 20% more productive when working remotely,2.0,10.0,1.0,3.0,1.0,8.0,3.0,4.0,Neither agree nor disagree,Neither agree nor disagree,Strongly agree,Strongly Positive,2021
315,1983,Male,"Professional, Scientific and Technical",Managers - Specialist Managers,More than 200,Yes,Couple with dependent children,More than 5 years,Metro,100% - I spent all of my time remote working,100% - All of my time,80%,Strongly agree,Somewhat agree,Strongly agree,Strongly agree,Strongly agree,90%,90%,Somewhat likely,Somewhat likely,Very likely,I’m 10% more productive when working remotely,1.5,8.0,2.5,4.0,0.0,8.0,4.0,4.0,Somewhat agree,Somewhat agree,Neither agree nor disagree,Somewhat Positive,2021
316,1989,Female,Retail Trade,Managers - Specialist Managers,More than 200,Yes,One parent family with dependent children,Between 1 and 5 years,Metro,30%,10%,20%,Somewhat agree,Somewhat disagree,Strongly agree,Neither agree nor disagree,Strongly disagree,10%,Less than 10% of my time,Somewhat unlikely,Somewhat unlikely,Somewhat likely,I’m 30% less productive when working remotely,6.0,8.0,1.0,3.0,7.0,8.0,1.0,2.0,Somewhat disagree,Somewhat disagree,Strongly agree,Somewhat Negative,2021
317,1967,Male,Education and Training,Professionals - Education Professionals,Between 20 and 199,Yes,Couple with dependent children,Between 1 and 5 years,Metro,80%,50% - About half of my time,70%,Strongly agree,Strongly agree,Strongly agree,Strongly agree,Somewhat agree,50% - About half of my time,50% - About half of my time,Very unlikely,Neither unlikely or likely,Somewhat unlikely,I’m 40% more productive when working remotely,0.5,8.0,3.0,5.0,0.0,8.0,3.0,6.0,Somewhat agree,Strongly agree,Somewhat agree,Strongly Positive,2021
318,1985,Male,"Agriculture, Forestry and Fishing","Managers - Chief Executives, General Managers and Legislators",Between 5 and 19,Yes,Couple with dependent children,More than 5 years,Metro,80%,70%,90%,Somewhat agree,Strongly agree,Somewhat agree,Strongly agree,Somewhat agree,100% - All of my time,70%,Very likely,Somewhat likely,Somewhat likely,I’m 20% more productive when working remotely,6.0,6.0,2.0,2.0,4.0,8.0,3.0,2.0,Strongly agree,Somewhat agree,Strongly agree,Somewhat Positive,2021
319,1985,Male,Manufacturing,Clerical and administrative workers - Personal Assistants and Secretaries,More than 200,Yes,Single person,Between 6 and 12 months,Metro,20%,20%,20%,Somewhat agree,Somewhat agree,Somewhat agree,Strongly agree,Somewhat agree,30%,30%,Somewhat likely,Neither unlikely or likely,Somewhat likely,My productivity is about same when I work remotely,4.0,4.0,4.0,6.0,6.0,6.0,6.0,6.0,Somewhat agree,Neither agree nor disagree,Somewhat agree,Somewhat Positive,2021
320,1964,Female,Health Care and Social Assistance,Professionals - Health Professionals,Between 20 and 199,No,Couple with no dependent children,More than 5 years,Metro,20%,50% - About half of my time,20%,Neither agree nor disagree,Somewhat agree,Somewhat disagree,Strongly agree,Strongly agree,20%,20%,Neither unlikely or likely,Neither unlikely or likely,Neither unlikely or likely,I’m 30% more productive when working remotely,1.5,8.0,2.0,3.5,0.0,8.0,3.0,4.0,Strongly agree,Somewhat agree,Neither agree nor disagree,Strongly Positive,2021
321,1985,Female,Manufacturing,"Managers - Chief Executives, General Managers and Legislators",Between 20 and 199,Yes,Couple with no dependent children,More than 5 years,Metro,40%,40%,30%,Somewhat agree,Neither agree nor disagree,Somewhat agree,Somewhat agree,Somewhat agree,60%,50% - About half of my time,Somewhat likely,Somewhat likely,Somewhat likely,I’m 10% more productive when working remotely,1.0,7.5,3.0,5.5,0.0,8.0,3.0,6.0,Somewhat agree,Neither agree nor disagree,Neither agree nor disagree,Somewhat Positive,2021
322,1988,Male,Administrative and Support,Community and personal service workers - Protective Service Workers,Between 20 and 199,Yes,Couple with dependent children,Between 1 and 5 years,Metro,10%,10%,10%,Somewhat agree,Somewhat agree,Strongly agree,Somewhat agree,Strongly agree,10%,70%,Somewhat likely,Very likely,Very likely,I’m 20% more productive when working remotely,2.0,6.0,4.0,4.0,2.0,7.0,5.0,3.0,Strongly agree,Somewhat agree,Somewhat agree,Somewhat Positive,2021
323,1982,Male,Financial and Insurance,Professionals - Arts and Media Professionals,More than 200,Yes,Group household,More than 5 years,Regional,40%,20%,10%,Somewhat agree,Somewhat agree,Somewhat agree,Somewhat agree,Somewhat agree,10%,30%,Somewhat likely,Very likely,Somewhat likely,I’m 20% more productive when working remotely,10.0,4.0,3.0,1.0,10.0,3.0,2.0,2.0,Somewhat agree,Strongly agree,Somewhat agree,Somewhat Positive,2021
324,1974,Female,Manufacturing,Managers - Specialist Managers,Between 20 and 199,Yes,One parent family with dependent children,Between 1 and 5 years,Metro,30%,30%,20%,Somewhat agree,Somewhat agree,Somewhat agree,Somewhat agree,Strongly agree,30%,20%,Somewhat likely,Somewhat likely,Neither unlikely or likely,I’m 30% more productive when working remotely,0.5,9.0,3.5,5.0,0.5,7.0,2.5,8.0,Somewhat agree,Somewhat agree,Strongly agree,Somewhat Positive,2021
325,1983,Female,Other Services,"Managers - Chief Executives, General Managers and Legislators",More than 200,Yes,Couple with dependent children,More than 5 years,Metro,20%,20%,20%,Somewhat agree,Strongly agree,Somewhat agree,Strongly agree,Strongly agree,20%,10%,Somewhat likely,Very likely,Very likely,I’m 20% more productive when working remotely,3.0,6.0,4.0,5.0,3.0,6.0,4.0,5.0,Strongly agree,Strongly agree,Somewhat agree,Strongly Positive,2021
326,1983,Male,Arts and Recreation,Managers - Farmers and Farm Managers,More than 200,Yes,Couple with no dependent children,Between 1 and 5 years,Metro,40%,30%,10%,Somewhat agree,Strongly agree,Somewhat agree,Strongly agree,Somewhat agree,20%,20%,Somewhat likely,Very likely,Very likely,I’m 40% more productive when working remotely,2.0,8.0,4.0,2.0,1.0,8.0,2.5,2.5,Somewhat agree,Strongly agree,Somewhat agree,Somewhat Positive,2021
327,1986,Female,Construction,Clerical and administrative workers - Office Managers and Program Administrators,More than 200,Yes,Couple with no dependent children,Between 6 and 12 months,Metro,40%,30%,40%,Strongly agree,Strongly agree,Somewhat agree,Somewhat agree,Somewhat agree,30%,70%,Very likely,Somewhat likely,Very likely,I’m 30% more productive when working remotely,4.0,5.0,2.0,4.0,5.0,5.0,2.0,4.0,Somewhat agree,Strongly agree,Somewhat agree,Somewhat Positive,2021
328,1985,Female,Administrative and Support,Clerical and administrative workers - Office Managers and Program Administrators,Between 20 and 199,Yes,Couple with dependent children,More than 5 years,Metro,Less than 10% of my time,Less than 10% of my time,Less than 10% of my time,Somewhat agree,Strongly agree,Strongly agree,Strongly agree,Somewhat agree,Less than 10% of my time,Less than 10% of my time,Very likely,Very likely,Very likely,I’m 10% more productive when working remotely,1.0,8.0,2.0,5.0,4.0,8.0,2.0,2.0,Strongly agree,Strongly agree,Strongly agree,Strongly Positive,2021
329,1967,Male,Health Care and Social Assistance,"Professionals - Design, Engineering, Science and Transport Professionals",Between 5 and 19,No,Single person,Between 1 and 5 years,Regional,100% - I spent all of my time remote working,50% - About half of my time,80%,Strongly agree,Somewhat agree,Strongly agree,Strongly agree,Strongly agree,50% - About half of my time,50% - About half of my time,Neither unlikely or likely,Somewhat likely,Somewhat unlikely,My productivity is about same when I work remotely,1.0,2.5,4.0,8.5,0.2,2.0,0.2,13.6,Neither agree nor disagree,Neither agree nor disagree,Somewhat agree,Strongly Positive,2021
330,1997,Female,Construction,Managers - Specialist Managers,Between 20 and 199,Yes,One parent family with dependent children,Between 1 and 5 years,Metro,20%,20%,10%,Neither agree nor disagree,Strongly agree,Somewhat agree,Somewhat agree,Somewhat agree,10%,10%,Somewhat likely,Somewhat likely,Neither unlikely or likely,I’m 30% more productive when working remotely,0.5,6.0,5.0,5.0,1.0,6.0,5.0,4.0,Strongly agree,Somewhat agree,Somewhat agree,Somewhat Positive,2021
331,1989,Female,Administrative and Support,Clerical and administrative workers - Office Managers and Program Administrators,Between 20 and 199,Yes,Couple with dependent children,Between 1 and 5 years,Metro,10%,10%,10%,Strongly agree,Strongly agree,Somewhat agree,Strongly agree,Somewhat agree,10%,10%,Very likely,Very likely,Somewhat likely,I’m 10% more productive when working remotely,2.0,8.0,3.0,2.0,5.0,9.0,1.0,1.0,Strongly agree,Somewhat agree,Strongly agree,Strongly Positive,2021
332,1970,Male,Other Services,Professionals - Arts and Media Professionals,I am a sole trader/owner-operator,No,Single person,More than 5 years,Metro,100% - I spent all of my time remote working,100% - All of my time,100% - I spent all of my time remote working,Strongly disagree,Somewhat disagree,Strongly disagree,Strongly disagree,Strongly disagree,100% - All of my time,100% - All of my time,Very likely,Neither unlikely or likely,Neither unlikely or likely,I’m 50% more productive when working remotely (or more),0.0,10.0,0.0,7.0,0.0,10.0,0.0,7.0,Neither agree nor disagree,Neither agree nor disagree,Neither agree nor disagree,Strongly Positive,2021
333,1991,Male,"Electricity, Gas, Water and Waste",Managers - Specialist Managers,Between 20 and 199,Yes,Couple with dependent children,Between 1 and 5 years,Regional,30%,Less than 10% of my time,10%,Somewhat agree,Somewhat agree,Somewhat agree,Somewhat disagree,Somewhat agree,Less than 10% of my time,I would prefer not to work remotely,Somewhat likely,Neither unlikely or likely,Neither unlikely or likely,I’m 40% less productive when working remotely,4.0,4.0,4.0,8.0,1.0,8.0,3.0,6.0,Strongly agree,Neither agree nor disagree,Neither agree nor disagree,Somewhat Positive,2021
334,1979,Male,Other Services,"Professionals - Business, Human Resource and Marketing Professionals",Between 20 and 199,Yes,Couple with dependent children,Between 1 and 5 years,Metro,20%,20%,20%,Strongly agree,Neither agree nor disagree,Somewhat agree,Somewhat agree,Somewhat agree,20%,10%,Very likely,Somewhat likely,Somewhat likely,I’m 40% more productive when working remotely,3.0,8.0,4.0,2.0,3.0,7.0,3.0,2.0,Somewhat agree,Strongly agree,Somewhat agree,Strongly Positive,2021
335,1980,Female,Arts and Recreation,Professionals - Education Professionals,Between 20 and 199,Yes,Couple with dependent children,Between 6 and 12 months,Metro,30%,80%,20%,Somewhat agree,Somewhat agree,Somewhat disagree,Somewhat agree,Somewhat agree,90%,90%,Somewhat unlikely,Neither unlikely or likely,Neither unlikely or likely,I’m 30% more productive when working remotely,4.0,8.0,5.0,2.0,4.0,8.0,7.0,3.0,Somewhat agree,Somewhat agree,Somewhat agree,Somewhat Positive,2021
336,1991,Female,Financial and Insurance,"Managers - Chief Executives, General Managers and Legislators",Between 20 and 199,Yes,Couple with dependent children,Between 1 and 5 years,Metro,70%,70%,70%,Strongly agree,Somewhat agree,Strongly agree,Strongly agree,Somewhat agree,70%,70%,Somewhat likely,Somewhat likely,Somewhat likely,I’m 10% more productive when working remotely,1.0,6.0,1.0,6.0,0.0,6.0,3.0,7.0,Strongly agree,Strongly agree,Somewhat agree,Somewhat Positive,2021
337,1991,Male,Education and Training,Professionals - Education Professionals,Between 20 and 199,No,Couple with no dependent children,Between 1 and 5 years,Metro,Rarely or never,I would not have preferred to work remotely,10%,Strongly disagree,Somewhat disagree,Strongly disagree,Strongly disagree,Neither agree nor disagree,Less than 10% of my time,I would prefer not to work remotely,Very unlikely,Very unlikely,Very unlikely,I’m 10% less productive when working remotely,1.0,9.0,1.0,5.0,0.0,9.0,1.0,6.0,Neither agree nor disagree,Neither agree nor disagree,Strongly agree,Somewhat Positive,2021
338,1988,Male,Other Services,"Managers - Chief Executives, General Managers and Legislators",Between 20 and 199,Yes,Couple with no dependent children,More than 5 years,Metro,30%,40%,40%,Neither agree nor disagree,Strongly agree,Neither agree nor disagree,Somewhat agree,Somewhat disagree,40%,40%,Neither unlikely or likely,Somewhat unlikely,Somewhat likely,I’m 30% more productive when working remotely,2.0,4.0,6.0,7.0,2.0,6.0,2.0,7.0,Neither agree nor disagree,Somewhat agree,Somewhat disagree,Neither positive nor negative,2021
339,1980,Female,Other Services,Clerical and administrative workers - General Clerical Workers,More than 200,No,Couple with dependent children,More than 5 years,Metro,100% - I spent all of my time remote working,100% - All of my time,100% - I spent all of my time remote working,Strongly agree,Strongly agree,Strongly disagree,Strongly agree,Strongly agree,90%,80%,Very likely,Very likely,Somewhat likely,I’m 30% more productive when working remotely,0.5,8.0,6.5,2.0,0.0,8.0,3.0,4.0,Somewhat agree,Somewhat agree,Somewhat disagree,Strongly Positive,2021
340,1989,Male,"Professional, Scientific and Technical",Professionals - Arts and Media Professionals,Between 1 and 4,Yes,Group household,More than 5 years,Metro,100% - I spent all of my time remote working,100% - All of my time,100% - I spent all of my time remote working,Strongly agree,Strongly agree,Strongly agree,Strongly agree,Strongly agree,100% - All of my time,100% - All of my time,Very likely,Very likely,Very likely,I’m 50% more productive when working remotely (or more),0.0,8.0,2.0,4.0,0.0,9.0,2.0,3.0,Strongly agree,Strongly agree,Neither agree nor disagree,Strongly Positive,2021
341,1989,Female,Education and Training,Professionals - Education Professionals,More than 200,Yes,Couple with no dependent children,Between 1 and 5 years,Metro,20%,20%,20%,Neither agree nor disagree,Somewhat agree,Neither agree nor disagree,Somewhat agree,Somewhat agree,40%,20%,Neither unlikely or likely,Somewhat likely,Somewhat likely,I’m 10% more productive when working remotely,1.0,8.0,2.0,5.0,0.5,7.0,2.5,6.0,Somewhat agree,Somewhat agree,Neither agree nor disagree,Neither positive nor negative,2021
342,1971,Male,Education and Training,"Professionals - Business, Human Resource and Marketing Professionals",Between 20 and 199,Yes,Couple with dependent children,Between 1 and 5 years,Metro,80%,100% - All of my time,50% - I spent about half of my time remote working,Strongly agree,Strongly agree,Strongly agree,Strongly agree,Strongly agree,100% - All of my time,100% - All of my time,Very likely,Somewhat likely,Very likely,I’m 30% more productive when working remotely,3.0,8.0,3.0,2.0,0.0,6.0,2.0,8.0,Strongly agree,Strongly agree,Neither agree nor disagree,Strongly Positive,2021
343,1994,Male,"Professional, Scientific and Technical","Professionals - Legal, Social and Welfare Professionals",More than 200,No,Single person,Between 1 and 5 years,Metro,100% - I spent all of my time remote working,100% - All of my time,40%,Somewhat agree,Strongly agree,Strongly agree,Strongly agree,Somewhat agree,60%,60%,Somewhat unlikely,Neither unlikely or likely,Somewhat unlikely,My productivity is about same when I work remotely,2.0,10.0,2.0,3.0,0.5,10.0,1.0,4.5,Neither agree nor disagree,Neither agree nor disagree,Somewhat agree,Somewhat Positive,2021
344,1973,Male,Public Administration and Safety,Managers - Specialist Managers,Between 20 and 199,Yes,Couple with dependent children,More than 5 years,Metro,100% - I spent all of my time remote working,100% - All of my time,80%,Somewhat agree,Somewhat agree,Somewhat agree,Somewhat agree,Somewhat agree,100% - All of my time,100% - All of my time,Neither unlikely or likely,Somewhat likely,Somewhat likely,I’m 10% more productive when working remotely,2.0,8.0,3.0,3.0,1.0,8.0,3.0,4.0,Somewhat agree,Neither agree nor disagree,Neither agree nor disagree,Somewhat Positive,2021
345,1984,Female,Health Care and Social Assistance,Professionals - Health Professionals,Between 20 and 199,Yes,Couple with dependent children,Between 6 and 12 months,Regional,50% - I spent about half of my time remote working,50% - About half of my time,30%,Neither agree nor disagree,Strongly agree,Somewhat disagree,Somewhat agree,Somewhat agree,50% - About half of my time,50% - About half of my time,Neither unlikely or likely,Somewhat likely,Somewhat likely,I’m 50% more productive when working remotely (or more),3.0,8.0,6.0,0.0,1.5,8.0,6.0,1.5,Somewhat agree,Strongly agree,Somewhat agree,Strongly Positive,2021
346,1981,Male,"Professional, Scientific and Technical","Professionals - Design, Engineering, Science and Transport Professionals",Between 20 and 199,Yes,Couple with dependent children,More than 5 years,Metro,30%,60%,60%,Somewhat agree,Strongly agree,Strongly agree,Strongly agree,Somewhat agree,60%,50% - About half of my time,Very likely,Very likely,Very likely,I’m 30% more productive when working remotely,2.0,8.0,4.0,2.0,0.5,6.0,5.0,4.5,Strongly agree,Strongly agree,Somewhat agree,Strongly Positive,2021
347,1986,Male,Administrative and Support,Managers - Specialist Managers,Between 20 and 199,Yes,Couple with dependent children,More than 5 years,Metro,60%,50% - About half of my time,30%,Strongly agree,Neither agree nor disagree,Somewhat agree,Somewhat agree,Neither agree nor disagree,50% - About half of my time,30%,Neither unlikely or likely,Somewhat likely,Somewhat likely,I’m 30% more productive when working remotely,1.5,8.0,3.0,4.5,2.0,6.0,2.0,6.0,Strongly agree,Neither agree nor disagree,Somewhat agree,Somewhat Positive,2021
348,1990,Female,Manufacturing,"Professionals - Business, Human Resource and Marketing Professionals",Between 20 and 199,Yes,Couple with dependent children,More than 5 years,Metro,40%,60%,50% - I spent about half of my time remote working,Somewhat agree,Somewhat agree,Strongly agree,Strongly agree,Neither agree nor disagree,40%,40%,Somewhat likely,Neither unlikely or likely,Somewhat likely,I’m 10% more productive when working remotely,1.0,8.0,2.0,5.0,0.0,8.0,1.0,6.0,Somewhat agree,Somewhat agree,Neither agree nor disagree,Somewhat Positive,2021
349,1987,Female,"Professional, Scientific and Technical",Managers - Specialist Managers,More than 200,No,One parent family with dependent children,More than 5 years,Metro,60%,50% - About half of my time,30%,Somewhat agree,Somewhat agree,Strongly agree,Strongly agree,Strongly agree,50% - About half of my time,50% - About half of my time,Somewhat likely,Somewhat likely,Somewhat likely,I’m 30% more productive when working remotely,2.0,6.0,1.0,8.0,0.0,10.0,1.0,6.0,Somewhat agree,Neither agree nor disagree,Somewhat agree,Strongly Positive,2021
350,1980,Male,Other Services,Managers - Specialist Managers,More than 200,Yes,Couple with dependent children,More than 5 years,Metro,80%,80%,80%,Strongly agree,Strongly agree,Strongly agree,Strongly agree,Strongly agree,80%,70%,Very likely,Somewhat likely,Very likely,I’m 50% more productive when working remotely (or more),3.0,8.0,2.0,3.0,3.0,8.0,3.0,2.0,Somewhat agree,Strongly agree,Strongly agree,Strongly Positive,2021
351,2001,Male,Construction,Machinery operators and drivers - Machine and Stationary Plant Operators,Between 1 and 4,Yes,Couple with dependent children,More than 5 years,Regional,20%,20%,20%,Somewhat agree,Somewhat agree,Strongly agree,Strongly agree,Somewhat agree,20%,20%,Somewhat likely,Somewhat likely,Very likely,I’m 10% more productive when working remotely,2.0,10.0,1.0,3.0,2.0,10.0,2.0,2.0,Somewhat agree,Strongly agree,Strongly agree,Strongly Positive,2021
352,1985,Female,Administrative and Support,Professionals - ICT Professionals,Between 5 and 19,No,Single person,More than 5 years,Regional,30%,30%,30%,Strongly agree,Strongly agree,Strongly agree,Somewhat agree,Neither agree nor disagree,30%,30%,Somewhat likely,Neither unlikely or likely,Somewhat likely,I’m 10% less productive when working remotely,1.5,7.0,3.5,4.0,1.0,8.0,4.0,3.0,Neither agree nor disagree,Neither agree nor disagree,Somewhat agree,Somewhat Positive,2021
353,1978,Male,Other Services,"Managers - Chief Executives, General Managers and Legislators",More than 200,Yes,Couple with dependent children,Between 1 and 5 years,Regional,100% - I spent all of my time remote working,100% - All of my time,100% - I spent all of my time remote working,Strongly agree,Strongly agree,Strongly agree,Strongly agree,Strongly agree,90%,100% - All of my time,Very likely,Very likely,Very likely,I’m 50% more productive when working remotely (or more),2.0,7.0,4.0,4.0,2.0,7.0,4.0,4.0,Strongly agree,Strongly agree,Strongly agree,Strongly Positive,2021
354,1970,Male,Construction,Technicians and trades workers - Construction Trades Workers,Between 20 and 199,Yes,Multiple family household,More than 5 years,Metro,50% - I spent about half of my time remote working,20%,20%,Neither agree nor disagree,Somewhat agree,Somewhat agree,Neither agree nor disagree,Somewhat agree,20%,20%,Somewhat likely,Neither unlikely or likely,Somewhat likely,My productivity is about same when I work remotely,1.0,8.0,1.0,4.0,1.0,8.0,3.0,4.0,Neither agree nor disagree,Somewhat disagree,Somewhat agree,Neither positive nor negative,2021
355,1975,Male,Other Services,"Managers - Chief Executives, General Managers and Legislators",More than 200,Yes,Couple with dependent children,More than 5 years,Metro,100% - I spent all of my time remote working,100% - All of my time,100% - I spent all of my time remote working,Strongly agree,Strongly agree,Somewhat agree,Somewhat agree,Strongly agree,100% - All of my time,100% - All of my time,Very likely,Somewhat likely,Very likely,I’m 50% more productive when working remotely (or more),6.0,8.0,4.0,4.0,6.0,8.0,4.0,3.0,Strongly agree,Strongly agree,Somewhat agree,Strongly Positive,2021
356,1978,Male,Accommodation and Food,Managers - Specialist Managers,Between 20 and 199,Yes,Couple with dependent children,More than 5 years,Regional,20%,20%,20%,Somewhat agree,Somewhat agree,Strongly agree,Strongly agree,Somewhat agree,20%,20%,Somewhat likely,Very likely,Very likely,I’m 20% more productive when working remotely,1.0,2.0,5.0,8.0,1.0,8.0,4.0,3.0,Somewhat agree,Strongly agree,Strongly agree,Strongly Positive,2021
357,1977,Male,Manufacturing,"Managers - Chief Executives, General Managers and Legislators",More than 200,Yes,Couple with dependent children,More than 5 years,Metro,10%,30%,50% - I spent about half of my time remote working,Neither agree nor disagree,Neither agree nor disagree,Neither agree nor disagree,Somewhat agree,Somewhat agree,70%,20%,Somewhat likely,Somewhat likely,Neither unlikely or likely,I’m 40% more productive when working remotely,2.0,7.0,2.0,5.0,3.0,6.0,2.0,7.0,Somewhat agree,Neither agree nor disagree,Somewhat agree,Somewhat Positive,2021
358,1982,Female,Wholesale Trade,"Managers - Chief Executives, General Managers and Legislators",Between 20 and 199,Yes,Couple with no dependent children,More than 5 years,Metro,40%,70%,10%,Somewhat disagree,Somewhat disagree,Strongly disagree,Somewhat disagree,Somewhat disagree,60%,50% - About half of my time,Neither unlikely or likely,Somewhat unlikely,Neither unlikely or likely,I’m 30% more productive when working remotely,2.5,9.0,3.0,3.0,0.0,10.0,3.0,4.0,Somewhat agree,Strongly agree,Somewhat agree,Somewhat Negative,2021
359,1978,Male,Financial and Insurance,"Technicians and trades workers - Engineering, ICT and Science Technicians",More than 200,No,Single person,Between 1 and 5 years,Metro,100% - I spent all of my time remote working,90%,100% - I spent all of my time remote working,Strongly agree,Somewhat agree,Strongly agree,Strongly agree,Strongly agree,90%,90%,Neither unlikely or likely,Neither unlikely or likely,Somewhat unlikely,My productivity is about same when I work remotely,1.0,9.0,0.5,5.5,0.0,9.0,1.0,6.0,Neither agree nor disagree,Somewhat agree,Neither agree nor disagree,Somewhat Positive,2021
360,1971,Female,Other Services,Managers - Specialist Managers,More than 200,Yes,Single person,More than 5 years,Metro,70%,20%,Rarely or never,Somewhat disagree,Somewhat disagree,Neither agree nor disagree,Neither agree nor disagree,Somewhat disagree,I would not have preferred to work remotely,20%,Somewhat unlikely,Very unlikely,Very unlikely,My productivity is about same when I work remotely,2.0,8.0,3.0,4.0,1.0,9.0,4.0,3.0,Neither agree nor disagree,Neither agree nor disagree,Somewhat agree,Neither positive nor negative,2021
361,1972,Female,Retail Trade,"Managers - Hospitality, Retail and Service Managers",More than 200,No,One parent family with dependent children,More than 5 years,Regional,10%,10%,10%,Somewhat agree,Somewhat agree,Somewhat agree,Somewhat agree,Somewhat agree,10%,10%,Somewhat likely,Somewhat likely,Somewhat likely,I’m 40% more productive when working remotely,2.0,6.0,5.0,5.0,4.0,4.0,8.0,4.0,Neither agree nor disagree,Somewhat agree,Somewhat agree,Somewhat Positive,2021
362,1983,Male,Information Media and Telecommunications,Professionals - ICT Professionals,Between 20 and 199,Yes,Couple with dependent children,More than 5 years,Metro,30%,50% - About half of my time,50% - I spent about half of my time remote working,Neither agree nor disagree,Somewhat agree,Somewhat agree,Neither agree nor disagree,Somewhat agree,50% - About half of my time,60%,Neither unlikely or likely,Somewhat likely,Neither unlikely or likely,I’m 30% more productive when working remotely,4.0,4.0,4.0,4.0,4.0,4.0,4.0,4.0,Neither agree nor disagree,Somewhat agree,Neither agree nor disagree,Neither positive nor negative,2021
363,1975,Male,"Electricity, Gas, Water and Waste",Community and personal service workers - Protective Service Workers,More than 200,No,Other one family household,Between 1 and 5 years,Metro,20%,20%,20%,Neither agree nor disagree,Neither agree nor disagree,Neither agree nor disagree,Neither agree nor disagree,Neither agree nor disagree,20%,20%,Neither unlikely or likely,Neither unlikely or likely,Neither unlikely or likely,My productivity is about same when I work remotely,1.0,8.0,5.0,2.0,1.0,8.0,5.0,2.0,Neither agree nor disagree,Neither agree nor disagree,Neither agree nor disagree,Neither positive nor negative,2021
364,1959,Male,"Professional, Scientific and Technical",Managers - Specialist Managers,Between 20 and 199,Yes,Couple with dependent children,More than 5 years,Metro,90%,60%,90%,Somewhat agree,Somewhat agree,Somewhat agree,Somewhat agree,Somewhat agree,60%,50% - About half of my time,Somewhat likely,Somewhat likely,Somewhat likely,I’m 20% more productive when working remotely,2.0,9.0,1.0,6.0,0.0,10.0,2.0,4.0,Neither agree nor disagree,Somewhat agree,Somewhat agree,Somewhat Positive,2021
365,1970,Female,Health Care and Social Assistance,"Managers - Chief Executives, General Managers and Legislators",More than 200,Yes,Couple with dependent children,Between 1 and 5 years,Metro,20%,20%,10%,Neither agree nor disagree,Somewhat disagree,Strongly disagree,Somewhat agree,Somewhat agree,10%,20%,Very unlikely,Very likely,Somewhat unlikely,I’m 20% less productive when working remotely,2.5,9.5,2.5,2.0,0.5,10.0,3.0,3.0,Neither agree nor disagree,Somewhat disagree,Strongly agree,Somewhat Positive,2021
366,1957,Female,Financial and Insurance,Clerical and administrative workers - General Clerical Workers,More than 200,No,Single person,More than 5 years,Metro,100% - I spent all of my time remote working,100% - All of my time,100% - I spent all of my time remote working,Neither agree nor disagree,Somewhat agree,Somewhat agree,Neither agree nor disagree,Somewhat agree,100% - All of my time,100% - All of my time,Neither unlikely or likely,Neither unlikely or likely,Somewhat unlikely,I’m 50% less productive when working remotely (or worse),0.0,10.0,4.0,5.0,0.0,18.0,2.0,2.0,Somewhat agree,Somewhat agree,Somewhat agree,Strongly Positive,2021
367,1989,Male,Education and Training,Managers - Specialist Managers,Between 5 and 19,Yes,Couple with dependent children,Between 1 and 5 years,Metro,70%,70%,70%,Neither agree nor disagree,Somewhat agree,Somewhat disagree,Strongly agree,Strongly agree,70%,100% - All of my time,Somewhat likely,Somewhat likely,Neither unlikely or likely,I’m 40% more productive when working remotely,3.0,10.0,1.0,4.0,0.0,10.0,2.0,6.0,Neither agree nor disagree,Neither agree nor disagree,Somewhat disagree,Strongly Positive,2021
368,1970,Female,Retail Trade,Sales workers - Sales Support Workers,I am a sole trader/owner-operator,No,Couple with dependent children,Between 1 and 5 years,Metro,100% - I spent all of my time remote working,100% - All of my time,100% - I spent all of my time remote working,Strongly agree,Strongly agree,Strongly agree,Strongly agree,Strongly disagree,100% - All of my time,100% - All of my time,Very likely,Very likely,Very likely,My productivity is about same when I work remotely,4.0,5.0,3.0,4.0,,5.0,3.0,8.0,Strongly agree,Strongly agree,Strongly disagree,Strongly Positive,2021
369,1991,Female,Manufacturing,"Managers - Chief Executives, General Managers and Legislators",Between 20 and 199,Yes,Couple with no dependent children,More than 5 years,Metro,100% - I spent all of my time remote working,100% - All of my time,90%,Strongly agree,Strongly agree,Somewhat agree,Strongly agree,Somewhat agree,80%,70%,Somewhat likely,Somewhat likely,Somewhat likely,My productivity is about same when I work remotely,1.0,9.0,,5.0,2.0,8.0,1.0,3.0,Somewhat agree,Somewhat agree,Strongly agree,Strongly Positive,2021
370,1993,Female,Wholesale Trade,"Managers - Chief Executives, General Managers and Legislators",Between 20 and 199,No,Couple with no dependent children,Between 6 and 12 months,Metro,20%,20%,30%,Neither agree nor disagree,Neither agree nor disagree,Somewhat disagree,Neither agree nor disagree,Somewhat disagree,40%,30%,Neither unlikely or likely,Neither unlikely or likely,Neither unlikely or likely,I’m 20% more productive when working remotely,10.0,4.0,10.0,,4.0,10.0,,10.0,Neither agree nor disagree,Neither agree nor disagree,Somewhat agree,Neither positive nor negative,2021
371,1969,Female,Public Administration and Safety,Clerical and administrative workers - Personal Assistants and Secretaries,More than 200,No,One parent family with dependent children,More than 5 years,Metro,Less than 10% of my time,20%,Less than 10% of my time,Somewhat agree,Somewhat agree,Somewhat agree,Somewhat agree,Somewhat agree,10%,Less than 10% of my time,Neither unlikely or likely,Somewhat likely,Neither unlikely or likely,I’m 10% more productive when working remotely,2.0,8.0,6.0,2.0,1.0,8.0,5.0,4.0,Neither agree nor disagree,Somewhat agree,Neither agree nor disagree,Somewhat Positive,2021
372,1995,Female,Financial and Insurance,Clerical and administrative workers - General Clerical Workers,More than 200,No,Single person,Between 1 and 5 years,Metro,Rarely or never,100% - All of my time,100% - I spent all of my time remote working,Neither agree nor disagree,Somewhat agree,Somewhat agree,Somewhat agree,Somewhat agree,70%,90%,Somewhat likely,Somewhat likely,Somewhat likely,I’m 10% more productive when working remotely,1.0,8.0,3.0,5.0,2.0,8.0,3.0,3.0,Somewhat agree,Somewhat agree,Somewhat agree,Somewhat Positive,2021
373,1983,Female,Financial and Insurance,"Professionals - Business, Human Resource and Marketing Professionals",Between 5 and 19,Yes,One parent family with dependent children,Between 1 and 5 years,Metro,50% - I spent about half of my time remote working,50% - About half of my time,50% - I spent about half of my time remote working,Somewhat agree,Somewhat agree,Somewhat agree,Somewhat agree,Somewhat agree,50% - About half of my time,20%,Neither unlikely or likely,Somewhat likely,Somewhat likely,I’m 10% less productive when working remotely,2.0,8.0,2.0,4.0,0.0,8.0,2.0,6.0,Somewhat agree,Neither agree nor disagree,Somewhat agree,Somewhat Positive,2021
374,1972,Female,Other Services,Clerical and administrative workers - Clerical and Office Support Workers,Between 20 and 199,No,Single person,More than 5 years,Metro,100% - I spent all of my time remote working,100% - All of my time,90%,Strongly agree,Strongly agree,Strongly agree,Strongly agree,Somewhat agree,100% - All of my time,100% - All of my time,Very unlikely,Somewhat unlikely,Somewhat unlikely,I’m 50% more productive when working remotely (or more),2.0,8.0,5.0,3.0,0.0,8.0,3.0,5.0,Strongly agree,Strongly agree,Somewhat disagree,Strongly Positive,2021
375,1962,Male,"Rental, Hiring and Real Estate","Managers - Chief Executives, General Managers and Legislators",Between 5 and 19,Yes,Couple with dependent children,More than 5 years,Metro,100% - I spent all of my time remote working,I would not have preferred to work remotely,100% - I spent all of my time remote working,Somewhat agree,Neither agree nor disagree,Strongly disagree,Somewhat disagree,Neither agree nor disagree,I would not have preferred to work remotely,I would prefer not to work remotely,Very unlikely,Somewhat unlikely,Very unlikely,I’m 10% less productive when working remotely,2.0,8.0,4.0,4.0,0.0,9.0,3.0,5.0,Neither agree nor disagree,Neither agree nor disagree,Somewhat agree,Neither positive nor negative,2021
376,1965,Male,"Professional, Scientific and Technical",Managers - Specialist Managers,Between 1 and 4,Yes,Couple with dependent children,Between 1 and 5 years,Metro,20%,20%,20%,Neither agree nor disagree,Neither agree nor disagree,Neither agree nor disagree,Somewhat disagree,Somewhat disagree,20%,20%,Neither unlikely or likely,Neither unlikely or likely,Somewhat unlikely,I’m 30% more productive when working remotely,1.0,6.0,6.0,3.0,1.0,8.0,4.0,3.0,Neither agree nor disagree,Neither agree nor disagree,Somewhat disagree,Neither positive nor negative,2021
377,1981,Female,Other Services,Professionals - ICT Professionals,More than 200,No,Couple with no dependent children,Between 1 and 5 years,Metro,100% - I spent all of my time remote working,90%,90%,Neither agree nor disagree,Strongly agree,Neither agree nor disagree,Somewhat agree,Strongly agree,100% - All of my time,100% - All of my time,Neither unlikely or likely,Neither unlikely or likely,Neither unlikely or likely,I’m 20% more productive when working remotely,1.5,8.0,0.0,7.5,0.5,8.0,0.0,8.5,Strongly agree,Strongly agree,Strongly disagree,Neither positive nor negative,2021
378,1985,Male,"Professional, Scientific and Technical",Managers - Specialist Managers,Between 5 and 19,Yes,Couple with dependent children,Between 1 and 5 years,Metro,60%,70%,60%,Neither agree nor disagree,Neither agree nor disagree,Neither agree nor disagree,Somewhat disagree,Neither agree nor disagree,70%,70%,Somewhat likely,Somewhat unlikely,Neither unlikely or likely,I’m 30% less productive when working remotely,3.0,9.0,2.0,2.0,3.0,10.0,1.0,2.0,Somewhat disagree,Neither agree nor disagree,Neither agree nor disagree,Somewhat Positive,2021
379,1985,Male,"Professional, Scientific and Technical",Managers - Specialist Managers,Between 20 and 199,Yes,Couple with no dependent children,Between 1 and 5 years,Metro,90%,90%,100% - I spent all of my time remote working,Strongly agree,Strongly agree,Strongly agree,Strongly agree,Strongly agree,100% - All of my time,60%,Very likely,Very likely,Somewhat likely,I’m 10% more productive when working remotely,3.0,7.0,2.0,4.0,1.0,7.0,3.0,5.0,Neither agree nor disagree,Somewhat agree,Strongly agree,Strongly Positive,2021
380,1963,Male,"Transport, Postal and Warehousing",Sales workers - Sales Representatives and Agents,More than 200,Yes,Single person,More than 5 years,Metro,60%,40%,60%,Neither agree nor disagree,Neither agree nor disagree,Somewhat disagree,Neither agree nor disagree,Somewhat disagree,40%,20%,Somewhat unlikely,Neither unlikely or likely,Somewhat likely,I’m 20% more productive when working remotely,3.0,6.0,3.0,4.0,1.0,7.0,4.0,4.0,Somewhat agree,Somewhat agree,Somewhat agree,Somewhat Positive,2021
381,1994,Female,"Transport, Postal and Warehousing",Clerical and administrative workers - Clerical and Office Support Workers,Between 20 and 199,No,One parent family with dependent children,Between 1 and 5 years,Metro,100% - I spent all of my time remote working,100% - All of my time,Rarely or never,Strongly agree,Strongly agree,Somewhat agree,Somewhat agree,Strongly agree,50% - About half of my time,50% - About half of my time,Very unlikely,Very unlikely,Very unlikely,I’m 50% more productive when working remotely (or more),2.0,8.0,2.0,6.0,0.0,8.0,2.0,6.0,Strongly agree,Strongly agree,Somewhat disagree,Somewhat Negative,2021
382,1992,Female,Retail Trade,Professionals - ICT Professionals,Between 20 and 199,No,Couple with no dependent children,Between 1 and 5 years,Metro,100% - I spent all of my time remote working,100% - All of my time,90%,Somewhat agree,Somewhat agree,Strongly agree,Somewhat agree,Strongly agree,100% - All of my time,100% - All of my time,Neither unlikely or likely,Somewhat likely,Somewhat likely,I’m 40% more productive when working remotely,3.0,8.0,3.0,2.0,0.0,8.0,2.0,5.0,Strongly agree,Somewhat agree,Somewhat disagree,Somewhat Positive,2021
383,1971,Male,Retail Trade,Managers - Specialist Managers,More than 200,Yes,Couple with dependent children,Between 1 and 5 years,Metro,50% - I spent about half of my time remote working,60%,50% - I spent about half of my time remote working,Somewhat agree,Neither agree nor disagree,Neither agree nor disagree,Neither agree nor disagree,Somewhat agree,60%,50% - About half of my time,Somewhat likely,Neither unlikely or likely,Neither unlikely or likely,I’m 10% more productive when working remotely,1.0,11.0,2.0,2.0,0.0,12.0,2.0,2.0,Somewhat agree,Neither agree nor disagree,Neither agree nor disagree,Neither positive nor negative,2021
384,1970,Female,"Rental, Hiring and Real Estate",Managers - Specialist Managers,Between 20 and 199,Yes,Group household,More than 5 years,Metro,70%,70%,80%,Somewhat disagree,Somewhat agree,Neither agree nor disagree,Neither agree nor disagree,Neither agree nor disagree,70%,70%,Neither unlikely or likely,Somewhat unlikely,Somewhat likely,I’m 20% more productive when working remotely,5.0,9.0,1.0,1.0,0.0,10.0,3.0,2.0,Somewhat disagree,Neither agree nor disagree,Somewhat agree,Somewhat Positive,2021
385,1959,Male,Information Media and Telecommunications,Technicians and trades workers - Electrotechnology and Telecommunications Trades Workers,More than 200,Yes,Couple with dependent children,Between 6 and 12 months,Metro,Less than 10% of my time,Less than 10% of my time,Less than 10% of my time,Strongly agree,Somewhat agree,Strongly agree,Somewhat agree,Strongly agree,Less than 10% of my time,Less than 10% of my time,Very likely,Somewhat likely,Somewhat likely,I’m 50% more productive when working remotely (or more),4.0,4.0,4.0,6.0,3.0,5.0,3.0,6.0,Strongly agree,Somewhat agree,Strongly agree,Strongly Positive,2021
386,2000,Female,Other Services,Clerical and administrative workers - General Clerical Workers,Between 1 and 4,No,Couple with dependent children,Between 1 and 5 years,Metro,30%,30%,10%,Somewhat agree,Somewhat agree,Somewhat agree,Somewhat agree,Neither agree nor disagree,40%,40%,Very likely,Very likely,Somewhat likely,I’m 10% more productive when working remotely,3.0,3.0,10.0,3.0,3.0,2.0,3.0,5.0,Neither agree nor disagree,Somewhat disagree,Somewhat agree,Neither positive nor negative,2021
387,1974,Female,Wholesale Trade,Clerical and administrative workers - Personal Assistants and Secretaries,Between 20 and 199,No,Couple with dependent children,Between 1 and 5 years,Metro,80%,100% - All of my time,50% - I spent about half of my time remote working,Neither agree nor disagree,Somewhat disagree,Somewhat agree,Neither agree nor disagree,Somewhat agree,100% - All of my time,80%,Neither unlikely or likely,Neither unlikely or likely,Neither unlikely or likely,I’m 30% more productive when working remotely,4.0,8.0,2.0,3.0,0.0,10.0,4.0,4.0,Somewhat agree,Somewhat agree,Somewhat agree,Neither positive nor negative,2021
388,1959,Male,Construction,"Managers - Chief Executives, General Managers and Legislators",Between 20 and 199,Yes,Couple with dependent children,More than 5 years,Metro,50% - I spent about half of my time remote working,50% - About half of my time,20%,Somewhat agree,Strongly agree,Somewhat disagree,Strongly agree,Strongly agree,10%,Less than 10% of my time,Very unlikely,Neither unlikely or likely,Very unlikely,I’m 10% more productive when working remotely,2.0,9.0,2.0,3.0,1.0,10.0,2.0,3.0,Strongly disagree,Somewhat disagree,Somewhat agree,Strongly Positive,2021
389,1983,Female,Retail Trade,Sales workers - Sales Representatives and Agents,More than 200,No,Couple with no dependent children,Between 1 and 5 years,Metro,50% - I spent about half of my time remote working,50% - About half of my time,50% - I spent about half of my time remote working,Strongly agree,Strongly agree,Strongly agree,Strongly agree,Strongly agree,50% - About half of my time,80%,Somewhat likely,Very likely,Somewhat likely,I’m 50% more productive when working remotely (or more),2.0,9.0,,5.0,0.0,9.0,,7.0,Strongly agree,Strongly agree,Neither agree nor disagree,Strongly Positive,2021
390,1975,Male,Financial and Insurance,"Technicians and trades workers - Engineering, ICT and Science Technicians",More than 200,No,Couple with no dependent children,More than 5 years,Metro,100% - I spent all of my time remote working,100% - All of my time,70%,Strongly agree,Strongly agree,Strongly agree,Somewhat agree,Somewhat agree,70%,70%,Neither unlikely or likely,Somewhat likely,Somewhat likely,I’m 20% more productive when working remotely,0.0,10.0,1.0,5.0,0.0,10.0,1.0,5.0,Strongly agree,Strongly agree,Strongly disagree,Strongly Positive,2021
391,1971,Male,"Transport, Postal and Warehousing","Managers - Chief Executives, General Managers and Legislators",Between 20 and 199,Yes,Couple with dependent children,Between 1 and 5 years,Metro,70%,100% - All of my time,40%,Strongly disagree,Somewhat agree,Somewhat disagree,Somewhat disagree,Neither agree nor disagree,100% - All of my time,70%,Very unlikely,Somewhat unlikely,Somewhat unlikely,I’m 30% less productive when working remotely,2.0,7.0,4.0,4.0,0.0,6.0,8.0,3.0,Somewhat agree,Strongly agree,Neither agree nor disagree,Somewhat Positive,2021
392,1972,Female,"Professional, Scientific and Technical",Managers - Specialist Managers,Between 1 and 4,No,Couple with dependent children,Between 1 and 5 years,Metro,100% - I spent all of my time remote working,100% - All of my time,100% - I spent all of my time remote working,Somewhat agree,Somewhat agree,Somewhat agree,Somewhat agree,Neither agree nor disagree,100% - All of my time,100% - All of my time,Neither unlikely or likely,Neither unlikely or likely,Somewhat likely,My productivity is about same when I work remotely,2.0,6.0,6.0,2.0,1.0,8.0,5.0,2.0,Somewhat agree,Neither agree nor disagree,Neither agree nor disagree,Somewhat Positive,2021
393,1965,Male,"Transport, Postal and Warehousing","Managers - Chief Executives, General Managers and Legislators",Between 20 and 199,Yes,Couple with dependent children,Between 1 and 5 years,Metro,100% - I spent all of my time remote working,Less than 10% of my time,90%,Strongly agree,Somewhat agree,Somewhat agree,Somewhat agree,Somewhat disagree,Less than 10% of my time,Less than 10% of my time,Neither unlikely or likely,Somewhat unlikely,Neither unlikely or likely,My productivity is about same when I work remotely,1.0,7.0,3.0,6.0,0.0,7.0,3.0,7.0,Neither agree nor disagree,Neither agree nor disagree,Somewhat agree,Somewhat Positive,2021
394,1973,Male,Public Administration and Safety,Managers - Specialist Managers,Between 20 and 199,Yes,Couple with dependent children,More than 5 years,Metro,30%,30%,40%,Neither agree nor disagree,Neither agree nor disagree,Somewhat disagree,Neither agree nor disagree,Neither agree nor disagree,40%,60%,Somewhat unlikely,Neither unlikely or likely,Neither unlikely or likely,I’m 20% more productive when working remotely,2.0,8.0,2.0,4.0,2.0,8.0,2.0,4.0,Neither agree nor disagree,Somewhat agree,Neither agree nor disagree,Neither positive nor negative,2021
395,1974,Male,Financial and Insurance,Managers - Specialist Managers,More than 200,Yes,Couple with dependent children,More than 5 years,Metro,60%,50% - About half of my time,50% - I spent about half of my time remote working,Neither agree nor disagree,Somewhat agree,Neither agree nor disagree,Somewhat agree,Neither agree nor disagree,30%,40%,Neither unlikely or likely,Neither unlikely or likely,Neither unlikely or likely,I’m 20% more productive when working remotely,3.0,8.0,2.0,3.0,0.0,8.0,3.0,5.0,Somewhat agree,Somewhat agree,Neither agree nor disagree,Somewhat Positive,2021
396,1968,Female,Education and Training,Professionals - Education Professionals,More than 200,No,Multiple family household,More than 5 years,Regional,100% - I spent all of my time remote working,20%,50% - I spent about half of my time remote working,Strongly agree,Neither agree nor disagree,Strongly agree,Somewhat agree,Somewhat disagree,20%,20%,Somewhat unlikely,Somewhat unlikely,Very unlikely,My productivity is about same when I work remotely,2.0,9.0,3.0,3.0,0.5,10.5,3.0,3.0,Somewhat disagree,Somewhat disagree,Somewhat agree,Neither positive nor negative,2021
397,1982,Female,Manufacturing,Managers - Specialist Managers,Between 20 and 199,Yes,Couple with no dependent children,Between 1 and 5 years,Metro,50% - I spent about half of my time remote working,40%,30%,Strongly agree,Somewhat agree,Somewhat disagree,Strongly agree,Somewhat agree,30%,30%,Somewhat unlikely,Somewhat likely,Neither unlikely or likely,I’m 20% more productive when working remotely,1.0,8.0,5.0,4.0,0.0,10.0,5.0,3.0,Somewhat agree,Somewhat disagree,Somewhat agree,Somewhat Positive,2021
398,1999,Male,Construction,"Professionals - Design, Engineering, Science and Transport Professionals",Between 20 and 199,No,Couple with no dependent children,Between 6 and 12 months,Metro,60%,50% - About half of my time,30%,Neither agree nor disagree,Somewhat disagree,Somewhat disagree,Somewhat agree,Somewhat agree,30%,70%,Neither unlikely or likely,Neither unlikely or likely,Somewhat unlikely,I’m 40% more productive when working remotely,4.0,2.0,10.0,2.0,2.0,12.0,2.0,2.0,Somewhat disagree,Somewhat disagree,Neither agree nor disagree,Neither positive nor negative,2021
399,1982,Female,Financial and Insurance,"Managers - Chief Executives, General Managers and Legislators",More than 200,No,Couple with no dependent children,More than 5 years,Metro,100% - I spent all of my time remote working,100% - All of my time,100% - I spent all of my time remote working,Strongly agree,Strongly agree,Strongly disagree,Strongly agree,Strongly agree,100% - All of my time,100% - All of my time,Somewhat likely,Somewhat likely,Somewhat likely,I’m 50% more productive when working remotely (or more),0.0,8.0,3.0,5.0,0.0,8.0,3.0,5.0,Somewhat agree,Somewhat agree,Somewhat agree,Somewhat Positive,2021
400,1985,Male,Information Media and Telecommunications,"Managers - Chief Executives, General Managers and Legislators",More than 200,Yes,One parent family with dependent children,More than 5 years,Metro,20%,30%,Less than 10% of my time,Neither agree nor disagree,Somewhat agree,Somewhat disagree,Somewhat disagree,Somewhat agree,30%,20%,Somewhat unlikely,Neither unlikely or likely,Neither unlikely or likely,I’m 20% more productive when working remotely,0.0,10.0,4.0,4.0,2.0,10.0,3.0,4.0,Somewhat agree,Neither agree nor disagree,Somewhat agree,Somewhat Positive,2021
401,1975,Female,Financial and Insurance,Clerical and administrative workers - General Clerical Workers,Between 5 and 19,Yes,Couple with no dependent children,More than 5 years,Metro,50% - I spent about half of my time remote working,40%,50% - I spent about half of my time remote working,Somewhat agree,Neither agree nor disagree,Strongly agree,Strongly agree,Neither agree nor disagree,30%,40%,Very likely,Very likely,Very likely,I’m 40% more productive when working remotely,2.0,8.0,4.0,4.0,2.0,8.0,2.0,4.0,Strongly agree,Strongly agree,Strongly agree,Strongly Positive,2021
402,1971,Male,Health Care and Social Assistance,Managers - Specialist Managers,More than 200,Yes,Couple with dependent children,More than 5 years,Metro,100% - I spent all of my time remote working,100% - All of my time,100% - I spent all of my time remote working,Somewhat agree,Somewhat agree,Somewhat agree,Somewhat agree,Strongly agree,100% - All of my time,90%,Very likely,Very likely,Very likely,I’m 50% more productive when working remotely (or more),2.0,11.0,3.0,3.0,0.5,9.0,4.5,4.0,Strongly agree,Strongly agree,Strongly agree,Somewhat Positive,2021
403,1976,Female,Information Media and Telecommunications,"Managers - Chief Executives, General Managers and Legislators",Between 5 and 19,Yes,Couple with dependent children,More than 5 years,Metro,90%,100% - All of my time,80%,Strongly agree,Strongly agree,Strongly agree,Strongly agree,Somewhat agree,90%,90%,Somewhat likely,Somewhat likely,Somewhat likely,My productivity is about same when I work remotely,1.5,8.0,2.0,4.5,0.0,8.0,2.0,6.0,Somewhat agree,Somewhat agree,Neither agree nor disagree,Strongly Positive,2021
404,1959,Female,"Professional, Scientific and Technical","Professionals - Business, Human Resource and Marketing Professionals",Between 20 and 199,No,Couple with dependent children,Between 1 and 5 years,Metro,100% - I spent all of my time remote working,100% - All of my time,100% - I spent all of my time remote working,Strongly agree,Strongly agree,Strongly agree,Strongly agree,Strongly agree,100% - All of my time,100% - All of my time,Somewhat unlikely,Somewhat likely,Very likely,My productivity is about same when I work remotely,3.0,7.0,3.0,4.0,1.0,7.0,4.0,5.0,Strongly agree,Strongly agree,Somewhat agree,Strongly Positive,2021
405,1978,Male,Information Media and Telecommunications,"Managers - Chief Executives, General Managers and Legislators",Between 20 and 199,Yes,Couple with dependent children,Between 1 and 5 years,Regional,20%,30%,30%,Somewhat agree,Strongly agree,Strongly agree,Strongly agree,Strongly agree,50% - About half of my time,40%,Somewhat likely,Very likely,Very likely,I’m 30% more productive when working remotely,4.0,8.0,2.0,4.0,4.0,8.0,2.0,4.0,Strongly agree,Strongly agree,Somewhat agree,Strongly Positive,2021
406,1967,Female,"Professional, Scientific and Technical",Professionals - ICT Professionals,Between 20 and 199,No,Single person,Between 1 and 5 years,Metro,80%,60%,80%,Strongly agree,Somewhat agree,Somewhat agree,Somewhat agree,Somewhat disagree,60%,70%,Somewhat likely,Somewhat likely,Somewhat unlikely,I’m 30% more productive when working remotely,4.0,7.0,4.0,1.0,2.0,10.0,3.0,2.0,Somewhat disagree,Strongly disagree,Somewhat agree,Strongly Positive,2021
407,1976,Female,Health Care and Social Assistance,"Managers - Chief Executives, General Managers and Legislators",Between 20 and 199,Yes,Couple with no dependent children,Between 1 and 5 years,Regional,40%,50% - About half of my time,40%,Somewhat agree,Strongly agree,Somewhat agree,Somewhat agree,Somewhat disagree,50% - About half of my time,50% - About half of my time,Somewhat unlikely,Somewhat unlikely,Somewhat unlikely,I’m 50% more productive when working remotely (or more),2.0,11.0,2.0,2.0,0.5,11.0,2.5,3.0,Somewhat agree,Somewhat agree,Somewhat disagree,Somewhat Positive,2021
408,2000,Male,Mining,"Technicians and trades workers - Engineering, ICT and Science Technicians",Between 20 and 199,No,One parent family with dependent children,Between 6 and 12 months,Metro,50% - I spent about half of my time remote working,50% - About half of my time,50% - I spent about half of my time remote working,Neither agree nor disagree,Neither agree nor disagree,Neither agree nor disagree,Neither agree nor disagree,Neither agree nor disagree,40%,50% - About half of my time,Neither unlikely or likely,Neither unlikely or likely,Neither unlikely or likely,I’m 30% more productive when working remotely,5.0,4.0,5.0,5.0,5.0,4.0,5.0,5.0,Neither agree nor disagree,Neither agree nor disagree,Neither agree nor disagree,Neither positive nor negative,2021
409,1991,Male,Information Media and Telecommunications,Managers - Specialist Managers,Between 20 and 199,Yes,Couple with no dependent children,Between 1 and 5 years,Metro,90%,90%,90%,Somewhat disagree,Neither agree nor disagree,Somewhat agree,Somewhat agree,Somewhat agree,100% - All of my time,70%,Somewhat unlikely,Somewhat likely,Somewhat unlikely,I’m 20% more productive when working remotely,3.0,8.0,2.0,3.0,,10.0,3.0,3.0,Somewhat agree,Somewhat agree,Somewhat agree,Somewhat Negative,2021
410,1998,Female,Construction,"Managers - Chief Executives, General Managers and Legislators",Between 20 and 199,Yes,Couple with dependent children,Between 1 and 5 years,Regional,70%,90%,30%,Neither agree nor disagree,Somewhat agree,Somewhat disagree,Neither agree nor disagree,Somewhat agree,30%,20%,Very unlikely,Neither unlikely or likely,Somewhat unlikely,I’m 30% more productive when working remotely,2.5,9.0,2.0,2.5,1.0,10.0,3.0,2.0,Strongly agree,Somewhat agree,Somewhat agree,Somewhat Positive,2021
411,1980,Male,"Professional, Scientific and Technical",Managers - Specialist Managers,Between 20 and 199,Yes,Couple with no dependent children,More than 5 years,Metro,100% - I spent all of my time remote working,100% - All of my time,Rarely or never,Somewhat agree,Somewhat agree,Somewhat agree,Somewhat agree,Strongly agree,40%,40%,Neither unlikely or likely,Neither unlikely or likely,Somewhat likely,I’m 20% more productive when working remotely,1.0,8.0,3.0,4.0,0.0,8.0,4.0,4.0,Strongly agree,Strongly agree,Neither agree nor disagree,Somewhat Positive,2021
412,1962,Female,Education and Training,Professionals - Education Professionals,Between 20 and 199,No,One parent family with dependent children,More than 5 years,Regional,Less than 10% of my time,90%,Less than 10% of my time,Neither agree nor disagree,Strongly disagree,Somewhat agree,Somewhat agree,Strongly agree,90%,90%,Very unlikely,Very unlikely,Very unlikely,I’m 20% more productive when working remotely,2.0,8.0,2.0,2.0,1.0,8.0,2.0,3.0,Somewhat agree,Somewhat agree,Neither agree nor disagree,Somewhat Negative,2021
413,1982,Female,"Transport, Postal and Warehousing",Managers - Specialist Managers,More than 200,Yes,Couple with dependent children,More than 5 years,Metro,Less than 10% of my time,Less than 10% of my time,Less than 10% of my time,Strongly disagree,Strongly disagree,Strongly disagree,Strongly disagree,Strongly disagree,30%,30%,Very likely,Very likely,Very likely,I’m 50% more productive when working remotely (or more),2.0,9.0,3.0,3.0,2.0,9.0,3.0,3.0,Strongly agree,Strongly agree,Strongly agree,Strongly Positive,2021
414,1990,Male,"Professional, Scientific and Technical",Managers - Specialist Managers,Between 20 and 199,Yes,Couple with no dependent children,Between 1 and 5 years,Metro,30%,30%,50% - I spent about half of my time remote working,Somewhat agree,Somewhat agree,Somewhat disagree,Neither agree nor disagree,Somewhat agree,30%,30%,Neither unlikely or likely,Neither unlikely or likely,Neither unlikely or likely,I’m 10% more productive when working remotely,2.0,8.0,1.0,3.0,3.0,8.0,2.0,3.0,Neither agree nor disagree,Neither agree nor disagree,Neither agree nor disagree,Neither positive nor negative,2021
415,1999,Female,"Professional, Scientific and Technical","Professionals - Legal, Social and Welfare Professionals",More than 200,No,Couple with dependent children,Between 1 and 5 years,Metro,80%,90%,60%,Neither agree nor disagree,Somewhat agree,Strongly agree,Strongly disagree,Somewhat disagree,80%,20%,Somewhat likely,Somewhat likely,Somewhat likely,I’m 10% more productive when working remotely,2.0,11.0,3.0,2.0,0.0,9.0,3.0,6.0,Neither agree nor disagree,Somewhat agree,Somewhat agree,Strongly Positive,2021
416,1977,Female,Education and Training,Clerical and administrative workers - Other Clerical and Administrative Workers,More than 200,No,Couple with dependent children,Between 1 and 5 years,Regional,Rarely or never,Less than 10% of my time,Rarely or never,Strongly disagree,Strongly agree,Neither agree nor disagree,Neither agree nor disagree,Somewhat agree,I would not have preferred to work remotely,I would prefer not to work remotely,Very unlikely,Very unlikely,Very unlikely,I’m 30% more productive when working remotely,1.5,8.5,3.0,3.0,0.0,8.5,4.0,3.5,Neither agree nor disagree,Somewhat disagree,Strongly agree,Neither positive nor negative,2021
417,1957,Female,Financial and Insurance,Clerical and administrative workers - General Clerical Workers,More than 200,No,Single person,More than 5 years,Metro,100% - I spent all of my time remote working,100% - All of my time,100% - I spent all of my time remote working,Neither agree nor disagree,Neither agree nor disagree,Neither agree nor disagree,Neither agree nor disagree,Neither agree nor disagree,100% - All of my time,90%,Somewhat likely,Somewhat likely,Somewhat likely,I’m 40% more productive when working remotely,0.0,10.0,2.0,2.0,0.0,8.0,2.0,1.0,Strongly agree,Strongly agree,Strongly agree,Strongly Positive,2021
418,1972,Male,"Transport, Postal and Warehousing","Professionals - Business, Human Resource and Marketing Professionals",Between 20 and 199,Yes,Couple with dependent children,Between 1 and 5 years,Regional,Rarely or never,Less than 10% of my time,Rarely or never,Strongly disagree,Somewhat disagree,Strongly disagree,Strongly disagree,Somewhat disagree,Less than 10% of my time,10%,Very unlikely,Very unlikely,Very unlikely,I’m 20% less productive when working remotely,2.0,11.0,1.0,3.0,0.0,12.0,1.0,3.0,Somewhat disagree,Strongly disagree,Strongly agree,Neither positive nor negative,2021
419,1960,Female,Administrative and Support,Clerical and administrative workers - Clerical and Office Support Workers,Between 1 and 4,No,Couple with no dependent children,More than 5 years,Regional,100% - I spent all of my time remote working,100% - All of my time,100% - I spent all of my time remote working,Strongly agree,Somewhat agree,Neither agree nor disagree,Somewhat agree,Somewhat agree,100% - All of my time,70%,Very likely,Very likely,Somewhat likely,I’m 20% more productive when working remotely,1.0,8.0,4.0,3.0,0.0,8.0,4.0,4.0,Somewhat agree,Strongly agree,Neither agree nor disagree,Strongly Positive,2021
420,1978,Female,Financial and Insurance,Clerical and administrative workers - Other Clerical and Administrative Workers,More than 200,No,Single person,Between 1 and 5 years,Metro,100% - I spent all of my time remote working,100% - All of my time,100% - I spent all of my time remote working,Neither agree nor disagree,Neither agree nor disagree,Neither agree nor disagree,Neither agree nor disagree,Neither agree nor disagree,100% - All of my time,100% - All of my time,Neither unlikely or likely,Neither unlikely or likely,Neither unlikely or likely,I’m 50% more productive when working remotely (or more),1.0,8.0,0.0,8.0,1.0,8.0,0.0,8.0,Neither agree nor disagree,Neither agree nor disagree,Neither agree nor disagree,Neither positive nor negative,2021
421,1986,Female,Education and Training,Managers - Specialist Managers,More than 200,Yes,Couple with dependent children,Between 6 and 12 months,Metro,70%,80%,60%,Somewhat agree,Strongly agree,Somewhat agree,Strongly agree,Somewhat agree,100% - All of my time,80%,Neither unlikely or likely,Somewhat likely,Neither unlikely or likely,I’m 40% more productive when working remotely,2.0,7.0,3.0,4.0,1.0,9.0,2.0,4.0,Neither agree nor disagree,Neither agree nor disagree,Somewhat agree,Somewhat Positive,2021
422,1985,Female,Financial and Insurance,"Professionals - Business, Human Resource and Marketing Professionals",Between 20 and 199,No,Couple with no dependent children,Between 1 and 5 years,Metro,90%,90%,80%,Somewhat agree,Somewhat agree,Somewhat agree,Somewhat agree,Somewhat agree,90%,80%,Somewhat likely,Somewhat likely,Somewhat likely,My productivity is about same when I work remotely,1.5,7.5,1.0,4.0,1.5,8.5,2.0,2.0,Neither agree nor disagree,Somewhat agree,Somewhat agree,Somewhat Positive,2021
423,1980,Male,Other Services,"Managers - Chief Executives, General Managers and Legislators",More than 200,Yes,Couple with dependent children,More than 5 years,Metro,100% - I spent all of my time remote working,30%,30%,Somewhat agree,Strongly agree,Strongly agree,Somewhat agree,Somewhat agree,20%,20%,Very likely,Somewhat likely,Very likely,I’m 50% more productive when working remotely (or more),2.0,8.0,3.0,3.0,2.0,8.0,3.0,3.0,Strongly agree,Somewhat agree,Strongly agree,Strongly Positive,2021
424,1974,Female,Education and Training,Professionals - Education Professionals,Between 20 and 199,No,Couple with dependent children,Between 1 and 5 years,Metro,30%,10%,20%,Somewhat agree,Somewhat disagree,Neither agree nor disagree,Neither agree nor disagree,Strongly disagree,Less than 10% of my time,Less than 10% of my time,Somewhat unlikely,Somewhat unlikely,Neither unlikely or likely,I’m 30% less productive when working remotely,7.0,8.0,2.0,2.0,6.0,9.0,2.0,2.0,Somewhat disagree,Somewhat disagree,Strongly agree,Strongly Negative,2021
425,1975,Male,Construction,Technicians and trades workers - Construction Trades Workers,I am a sole trader/owner-operator,No,Couple with no dependent children,Between 1 and 5 years,Regional,20%,20%,20%,Somewhat agree,Somewhat agree,Neither agree nor disagree,Somewhat agree,Somewhat agree,20%,20%,Neither unlikely or likely,Somewhat likely,Somewhat likely,I’m 10% more productive when working remotely,1.0,7.0,3.0,5.0,0.0,8.0,3.0,5.0,Somewhat agree,Somewhat agree,Neither agree nor disagree,Somewhat Positive,2021
426,1970,Female,Other Services,Professionals - Health Professionals,Between 5 and 19,Yes,Single person,Between 1 and 5 years,Metro,80%,60%,50% - I spent about half of my time remote working,Somewhat agree,Somewhat agree,Neither agree nor disagree,Somewhat agree,Somewhat agree,60%,60%,Neither unlikely or likely,Somewhat likely,Somewhat likely,I’m 10% more productive when working remotely,1.5,7.0,3.5,4.0,0.5,7.0,4.0,4.0,Somewhat agree,Somewhat agree,Somewhat agree,Somewhat Positive,2021
427,1993,Female,Wholesale Trade,"Managers - Chief Executives, General Managers and Legislators",More than 200,No,Couple with no dependent children,Between 6 and 12 months,Metro,20%,30%,30%,Somewhat agree,Somewhat disagree,Somewhat agree,Strongly disagree,Neither agree nor disagree,40%,30%,Somewhat unlikely,Somewhat likely,Somewhat likely,My productivity is about same when I work remotely,3.0,20.0,,1.0,2.0,2.0,,20.0,Somewhat agree,Somewhat agree,Neither agree nor disagree,Neither positive nor negative,2021
428,1976,Male,Information Media and Telecommunications,"Professionals - Design, Engineering, Science and Transport Professionals",More than 200,No,Couple with dependent children,More than 5 years,Metro,80%,80%,80%,Somewhat agree,Neither agree nor disagree,Somewhat agree,Somewhat agree,Somewhat agree,80%,80%,Neither unlikely or likely,Neither unlikely or likely,Neither unlikely or likely,My productivity is about same when I work remotely,3.0,9.0,3.0,3.0,0.0,10.0,3.0,3.0,Somewhat agree,Neither agree nor disagree,Neither agree nor disagree,Strongly Positive,2021
429,1999,Female,Wholesale Trade,Machinery operators and drivers - Mobile Plant Operators,More than 200,Yes,One parent family with dependent children,Between 6 and 12 months,Metro,70%,20%,20%,Neither agree nor disagree,Somewhat disagree,Neither agree nor disagree,Somewhat agree,Strongly disagree,60%,20%,Somewhat likely,Neither unlikely or likely,Somewhat unlikely,I’m 10% more productive when working remotely,3.0,10.0,5.0,3.0,3.0,6.0,3.0,5.0,Neither agree nor disagree,Neither agree nor disagree,Somewhat agree,Neither positive nor negative,2021
430,1978,Male,"Professional, Scientific and Technical",Professionals - ICT Professionals,More than 200,No,Single person,More than 5 years,Metro,100% - I spent all of my time remote working,100% - All of my time,100% - I spent all of my time remote working,Somewhat agree,Somewhat agree,Somewhat agree,Somewhat agree,Strongly agree,100% - All of my time,100% - All of my time,Very unlikely,Very likely,Neither unlikely or likely,I’m 50% more productive when working remotely (or more),2.0,7.5,2.0,4.5,0.0,7.5,2.0,6.5,Strongly agree,Strongly agree,Strongly disagree,Somewhat Positive,2021
431,1985,Female,Health Care and Social Assistance,"Professionals - Legal, Social and Welfare Professionals",More than 200,No,Couple with dependent children,More than 5 years,Metro,60%,90%,70%,Strongly disagree,Neither agree nor disagree,Strongly disagree,Somewhat disagree,Strongly agree,90%,30%,Very unlikely,Very unlikely,Neither unlikely or likely,I’m 50% more productive when working remotely (or more),3.0,8.0,2.0,4.0,0.5,8.0,3.0,5.5,Somewhat agree,Neither agree nor disagree,Neither agree nor disagree,Strongly Negative,2021
432,1971,Female,Construction,"Professionals - Business, Human Resource and Marketing Professionals",More than 200,Yes,One parent family with dependent children,Between 1 and 5 years,Metro,30%,30%,40%,Neither agree nor disagree,Somewhat agree,Somewhat agree,Somewhat agree,Strongly agree,40%,50% - About half of my time,Very likely,Somewhat likely,Somewhat likely,I’m 40% more productive when working remotely,8.0,3.0,3.0,2.0,6.0,3.0,3.0,5.0,Somewhat agree,Somewhat agree,Strongly agree,Somewhat Positive,2021
433,1982,Male,"Transport, Postal and Warehousing",Machinery operators and drivers - Road and Rail Drivers,Between 20 and 199,No,Couple with no dependent children,Between 1 and 5 years,Metro,100% - I spent all of my time remote working,100% - All of my time,100% - I spent all of my time remote working,Strongly agree,Strongly agree,Strongly agree,Strongly agree,Neither agree nor disagree,100% - All of my time,100% - All of my time,Somewhat likely,Neither unlikely or likely,Neither unlikely or likely,I’m 20% more productive when working remotely,0.5,6.0,1.5,6.0,0.0,6.0,1.5,6.5,Somewhat agree,Somewhat agree,Neither agree nor disagree,Neither positive nor negative,2021
434,1972,Female,Manufacturing,Clerical and administrative workers - Office Managers and Program Administrators,Between 5 and 19,No,Couple with dependent children,Between 1 and 5 years,Metro,60%,50% - About half of my time,40%,Neither agree nor disagree,Somewhat agree,Somewhat agree,Strongly agree,Somewhat agree,40%,50% - About half of my time,Neither unlikely or likely,Somewhat likely,Somewhat likely,I’m 40% more productive when working remotely,3.0,9.0,3.0,3.0,1.0,10.0,3.0,3.0,Neither agree nor disagree,Somewhat agree,Somewhat agree,Somewhat Positive,2021
435,1991,Female,"Professional, Scientific and Technical",Professionals - Arts and Media Professionals,More than 200,No,Single person,Between 1 and 5 years,Metro,Rarely or never,I would not have preferred to work remotely,Rarely or never,Somewhat agree,Somewhat agree,Somewhat agree,Somewhat agree,Somewhat agree,I would not have preferred to work remotely,Less than 10% of my time,Neither unlikely or likely,Neither unlikely or likely,Neither unlikely or likely,I’m 20% less productive when working remotely,1.5,7.0,1.0,5.5,0.0,7.0,2.0,6.0,Somewhat disagree,Neither agree nor disagree,Strongly agree,Neither positive nor negative,2021
436,1977,Male,Health Care and Social Assistance,Professionals - ICT Professionals,More than 200,No,Couple with dependent children,Between 1 and 5 years,Metro,100% - I spent all of my time remote working,20%,100% - I spent all of my time remote working,Somewhat agree,Somewhat agree,Somewhat agree,Somewhat agree,Strongly agree,100% - All of my time,80%,Somewhat likely,Somewhat likely,Somewhat likely,I’m 30% more productive when working remotely,3.0,8.0,5.0,1.0,0.0,9.0,3.0,4.0,Somewhat agree,Strongly agree,Neither agree nor disagree,Somewhat Positive,2021
437,1981,Male,Retail Trade,Technicians and trades workers - Food Trades Workers,Between 5 and 19,No,Couple with dependent children,Between 6 and 12 months,Metro,30%,40%,40%,Somewhat agree,Strongly agree,Neither agree nor disagree,Somewhat agree,Neither agree nor disagree,50% - About half of my time,20%,Somewhat likely,Neither unlikely or likely,Somewhat likely,I’m 20% more productive when working remotely,5.0,6.0,5.0,5.0,5.0,1.0,5.0,5.0,Neither agree nor disagree,Somewhat agree,Somewhat agree,Neither positive nor negative,2021
438,1982,Female,Information Media and Telecommunications,Professionals - ICT Professionals,Between 20 and 199,Yes,Couple with dependent children,More than 5 years,Metro,50% - I spent about half of my time remote working,50% - About half of my time,50% - I spent about half of my time remote working,Somewhat agree,Strongly agree,Strongly agree,Strongly agree,Strongly agree,50% - About half of my time,50% - About half of my time,Very likely,Somewhat likely,Very likely,I’m 50% more productive when working remotely (or more),5.0,5.0,3.0,5.0,5.0,5.0,3.0,5.0,Strongly agree,Strongly agree,Somewhat agree,Strongly Positive,2021
439,1986,Male,"Professional, Scientific and Technical",Managers - Specialist Managers,More than 200,Yes,Couple with dependent children,More than 5 years,Metro,80%,70%,60%,Strongly agree,Somewhat agree,Somewhat agree,Somewhat agree,Neither agree nor disagree,80%,70%,Somewhat unlikely,Somewhat likely,Neither unlikely or likely,I’m 30% more productive when working remotely,2.0,8.0,3.0,3.0,0.0,10.0,4.0,2.0,Neither agree nor disagree,Somewhat agree,Somewhat agree,Somewhat Positive,2021
440,1990,Female,Arts and Recreation,Machinery operators and drivers - Road and Rail Drivers,Between 5 and 19,Yes,Multiple family household,Between 6 and 12 months,Metro,80%,Less than 10% of my time,Less than 10% of my time,Neither agree nor disagree,Somewhat agree,Strongly agree,Somewhat agree,Somewhat disagree,40%,80%,Somewhat likely,Neither unlikely or likely,Somewhat unlikely,I’m 20% less productive when working remotely,2.0,8.0,2.0,5.0,1.0,8.0,5.0,3.0,Somewhat disagree,Neither agree nor disagree,Somewhat disagree,Somewhat Positive,2021
441,1990,Female,Other Services,Clerical and administrative workers - General Clerical Workers,Between 20 and 199,No,Couple with dependent children,Between 6 and 12 months,Regional,100% - I spent all of my time remote working,100% - All of my time,100% - I spent all of my time remote working,Strongly agree,Strongly agree,Strongly agree,Somewhat agree,Neither agree nor disagree,100% - All of my time,100% - All of my time,Somewhat likely,Very likely,Somewhat likely,I’m 50% more productive when working remotely (or more),0.0,7.0,4.0,3.0,0.0,7.0,4.0,3.0,Somewhat agree,Somewhat agree,Neither agree nor disagree,Strongly Positive,2021
442,1984,Male,Financial and Insurance,"Professionals - Business, Human Resource and Marketing Professionals",More than 200,Yes,Couple with no dependent children,Between 1 and 5 years,Metro,50% - I spent about half of my time remote working,40%,30%,Somewhat agree,Strongly agree,Strongly agree,Strongly agree,Strongly agree,30%,50% - About half of my time,Very likely,Somewhat likely,Somewhat likely,I’m 50% more productive when working remotely (or more),9.0,4.0,4.0,3.0,3.0,4.0,5.0,5.0,Strongly agree,Strongly agree,Strongly agree,Strongly Positive,2021
443,1995,Female,Retail Trade,Clerical and administrative workers - Clerical and Office Support Workers,Between 20 and 199,No,Other one family household,Between 1 and 5 years,Metro,100% - I spent all of my time remote working,100% - All of my time,80%,Somewhat agree,Somewhat agree,Somewhat disagree,Somewhat agree,Neither agree nor disagree,100% - All of my time,50% - About half of my time,Somewhat unlikely,Neither unlikely or likely,Neither unlikely or likely,I’m 20% more productive when working remotely,2.0,7.0,2.0,6.0,,7.0,3.0,6.0,Somewhat agree,Somewhat disagree,Somewhat disagree,Strongly Positive,2021
444,1985,Male,Information Media and Telecommunications,"Managers - Chief Executives, General Managers and Legislators",Between 20 and 199,No,Other one family household,Between 1 and 5 years,Metro,30%,30%,30%,Somewhat agree,Neither agree nor disagree,Somewhat agree,Strongly agree,Somewhat disagree,30%,20%,Somewhat unlikely,Somewhat likely,Somewhat unlikely,I’m 10% more productive when working remotely,2.0,10.0,4.0,2.0,2.0,10.0,3.0,4.0,Somewhat agree,Neither agree nor disagree,Somewhat agree,Somewhat Positive,2021
445,1991,Male,Administrative and Support,Sales workers - Sales Representatives and Agents,More than 200,No,Single person,Between 1 and 5 years,Metro,40%,100% - All of my time,Less than 10% of my time,Somewhat disagree,Neither agree nor disagree,Somewhat disagree,Somewhat agree,Somewhat disagree,40%,20%,Somewhat unlikely,Somewhat unlikely,Somewhat unlikely,I’m 10% less productive when working remotely,2.0,8.0,3.0,3.0,1.0,8.0,3.0,4.0,Neither agree nor disagree,Somewhat disagree,Somewhat agree,Somewhat Positive,2021
446,1983,Male,Information Media and Telecommunications,Managers - Specialist Managers,More than 200,Yes,Couple with dependent children,More than 5 years,Metro,100% - I spent all of my time remote working,100% - All of my time,80%,Somewhat agree,Strongly agree,Strongly agree,Somewhat agree,Somewhat agree,100% - All of my time,100% - All of my time,Somewhat likely,Somewhat likely,Somewhat likely,I’m 20% more productive when working remotely,2.0,8.0,4.0,2.0,1.0,8.0,4.0,4.0,Somewhat agree,Somewhat agree,Neither agree nor disagree,Somewhat Positive,2021
447,1980,Female,Health Care and Social Assistance,Professionals - Health Professionals,Between 5 and 19,Yes,Couple with dependent children,Between 1 and 5 years,Regional,30%,20%,20%,Somewhat agree,Somewhat agree,Somewhat agree,Somewhat agree,Somewhat agree,20%,20%,Neither unlikely or likely,Neither unlikely or likely,Somewhat unlikely,My productivity is about same when I work remotely,3.0,6.0,4.0,4.0,1.0,6.0,6.0,4.0,Somewhat agree,Strongly agree,Somewhat agree,Somewhat Positive,2021
448,1996,Female,Other Services,Clerical and administrative workers - General Clerical Workers,Between 20 and 199,No,Couple with no dependent children,Between 1 and 5 years,Metro,60%,70%,40%,Somewhat agree,Neither agree nor disagree,Somewhat agree,Strongly agree,Somewhat agree,30%,80%,Somewhat likely,Very likely,Somewhat likely,I’m 10% more productive when working remotely,1.0,8.0,3.0,4.0,1.0,7.0,2.0,5.0,Somewhat agree,Neither agree nor disagree,Strongly agree,Somewhat Positive,2021
449,1977,Male,Education and Training,Professionals - Education Professionals,More than 200,Yes,Couple with dependent children,Between 1 and 5 years,Metro,30%,Less than 10% of my time,Less than 10% of my time,Strongly disagree,Somewhat agree,Strongly disagree,Strongly disagree,Strongly agree,100% - All of my time,100% - All of my time,Very unlikely,Very unlikely,Very unlikely,I’m 50% more productive when working remotely (or more),2.0,8.0,3.0,5.0,0.0,10.0,3.0,5.0,Strongly agree,Strongly agree,Strongly disagree,Strongly Negative,2021
450,1977,Male,Information Media and Telecommunications,"Managers - Chief Executives, General Managers and Legislators",More than 200,Yes,Couple with dependent children,More than 5 years,Metro,20%,20%,20%,Neither agree nor disagree,Somewhat agree,Strongly agree,Neither agree nor disagree,Strongly agree,20%,20%,Somewhat likely,Very likely,Very likely,I’m 50% more productive when working remotely (or more),3.0,5.0,3.0,5.0,5.0,4.0,4.0,7.0,Strongly agree,Strongly agree,Somewhat agree,Strongly Positive,2021
451,1982,Male,Accommodation and Food,"Managers - Hospitality, Retail and Service Managers",Between 5 and 19,Yes,Couple with dependent children,Between 1 and 5 years,Regional,Less than 10% of my time,Less than 10% of my time,Less than 10% of my time,Neither agree nor disagree,Neither agree nor disagree,Somewhat disagree,Neither agree nor disagree,Neither agree nor disagree,Less than 10% of my time,Less than 10% of my time,Neither unlikely or likely,Very unlikely,Neither unlikely or likely,My productivity is about same when I work remotely,1.0,8.0,3.0,5.0,0.0,5.0,5.0,7.0,Neither agree nor disagree,Neither agree nor disagree,Neither agree nor disagree,Strongly Positive,2021
452,1957,Female,Health Care and Social Assistance,Professionals - Health Professionals,More than 200,No,Single person,More than 5 years,Regional,20%,I would not have preferred to work remotely,Rarely or never,Strongly agree,Somewhat agree,Somewhat agree,Somewhat agree,Neither agree nor disagree,50% - About half of my time,50% - About half of my time,Somewhat likely,Very likely,Neither unlikely or likely,I’m 10% less productive when working remotely,2.0,8.0,,6.0,1.0,8.0,,7.0,Somewhat disagree,Somewhat disagree,Somewhat agree,Somewhat Positive,2021
453,1982,Male,Construction,"Managers - Chief Executives, General Managers and Legislators",Between 20 and 199,Yes,Couple with dependent children,More than 5 years,Metro,50% - I spent about half of my time remote working,40%,10%,Somewhat disagree,Neither agree nor disagree,Somewhat disagree,Somewhat disagree,Strongly disagree,20%,I would prefer not to work remotely,Very unlikely,Neither unlikely or likely,Somewhat likely,I’m 30% more productive when working remotely,10.0,1.0,2.0,10.0,,,,24.0,Somewhat disagree,Strongly disagree,Somewhat disagree,Somewhat Positive,2021
454,1983,Male,Wholesale Trade,Managers - Specialist Managers,Between 20 and 199,No,Couple with dependent children,Between 1 and 5 years,Regional,20%,30%,20%,Somewhat agree,Somewhat agree,Somewhat agree,Neither agree nor disagree,Somewhat agree,30%,20%,Neither unlikely or likely,Neither unlikely or likely,Somewhat likely,I’m 30% more productive when working remotely,1.0,7.0,4.0,4.0,1.0,7.0,3.0,3.0,Somewhat agree,Somewhat agree,Neither agree nor disagree,Somewhat Positive,2021
455,1962,Male,Mining,"Managers - Chief Executives, General Managers and Legislators",Between 5 and 19,Yes,Couple with dependent children,More than 5 years,Metro,100% - I spent all of my time remote working,50% - About half of my time,100% - I spent all of my time remote working,Neither agree nor disagree,Somewhat agree,Somewhat agree,Strongly agree,Somewhat agree,Less than 10% of my time,50% - About half of my time,Somewhat likely,Neither unlikely or likely,Somewhat likely,My productivity is about same when I work remotely,2.0,8.0,2.0,5.0,0.0,8.0,2.0,7.0,Strongly agree,Neither agree nor disagree,Neither agree nor disagree,Strongly Positive,2021
456,1972,Female,Information Media and Telecommunications,Professionals - ICT Professionals,More than 200,No,Couple with dependent children,More than 5 years,Metro,100% - I spent all of my time remote working,100% - All of my time,100% - I spent all of my time remote working,Strongly agree,Strongly agree,Strongly agree,Strongly agree,Strongly agree,100% - All of my time,100% - All of my time,Very likely,Very likely,Very likely,I’m 30% more productive when working remotely,0.0,8.0,6.0,3.0,0.0,8.0,4.0,5.0,Somewhat agree,Somewhat agree,Neither agree nor disagree,Strongly Positive,2021
457,1985,Male,Construction,"Managers - Chief Executives, General Managers and Legislators",More than 200,Yes,Single person,Between 1 and 5 years,Metro,30%,70%,20%,Somewhat agree,Somewhat agree,Somewhat agree,Neither agree nor disagree,Neither agree nor disagree,70%,70%,Somewhat unlikely,Neither unlikely or likely,Somewhat unlikely,My productivity is about same when I work remotely,1.0,9.0,2.0,4.0,0.5,9.5,2.0,4.0,Somewhat agree,Somewhat agree,Neither agree nor disagree,Neither positive nor negative,2021
458,1983,Female,Financial and Insurance,Managers - Specialist Managers,Between 20 and 199,Yes,Couple with dependent children,Between 1 and 5 years,Metro,60%,50% - About half of my time,20%,Somewhat agree,Somewhat agree,Somewhat agree,Somewhat agree,Somewhat agree,40%,40%,Somewhat likely,Neither unlikely or likely,Somewhat likely,I’m 20% more productive when working remotely,4.0,8.0,3.0,1.0,0.0,8.0,4.0,4.0,Somewhat agree,Somewhat agree,Neither agree nor disagree,Strongly Positive,2021
459,1975,Female,Other Services,"Labourers - Farm, Forestry and Garden Workers",Between 1 and 4,No,One parent family with dependent children,Between 1 and 5 years,Regional,100% - I spent all of my time remote working,100% - All of my time,20%,Strongly agree,Strongly agree,Strongly agree,Strongly agree,Strongly agree,20%,20%,Neither unlikely or likely,Neither unlikely or likely,Neither unlikely or likely,My productivity is about same when I work remotely,1.0,6.0,4.0,6.0,1.0,7.0,4.5,4.5,Strongly agree,Strongly agree,Neither agree nor disagree,Neither positive nor negative,2021
460,1963,Female,Public Administration and Safety,Clerical and administrative workers - Other Clerical and Administrative Workers,More than 200,No,Couple with no dependent children,More than 5 years,Metro,100% - I spent all of my time remote working,100% - All of my time,100% - I spent all of my time remote working,Strongly agree,Strongly agree,Strongly agree,Neither agree nor disagree,Neither agree nor disagree,100% - All of my time,100% - All of my time,Neither unlikely or likely,Neither unlikely or likely,Very unlikely,My productivity is about same when I work remotely,0.0,8.0,5.0,4.0,0.0,8.0,5.0,4.0,Neither agree nor disagree,Neither agree nor disagree,Somewhat agree,Neither positive nor negative,2021
461,1986,Female,Public Administration and Safety,Managers - Specialist Managers,More than 200,Yes,Couple with dependent children,Between 1 and 5 years,Regional,50% - I spent about half of my time remote working,50% - About half of my time,Less than 10% of my time,Strongly disagree,Strongly agree,Somewhat agree,Somewhat disagree,Strongly agree,40%,40%,Very unlikely,Very unlikely,Very unlikely,My productivity is about same when I work remotely,1.5,8.5,5.5,2.0,0.5,8.0,5.5,3.0,Neither agree nor disagree,Neither agree nor disagree,Neither agree nor disagree,Strongly Negative,2021
462,1993,Female,Education and Training,Professionals - Education Professionals,More than 200,No,Single person,Between 1 and 5 years,Metro,Rarely or never,I would not have preferred to work remotely,Rarely or never,Strongly disagree,Strongly disagree,Strongly disagree,Strongly disagree,Neither agree nor disagree,I would not have preferred to work remotely,I would prefer not to work remotely,Very unlikely,Very unlikely,Very unlikely,My productivity is about same when I work remotely,1.5,9.5,3.0,6.0,0.0,12.0,2.0,4.0,Neither agree nor disagree,Strongly disagree,Somewhat agree,Neither positive nor negative,2021
463,1995,Female,Health Care and Social Assistance,Technicians and trades workers - Other Technicians and Trades Workers,More than 200,No,One parent family with dependent children,Between 1 and 5 years,Metro,20%,50% - About half of my time,10%,Neither agree nor disagree,Neither agree nor disagree,Somewhat disagree,Neither agree nor disagree,Somewhat agree,50% - About half of my time,50% - About half of my time,Somewhat unlikely,Neither unlikely or likely,Somewhat unlikely,I’m 20% less productive when working remotely,2.0,8.0,2.0,4.0,0.0,8.0,2.0,6.0,Somewhat agree,Strongly disagree,Somewhat agree,Neither positive nor negative,2021
464,1991,Female,Construction,Managers - Specialist Managers,Between 20 and 199,Yes,Single person,Between 1 and 5 years,Metro,20%,50% - About half of my time,Rarely or never,Somewhat agree,Somewhat agree,Somewhat agree,Somewhat agree,Somewhat disagree,50% - About half of my time,50% - About half of my time,Very unlikely,Very unlikely,Somewhat unlikely,I’m 40% more productive when working remotely,4.0,8.0,1.0,4.0,1.0,10.0,1.0,4.0,Strongly agree,Somewhat agree,Somewhat disagree,Neither positive nor negative,2021
465,1994,Female,Financial and Insurance,Managers - Specialist Managers,Between 20 and 199,Yes,Single person,Between 6 and 12 months,Metro,10%,10%,20%,Somewhat disagree,Somewhat disagree,Somewhat disagree,Somewhat agree,Strongly disagree,Less than 10% of my time,Less than 10% of my time,Neither unlikely or likely,Neither unlikely or likely,Somewhat likely,I’m 30% more productive when working remotely,5.0,5.0,5.0,5.0,2.0,2.0,2.0,4.0,Neither agree nor disagree,Somewhat disagree,Somewhat disagree,Somewhat Positive,2021
466,1974,Male,Public Administration and Safety,Managers - Specialist Managers,More than 200,Yes,Couple with no dependent children,More than 5 years,Metro,100% - I spent all of my time remote working,40%,30%,Neither agree nor disagree,Neither agree nor disagree,Somewhat agree,Neither agree nor disagree,Somewhat agree,40%,Less than 10% of my time,Somewhat likely,Somewhat likely,Neither unlikely or likely,My productivity is about same when I work remotely,2.0,8.0,4.0,3.0,0.0,8.0,4.0,4.0,Neither agree nor disagree,Neither agree nor disagree,Neither agree nor disagree,Somewhat Positive,2021
467,1979,Female,"Professional, Scientific and Technical","Managers - Chief Executives, General Managers and Legislators",More than 200,Yes,Couple with dependent children,Between 6 and 12 months,Metro,90%,80%,80%,Somewhat agree,Somewhat agree,Somewhat agree,Somewhat agree,Somewhat agree,80%,70%,Somewhat likely,Somewhat likely,Somewhat likely,I’m 50% more productive when working remotely (or more),1.0,8.0,4.0,4.0,0.0,8.0,4.0,5.0,Somewhat agree,Somewhat agree,Somewhat agree,Somewhat Positive,2021
468,1988,Male,Retail Trade,"Managers - Chief Executives, General Managers and Legislators",I am a sole trader/owner-operator,No,Group household,More than 5 years,Regional,100% - I spent all of my time remote working,100% - All of my time,100% - I spent all of my time remote working,Strongly agree,Strongly agree,Strongly agree,Strongly agree,Neither agree nor disagree,100% - All of my time,100% - All of my time,Neither unlikely or likely,Very unlikely,Neither unlikely or likely,My productivity is about same when I work remotely,0.0,7.0,5.0,4.0,0.0,7.0,3.0,6.0,Somewhat agree,Neither agree nor disagree,Neither agree nor disagree,Strongly Positive,2021
469,1980,Male,Construction,Labourers - Construction and Mining Labourers,Between 1 and 4,Yes,Couple with no dependent children,More than 5 years,Metro,100% - I spent all of my time remote working,100% - All of my time,100% - I spent all of my time remote working,Strongly agree,Strongly agree,Strongly agree,Strongly agree,Strongly agree,100% - All of my time,100% - All of my time,Very likely,Somewhat likely,Somewhat likely,I’m 20% more productive when working remotely,1.0,8.0,3.0,4.0,1.0,8.0,3.0,4.0,Strongly agree,Strongly agree,Strongly disagree,Strongly Positive,2021
470,1989,Female,Retail Trade,"Managers - Chief Executives, General Managers and Legislators",More than 200,Yes,Couple with no dependent children,Between 1 and 5 years,Regional,50% - I spent about half of my time remote working,50% - About half of my time,50% - I spent about half of my time remote working,Neither agree nor disagree,Neither agree nor disagree,Neither agree nor disagree,Somewhat agree,Somewhat agree,50% - About half of my time,30%,Somewhat likely,Neither unlikely or likely,Somewhat likely,My productivity is about same when I work remotely,1.0,9.0,2.0,3.0,0.0,9.0,4.0,3.0,Somewhat agree,Somewhat agree,Neither agree nor disagree,Somewhat Positive,2021
471,1983,Female,"Professional, Scientific and Technical","Professionals - Business, Human Resource and Marketing Professionals",Between 20 and 199,Yes,Couple with dependent children,Between 1 and 5 years,Regional,80%,50% - About half of my time,30%,Somewhat agree,Neither agree nor disagree,Strongly agree,Somewhat agree,Somewhat disagree,40%,50% - About half of my time,Somewhat unlikely,Neither unlikely or likely,Somewhat unlikely,I’m 20% more productive when working remotely,2.0,8.0,2.0,4.0,1.0,8.0,4.0,4.0,Neither agree nor disagree,Neither agree nor disagree,Somewhat agree,Somewhat Positive,2021
472,1977,Female,Arts and Recreation,Professionals - Arts and Media Professionals,Between 1 and 4,No,Couple with dependent children,More than 5 years,Regional,100% - I spent all of my time remote working,100% - All of my time,100% - I spent all of my time remote working,Strongly agree,Strongly agree,Strongly agree,Strongly agree,Strongly agree,100% - All of my time,100% - All of my time,Very likely,Neither unlikely or likely,Very unlikely,I’m 50% more productive when working remotely (or more),0.0,8.0,4.0,4.0,0.0,8.0,4.0,4.0,Strongly agree,Strongly agree,Strongly agree,Strongly Positive,2021
473,1988,Male,"Professional, Scientific and Technical",Managers - Specialist Managers,Between 20 and 199,Yes,Couple with dependent children,Between 1 and 5 years,Metro,40%,40%,60%,Somewhat agree,Somewhat agree,Somewhat agree,Somewhat agree,Somewhat agree,30%,40%,Somewhat likely,Somewhat likely,Neither unlikely or likely,I’m 40% more productive when working remotely,2.0,9.0,4.0,2.0,0.0,10.0,3.0,4.0,Somewhat agree,Somewhat agree,Neither agree nor disagree,Somewhat Positive,2021
474,1968,Male,Education and Training,Professionals - Education Professionals,More than 200,No,Group household,Between 1 and 5 years,Metro,Rarely or never,100% - All of my time,Rarely or never,Somewhat disagree,Somewhat disagree,Strongly disagree,Strongly disagree,Strongly disagree,100% - All of my time,100% - All of my time,Very unlikely,Very unlikely,Very unlikely,My productivity is about same when I work remotely,1.0,7.0,7.0,1.0,0.0,7.0,7.0,2.0,Somewhat agree,Neither agree nor disagree,Somewhat disagree,Somewhat Negative,2021
475,1996,Male,Other Services,Managers - Specialist Managers,Between 20 and 199,Yes,Single person,Between 1 and 5 years,Metro,30%,50% - About half of my time,40%,Strongly agree,Strongly agree,Strongly agree,Strongly agree,Strongly agree,60%,60%,Very likely,Very likely,Very likely,I’m 30% more productive when working remotely,5.0,5.0,5.0,5.0,5.0,5.0,5.0,5.0,Strongly agree,Strongly agree,Strongly agree,Strongly Positive,2021
476,1980,Female,Financial and Insurance,Professionals - ICT Professionals,More than 200,No,Couple with dependent children,Between 1 and 5 years,Metro,50% - I spent about half of my time remote working,50% - About half of my time,50% - I spent about half of my time remote working,Somewhat agree,Somewhat agree,Somewhat agree,Somewhat agree,Somewhat disagree,50% - About half of my time,20%,Somewhat unlikely,Somewhat unlikely,Neither unlikely or likely,I’m 30% more productive when working remotely,3.0,7.0,3.0,4.0,0.0,8.0,4.0,4.0,Somewhat disagree,Neither agree nor disagree,Somewhat agree,Somewhat Positive,2021
477,1987,Male,Information Media and Telecommunications,Professionals - ICT Professionals,Between 5 and 19,Yes,Couple with dependent children,Between 6 and 12 months,Metro,40%,40%,40%,Somewhat agree,Neither agree nor disagree,Somewhat agree,Somewhat agree,Somewhat disagree,40%,50% - About half of my time,Neither unlikely or likely,Neither unlikely or likely,Neither unlikely or likely,I’m 50% more productive when working remotely (or more),8.0,8.0,2.0,2.0,1.0,8.0,3.0,3.0,Strongly agree,Somewhat agree,Neither agree nor disagree,Neither positive nor negative,2021
478,1983,Male,Financial and Insurance,"Professionals - Business, Human Resource and Marketing Professionals",More than 200,No,Couple with dependent children,Between 1 and 5 years,Metro,90%,100% - All of my time,80%,Strongly agree,Somewhat agree,Strongly agree,Strongly agree,Strongly agree,100% - All of my time,80%,Somewhat unlikely,Somewhat unlikely,Somewhat unlikely,I’m 40% more productive when working remotely,3.0,6.0,4.0,4.0,1.0,7.0,4.0,5.0,Somewhat agree,Neither agree nor disagree,Neither agree nor disagree,Strongly Positive,2021
479,1972,Male,Information Media and Telecommunications,Managers - Specialist Managers,More than 200,Yes,Couple with dependent children,Between 1 and 5 years,Metro,50% - I spent about half of my time remote working,40%,30%,Somewhat agree,Neither agree nor disagree,Somewhat agree,Somewhat agree,Strongly agree,50% - About half of my time,60%,Somewhat likely,Very likely,Somewhat likely,I’m 20% more productive when working remotely,1.0,8.0,1.0,7.0,0.0,8.0,1.0,8.0,Strongly agree,Strongly agree,Somewhat agree,Strongly Positive,2021
480,1984,Female,Education and Training,Clerical and administrative workers - General Clerical Workers,Between 20 and 199,No,Couple with dependent children,Between 6 and 12 months,Metro,90%,90%,90%,Strongly agree,Strongly agree,Somewhat agree,Strongly agree,Somewhat agree,90%,50% - About half of my time,Very likely,Very likely,Very likely,My productivity is about same when I work remotely,3.0,8.0,2.0,3.0,1.0,8.0,2.0,5.0,Somewhat disagree,Somewhat disagree,Somewhat agree,Strongly Positive,2021
481,1961,Male,Public Administration and Safety,Technicians and trades workers - Skilled Animal and Horticultural Workers,More than 200,No,Couple with dependent children,More than 5 years,Regional,Rarely or never,Less than 10% of my time,10%,Somewhat agree,Strongly agree,Somewhat agree,Neither agree nor disagree,Somewhat agree,Less than 10% of my time,Less than 10% of my time,Neither unlikely or likely,Somewhat likely,Somewhat likely,My productivity is about same when I work remotely,1.0,7.0,5.0,3.0,7.0,1.0,5.0,3.0,Somewhat agree,Somewhat disagree,Neither agree nor disagree,Somewhat Positive,2021
482,1984,Female,Health Care and Social Assistance,Professionals - Health Professionals,More than 200,Yes,One parent family with dependent children,Between 1 and 5 years,Metro,10%,30%,60%,Somewhat agree,Strongly agree,Somewhat agree,Strongly agree,Somewhat agree,50% - About half of my time,40%,Somewhat unlikely,Neither unlikely or likely,Somewhat likely,I’m 30% more productive when working remotely,6.0,4.0,5.0,6.0,8.0,9.0,2.0,3.0,Strongly agree,Somewhat agree,Strongly agree,Strongly Positive,2021
483,1985,Male,"Transport, Postal and Warehousing","Professionals - Business, Human Resource and Marketing Professionals",I am a sole trader/owner-operator,No,Couple with dependent children,Between 1 and 5 years,Metro,50% - I spent about half of my time remote working,60%,30%,Neither agree nor disagree,Somewhat agree,Somewhat agree,Somewhat agree,Somewhat agree,80%,60%,Somewhat likely,Somewhat likely,Neither unlikely or likely,I’m 10% less productive when working remotely,4.0,8.0,3.0,1.0,2.0,8.0,4.0,2.0,Somewhat agree,Somewhat agree,Strongly agree,Somewhat Positive,2021
484,1984,Male,Administrative and Support,Community and personal service workers - Hospitality Workers,I am a sole trader/owner-operator,Yes,Other one family household,Between 6 and 12 months,Metro,30%,50% - About half of my time,50% - I spent about half of my time remote working,Strongly disagree,Neither agree nor disagree,Neither agree nor disagree,Somewhat disagree,Neither agree nor disagree,40%,30%,Somewhat unlikely,Neither unlikely or likely,Somewhat unlikely,My productivity is about same when I work remotely,4.0,4.0,4.0,4.0,4.0,4.0,4.0,4.0,Somewhat disagree,Somewhat agree,Strongly disagree,Neither positive nor negative,2021
485,1991,Female,Information Media and Telecommunications,Clerical and administrative workers - General Clerical Workers,More than 200,No,Couple with dependent children,More than 5 years,Metro,100% - I spent all of my time remote working,100% - All of my time,100% - I spent all of my time remote working,Somewhat agree,Strongly agree,Strongly agree,Strongly agree,Strongly agree,100% - All of my time,80%,Somewhat unlikely,Neither unlikely or likely,Somewhat likely,I’m 30% more productive when working remotely,3.0,9.0,2.0,2.0,0.0,10.0,3.0,3.0,Strongly agree,Strongly agree,Somewhat disagree,Somewhat Positive,2021
486,1982,Male,"Electricity, Gas, Water and Waste","Professionals - Business, Human Resource and Marketing Professionals",More than 200,No,Couple with dependent children,Between 6 and 12 months,Regional,100% - I spent all of my time remote working,90%,90%,Somewhat agree,Strongly agree,Strongly agree,Strongly agree,Strongly agree,90%,80%,Neither unlikely or likely,Somewhat unlikely,Somewhat unlikely,My productivity is about same when I work remotely,4.0,8.5,2.0,2.0,0.0,8.5,2.5,5.0,Strongly agree,Somewhat agree,Somewhat agree,Neither positive nor negative,2021
487,1989,Female,Education and Training,Professionals - Education Professionals,More than 200,No,Group household,Between 1 and 5 years,Metro,80%,100% - All of my time,80%,Somewhat disagree,Somewhat agree,Somewhat agree,Neither agree nor disagree,Strongly agree,100% - All of my time,100% - All of my time,Very unlikely,Somewhat unlikely,Somewhat likely,I’m 30% more productive when working remotely,2.0,7.0,3.0,3.0,0.5,7.0,3.0,5.0,Neither agree nor disagree,Somewhat agree,Somewhat agree,Somewhat Positive,2021
488,1971,Male,Retail Trade,Managers - Specialist Managers,More than 200,Yes,Couple with dependent children,Between 1 and 5 years,Metro,50% - I spent about half of my time remote working,40%,50% - I spent about half of my time remote working,Neither agree nor disagree,Neither agree nor disagree,Somewhat agree,Somewhat agree,Neither agree nor disagree,30%,40%,Somewhat likely,Neither unlikely or likely,Neither unlikely or likely,I’m 10% more productive when working remotely,1.0,11.0,2.0,3.0,1.0,12.0,2.0,4.0,Neither agree nor disagree,Somewhat agree,Somewhat agree,Strongly Positive,2021
489,1968,Female,"Electricity, Gas, Water and Waste",Clerical and administrative workers - General Clerical Workers,More than 200,No,Single person,Between 6 and 12 months,Metro,Less than 10% of my time,Less than 10% of my time,10%,Somewhat disagree,Somewhat disagree,Somewhat disagree,Somewhat agree,Somewhat agree,20%,20%,Somewhat unlikely,Very unlikely,Somewhat unlikely,I’m 50% more productive when working remotely (or more),1.0,8.0,8.0,1.0,1.0,8.5,5.0,1.5,Strongly agree,Strongly agree,Neither agree nor disagree,Somewhat Positive,2021
490,1992,Female,Arts and Recreation,Professionals - Arts and Media Professionals,I am a sole trader/owner-operator,No,Single person,More than 5 years,Metro,40%,50% - About half of my time,20%,Somewhat agree,Strongly agree,Strongly agree,Neither agree nor disagree,Neither agree nor disagree,30%,40%,Neither unlikely or likely,Neither unlikely or likely,Neither unlikely or likely,I’m 20% less productive when working remotely,5.0,3.0,1.0,5.0,4.0,5.0,1.0,4.0,Neither agree nor disagree,Somewhat disagree,Somewhat agree,Strongly Positive,2021
491,1957,Female,Health Care and Social Assistance,Clerical and administrative workers - Other Clerical and Administrative Workers,More than 200,No,Single person,More than 5 years,Regional,90%,90%,90%,Strongly agree,Neither agree nor disagree,Strongly agree,Strongly agree,Strongly agree,90%,90%,Neither unlikely or likely,Somewhat likely,Very likely,My productivity is about same when I work remotely,3.5,7.6,2.4,3.5,0.5,8.0,2.0,6.5,Neither agree nor disagree,Somewhat agree,Somewhat agree,Strongly Positive,2021
492,1966,Female,Other Services,Professionals - Health Professionals,More than 200,No,One parent family with dependent children,More than 5 years,Metro,Less than 10% of my time,20%,20%,Neither agree nor disagree,Neither agree nor disagree,Neither agree nor disagree,Neither agree nor disagree,Neither agree nor disagree,50% - About half of my time,20%,Very unlikely,Very unlikely,Neither unlikely or likely,I’m 50% less productive when working remotely (or worse),6.0,10.0,2.0,2.0,4.0,12.0,2.0,2.0,Neither agree nor disagree,Neither agree nor disagree,Somewhat agree,Neither positive nor negative,2021
493,1972,Male,Information Media and Telecommunications,Managers - Specialist Managers,More than 200,Yes,Couple with dependent children,Between 1 and 5 years,Metro,50% - I spent about half of my time remote working,40%,40%,Strongly agree,Strongly agree,Somewhat agree,Somewhat agree,Somewhat agree,50% - About half of my time,60%,Very likely,Very likely,Somewhat likely,I’m 20% more productive when working remotely,1.0,8.0,1.0,7.0,0.0,8.0,1.0,8.0,Strongly agree,Strongly agree,Somewhat agree,Strongly Positive,2021
494,1981,Female,Information Media and Telecommunications,"Professionals - Business, Human Resource and Marketing Professionals",More than 200,No,Couple with dependent children,Between 1 and 5 years,Metro,100% - I spent all of my time remote working,100% - All of my time,100% - I spent all of my time remote working,Strongly disagree,Somewhat agree,Somewhat disagree,Somewhat disagree,Neither agree nor disagree,100% - All of my time,100% - All of my time,Neither unlikely or likely,Somewhat likely,Somewhat likely,I’m 50% more productive when working remotely (or more),4.0,8.0,2.0,2.0,0.5,9.0,2.0,4.5,Strongly agree,Strongly agree,Neither agree nor disagree,Neither positive nor negative,2021
495,1980,Male,Mining,Managers - Specialist Managers,Between 5 and 19,Yes,Couple with dependent children,More than 5 years,Metro,40%,30%,30%,Somewhat disagree,Somewhat disagree,Somewhat disagree,Somewhat disagree,Somewhat disagree,30%,20%,Very unlikely,Very unlikely,Very unlikely,I’m 30% more productive when working remotely,0.0,20.0,4.0,0.0,5.0,5.0,5.0,5.0,Somewhat disagree,Somewhat disagree,Somewhat disagree,Strongly Negative,2021
496,1981,Female,Information Media and Telecommunications,Professionals - ICT Professionals,More than 200,No,Single person,Between 1 and 5 years,Metro,10%,Less than 10% of my time,Less than 10% of my time,Neither agree nor disagree,Somewhat agree,Somewhat agree,Somewhat disagree,Somewhat disagree,Less than 10% of my time,Less than 10% of my time,Somewhat unlikely,Somewhat unlikely,Somewhat unlikely,My productivity is about same when I work remotely,2.0,8.0,3.0,4.0,0.5,8.0,3.5,5.0,Somewhat agree,Somewhat agree,Somewhat agree,Somewhat Positive,2021
497,1990,Female,Accommodation and Food,Clerical and administrative workers - Office Managers and Program Administrators,More than 200,Yes,Couple with dependent children,More than 5 years,Metro,10%,20%,10%,Strongly agree,Strongly agree,Strongly agree,Strongly agree,Somewhat agree,10%,Less than 10% of my time,Very likely,Very likely,Somewhat likely,I’m 30% more productive when working remotely,2.0,7.0,3.0,4.0,2.0,7.0,4.0,4.0,Strongly agree,Strongly agree,Somewhat agree,Somewhat Positive,2021
498,1969,Male,Education and Training,Professionals - Education Professionals,More than 200,No,Couple with dependent children,More than 5 years,Metro,Rarely or never,20%,Rarely or never,Strongly disagree,Somewhat agree,Strongly disagree,Strongly disagree,Somewhat agree,20%,20%,Very unlikely,Very unlikely,Very unlikely,My productivity is about same when I work remotely,1.0,7.0,4.0,4.0,0.0,7.0,4.0,5.0,Somewhat agree,Neither agree nor disagree,Neither agree nor disagree,Somewhat Negative,2021
499,1981,Female,Information Media and Telecommunications,"Professionals - Design, Engineering, Science and Transport Professionals",Between 20 and 199,No,Couple with dependent children,Between 1 and 5 years,Metro,100% - I spent all of my time remote working,100% - All of my time,80%,Somewhat agree,Somewhat agree,Somewhat agree,Somewhat agree,Somewhat agree,100% - All of my time,90%,Somewhat likely,Somewhat likely,Somewhat likely,I’m 30% more productive when working remotely,4.0,9.0,2.0,2.0,1.0,10.0,2.0,3.0,Strongly agree,Strongly agree,Somewhat agree,Somewhat Positive,2021
500,2001,Male,Information Media and Telecommunications,"Managers - Chief Executives, General Managers and Legislators",More than 200,Yes,Single person,Between 6 and 12 months,Metro,70%,50% - About half of my time,20%,Somewhat agree,Neither agree nor disagree,Somewhat agree,Neither agree nor disagree,Somewhat agree,30%,20%,Neither unlikely or likely,Neither unlikely or likely,Somewhat likely,I’m 30% more productive when working remotely,1.0,7.0,2.0,5.0,0.0,7.0,3.0,5.0,Neither agree nor disagree,Neither agree nor disagree,Somewhat agree,Somewhat Positive,2021
501,1973,Female,Arts and Recreation,Clerical and administrative workers - Other Clerical and Administrative Workers,Between 5 and 19,No,Couple with no dependent children,More than 5 years,Metro,Rarely or never,I would not have preferred to work remotely,Rarely or never,Somewhat agree,Strongly agree,Somewhat agree,Strongly agree,Strongly agree,I would not have preferred to work remotely,20%,Neither unlikely or likely,Neither unlikely or likely,Neither unlikely or likely,My productivity is about same when I work remotely,1.0,7.0,4.0,4.0,1.0,7.0,4.0,4.0,Strongly agree,Neither agree nor disagree,Somewhat agree,Strongly Positive,2021
502,1989,Female,"Professional, Scientific and Technical","Professionals - Business, Human Resource and Marketing Professionals",More than 200,No,Couple with no dependent children,Between 1 and 5 years,Metro,100% - I spent all of my time remote working,100% - All of my time,100% - I spent all of my time remote working,Strongly agree,Strongly agree,Strongly agree,Strongly agree,Strongly agree,100% - All of my time,100% - All of my time,Somewhat likely,Somewhat likely,Somewhat likely,My productivity is about same when I work remotely,0.0,8.0,3.0,3.0,0.0,8.0,3.0,3.0,Somewhat agree,Somewhat agree,Somewhat agree,Strongly Positive,2021
503,1978,Female,Education and Training,Professionals - Education Professionals,Between 20 and 199,No,Couple with dependent children,More than 5 years,Metro,20%,80%,10%,Somewhat disagree,Neither agree nor disagree,Somewhat disagree,Neither agree nor disagree,Somewhat agree,70%,80%,Somewhat unlikely,Neither unlikely or likely,Somewhat likely,I’m 30% more productive when working remotely,5.0,5.0,7.0,2.0,2.0,4.0,10.0,4.0,Somewhat agree,Somewhat disagree,Neither agree nor disagree,Neither positive nor negative,2021
504,1985,Female,Public Administration and Safety,Professionals - Health Professionals,Between 20 and 199,Yes,Couple with no dependent children,More than 5 years,Metro,80%,80%,70%,Strongly agree,Neither agree nor disagree,Strongly agree,Neither agree nor disagree,Somewhat disagree,70%,50% - About half of my time,Somewhat unlikely,Somewhat likely,Somewhat unlikely,My productivity is about same when I work remotely,3.0,7.0,2.0,5.0,0.0,8.0,2.0,6.0,Somewhat agree,Neither agree nor disagree,Somewhat agree,Somewhat Positive,2021
505,1996,Female,Construction,Sales workers - Sales Representatives and Agents,I am a sole trader/owner-operator,Yes,Couple with dependent children,Between 6 and 12 months,Regional,40%,40%,50% - I spent about half of my time remote working,Somewhat disagree,Somewhat disagree,Somewhat agree,Neither agree nor disagree,Neither agree nor disagree,10%,30%,Neither unlikely or likely,Somewhat likely,Neither unlikely or likely,I’m 50% more productive when working remotely (or more),3.0,10.0,1.0,2.0,1.0,23.0,0.0,0.0,Somewhat agree,Somewhat disagree,Somewhat agree,Neither positive nor negative,2021
506,1969,Male,Health Care and Social Assistance,"Managers - Chief Executives, General Managers and Legislators",More than 200,Yes,Couple with dependent children,More than 5 years,Metro,Less than 10% of my time,I would not have preferred to work remotely,Less than 10% of my time,Neither agree nor disagree,Neither agree nor disagree,Neither agree nor disagree,Somewhat disagree,Somewhat agree,Less than 10% of my time,Less than 10% of my time,Somewhat unlikely,Neither unlikely or likely,Somewhat likely,I’m 20% less productive when working remotely,1.5,10.0,5.0,2.0,0.0,12.0,4.0,2.0,Somewhat agree,Neither agree nor disagree,Neither agree nor disagree,Strongly Positive,2021
507,1977,Male,Health Care and Social Assistance,Professionals - ICT Professionals,More than 200,No,Couple with dependent children,Between 1 and 5 years,Metro,80%,60%,100% - I spent all of my time remote working,Somewhat agree,Somewhat agree,Somewhat agree,Somewhat agree,Somewhat agree,90%,80%,Somewhat likely,Somewhat likely,Somewhat likely,I’m 20% more productive when working remotely,3.0,8.0,5.0,1.0,0.0,9.0,3.0,4.0,Somewhat agree,Somewhat agree,Neither agree nor disagree,Somewhat Positive,2021
508,1995,Female,Information Media and Telecommunications,Managers - Specialist Managers,Between 20 and 199,Yes,Couple with no dependent children,Between 1 and 5 years,Metro,70%,60%,60%,Strongly disagree,Somewhat disagree,Strongly disagree,Strongly disagree,Neither agree nor disagree,60%,50% - About half of my time,Very likely,Very likely,Very likely,I’m 30% more productive when working remotely,4.0,8.0,1.0,3.0,1.0,8.0,3.0,4.0,Neither agree nor disagree,Neither agree nor disagree,Somewhat agree,Somewhat Positive,2021
509,1989,Male,Wholesale Trade,"Managers - Chief Executives, General Managers and Legislators",Between 5 and 19,Yes,Couple with dependent children,Between 1 and 5 years,Metro,40%,50% - About half of my time,30%,Somewhat agree,Somewhat agree,Somewhat agree,Somewhat agree,Somewhat agree,40%,40%,Very likely,Somewhat likely,Somewhat likely,I’m 20% more productive when working remotely,2.0,8.0,4.0,3.0,2.0,9.0,3.0,3.0,Somewhat agree,Neither agree nor disagree,Somewhat agree,Somewhat Positive,2021
510,1984,Female,Manufacturing,"Managers - Chief Executives, General Managers and Legislators",I am a sole trader/owner-operator,Yes,Couple with dependent children,More than 5 years,Regional,30%,30%,40%,Strongly disagree,Strongly disagree,Strongly disagree,Strongly disagree,Strongly disagree,50% - About half of my time,50% - About half of my time,Very likely,Very likely,Very likely,I’m 30% less productive when working remotely,2.0,9.0,6.0,5.0,2.0,9.0,3.0,6.0,Strongly disagree,Strongly disagree,Strongly disagree,Strongly Negative,2021
511,1971,Female,"Electricity, Gas, Water and Waste","Managers - Chief Executives, General Managers and Legislators",Between 1 and 4,No,Couple with dependent children,Between 1 and 5 years,Regional,90%,80%,50% - I spent about half of my time remote working,Neither agree nor disagree,Neither agree nor disagree,Neither agree nor disagree,Neither agree nor disagree,Neither agree nor disagree,90%,90%,Neither unlikely or likely,Neither unlikely or likely,Neither unlikely or likely,My productivity is about same when I work remotely,1.0,8.0,4.0,4.0,1.0,9.0,5.0,5.0,Neither agree nor disagree,Neither agree nor disagree,Neither agree nor disagree,Strongly Positive,2021
512,1992,Female,"Electricity, Gas, Water and Waste",Labourers - Factory Process Workers,Between 1 and 4,Yes,Couple with no dependent children,More than 5 years,Metro,40%,40%,40%,Neither agree nor disagree,Somewhat agree,Somewhat agree,Somewhat agree,Somewhat agree,60%,20%,Neither unlikely or likely,Neither unlikely or likely,Neither unlikely or likely,I’m 40% more productive when working remotely,3.0,10.0,2.0,4.0,4.0,4.0,2.0,4.0,Neither agree nor disagree,Neither agree nor disagree,Neither agree nor disagree,Neither positive nor negative,2021
513,1985,Male,Information Media and Telecommunications,Professionals - ICT Professionals,More than 200,Yes,Couple with no dependent children,Between 1 and 5 years,Metro,20%,30%,30%,Somewhat agree,Somewhat agree,Somewhat agree,Neither agree nor disagree,Somewhat agree,30%,10%,Neither unlikely or likely,Somewhat likely,Somewhat likely,I’m 40% more productive when working remotely,1.0,8.0,2.0,5.0,1.0,8.0,2.0,5.0,Strongly agree,Somewhat agree,Somewhat agree,Somewhat Positive,2021
514,1967,Female,Education and Training,Professionals - Education Professionals,More than 200,No,Couple with dependent children,More than 5 years,Metro,80%,100% - All of my time,90%,Neither agree nor disagree,Strongly disagree,Somewhat disagree,Neither agree nor disagree,Strongly agree,100% - All of my time,100% - All of my time,Somewhat likely,Somewhat likely,Somewhat likely,I’m 50% more productive when working remotely (or more),1.0,3.0,2.0,10.0,0.0,3.0,2.0,11.0,Strongly agree,Somewhat agree,Somewhat disagree,Neither positive nor negative,2021
515,1988,Female,Financial and Insurance,"Professionals - Business, Human Resource and Marketing Professionals",Between 20 and 199,Yes,One parent family with dependent children,Between 1 and 5 years,Metro,Less than 10% of my time,100% - All of my time,Less than 10% of my time,Somewhat agree,Somewhat disagree,Strongly agree,Somewhat agree,Somewhat agree,Less than 10% of my time,50% - About half of my time,Somewhat unlikely,Somewhat likely,Somewhat likely,I’m 20% more productive when working remotely,3.0,8.0,1.0,4.0,3.0,7.0,6.0,5.0,Somewhat agree,Strongly agree,Strongly agree,Somewhat Positive,2021
516,1957,Female,Administrative and Support,Clerical and administrative workers - Clerical and Office Support Workers,More than 200,Yes,Couple with no dependent children,More than 5 years,Metro,100% - I spent all of my time remote working,100% - All of my time,100% - I spent all of my time remote working,Strongly agree,Strongly agree,Somewhat agree,Strongly agree,Strongly agree,100% - All of my time,100% - All of my time,Somewhat likely,Very likely,Somewhat likely,I’m 30% more productive when working remotely,3.0,8.0,2.0,2.0,0.0,8.0,2.0,4.0,Strongly agree,Somewhat agree,Neither agree nor disagree,Somewhat Positive,2021
517,1980,Female,Information Media and Telecommunications,Professionals - ICT Professionals,More than 200,No,Group household,More than 5 years,Metro,Rarely or never,80%,80%,Strongly agree,Somewhat agree,Somewhat agree,Neither agree nor disagree,Strongly agree,80%,70%,Somewhat likely,Somewhat likely,Somewhat likely,I’m 30% more productive when working remotely,2.0,4.0,3.0,7.0,2.0,10.0,2.0,2.0,Somewhat agree,Somewhat agree,Somewhat agree,Somewhat Positive,2021
518,1983,Male,Retail Trade,Managers - Specialist Managers,Between 20 and 199,Yes,Couple with dependent children,Between 1 and 5 years,Regional,20%,50% - About half of my time,30%,Neither agree nor disagree,Somewhat agree,Somewhat agree,Somewhat agree,Somewhat agree,50% - About half of my time,50% - About half of my time,Neither unlikely or likely,Somewhat likely,Somewhat likely,I’m 20% more productive when working remotely,1.0,7.5,3.0,3.0,1.0,7.0,4.0,3.0,Somewhat agree,Somewhat agree,Neither agree nor disagree,Somewhat Positive,2021
519,1994,Female,Administrative and Support,Clerical and administrative workers - Clerical and Office Support Workers,Between 20 and 199,No,One parent family with dependent children,Between 1 and 5 years,Metro,100% - I spent all of my time remote working,100% - All of my time,20%,Strongly agree,Strongly agree,Strongly agree,Strongly agree,Strongly agree,100% - All of my time,50% - About half of my time,Very unlikely,Very unlikely,Very unlikely,I’m 50% more productive when working remotely (or more),3.0,8.0,2.0,6.0,0.0,8.0,2.0,5.0,Strongly agree,Strongly agree,Somewhat disagree,Neither positive nor negative,2021
520,1995,Male,Wholesale Trade,Community and personal service workers - Carers and Aides,More than 200,Yes,Couple with no dependent children,Between 1 and 5 years,Metro,50% - I spent about half of my time remote working,50% - About half of my time,90%,Somewhat agree,Somewhat agree,Strongly agree,Neither agree nor disagree,Somewhat agree,40%,30%,Neither unlikely or likely,Neither unlikely or likely,Neither unlikely or likely,I’m 20% more productive when working remotely,1.0,10.0,3.0,2.0,2.0,10.0,4.0,6.0,Strongly agree,Somewhat agree,Strongly agree,Somewhat Positive,2021
521,1962,Female,"Transport, Postal and Warehousing",Professionals - ICT Professionals,More than 200,No,Single person,Between 6 and 12 months,Metro,80%,80%,80%,Strongly agree,Somewhat agree,Neither agree nor disagree,Strongly agree,Somewhat agree,80%,40%,Somewhat unlikely,Somewhat likely,Neither unlikely or likely,I’m 20% more productive when working remotely,3.0,8.0,2.0,3.0,0.0,9.0,2.0,5.0,Somewhat disagree,Strongly agree,Neither agree nor disagree,Strongly Positive,2021
522,1982,Male,Retail Trade,"Professionals - Legal, Social and Welfare Professionals",Between 20 and 199,Yes,Couple with dependent children,Between 1 and 5 years,Regional,60%,60%,40%,Somewhat agree,Somewhat agree,Somewhat agree,Somewhat agree,Somewhat agree,60%,60%,Somewhat likely,Somewhat likely,Somewhat likely,I’m 30% more productive when working remotely,5.0,5.0,5.0,5.0,4.0,4.0,4.0,4.0,Somewhat agree,Somewhat agree,Somewhat agree,Somewhat Positive,2021
523,1977,Female,Manufacturing,"Technicians and trades workers - Engineering, ICT and Science Technicians",Between 5 and 19,No,Couple with dependent children,More than 5 years,Metro,50% - I spent about half of my time remote working,50% - About half of my time,50% - I spent about half of my time remote working,Neither agree nor disagree,Neither agree nor disagree,Neither agree nor disagree,Neither agree nor disagree,Neither agree nor disagree,50% - About half of my time,50% - About half of my time,Neither unlikely or likely,Neither unlikely or likely,Neither unlikely or likely,I’m 30% more productive when working remotely,1.0,8.0,1.0,6.0,0.0,8.0,2.0,6.0,Neither agree nor disagree,Neither agree nor disagree,Neither agree nor disagree,Neither positive nor negative,2021
524,1971,Female,Retail Trade,Sales workers - Sales Representatives and Agents,More than 200,No,One parent family with dependent children,Between 1 and 5 years,Metro,100% - I spent all of my time remote working,100% - All of my time,90%,Strongly agree,Strongly agree,Strongly agree,Strongly agree,Strongly agree,100% - All of my time,100% - All of my time,Very unlikely,Very unlikely,Very unlikely,My productivity is about same when I work remotely,4.0,8.0,1.0,5.0,1.0,10.0,2.0,3.0,Strongly agree,Strongly agree,Strongly disagree,Strongly Negative,2021
525,1974,Female,Administrative and Support,"Professionals - Business, Human Resource and Marketing Professionals",Between 20 and 199,No,Couple with dependent children,Between 1 and 5 years,Metro,50% - I spent about half of my time remote working,50% - About half of my time,30%,Neither agree nor disagree,Somewhat agree,Somewhat agree,Somewhat agree,Somewhat disagree,50% - About half of my time,60%,Neither unlikely or likely,Neither unlikely or likely,Somewhat likely,I’m 50% more productive when working remotely (or more),4.0,8.0,4.0,2.0,1.0,9.0,4.0,4.0,Strongly agree,Strongly agree,Neither agree nor disagree,Somewhat Positive,2021
526,1990,Male,Information Media and Telecommunications,Managers - Specialist Managers,Between 20 and 199,Yes,Couple with no dependent children,Between 6 and 12 months,Metro,40%,10%,10%,Somewhat agree,Neither agree nor disagree,Somewhat agree,Somewhat agree,Strongly agree,I would not have preferred to work remotely,Less than 10% of my time,Neither unlikely or likely,Somewhat likely,Somewhat likely,I’m 20% more productive when working remotely,3.0,7.0,2.0,5.0,0.0,6.0,4.0,6.0,Somewhat disagree,Somewhat agree,Strongly agree,Somewhat Positive,2021
527,1995,Female,Other Services,"Professionals - Business, Human Resource and Marketing Professionals",More than 200,No,Couple with no dependent children,Between 6 and 12 months,Metro,20%,50% - About half of my time,20%,Neither agree nor disagree,Somewhat agree,Somewhat agree,Somewhat agree,Somewhat agree,50% - About half of my time,50% - About half of my time,Neither unlikely or likely,Somewhat likely,Neither unlikely or likely,I’m 50% more productive when working remotely (or more),2.0,6.0,3.0,5.0,0.0,7.0,4.0,5.0,Somewhat agree,Somewhat agree,Somewhat agree,Neither positive nor negative,2021
528,1977,Female,Health Care and Social Assistance,Clerical and administrative workers - Clerical and Office Support Workers,More than 200,No,Couple with no dependent children,More than 5 years,Metro,20%,I would not have preferred to work remotely,Rarely or never,Somewhat disagree,Somewhat disagree,Somewhat disagree,Somewhat disagree,Somewhat disagree,I would not have preferred to work remotely,I would prefer not to work remotely,Somewhat unlikely,Somewhat unlikely,Somewhat unlikely,My productivity is about same when I work remotely,1.5,8.0,4.5,2.0,1.5,8.0,3.5,3.0,Somewhat disagree,Neither agree nor disagree,Somewhat agree,Neither positive nor negative,2021
529,1978,Female,Health Care and Social Assistance,Managers - Specialist Managers,More than 200,Yes,Couple with dependent children,More than 5 years,Metro,10%,Less than 10% of my time,Less than 10% of my time,Neither agree nor disagree,Somewhat agree,Somewhat agree,Neither agree nor disagree,Somewhat agree,20%,50% - About half of my time,Neither unlikely or likely,Neither unlikely or likely,Neither unlikely or likely,I’m 50% more productive when working remotely (or more),3.0,6.0,3.0,4.0,1.0,7.0,3.0,4.0,Neither agree nor disagree,Neither agree nor disagree,Neither agree nor disagree,Neither positive nor negative,2021
530,1976,Male,Other Services,Technicians and trades workers - Electrotechnology and Telecommunications Trades Workers,Between 5 and 19,Yes,Group household,Between 1 and 5 years,Metro,90%,90%,90%,Strongly agree,Strongly agree,Strongly agree,Strongly agree,Strongly agree,90%,90%,Very likely,Very likely,Very unlikely,I’m 50% more productive when working remotely (or more),3.5,10.0,1.0,2.0,3.5,10.0,1.0,2.0,Neither agree nor disagree,Somewhat agree,Somewhat agree,Strongly Positive,2021
531,2002,Female,Accommodation and Food,"Managers - Chief Executives, General Managers and Legislators",Between 1 and 4,Yes,Couple with dependent children,Between 6 and 12 months,Regional,Less than 10% of my time,20%,20%,Somewhat agree,Strongly disagree,Somewhat disagree,Strongly agree,Strongly disagree,20%,30%,Somewhat unlikely,Somewhat unlikely,Very unlikely,I’m 30% more productive when working remotely,1.0,2.0,3.0,1.0,10.0,10.0,1.0,1.0,Neither agree nor disagree,Neither agree nor disagree,Somewhat disagree,Somewhat Positive,2021
532,1985,Male,"Professional, Scientific and Technical",Managers - Specialist Managers,Between 20 and 199,No,Couple with dependent children,Between 6 and 12 months,Metro,80%,90%,80%,Strongly agree,Somewhat agree,Somewhat agree,Strongly agree,Somewhat agree,90%,60%,Very likely,Somewhat likely,Somewhat likely,I’m 20% more productive when working remotely,1.0,9.0,3.0,4.0,0.5,9.0,3.0,4.0,Strongly agree,Somewhat agree,Somewhat agree,Somewhat Positive,2021
533,1975,Male,Mining,"Professionals - Business, Human Resource and Marketing Professionals",More than 200,No,Group household,More than 5 years,Regional,20%,80%,20%,Somewhat disagree,Neither agree nor disagree,Somewhat disagree,Somewhat disagree,Strongly agree,80%,60%,Very unlikely,Very unlikely,Very unlikely,I’m 30% more productive when working remotely,2.0,7.0,6.0,1.0,0.0,7.0,6.0,3.0,Strongly agree,Strongly agree,Neither agree nor disagree,Somewhat Negative,2021
534,1969,Male,"Agriculture, Forestry and Fishing","Managers - Chief Executives, General Managers and Legislators",I am a sole trader/owner-operator,Yes,Couple with no dependent children,More than 5 years,Metro,50% - I spent about half of my time remote working,50% - About half of my time,10%,Strongly disagree,Neither agree nor disagree,Somewhat agree,Somewhat agree,Neither agree nor disagree,I would not have preferred to work remotely,Less than 10% of my time,Very unlikely,Neither unlikely or likely,Somewhat likely,I’m 30% more productive when working remotely,2.0,6.0,8.0,6.0,7.0,7.0,8.0,1.0,Somewhat agree,Somewhat disagree,Somewhat agree,Somewhat Positive,2021
535,1980,Female,Education and Training,Professionals - Education Professionals,Between 20 and 199,Yes,Couple with dependent children,Between 6 and 12 months,Metro,40%,50% - About half of my time,50% - I spent about half of my time remote working,Somewhat agree,Somewhat agree,Strongly agree,Strongly agree,Somewhat agree,50% - About half of my time,50% - About half of my time,Very likely,Very likely,Very likely,I’m 40% more productive when working remotely,3.0,9.0,2.0,1.0,2.0,9.0,3.0,2.0,Strongly agree,Strongly agree,Somewhat agree,Strongly Positive,2021
536,1959,Male,"Professional, Scientific and Technical",Managers - Specialist Managers,I am a sole trader/owner-operator,No,Couple with dependent children,More than 5 years,Metro,100% - I spent all of my time remote working,100% - All of my time,100% - I spent all of my time remote working,Strongly agree,Strongly agree,Strongly agree,Strongly agree,Strongly agree,100% - All of my time,100% - All of my time,Very likely,Very likely,Very likely,I’m 40% more productive when working remotely,0.0,8.0,6.0,4.0,1.0,8.0,4.0,4.0,Strongly agree,Strongly agree,Neither agree nor disagree,Strongly Positive,2021
537,1976,Male,Financial and Insurance,Managers - Specialist Managers,Between 5 and 19,Yes,Couple with dependent children,More than 5 years,Metro,20%,20%,20%,Somewhat agree,Somewhat agree,Strongly agree,Strongly agree,Strongly agree,20%,20%,Somewhat likely,Somewhat likely,Somewhat likely,I’m 50% more productive when working remotely (or more),5.0,15.0,1.0,1.0,1.0,15.0,3.0,3.0,Somewhat agree,Strongly agree,Somewhat agree,Strongly Positive,2021
538,1981,Male,Administrative and Support,"Professionals - Legal, Social and Welfare Professionals",More than 200,No,One parent family with dependent children,Between 1 and 5 years,Metro,10%,Less than 10% of my time,Less than 10% of my time,Somewhat disagree,Somewhat agree,Somewhat agree,Somewhat disagree,Somewhat agree,Less than 10% of my time,Less than 10% of my time,Somewhat unlikely,Somewhat unlikely,Somewhat unlikely,I’m 10% more productive when working remotely,1.0,10.0,3.0,2.0,0.0,12.0,4.0,2.0,Somewhat agree,Neither agree nor disagree,Neither agree nor disagree,Neither positive nor negative,2021
539,1990,Female,Information Media and Telecommunications,Sales workers - Sales Representatives and Agents,More than 200,No,Couple with dependent children,More than 5 years,Metro,40%,40%,40%,Strongly agree,Strongly agree,Strongly agree,Somewhat agree,Somewhat agree,40%,40%,Somewhat likely,Somewhat likely,Somewhat likely,I’m 20% less productive when working remotely,2.0,8.0,2.0,4.0,0.0,6.0,4.0,4.0,Neither agree nor disagree,Somewhat disagree,Somewhat disagree,Somewhat Positive,2021
540,1978,Male,Public Administration and Safety,Professionals - ICT Professionals,More than 200,No,Couple with dependent children,More than 5 years,Metro,100% - I spent all of my time remote working,100% - All of my time,100% - I spent all of my time remote working,Strongly agree,Strongly agree,Strongly agree,Strongly agree,Somewhat agree,100% - All of my time,100% - All of my time,Somewhat unlikely,Somewhat likely,Very unlikely,My productivity is about same when I work remotely,3.0,7.5,2.5,6.0,0.5,7.5,4.0,5.0,Strongly agree,Somewhat agree,Strongly disagree,Somewhat Negative,2021
541,1996,Female,Education and Training,Sales workers - Sales Assistants and Salespersons,I am a sole trader/owner-operator,Yes,Couple with no dependent children,Between 1 and 5 years,Metro,80%,80%,70%,Somewhat agree,Somewhat agree,Somewhat agree,Somewhat agree,Somewhat agree,80%,70%,Somewhat likely,Somewhat likely,Somewhat likely,My productivity is about same when I work remotely,4.0,4.0,5.0,9.0,4.0,5.0,6.0,5.0,Somewhat agree,Somewhat agree,Somewhat agree,Somewhat Positive,2021
542,1991,Female,Education and Training,Professionals - Education Professionals,Between 20 and 199,Yes,Group household,Between 1 and 5 years,Metro,40%,40%,40%,Somewhat agree,Somewhat agree,Somewhat agree,Somewhat agree,Somewhat agree,40%,60%,Somewhat likely,Somewhat likely,Somewhat likely,I’m 50% more productive when working remotely (or more),4.0,8.0,4.0,4.0,8.0,7.0,4.0,1.0,Strongly agree,Strongly agree,Strongly agree,Strongly Positive,2021
543,1984,Female,Health Care and Social Assistance,"Managers - Chief Executives, General Managers and Legislators",Between 5 and 19,Yes,Couple with no dependent children,More than 5 years,Metro,10%,50% - About half of my time,Less than 10% of my time,Somewhat disagree,Strongly disagree,Strongly disagree,Somewhat disagree,Somewhat agree,50% - About half of my time,50% - About half of my time,Very unlikely,Somewhat unlikely,Very unlikely,I’m 20% less productive when working remotely,1.0,7.0,2.0,5.0,1.0,8.0,3.0,4.0,Strongly agree,Somewhat agree,Somewhat agree,Somewhat Negative,2021
544,1996,I would rather not say,"Professional, Scientific and Technical",Professionals - ICT Professionals,More than 200,Yes,Couple with no dependent children,Between 1 and 5 years,Metro,90%,90%,80%,Somewhat agree,Strongly agree,Neither agree nor disagree,Strongly agree,Strongly agree,90%,90%,Somewhat unlikely,Somewhat likely,Somewhat likely,My productivity is about same when I work remotely,2.0,7.0,4.0,3.0,0.0,8.0,4.0,3.0,Neither agree nor disagree,Somewhat agree,Neither agree nor disagree,Somewhat Positive,2021
545,1989,Female,Financial and Insurance,Clerical and administrative workers - General Clerical Workers,More than 200,No,Couple with no dependent children,Between 1 and 5 years,Regional,100% - I spent all of my time remote working,100% - All of my time,90%,Somewhat disagree,Somewhat agree,Somewhat agree,Somewhat agree,Somewhat agree,90%,60%,Somewhat likely,Somewhat likely,Somewhat likely,I’m 40% more productive when working remotely,3.0,9.0,1.0,3.0,0.0,9.0,2.0,5.0,Strongly agree,Somewhat agree,Somewhat agree,Somewhat Positive,2021
546,1990,Male,"Rental, Hiring and Real Estate","Professionals - Business, Human Resource and Marketing Professionals",More than 200,Yes,Couple with no dependent children,More than 5 years,Metro,40%,40%,60%,Somewhat disagree,Neither agree nor disagree,Somewhat agree,Neither agree nor disagree,Neither agree nor disagree,60%,30%,Neither unlikely or likely,Somewhat likely,Neither unlikely or likely,I’m 30% more productive when working remotely,6.0,5.0,6.0,2.0,6.0,2.0,6.0,3.0,Somewhat agree,Somewhat agree,Somewhat agree,Somewhat Positive,2021
547,1986,Male,Administrative and Support,"Managers - Chief Executives, General Managers and Legislators",Between 20 and 199,Yes,Couple with dependent children,Between 1 and 5 years,Regional,40%,40%,40%,Strongly agree,Somewhat agree,Somewhat agree,Somewhat agree,Somewhat agree,40%,30%,Neither unlikely or likely,Somewhat likely,Somewhat likely,I’m 50% more productive when working remotely (or more),1.0,9.0,3.0,2.0,1.0,9.0,2.0,2.0,Neither agree nor disagree,Somewhat agree,Somewhat agree,Somewhat Positive,2021
548,2000,Female,Wholesale Trade,Professionals - Health Professionals,Between 5 and 19,Yes,Couple with dependent children,Between 6 and 12 months,Metro,40%,30%,40%,Somewhat agree,Somewhat agree,Strongly agree,Strongly agree,Somewhat agree,50% - About half of my time,40%,Very likely,Somewhat likely,Very likely,I’m 40% more productive when working remotely,2.0,8.0,2.0,3.0,0.0,8.0,4.0,3.0,Strongly agree,Somewhat agree,Strongly agree,Somewhat Positive,2021
549,1985,Female,Administrative and Support,Clerical and administrative workers - Clerical and Office Support Workers,More than 200,No,Multiple family household,Between 1 and 5 years,Regional,100% - I spent all of my time remote working,100% - All of my time,100% - I spent all of my time remote working,Strongly agree,Strongly agree,Neither agree nor disagree,Strongly agree,Somewhat agree,100% - All of my time,100% - All of my time,Very likely,Very unlikely,Very likely,I’m 50% more productive when working remotely (or more),0.0,8.0,0.0,8.0,0.0,8.0,0.0,8.0,Strongly agree,Somewhat agree,Neither agree nor disagree,Strongly Positive,2021
550,1978,Male,Accommodation and Food,"Managers - Hospitality, Retail and Service Managers",Between 20 and 199,Yes,Couple with dependent children,More than 5 years,Regional,10%,10%,10%,Strongly agree,Strongly agree,Somewhat agree,Somewhat agree,Somewhat agree,10%,10%,Somewhat likely,Somewhat likely,Somewhat likely,I’m 10% more productive when working remotely,1.0,8.0,2.0,4.0,1.0,8.0,2.0,4.0,Strongly agree,Somewhat agree,Somewhat agree,Strongly Positive,2021
551,1966,Male,Public Administration and Safety,"Professionals - Business, Human Resource and Marketing Professionals",More than 200,Yes,Couple with dependent children,More than 5 years,Metro,100% - I spent all of my time remote working,100% - All of my time,90%,Strongly agree,Strongly agree,Strongly agree,Strongly agree,Strongly agree,90%,90%,Very likely,Very likely,Very likely,I’m 50% more productive when working remotely (or more),2.0,7.5,3.5,3.0,0.0,7.5,3.5,5.0,Strongly agree,Strongly agree,Somewhat agree,Strongly Positive,2021
552,1992,Male,Manufacturing,Technicians and trades workers - Construction Trades Workers,Between 1 and 4,Yes,Couple with dependent children,Between 1 and 5 years,Metro,20%,10%,10%,Somewhat agree,Neither agree nor disagree,Somewhat disagree,Neither agree nor disagree,Somewhat disagree,20%,10%,Neither unlikely or likely,Somewhat unlikely,Somewhat unlikely,I’m 30% less productive when working remotely,5.0,5.0,5.0,5.0,5.0,5.0,5.0,5.0,Neither agree nor disagree,Somewhat disagree,Neither agree nor disagree,Somewhat Positive,2021
553,1993,Male,Financial and Insurance,Sales workers - Sales Assistants and Salespersons,Between 20 and 199,Yes,Couple with dependent children,Between 1 and 5 years,Metro,40%,40%,40%,Somewhat agree,Neither agree nor disagree,Somewhat agree,Somewhat agree,Neither agree nor disagree,30%,30%,Neither unlikely or likely,Somewhat likely,Somewhat likely,I’m 40% more productive when working remotely,3.0,7.0,7.0,2.0,6.0,7.0,3.0,2.0,Somewhat agree,Somewhat agree,Neither agree nor disagree,Somewhat Negative,2021
554,1995,Female,Financial and Insurance,Technicians and trades workers - Electrotechnology and Telecommunications Trades Workers,More than 200,Yes,Couple with dependent children,Between 6 and 12 months,Metro,60%,80%,80%,Somewhat disagree,Somewhat agree,Strongly disagree,Neither agree nor disagree,Strongly agree,60%,70%,Somewhat unlikely,Neither unlikely or likely,Very unlikely,I’m 30% more productive when working remotely,0.5,7.0,5.5,6.0,0.25,7.0,3.7,7.0,Neither agree nor disagree,Somewhat agree,Somewhat disagree,Strongly Positive,2021
555,1965,Female,Financial and Insurance,Clerical and administrative workers - Numerical Clerks,More than 200,No,Couple with no dependent children,Between 1 and 5 years,Regional,100% - I spent all of my time remote working,100% - All of my time,50% - I spent about half of my time remote working,Neither agree nor disagree,Strongly agree,Somewhat agree,Strongly agree,Strongly agree,80%,80%,Neither unlikely or likely,Somewhat likely,Somewhat likely,I’m 30% more productive when working remotely,1.0,8.0,2.0,6.0,0.5,9.0,4.0,4.0,Somewhat agree,Somewhat agree,Somewhat disagree,Somewhat Positive,2021
556,1999,Female,Information Media and Telecommunications,"Technicians and trades workers - Engineering, ICT and Science Technicians",Between 20 and 199,No,Single person,Between 1 and 5 years,Metro,50% - I spent about half of my time remote working,30%,50% - I spent about half of my time remote working,Strongly agree,Neither agree nor disagree,Strongly agree,Somewhat agree,Somewhat agree,60%,Less than 10% of my time,Neither unlikely or likely,Neither unlikely or likely,Somewhat likely,I’m 50% more productive when working remotely (or more),1.0,7.0,2.0,5.0,2.0,8.0,2.0,3.0,Somewhat agree,Strongly agree,Neither agree nor disagree,Strongly Positive,2021
557,1964,Female,Financial and Insurance,Clerical and administrative workers - Clerical and Office Support Workers,Between 5 and 19,No,Couple with dependent children,More than 5 years,Metro,Less than 10% of my time,10%,Less than 10% of my time,Neither agree nor disagree,Somewhat agree,Somewhat agree,Somewhat agree,Neither agree nor disagree,10%,10%,Neither unlikely or likely,Somewhat likely,Somewhat likely,I’m 10% less productive when working remotely,1.0,8.0,3.0,4.0,0.0,8.0,4.0,4.0,Neither agree nor disagree,Somewhat agree,Somewhat agree,Somewhat Positive,2021
558,1985,Female,Education and Training,"Managers - Chief Executives, General Managers and Legislators",Between 20 and 199,Yes,Couple with dependent children,Between 1 and 5 years,Metro,20%,60%,20%,Strongly agree,Strongly agree,Strongly agree,Somewhat agree,Somewhat agree,80%,80%,Somewhat unlikely,Neither unlikely or likely,Neither unlikely or likely,My productivity is about same when I work remotely,2.0,9.0,3.0,3.0,0.0,9.0,6.0,3.0,Somewhat agree,Strongly agree,Somewhat disagree,Somewhat Positive,2021
559,1985,Female,Administrative and Support,Clerical and administrative workers - Clerical and Office Support Workers,More than 200,No,Single person,Between 1 and 5 years,Regional,100% - I spent all of my time remote working,100% - All of my time,100% - I spent all of my time remote working,Strongly agree,Strongly agree,Strongly agree,Strongly agree,Strongly agree,100% - All of my time,100% - All of my time,Very likely,Very unlikely,Very likely,I’m 50% more productive when working remotely (or more),,8.0,,8.0,0.0,8.0,0.0,8.0,Strongly agree,Somewhat agree,Strongly agree,Strongly Positive,2021
560,1983,Male,"Professional, Scientific and Technical",Managers - Specialist Managers,Between 20 and 199,Yes,Couple with dependent children,Between 6 and 12 months,Metro,100% - I spent all of my time remote working,100% - All of my time,60%,Somewhat agree,Somewhat agree,Somewhat agree,Somewhat agree,Somewhat agree,100% - All of my time,100% - All of my time,Somewhat unlikely,Somewhat likely,Somewhat unlikely,I’m 30% more productive when working remotely,4.0,8.0,4.0,1.0,0.5,9.0,4.0,3.5,Strongly agree,Strongly agree,Somewhat disagree,Somewhat Positive,2021
561,1985,Male,"Professional, Scientific and Technical","Managers - Chief Executives, General Managers and Legislators",Between 20 and 199,Yes,Couple with no dependent children,Between 1 and 5 years,Metro,90%,90%,90%,Strongly agree,Somewhat agree,Somewhat agree,Strongly agree,Somewhat agree,70%,70%,Very likely,Somewhat likely,Somewhat likely,I’m 10% less productive when working remotely,3.0,7.0,3.0,2.0,1.0,7.0,3.0,4.0,Somewhat disagree,Somewhat agree,Strongly agree,Strongly Positive,2021
562,1978,Male,Financial and Insurance,"Professionals - Business, Human Resource and Marketing Professionals",More than 200,No,Couple with dependent children,More than 5 years,Metro,100% - I spent all of my time remote working,50% - About half of my time,70%,Neither agree nor disagree,Strongly agree,Neither agree nor disagree,Somewhat agree,Somewhat agree,30%,80%,Very likely,Somewhat likely,Very likely,I’m 40% more productive when working remotely,3.0,4.0,2.0,6.0,1.0,4.0,5.0,7.0,Strongly agree,Strongly agree,Strongly agree,Somewhat Positive,2021
563,2000,Male,Information Media and Telecommunications,"Technicians and trades workers - Engineering, ICT and Science Technicians",More than 200,No,Group household,Between 6 and 12 months,Regional,40%,100% - All of my time,30%,Strongly disagree,Strongly disagree,Somewhat disagree,Somewhat disagree,Somewhat agree,60%,50% - About half of my time,Somewhat unlikely,Very unlikely,Somewhat unlikely,I’m 20% more productive when working remotely,1.0,6.0,3.0,6.0,0.0,8.0,5.0,3.0,Strongly agree,Somewhat agree,Neither agree nor disagree,Somewhat Negative,2021
564,1997,Female,Other Services,Managers - Specialist Managers,Between 20 and 199,Yes,Single person,Between 1 and 5 years,Metro,Less than 10% of my time,100% - All of my time,40%,Neither agree nor disagree,Strongly agree,Somewhat agree,Neither agree nor disagree,Somewhat agree,20%,80%,Neither unlikely or likely,Somewhat likely,Neither unlikely or likely,My productivity is about same when I work remotely,2.0,5.0,3.0,10.0,2.0,3.0,6.0,4.0,Somewhat agree,Neither agree nor disagree,Neither agree nor disagree,Neither positive nor negative,2021
565,1989,Male,Information Media and Telecommunications,"Managers - Chief Executives, General Managers and Legislators",More than 200,Yes,Couple with dependent children,More than 5 years,Metro,50% - I spent about half of my time remote working,50% - About half of my time,20%,Strongly agree,Somewhat agree,Somewhat agree,Strongly agree,Strongly agree,20%,40%,Somewhat likely,Very likely,Somewhat likely,I’m 30% more productive when working remotely,1.0,5.0,4.0,3.0,0.0,7.0,3.0,2.0,Somewhat agree,Somewhat agree,Strongly agree,Somewhat Positive,2021
566,1982,Male,Retail Trade,"Professionals - Legal, Social and Welfare Professionals",Between 20 and 199,Yes,Couple with dependent children,Between 1 and 5 years,Regional,40%,40%,60%,Somewhat agree,Somewhat agree,Somewhat agree,Somewhat agree,Somewhat agree,40%,40%,Somewhat likely,Somewhat likely,Somewhat likely,I’m 40% more productive when working remotely,4.0,4.0,4.0,12.0,4.0,4.0,8.0,4.0,Somewhat agree,Somewhat agree,Somewhat agree,Somewhat Positive,2021
567,1992,Female,Administrative and Support,Clerical and administrative workers - Office Managers and Program Administrators,Between 20 and 199,No,Couple with no dependent children,Between 1 and 5 years,Metro,100% - I spent all of my time remote working,100% - All of my time,90%,Strongly agree,Neither agree nor disagree,Strongly agree,Strongly agree,Somewhat agree,80%,70%,Somewhat unlikely,Somewhat likely,Somewhat likely,I’m 30% more productive when working remotely,2.0,8.0,1.0,4.0,1.0,8.0,2.0,5.0,Somewhat agree,Strongly agree,Neither agree nor disagree,Strongly Positive,2021
568,1983,Male,Education and Training,Managers - Specialist Managers,Between 20 and 199,Yes,Couple with dependent children,Between 6 and 12 months,Metro,60%,100% - All of my time,60%,Somewhat agree,Somewhat agree,Somewhat agree,Somewhat agree,Somewhat agree,100% - All of my time,100% - All of my time,Somewhat likely,Somewhat likely,Somewhat likely,I’m 20% more productive when working remotely,3.5,8.0,4.0,1.5,0.5,8.0,4.0,4.5,Somewhat agree,Somewhat agree,Somewhat disagree,Strongly Positive,2021
569,1966,Male,Public Administration and Safety,"Professionals - Business, Human Resource and Marketing Professionals",More than 200,Yes,Couple with dependent children,More than 5 years,Metro,100% - I spent all of my time remote working,100% - All of my time,90%,Strongly agree,Strongly agree,Strongly agree,Strongly agree,Strongly agree,90%,80%,Very likely,Very unlikely,Very likely,I’m 50% more productive when working remotely (or more),2.0,7.5,3.5,3.0,0.0,7.5,3.5,5.0,Strongly agree,Strongly agree,Strongly agree,Strongly Positive,2021
570,1966,Male,Manufacturing,Managers - Specialist Managers,Between 20 and 199,Yes,Couple with no dependent children,More than 5 years,Metro,Rarely or never,20%,10%,Strongly disagree,Somewhat disagree,Somewhat agree,Strongly disagree,Somewhat disagree,30%,20%,Very unlikely,Very unlikely,Very unlikely,I’m 10% less productive when working remotely,1.5,8.5,2.5,4.0,0.5,8.0,3.0,5.0,Somewhat agree,Somewhat agree,Neither agree nor disagree,Neither positive nor negative,2021
571,1973,Female,Manufacturing,Clerical and administrative workers - Clerical and Office Support Workers,More than 200,No,Couple with dependent children,More than 5 years,Regional,Rarely or never,100% - All of my time,Rarely or never,Strongly agree,Strongly disagree,Strongly agree,Somewhat agree,Strongly agree,100% - All of my time,100% - All of my time,Very likely,Very likely,Very likely,My productivity is about same when I work remotely,1.0,6.0,4.0,4.0,0.5,6.0,4.0,4.0,Strongly agree,Strongly agree,Neither agree nor disagree,Somewhat Positive,2021
572,1995,Female,Information Media and Telecommunications,Clerical and administrative workers - Inquiry Clerks and Receptionists,Between 20 and 199,Yes,Multiple family household,Between 1 and 5 years,Metro,40%,60%,40%,Neither agree nor disagree,Somewhat disagree,Neither agree nor disagree,Somewhat agree,Neither agree nor disagree,70%,30%,Somewhat likely,Neither unlikely or likely,Somewhat likely,I’m 10% less productive when working remotely,2.0,8.0,4.0,2.0,0.0,10.0,6.0,2.0,Somewhat agree,Neither agree nor disagree,Somewhat agree,Somewhat Positive,2021
573,1962,Male,Financial and Insurance,"Professionals - Business, Human Resource and Marketing Professionals",Between 20 and 199,No,Couple with dependent children,More than 5 years,Metro,90%,70%,80%,Somewhat agree,Somewhat agree,Somewhat agree,Somewhat agree,Somewhat agree,80%,70%,Neither unlikely or likely,Somewhat likely,Neither unlikely or likely,I’m 30% more productive when working remotely,2.0,7.0,2.0,5.0,1.0,8.0,2.0,5.0,Somewhat agree,Neither agree nor disagree,Neither agree nor disagree,Somewhat Positive,2021
574,2000,Female,Construction,Community and personal service workers - Hospitality Workers,Between 1 and 4,Yes,Multiple family household,Between 1 and 5 years,Metro,30%,50% - About half of my time,60%,Somewhat disagree,Strongly disagree,Somewhat disagree,Neither agree nor disagree,Strongly disagree,60%,30%,Very unlikely,Somewhat unlikely,Very unlikely,My productivity is about same when I work remotely,3.0,2.0,9.0,7.0,8.0,9.0,4.0,0.0,Somewhat disagree,Somewhat disagree,Neither agree nor disagree,Neither positive nor negative,2021
575,1989,Female,Education and Training,Professionals - Education Professionals,I am a sole trader/owner-operator,No,Couple with dependent children,Between 1 and 5 years,Metro,80%,90%,50% - I spent about half of my time remote working,Somewhat agree,Strongly agree,Somewhat agree,Somewhat agree,Somewhat agree,50% - About half of my time,50% - About half of my time,Neither unlikely or likely,Somewhat likely,Somewhat likely,I’m 20% more productive when working remotely,2.0,8.0,3.0,4.0,1.0,6.0,4.0,6.0,Somewhat agree,Neither agree nor disagree,Somewhat agree,Somewhat Positive,2021
576,1962,Female,Manufacturing,Managers - Specialist Managers,More than 200,Yes,Couple with no dependent children,Between 1 and 5 years,Regional,Rarely or never,I would not have preferred to work remotely,Rarely or never,Strongly disagree,Strongly agree,Somewhat disagree,Strongly disagree,Somewhat disagree,I would not have preferred to work remotely,I would prefer not to work remotely,Very unlikely,Very unlikely,Very unlikely,I’m 20% more productive when working remotely,1.0,12.0,2.0,2.0,0.0,15.0,3.0,0.0,Strongly disagree,Strongly disagree,Strongly agree,Strongly Negative,2021
577,1988,Male,Public Administration and Safety,Clerical and administrative workers - General Clerical Workers,More than 200,No,Couple with dependent children,More than 5 years,Metro,Less than 10% of my time,50% - About half of my time,Less than 10% of my time,Neither agree nor disagree,Neither agree nor disagree,Somewhat disagree,Somewhat disagree,Somewhat agree,50% - About half of my time,80%,Somewhat unlikely,Somewhat unlikely,Very unlikely,I’m 30% more productive when working remotely,2.0,12.0,1.0,1.0,1.0,12.0,1.0,2.0,Somewhat disagree,Somewhat agree,Strongly agree,Somewhat Positive,2021
578,1960,Female,Education and Training,Professionals - Education Professionals,Between 5 and 19,Yes,Single person,More than 5 years,Regional,10%,90%,Rarely or never,Strongly disagree,Strongly disagree,Somewhat agree,Somewhat agree,Strongly agree,100% - All of my time,100% - All of my time,Very unlikely,Very unlikely,Very unlikely,I’m 50% more productive when working remotely (or more),0.0,6.0,4.0,3.0,1.0,6.0,7.0,2.0,Strongly agree,Strongly agree,Somewhat disagree,Strongly Negative,2021
579,1994,Female,Public Administration and Safety,"Professionals - Business, Human Resource and Marketing Professionals",More than 200,No,Couple with dependent children,Between 1 and 5 years,Metro,50% - I spent about half of my time remote working,50% - About half of my time,20%,Strongly agree,Somewhat agree,Strongly agree,Somewhat agree,Somewhat agree,50% - About half of my time,50% - About half of my time,Neither unlikely or likely,Neither unlikely or likely,Neither unlikely or likely,I’m 10% less productive when working remotely,1.5,7.0,7.0,0.5,0.5,7.0,7.0,1.5,Strongly agree,Strongly agree,Somewhat disagree,Strongly Positive,2021
580,1981,Female,Manufacturing,Technicians and trades workers - Other Technicians and Trades Workers,Between 20 and 199,No,Couple with dependent children,Between 6 and 12 months,Metro,10%,I would not have preferred to work remotely,20%,Somewhat agree,Somewhat agree,Neither agree nor disagree,Somewhat agree,Somewhat agree,Less than 10% of my time,10%,Neither unlikely or likely,Somewhat likely,Somewhat likely,My productivity is about same when I work remotely,2.0,8.0,2.0,4.0,0.0,9.0,2.0,5.0,Neither agree nor disagree,Somewhat agree,Somewhat agree,Neither positive nor negative,2021
581,1997,Female,"Professional, Scientific and Technical",Professionals - Health Professionals,More than 200,Yes,Other one family household,Between 1 and 5 years,Regional,60%,60%,70%,Somewhat agree,Somewhat agree,Somewhat agree,Somewhat agree,Somewhat agree,80%,80%,Somewhat likely,Somewhat likely,Somewhat likely,I’m 40% more productive when working remotely,2.0,10.0,2.0,2.0,2.0,10.0,2.0,2.0,Somewhat agree,Somewhat agree,Strongly agree,Strongly Positive,2021
582,1980,Male,Construction,Technicians and trades workers - Construction Trades Workers,Between 1 and 4,Yes,Couple with no dependent children,More than 5 years,Metro,100% - I spent all of my time remote working,100% - All of my time,100% - I spent all of my time remote working,Strongly agree,Strongly agree,Strongly agree,Strongly agree,Strongly agree,100% - All of my time,80%,Somewhat likely,Somewhat likely,Somewhat likely,I’m 20% more productive when working remotely,1.0,8.0,4.0,4.0,1.0,8.0,4.0,4.0,Strongly agree,Strongly agree,Neither agree nor disagree,Strongly Positive,2021
583,1977,Female,Health Care and Social Assistance,Clerical and administrative workers - Inquiry Clerks and Receptionists,More than 200,No,Couple with no dependent children,More than 5 years,Metro,20%,20%,20%,Neither agree nor disagree,Somewhat agree,Neither agree nor disagree,Neither agree nor disagree,Somewhat disagree,I would not have preferred to work remotely,I would prefer not to work remotely,Somewhat unlikely,Somewhat unlikely,Neither unlikely or likely,My productivity is about same when I work remotely,1.0,8.0,4.5,2.5,1.0,8.0,5.0,2.0,Somewhat disagree,Neither agree nor disagree,Somewhat agree,Neither positive nor negative,2021
584,1986,Female,Retail Trade,Sales workers - Sales Representatives and Agents,Between 20 and 199,No,Couple with dependent children,Between 6 and 12 months,Metro,50% - I spent about half of my time remote working,I would not have preferred to work remotely,30%,Somewhat disagree,Somewhat disagree,Somewhat disagree,Somewhat disagree,Strongly disagree,Less than 10% of my time,I would prefer not to work remotely,Somewhat likely,Somewhat unlikely,Somewhat unlikely,I’m 30% less productive when working remotely,2.0,8.0,2.0,4.0,3.0,8.0,4.0,3.0,Neither agree nor disagree,Somewhat disagree,Somewhat agree,Somewhat Negative,2021
585,1990,Male,Construction,Technicians and trades workers - Construction Trades Workers,More than 200,Yes,Multiple family household,More than 5 years,Metro,100% - I spent all of my time remote working,100% - All of my time,100% - I spent all of my time remote working,Strongly agree,Strongly agree,Strongly agree,Strongly agree,Strongly agree,100% - All of my time,100% - All of my time,Very likely,Very likely,Very likely,I’m 50% more productive when working remotely (or more),5.0,2.0,3.0,4.0,16.0,3.0,2.0,1.0,Strongly agree,Strongly agree,Strongly agree,Strongly Positive,2021
586,1963,Female,Education and Training,Clerical and administrative workers - Clerical and Office Support Workers,More than 200,No,Other one family household,Between 6 and 12 months,Regional,50% - I spent about half of my time remote working,100% - All of my time,Rarely or never,Neither agree nor disagree,Somewhat disagree,Neither agree nor disagree,Somewhat disagree,Somewhat agree,100% - All of my time,100% - All of my time,Somewhat unlikely,Neither unlikely or likely,Somewhat unlikely,My productivity is about same when I work remotely,3.0,6.0,4.0,4.0,0.0,6.0,4.0,6.0,Strongly agree,Neither agree nor disagree,Somewhat disagree,Neither positive nor negative,2021
587,1971,Male,Education and Training,"Managers - Hospitality, Retail and Service Managers",More than 200,Yes,Single person,More than 5 years,Metro,Less than 10% of my time,Less than 10% of my time,Less than 10% of my time,Somewhat agree,Somewhat disagree,Neither agree nor disagree,Somewhat agree,Somewhat agree,20%,20%,Neither unlikely or likely,Somewhat likely,Neither unlikely or likely,I’m 10% more productive when working remotely,2.0,8.0,1.0,6.0,0.5,8.0,2.0,5.5,Somewhat disagree,Somewhat agree,Somewhat agree,Somewhat Positive,2021
588,1980,Male,"Professional, Scientific and Technical","Managers - Chief Executives, General Managers and Legislators",Between 20 and 199,Yes,Couple with dependent children,Between 6 and 12 months,Metro,80%,100% - All of my time,100% - I spent all of my time remote working,Somewhat agree,Somewhat agree,Strongly agree,Somewhat agree,Somewhat agree,100% - All of my time,100% - All of my time,Neither unlikely or likely,Neither unlikely or likely,Somewhat likely,My productivity is about same when I work remotely,2.0,8.0,2.0,5.0,0.5,9.0,3.0,4.0,Somewhat agree,Somewhat agree,Somewhat agree,Somewhat Positive,2021
589,1990,Male,Information Media and Telecommunications,Managers - Specialist Managers,Between 20 and 199,Yes,Couple with no dependent children,Between 6 and 12 months,Metro,20%,30%,30%,Somewhat agree,Neither agree nor disagree,Somewhat agree,Neither agree nor disagree,Somewhat disagree,10%,20%,Somewhat unlikely,Somewhat likely,Somewhat unlikely,My productivity is about same when I work remotely,2.0,8.0,2.0,6.0,0.0,4.0,6.0,6.0,Neither agree nor disagree,Somewhat agree,Neither agree nor disagree,Somewhat Positive,2021
590,1975,Female,Education and Training,"Managers - Chief Executives, General Managers and Legislators",Between 20 and 199,Yes,Couple with dependent children,More than 5 years,Metro,20%,100% - All of my time,20%,Somewhat disagree,Strongly agree,Neither agree nor disagree,Somewhat agree,Strongly agree,80%,80%,Somewhat likely,Somewhat likely,Neither unlikely or likely,I’m 10% more productive when working remotely,2.0,8.0,3.0,3.0,0.0,9.0,6.0,3.0,Strongly agree,Somewhat agree,Strongly agree,Somewhat Positive,2021
591,1977,Female,Health Care and Social Assistance,Professionals - Health Professionals,More than 200,Yes,Couple with dependent children,More than 5 years,Metro,20%,20%,10%,Somewhat agree,Neither agree nor disagree,Strongly agree,Somewhat agree,Somewhat agree,50% - About half of my time,10%,Somewhat likely,Very likely,Neither unlikely or likely,I’m 30% more productive when working remotely,2.0,8.0,2.0,4.0,2.0,8.0,2.0,4.0,Somewhat agree,Strongly agree,Neither agree nor disagree,Somewhat Positive,2021
592,1981,Female,Other Services,Professionals - ICT Professionals,More than 200,No,Couple with no dependent children,Between 1 and 5 years,Metro,90%,100% - All of my time,90%,Somewhat agree,Strongly agree,Neither agree nor disagree,Somewhat agree,Strongly agree,100% - All of my time,100% - All of my time,Neither unlikely or likely,Somewhat likely,Neither unlikely or likely,I’m 30% more productive when working remotely,1.5,8.0,0.0,7.5,0.5,8.0,0.0,8.5,Strongly agree,Strongly agree,Strongly disagree,Somewhat Positive,2021
593,1997,Female,"Professional, Scientific and Technical","Professionals - Design, Engineering, Science and Transport Professionals",More than 200,No,Group household,Between 6 and 12 months,Regional,30%,50% - About half of my time,60%,Strongly agree,Strongly agree,Strongly agree,Strongly agree,Strongly agree,60%,70%,Somewhat unlikely,Neither unlikely or likely,Neither unlikely or likely,I’m 20% less productive when working remotely,2.0,7.0,3.0,3.0,0.5,7.0,5.0,2.5,Somewhat disagree,Somewhat disagree,Somewhat disagree,Somewhat Positive,2021
594,1999,Female,Manufacturing,"Professionals - Business, Human Resource and Marketing Professionals",More than 200,No,Single person,Between 1 and 5 years,Metro,40%,40%,30%,Neither agree nor disagree,Somewhat agree,Somewhat agree,Neither agree nor disagree,Somewhat agree,30%,40%,Neither unlikely or likely,Neither unlikely or likely,Somewhat likely,I’m 20% more productive when working remotely,1.0,8.0,1.0,6.0,0.0,9.0,6.0,1.0,Somewhat agree,Neither agree nor disagree,Somewhat agree,Somewhat Positive,2021
595,1979,Male,Retail Trade,"Managers - Hospitality, Retail and Service Managers",More than 200,Yes,Couple with no dependent children,More than 5 years,Metro,10%,30%,Rarely or never,Strongly disagree,Strongly disagree,Neither agree nor disagree,Strongly disagree,Somewhat agree,50% - About half of my time,50% - About half of my time,Neither unlikely or likely,Neither unlikely or likely,Neither unlikely or likely,I’m 40% more productive when working remotely,2.0,9.0,3.0,3.0,0.5,8.0,3.0,4.5,Somewhat agree,Strongly agree,Somewhat agree,Strongly Negative,2021
596,1985,Male,Health Care and Social Assistance,"Managers - Hospitality, Retail and Service Managers",Between 5 and 19,Yes,Multiple family household,Between 1 and 5 years,Metro,10%,50% - About half of my time,10%,Strongly agree,Strongly agree,Strongly agree,Strongly agree,Strongly agree,50% - About half of my time,50% - About half of my time,Very likely,Very likely,Very likely,I’m 50% more productive when working remotely (or more),3.0,8.0,3.0,4.0,6.0,8.0,4.0,1.0,Strongly agree,Strongly agree,Strongly agree,Strongly Positive,2021
597,2001,Female,Mining,Managers - Specialist Managers,Between 20 and 199,Yes,Single person,Between 1 and 5 years,Regional,20%,20%,20%,Somewhat disagree,Somewhat disagree,Somewhat disagree,Neither agree nor disagree,Neither agree nor disagree,20%,20%,Somewhat likely,Somewhat likely,Very likely,I’m 50% more productive when working remotely (or more),5.0,10.0,3.0,3.0,5.0,5.0,5.0,5.0,Somewhat agree,Somewhat agree,Somewhat agree,Somewhat Positive,2021
598,1973,Female,Financial and Insurance,Clerical and administrative workers - General Clerical Workers,More than 200,No,Couple with dependent children,More than 5 years,Metro,100% - I spent all of my time remote working,100% - All of my time,90%,Strongly agree,Strongly agree,Strongly agree,Strongly agree,Strongly agree,90%,90%,Very likely,Very likely,Very likely,I’m 50% more productive when working remotely (or more),2.0,8.0,4.0,4.0,0.0,10.0,3.0,4.0,Strongly agree,Strongly agree,Strongly agree,Strongly Positive,2021
599,1978,Female,Wholesale Trade,Managers - Specialist Managers,Between 20 and 199,Yes,Couple with dependent children,More than 5 years,Metro,10%,10%,Less than 10% of my time,Neither agree nor disagree,Somewhat agree,Somewhat agree,Somewhat agree,Neither agree nor disagree,Less than 10% of my time,Less than 10% of my time,Neither unlikely or likely,Somewhat likely,Neither unlikely or likely,I’m 20% more productive when working remotely,1.0,8.0,3.0,3.0,2.0,8.0,3.0,3.0,Somewhat agree,Somewhat agree,Neither agree nor disagree,Somewhat Positive,2021
600,1983,Female,Financial and Insurance,Sales workers - Sales Support Workers,More than 200,No,Single person,More than 5 years,Metro,40%,100% - All of my time,50% - I spent about half of my time remote working,Somewhat disagree,Somewhat agree,Strongly disagree,Somewhat disagree,Neither agree nor disagree,100% - All of my time,100% - All of my time,Very unlikely,Very unlikely,Very unlikely,I’m 10% more productive when working remotely,2.0,14.0,1.0,1.0,1.0,10.0,1.0,2.0,Strongly agree,Neither agree nor disagree,Somewhat disagree,Strongly Negative,2021
601,1993,Female,Financial and Insurance,Sales workers - Sales Representatives and Agents,More than 200,No,Single person,Between 6 and 12 months,Regional,100% - I spent all of my time remote working,50% - About half of my time,100% - I spent all of my time remote working,Strongly agree,Strongly agree,Strongly agree,Neither agree nor disagree,Strongly disagree,50% - About half of my time,50% - About half of my time,Somewhat unlikely,Somewhat likely,Somewhat likely,My productivity is about same when I work remotely,1.0,8.0,3.0,4.0,0.0,8.0,4.0,4.0,Strongly disagree,Somewhat disagree,Strongly agree,Somewhat Negative,2021
602,1995,Female,Financial and Insurance,Clerical and administrative workers - General Clerical Workers,More than 200,No,Single person,Between 1 and 5 years,Metro,100% - I spent all of my time remote working,100% - All of my time,100% - I spent all of my time remote working,Neither agree nor disagree,Somewhat agree,Somewhat agree,Somewhat agree,Somewhat agree,70%,70%,Somewhat likely,Somewhat likely,Somewhat likely,My productivity is about same when I work remotely,1.0,8.0,4.0,3.0,1.0,8.0,3.0,4.0,Somewhat agree,Somewhat agree,Somewhat agree,Somewhat Positive,2021
603,1990,Male,"Professional, Scientific and Technical",Managers - Specialist Managers,Between 5 and 19,Yes,One parent family with dependent children,Between 6 and 12 months,Metro,30%,30%,80%,Somewhat agree,Strongly agree,Neither agree nor disagree,Strongly disagree,Somewhat agree,80%,70%,Neither unlikely or likely,Somewhat likely,Very likely,I’m 10% less productive when working remotely,5.0,6.0,7.0,6.0,6.0,4.0,6.0,3.0,Strongly agree,Neither agree nor disagree,Somewhat agree,Somewhat Negative,2021
604,1990,Male,"Professional, Scientific and Technical","Managers - Chief Executives, General Managers and Legislators",Between 1 and 4,Yes,Single person,Between 1 and 5 years,Metro,80%,70%,70%,Somewhat agree,Strongly agree,Somewhat agree,Somewhat agree,Neither agree nor disagree,80%,80%,Very likely,Very likely,Somewhat likely,I’m 40% more productive when working remotely,5.0,5.0,2.0,4.0,5.0,9.0,3.0,1.0,Strongly agree,Strongly agree,Strongly agree,Strongly Positive,2021
605,2002,Female,Retail Trade,"Professionals - Business, Human Resource and Marketing Professionals",Between 20 and 199,No,Couple with dependent children,Between 1 and 5 years,Metro,20%,Less than 10% of my time,40%,Somewhat agree,Somewhat agree,Somewhat agree,Somewhat agree,Neither agree nor disagree,80%,80%,Somewhat likely,Somewhat likely,Somewhat likely,I’m 50% more productive when working remotely (or more),1.0,8.0,3.0,4.0,0.5,8.0,3.0,4.5,Somewhat agree,Somewhat agree,Neither agree nor disagree,Somewhat Positive,2021
606,1960,Male,Education and Training,Professionals - Education Professionals,Between 20 and 199,No,One parent family with dependent children,More than 5 years,Metro,50% - I spent about half of my time remote working,50% - About half of my time,50% - I spent about half of my time remote working,Neither agree nor disagree,Neither agree nor disagree,Neither agree nor disagree,Neither agree nor disagree,Neither agree nor disagree,I would not have preferred to work remotely,I would prefer not to work remotely,Neither unlikely or likely,Neither unlikely or likely,Neither unlikely or likely,I’m 50% less productive when working remotely (or worse),4.0,5.0,5.0,5.0,4.0,5.0,5.0,5.0,Neither agree nor disagree,Neither agree nor disagree,Neither agree nor disagree,Neither positive nor negative,2021
607,1961,Female,Health Care and Social Assistance,Community and personal service workers - Health and Welfare Support Workers,Between 5 and 19,No,Other one family household,Between 1 and 5 years,Metro,30%,10%,10%,Neither agree nor disagree,Somewhat agree,Somewhat disagree,Neither agree nor disagree,Somewhat agree,20%,Less than 10% of my time,Somewhat unlikely,Somewhat likely,Neither unlikely or likely,My productivity is about same when I work remotely,2.5,8.0,2.5,3.0,2.5,8.0,2.5,3.0,Neither agree nor disagree,Neither agree nor disagree,Somewhat agree,Somewhat Positive,2021
608,1988,Male,Public Administration and Safety,Clerical and administrative workers - Other Clerical and Administrative Workers,More than 200,No,Single person,More than 5 years,Regional,10%,60%,Rarely or never,Somewhat agree,Somewhat disagree,Somewhat agree,Neither agree nor disagree,Somewhat disagree,I would not have preferred to work remotely,40%,Somewhat unlikely,Somewhat unlikely,Neither unlikely or likely,My productivity is about same when I work remotely,4.0,13.0,1.0,1.0,4.0,13.0,1.0,1.0,Neither agree nor disagree,Neither agree nor disagree,Somewhat agree,Somewhat Negative,2021
609,1966,Female,Mining,Professionals - ICT Professionals,Between 20 and 199,Yes,One parent family with dependent children,Between 1 and 5 years,Regional,Rarely or never,20%,Less than 10% of my time,Somewhat agree,Strongly agree,Strongly disagree,Strongly agree,Strongly agree,30%,20%,Somewhat likely,Very likely,Somewhat likely,I’m 30% more productive when working remotely,2.0,7.0,1.0,6.0,4.0,10.0,2.0,0.0,Strongly agree,Somewhat agree,Strongly agree,Strongly Positive,2021
610,1989,Male,Public Administration and Safety,"Professionals - Legal, Social and Welfare Professionals",More than 200,No,Couple with dependent children,More than 5 years,Regional,80%,80%,70%,Strongly agree,Neither agree nor disagree,Strongly agree,Strongly agree,Neither agree nor disagree,70%,60%,Somewhat unlikely,Somewhat likely,Somewhat likely,I’m 20% more productive when working remotely,3.0,8.0,5.0,2.0,1.0,8.0,5.0,4.0,Neither agree nor disagree,Somewhat agree,Somewhat agree,Somewhat Positive,2021
611,1980,Male,Other Services,"Managers - Chief Executives, General Managers and Legislators",More than 200,Yes,Couple with dependent children,More than 5 years,Regional,80%,80%,20%,Somewhat agree,Neither agree nor disagree,Somewhat agree,Strongly agree,Somewhat agree,100% - All of my time,80%,Neither unlikely or likely,Somewhat likely,Somewhat likely,I’m 30% more productive when working remotely,1.0,4.0,2.0,10.0,1.0,5.0,2.0,9.0,Somewhat agree,Neither agree nor disagree,Somewhat agree,Somewhat Positive,2021
612,1981,Female,Construction,Clerical and administrative workers - Office Managers and Program Administrators,Between 20 and 199,Yes,Couple with no dependent children,More than 5 years,Metro,50% - I spent about half of my time remote working,20%,10%,Neither agree nor disagree,Strongly agree,Somewhat disagree,Somewhat disagree,Strongly agree,Less than 10% of my time,100% - All of my time,Somewhat unlikely,Somewhat unlikely,Somewhat unlikely,I’m 50% more productive when working remotely (or more),2.0,8.0,3.0,3.0,2.0,8.0,4.0,5.0,Strongly agree,Strongly agree,Somewhat disagree,Somewhat Positive,2021
613,1999,Female,Manufacturing,Managers - Specialist Managers,More than 200,No,Single person,Between 1 and 5 years,Metro,40%,40%,50% - I spent about half of my time remote working,Neither agree nor disagree,Somewhat agree,Somewhat agree,Neither agree nor disagree,Neither agree nor disagree,40%,50% - About half of my time,Neither unlikely or likely,Neither unlikely or likely,Somewhat likely,I’m 30% more productive when working remotely,2.0,8.0,5.0,1.0,0.0,10.0,5.0,1.0,Neither agree nor disagree,Neither agree nor disagree,Somewhat agree,Neither positive nor negative,2021
614,1995,Male,"Professional, Scientific and Technical","Managers - Chief Executives, General Managers and Legislators",Between 5 and 19,Yes,Single person,Between 6 and 12 months,Metro,40%,60%,40%,Neither agree nor disagree,Somewhat agree,Strongly agree,Strongly agree,Strongly agree,70%,50% - About half of my time,Very likely,Very unlikely,Very likely,I’m 20% more productive when working remotely,1.0,10.0,3.0,2.0,0.0,10.0,2.0,2.0,Strongly agree,Somewhat agree,Neither agree nor disagree,Somewhat Positive,2021
615,1987,Female,Information Media and Telecommunications,Managers - Specialist Managers,Between 20 and 199,Yes,Couple with dependent children,Between 1 and 5 years,Metro,60%,20%,100% - I spent all of my time remote working,Strongly agree,Somewhat agree,Somewhat agree,Somewhat agree,Somewhat agree,20%,I would prefer not to work remotely,Somewhat likely,Somewhat likely,Somewhat likely,I’m 40% more productive when working remotely,1.0,9.0,3.0,3.0,0.0,9.0,3.0,4.0,Strongly agree,Strongly agree,Somewhat agree,Somewhat Positive,2021
616,1992,Female,Wholesale Trade,Clerical and administrative workers - Office Managers and Program Administrators,Between 1 and 4,No,Couple with no dependent children,Between 6 and 12 months,Metro,20%,20%,20%,Somewhat disagree,Somewhat disagree,Somewhat agree,Somewhat agree,Somewhat disagree,20%,20%,Somewhat unlikely,Somewhat unlikely,Somewhat unlikely,I’m 10% less productive when working remotely,2.0,8.0,2.0,4.0,0.0,8.0,2.0,6.0,Somewhat agree,Somewhat disagree,Somewhat agree,Neither positive nor negative,2021
617,1993,Female,Education and Training,Professionals - Education Professionals,Between 5 and 19,No,Single person,Between 1 and 5 years,Regional,Rarely or never,I would not have preferred to work remotely,Rarely or never,Somewhat agree,Somewhat agree,Strongly disagree,Neither agree nor disagree,Somewhat agree,I would not have preferred to work remotely,I would prefer not to work remotely,Very unlikely,Very unlikely,Very unlikely,My productivity is about same when I work remotely,3.0,6.0,3.0,4.0,3.0,8.0,3.0,2.0,Neither agree nor disagree,Neither agree nor disagree,Neither agree nor disagree,Neither positive nor negative,2021
618,1979,Male,"Professional, Scientific and Technical",Professionals - ICT Professionals,Between 20 and 199,No,Couple with dependent children,More than 5 years,Metro,80%,80%,80%,Somewhat agree,Somewhat agree,Strongly agree,Somewhat agree,Strongly agree,80%,60%,Neither unlikely or likely,Neither unlikely or likely,Somewhat unlikely,I’m 20% more productive when working remotely,3.5,8.0,2.0,2.5,0.0,10.0,4.0,2.0,Strongly agree,Somewhat agree,Somewhat agree,Strongly Positive,2021
619,1984,Female,"Professional, Scientific and Technical","Technicians and trades workers - Engineering, ICT and Science Technicians",More than 200,No,Single person,Between 6 and 12 months,Metro,10%,10%,Less than 10% of my time,Somewhat disagree,Somewhat agree,Somewhat agree,Somewhat agree,Neither agree nor disagree,Less than 10% of my time,I would prefer not to work remotely,Somewhat likely,Neither unlikely or likely,Somewhat likely,I’m 50% less productive when working remotely (or worse),1.0,8.0,5.0,2.0,0.5,8.0,1.5,4.0,Somewhat disagree,Neither agree nor disagree,Somewhat agree,Somewhat Positive,2021
620,1977,Female,Manufacturing,Clerical and administrative workers - Office Managers and Program Administrators,Between 5 and 19,Yes,Couple with dependent children,More than 5 years,Metro,50% - I spent about half of my time remote working,50% - About half of my time,50% - I spent about half of my time remote working,Neither agree nor disagree,Neither agree nor disagree,Neither agree nor disagree,Neither agree nor disagree,Neither agree nor disagree,50% - About half of my time,50% - About half of my time,Neither unlikely or likely,Neither unlikely or likely,Neither unlikely or likely,My productivity is about same when I work remotely,1.0,8.0,1.0,6.0,1.0,8.0,1.0,6.0,Neither agree nor disagree,Neither agree nor disagree,Neither agree nor disagree,Neither positive nor negative,2021
621,1984,Female,Health Care and Social Assistance,Managers - Specialist Managers,Between 5 and 19,Yes,Couple with dependent children,More than 5 years,Metro,Less than 10% of my time,50% - About half of my time,Less than 10% of my time,Strongly disagree,Strongly disagree,Strongly disagree,Somewhat disagree,Strongly agree,50% - About half of my time,50% - About half of my time,Very unlikely,Very unlikely,Somewhat unlikely,I’m 10% less productive when working remotely,1.0,8.0,4.0,4.0,1.0,8.0,4.0,4.0,Somewhat disagree,Somewhat agree,Somewhat agree,Somewhat Negative,2021
622,1986,Female,Financial and Insurance,Managers - Specialist Managers,More than 200,No,Other one family household,More than 5 years,Metro,100% - I spent all of my time remote working,100% - All of my time,100% - I spent all of my time remote working,Strongly agree,Strongly agree,Strongly agree,Strongly agree,Strongly agree,100% - All of my time,100% - All of my time,Very likely,Very unlikely,Neither unlikely or likely,My productivity is about same when I work remotely,1.0,8.0,3.0,3.0,0.0,8.0,4.0,3.0,Somewhat agree,Neither agree nor disagree,Strongly agree,Strongly Positive,2021
623,1957,Male,"Professional, Scientific and Technical","Professionals - Design, Engineering, Science and Transport Professionals",More than 200,No,Couple with no dependent children,More than 5 years,Metro,100% - I spent all of my time remote working,100% - All of my time,100% - I spent all of my time remote working,Somewhat agree,Somewhat agree,Neither agree nor disagree,Somewhat agree,Somewhat agree,100% - All of my time,50% - About half of my time,Neither unlikely or likely,Somewhat likely,Somewhat likely,I’m 50% more productive when working remotely (or more),2.0,8.0,2.0,4.0,0.0,8.0,4.0,4.0,Somewhat agree,Somewhat agree,Somewhat agree,Strongly Positive,2021
624,1960,Female,"Transport, Postal and Warehousing",Clerical and administrative workers - Other Clerical and Administrative Workers,Between 20 and 199,No,Couple with no dependent children,More than 5 years,Metro,40%,50% - About half of my time,30%,Neither agree nor disagree,Somewhat agree,Somewhat agree,Somewhat agree,Somewhat agree,50% - About half of my time,30%,Somewhat likely,Somewhat likely,Somewhat likely,I’m 30% more productive when working remotely,2.0,7.0,3.0,4.0,2.0,8.0,3.0,4.0,Somewhat agree,Neither agree nor disagree,Somewhat agree,Somewhat Positive,2021
625,1989,Male,"Transport, Postal and Warehousing",Managers - Specialist Managers,Between 20 and 199,Yes,Couple with no dependent children,Between 1 and 5 years,Metro,80%,50% - About half of my time,40%,Strongly agree,Strongly agree,Somewhat agree,Neither agree nor disagree,Somewhat agree,90%,90%,Very likely,Neither unlikely or likely,Somewhat likely,I’m 30% more productive when working remotely,1.0,9.0,2.0,4.0,1.0,9.0,2.0,5.0,Somewhat agree,Strongly agree,Neither agree nor disagree,Somewhat Positive,2021
626,1996,Male,Health Care and Social Assistance,Professionals - Health Professionals,Between 20 and 199,No,Couple with dependent children,Between 1 and 5 years,Metro,10%,60%,Rarely or never,Somewhat disagree,Somewhat disagree,Somewhat disagree,Strongly disagree,Somewhat disagree,I would not have preferred to work remotely,I would prefer not to work remotely,Very unlikely,Very unlikely,Somewhat unlikely,I’m 20% more productive when working remotely,2.0,6.0,6.0,4.0,2.0,5.0,5.0,6.0,Somewhat disagree,Somewhat disagree,Strongly agree,Somewhat Positive,2021
627,1978,Male,Financial and Insurance,"Professionals - Business, Human Resource and Marketing Professionals",More than 200,No,Couple with dependent children,More than 5 years,Metro,100% - I spent all of my time remote working,50% - About half of my time,70%,Neither agree nor disagree,Strongly agree,Strongly agree,Somewhat agree,Strongly agree,30%,100% - All of my time,Somewhat likely,Somewhat likely,Somewhat likely,I’m 40% more productive when working remotely,2.0,9.0,2.0,3.0,2.0,9.0,2.0,4.0,Strongly agree,Strongly agree,Somewhat agree,Strongly Positive,2021
628,1961,Male,"Transport, Postal and Warehousing","Managers - Chief Executives, General Managers and Legislators",Between 20 and 199,Yes,Couple with no dependent children,More than 5 years,Metro,50% - I spent about half of my time remote working,30%,30%,Neither agree nor disagree,Somewhat agree,Somewhat agree,Neither agree nor disagree,Somewhat disagree,30%,30%,Neither unlikely or likely,Neither unlikely or likely,Neither unlikely or likely,I’m 30% less productive when working remotely,1.0,8.0,1.0,8.0,1.0,8.0,1.0,8.0,Somewhat disagree,Somewhat disagree,Somewhat agree,Strongly Positive,2021
629,1961,Male,Financial and Insurance,"Managers - Chief Executives, General Managers and Legislators",Between 20 and 199,Yes,Couple with no dependent children,Between 1 and 5 years,Metro,100% - I spent all of my time remote working,50% - About half of my time,100% - I spent all of my time remote working,Strongly agree,Somewhat agree,Strongly agree,Strongly agree,Strongly agree,50% - About half of my time,20%,Very likely,Very likely,Very likely,I’m 10% more productive when working remotely,0.0,14.0,2.0,2.0,0.0,14.0,1.0,2.0,Strongly agree,Strongly agree,Neither agree nor disagree,Strongly Positive,2021
630,1992,Female,Education and Training,Professionals - Education Professionals,More than 200,No,Group household,Between 6 and 12 months,Metro,Rarely or never,Less than 10% of my time,Rarely or never,Strongly agree,Strongly agree,Somewhat agree,Somewhat agree,Somewhat disagree,Less than 10% of my time,Less than 10% of my time,Somewhat unlikely,Very likely,Somewhat unlikely,I’m 20% less productive when working remotely,1.0,7.0,1.0,8.0,0.5,7.0,1.0,8.5,Strongly disagree,Somewhat disagree,Strongly agree,Somewhat Positive,2021
631,1994,Male,Retail Trade,"Professionals - Business, Human Resource and Marketing Professionals",Between 20 and 199,Yes,Couple with dependent children,Between 1 and 5 years,Metro,20%,20%,20%,Neither agree nor disagree,Somewhat agree,Somewhat agree,Somewhat disagree,Somewhat disagree,30%,50% - About half of my time,Neither unlikely or likely,Somewhat likely,Neither unlikely or likely,I’m 20% more productive when working remotely,1.0,10.0,4.0,1.0,0.0,5.0,2.0,8.0,Somewhat agree,Strongly agree,Somewhat agree,Somewhat Positive,2021
632,1990,Male,"Electricity, Gas, Water and Waste","Professionals - Design, Engineering, Science and Transport Professionals",Between 20 and 199,Yes,Couple with dependent children,Between 6 and 12 months,Metro,40%,40%,30%,Somewhat agree,Neither agree nor disagree,Somewhat agree,Neither agree nor disagree,Somewhat agree,10%,10%,Very likely,Neither unlikely or likely,Somewhat unlikely,I’m 40% more productive when working remotely,3.0,8.0,3.0,2.0,2.0,9.0,1.0,4.0,Neither agree nor disagree,Somewhat disagree,Somewhat disagree,Strongly Positive,2021
633,2000,Male,Construction,Machinery operators and drivers - Mobile Plant Operators,Between 1 and 4,Yes,Couple with dependent children,Between 6 and 12 months,Regional,10%,20%,80%,Neither agree nor disagree,Somewhat disagree,Somewhat agree,Neither agree nor disagree,Somewhat agree,70%,90%,Somewhat unlikely,Neither unlikely or likely,Somewhat unlikely,I’m 30% more productive when working remotely,3.0,6.0,3.0,3.0,4.0,6.0,2.0,6.0,Neither agree nor disagree,Somewhat disagree,Neither agree nor disagree,Somewhat Positive,2021
634,1981,Female,Construction,Professionals - Education Professionals,More than 200,Yes,One parent family with dependent children,Between 1 and 5 years,Metro,30%,40%,50% - I spent about half of my time remote working,Somewhat agree,Somewhat agree,Somewhat agree,Strongly agree,Strongly agree,60%,70%,Very likely,Very likely,Somewhat likely,I’m 40% more productive when working remotely,6.0,3.0,3.0,4.0,7.0,3.0,3.0,3.0,Somewhat agree,Somewhat agree,Strongly agree,Somewhat Positive,2021
635,1971,Female,Construction,"Managers - Chief Executives, General Managers and Legislators",Between 5 and 19,Yes,Couple with no dependent children,Between 1 and 5 years,Metro,30%,30%,30%,Neither agree nor disagree,Neither agree nor disagree,Somewhat agree,Somewhat agree,Neither agree nor disagree,30%,50% - About half of my time,Somewhat likely,Somewhat likely,Neither unlikely or likely,I’m 30% more productive when working remotely,1.0,7.0,3.0,5.0,1.0,7.0,3.0,6.0,Neither agree nor disagree,Somewhat agree,Somewhat agree,Somewhat Positive,2021
636,1968,Male,Health Care and Social Assistance,"Managers - Chief Executives, General Managers and Legislators",Between 20 and 199,Yes,Couple with dependent children,More than 5 years,Metro,60%,50% - About half of my time,50% - I spent about half of my time remote working,Strongly agree,Strongly agree,Strongly agree,Strongly agree,Strongly agree,50% - About half of my time,50% - About half of my time,Very unlikely,Very unlikely,Very unlikely,My productivity is about same when I work remotely,1.0,8.0,2.0,5.0,1.0,8.0,3.0,4.0,Strongly agree,Strongly agree,Strongly agree,Strongly Positive,2021
637,1981,Male,Administrative and Support,Clerical and administrative workers - Office Managers and Program Administrators,Between 20 and 199,Yes,Couple with dependent children,More than 5 years,Metro,30%,30%,40%,Neither agree nor disagree,Strongly agree,Somewhat agree,Somewhat agree,Somewhat agree,40%,20%,Very likely,Somewhat likely,Somewhat likely,I’m 40% more productive when working remotely,3.0,7.0,2.0,4.0,4.0,5.0,3.0,5.0,Somewhat agree,Strongly agree,Strongly agree,Somewhat Positive,2021
638,2002,Male,Information Media and Telecommunications,Professionals - ICT Professionals,Between 20 and 199,No,Group household,Between 1 and 5 years,Metro,70%,30%,70%,Strongly agree,Strongly disagree,Somewhat disagree,Strongly agree,Somewhat disagree,30%,30%,Somewhat unlikely,Very likely,Very likely,I’m 50% less productive when working remotely (or worse),2.0,12.0,1.0,1.0,0.0,8.0,2.0,6.0,Strongly disagree,Strongly disagree,Strongly agree,Somewhat Negative,2021
639,1978,Male,Retail Trade,Professionals - Health Professionals,Between 20 and 199,No,Couple with no dependent children,Between 1 and 5 years,Metro,40%,50% - About half of my time,20%,Somewhat agree,Strongly agree,Somewhat agree,Strongly agree,Strongly agree,80%,50% - About half of my time,Very likely,Very likely,Very likely,I’m 50% more productive when working remotely (or more),2.0,8.0,3.0,4.0,0.0,8.0,3.0,4.0,Somewhat agree,Somewhat agree,Somewhat agree,Strongly Positive,2021
640,1985,Female,Retail Trade,Managers - Specialist Managers,More than 200,Yes,Couple with dependent children,Between 1 and 5 years,Metro,100% - I spent all of my time remote working,90%,100% - I spent all of my time remote working,Strongly agree,Strongly agree,Somewhat agree,Strongly agree,Somewhat agree,90%,80%,Somewhat unlikely,Somewhat likely,Somewhat likely,I’m 20% more productive when working remotely,1.0,8.0,3.0,4.0,0.0,9.0,3.0,4.0,Somewhat agree,Somewhat agree,Somewhat agree,Somewhat Positive,2021
641,1995,Female,Retail Trade,Community and personal service workers - Carers and Aides,Between 5 and 19,No,Couple with dependent children,Between 1 and 5 years,Metro,20%,20%,10%,Somewhat agree,Somewhat agree,Somewhat agree,Somewhat agree,Somewhat agree,20%,20%,Somewhat likely,Very likely,Somewhat likely,I’m 20% more productive when working remotely,1.0,9.0,1.0,6.0,1.0,9.0,3.0,1.0,Somewhat agree,Somewhat agree,Somewhat agree,Somewhat Negative,2021
642,1963,Female,Health Care and Social Assistance,"Professionals - Business, Human Resource and Marketing Professionals",More than 200,No,Single person,More than 5 years,Regional,Rarely or never,30%,Rarely or never,Strongly disagree,Strongly disagree,Strongly disagree,Strongly disagree,Somewhat agree,30%,40%,Very unlikely,Somewhat unlikely,Very unlikely,I’m 20% more productive when working remotely,1.0,9.0,3.0,5.0,0.0,9.0,3.0,5.0,Somewhat agree,Neither agree nor disagree,Somewhat agree,Somewhat Negative,2021
643,1978,Male,"Professional, Scientific and Technical",Managers - Specialist Managers,More than 200,Yes,Couple with dependent children,More than 5 years,Metro,90%,50% - About half of my time,90%,Neither agree nor disagree,Somewhat agree,Somewhat agree,Somewhat agree,Somewhat disagree,50% - About half of my time,50% - About half of my time,Somewhat unlikely,Neither unlikely or likely,Somewhat unlikely,My productivity is about same when I work remotely,2.0,8.0,3.0,3.0,0.0,8.0,4.0,4.0,Neither agree nor disagree,Neither agree nor disagree,Somewhat agree,Neither positive nor negative,2021
644,1994,Female,Administrative and Support,Managers - Specialist Managers,More than 200,Yes,Single person,Between 6 and 12 months,Metro,20%,20%,10%,Neither agree nor disagree,Neither agree nor disagree,Somewhat disagree,Somewhat disagree,Neither agree nor disagree,20%,Less than 10% of my time,Somewhat likely,Somewhat unlikely,Very unlikely,I’m 30% more productive when working remotely,5.0,5.0,5.0,2.0,5.0,5.0,5.0,2.0,Somewhat disagree,Somewhat agree,Neither agree nor disagree,Neither positive nor negative,2021
645,1960,Male,Financial and Insurance,Professionals - ICT Professionals,More than 200,No,Single person,More than 5 years,Metro,100% - I spent all of my time remote working,100% - All of my time,100% - I spent all of my time remote working,Somewhat agree,Somewhat agree,Neither agree nor disagree,Strongly agree,Strongly agree,100% - All of my time,100% - All of my time,Somewhat unlikely,Very likely,Neither unlikely or likely,I’m 30% more productive when working remotely,5.0,9.0,2.0,2.0,0.5,10.0,2.0,3.5,Strongly agree,Neither agree nor disagree,Strongly disagree,Strongly Negative,2021
646,1994,Male,Information Media and Telecommunications,"Professionals - Business, Human Resource and Marketing Professionals",Between 20 and 199,No,Single person,Between 1 and 5 years,Metro,60%,60%,50% - I spent about half of my time remote working,Neither agree nor disagree,Somewhat agree,Somewhat agree,Strongly agree,Somewhat disagree,60%,60%,Somewhat likely,Somewhat likely,Somewhat likely,I’m 30% more productive when working remotely,4.0,10.0,2.0,2.0,0.5,12.0,2.5,3.0,Somewhat agree,Strongly agree,Neither agree nor disagree,Strongly Positive,2021
647,1959,Male,Manufacturing,"Professionals - Business, Human Resource and Marketing Professionals",More than 200,Yes,Couple with no dependent children,More than 5 years,Metro,100% - I spent all of my time remote working,100% - All of my time,60%,Strongly agree,Strongly agree,Strongly agree,Strongly agree,Strongly agree,80%,60%,Somewhat unlikely,Neither unlikely or likely,Neither unlikely or likely,I’m 20% more productive when working remotely,1.0,9.0,1.0,5.0,0.5,9.0,1.5,5.0,Neither agree nor disagree,Somewhat disagree,Neither agree nor disagree,Somewhat Positive,2021
648,1995,Female,Financial and Insurance,"Professionals - Business, Human Resource and Marketing Professionals",More than 200,No,Multiple family household,Between 1 and 5 years,Metro,100% - I spent all of my time remote working,100% - All of my time,100% - I spent all of my time remote working,Strongly agree,Strongly agree,Strongly agree,Strongly agree,Somewhat agree,100% - All of my time,60%,Neither unlikely or likely,Somewhat unlikely,Somewhat unlikely,My productivity is about same when I work remotely,3.0,8.5,1.0,3.5,0.5,7.5,2.0,6.0,Strongly agree,Strongly agree,Somewhat agree,Strongly Positive,2021
649,1968,Male,Education and Training,Managers - Specialist Managers,More than 200,Yes,Single person,More than 5 years,Metro,50% - I spent about half of my time remote working,50% - About half of my time,50% - I spent about half of my time remote working,Somewhat disagree,Somewhat disagree,Somewhat disagree,Somewhat disagree,Strongly agree,50% - About half of my time,50% - About half of my time,Very unlikely,Very unlikely,Very unlikely,I’m 40% more productive when working remotely,2.0,5.0,6.0,5.0,6.0,6.0,3.0,4.0,Neither agree nor disagree,Somewhat disagree,Neither agree nor disagree,Neither positive nor negative,2021
650,1980,Female,Education and Training,Professionals - Education Professionals,I am a sole trader/owner-operator,Yes,Couple with dependent children,Between 1 and 5 years,Metro,60%,50% - About half of my time,60%,Strongly agree,Somewhat agree,Somewhat agree,Somewhat agree,Strongly agree,50% - About half of my time,50% - About half of my time,Somewhat likely,Very likely,Very likely,I’m 10% more productive when working remotely,1.0,9.0,2.0,2.0,1.0,9.0,2.0,2.0,Somewhat agree,Somewhat agree,Somewhat agree,Strongly Positive,2021
651,1985,Male,Other Services,Clerical and administrative workers - General Clerical Workers,Between 20 and 199,No,Couple with no dependent children,More than 5 years,Metro,50% - I spent about half of my time remote working,90%,70%,Somewhat agree,Somewhat agree,Somewhat agree,Somewhat disagree,Somewhat disagree,90%,90%,Neither unlikely or likely,Neither unlikely or likely,Somewhat likely,I’m 30% more productive when working remotely,1.0,7.0,2.0,7.0,0.0,7.0,3.0,7.0,Somewhat agree,Somewhat agree,Somewhat agree,Somewhat Positive,2021
652,1985,Male,Financial and Insurance,"Professionals - Business, Human Resource and Marketing Professionals",Between 20 and 199,No,Couple with no dependent children,More than 5 years,Metro,100% - I spent all of my time remote working,50% - About half of my time,90%,Strongly agree,Strongly agree,Strongly agree,Strongly agree,Somewhat agree,50% - About half of my time,50% - About half of my time,Very unlikely,Neither unlikely or likely,Very likely,I’m 30% less productive when working remotely,0.5,9.0,3.0,3.5,0.0,10.0,3.0,3.0,Neither agree nor disagree,Somewhat agree,Neither agree nor disagree,Strongly Positive,2021
653,1976,Male,Health Care and Social Assistance,"Professionals - Legal, Social and Welfare Professionals",More than 200,Yes,Couple with dependent children,More than 5 years,Metro,60%,50% - About half of my time,40%,Somewhat agree,Somewhat agree,Neither agree nor disagree,Somewhat disagree,Neither agree nor disagree,60%,50% - About half of my time,Somewhat unlikely,Somewhat unlikely,Somewhat likely,I’m 30% more productive when working remotely,1.0,10.0,3.0,3.0,2.0,10.0,3.0,3.0,Somewhat disagree,Neither agree nor disagree,Somewhat agree,Somewhat Positive,2021
654,1963,Female,Information Media and Telecommunications,Managers - Specialist Managers,More than 200,Yes,Couple with dependent children,More than 5 years,Metro,80%,100% - All of my time,80%,Somewhat agree,Somewhat agree,Somewhat agree,Somewhat agree,Somewhat agree,100% - All of my time,80%,Neither unlikely or likely,Somewhat likely,Somewhat likely,I’m 50% more productive when working remotely (or more),2.0,9.0,2.0,3.0,0.0,12.0,2.0,2.0,Somewhat disagree,Somewhat disagree,Somewhat disagree,Somewhat Positive,2021
655,1957,Female,"Professional, Scientific and Technical",Clerical and administrative workers - Personal Assistants and Secretaries,Between 1 and 4,No,Couple with dependent children,More than 5 years,Regional,20%,50% - About half of my time,80%,Somewhat agree,Strongly agree,Strongly agree,Strongly agree,Strongly agree,100% - All of my time,80%,Very likely,Very likely,Somewhat likely,I’m 40% more productive when working remotely,0.0,8.0,2.0,6.0,0.0,8.0,2.0,6.0,Strongly agree,Strongly agree,Neither agree nor disagree,Somewhat Positive,2021
656,1958,Male,Information Media and Telecommunications,Managers - Specialist Managers,More than 200,Yes,Couple with no dependent children,More than 5 years,Metro,100% - I spent all of my time remote working,100% - All of my time,90%,Neither agree nor disagree,Somewhat agree,Strongly agree,Strongly agree,Strongly agree,100% - All of my time,100% - All of my time,Neither unlikely or likely,Neither unlikely or likely,Neither unlikely or likely,I’m 30% more productive when working remotely,4.0,8.0,3.0,2.0,0.5,9.0,4.0,3.5,Strongly agree,Strongly agree,Somewhat disagree,Strongly Positive,2021
657,1970,Female,Education and Training,Clerical and administrative workers - Other Clerical and Administrative Workers,Between 20 and 199,No,One parent family with dependent children,Between 1 and 5 years,Regional,100% - I spent all of my time remote working,100% - All of my time,Rarely or never,Strongly agree,Strongly agree,Strongly disagree,Strongly disagree,Strongly agree,100% - All of my time,100% - All of my time,Very unlikely,Very unlikely,Very unlikely,I’m 50% more productive when working remotely (or more),1.0,7.5,3.0,4.5,0.5,8.5,3.0,4.0,Strongly agree,Somewhat disagree,Neither agree nor disagree,Strongly Negative,2021
658,1972,Male,"Professional, Scientific and Technical",Professionals - ICT Professionals,Between 1 and 4,No,Couple with dependent children,More than 5 years,Metro,Less than 10% of my time,Less than 10% of my time,Less than 10% of my time,Neither agree nor disagree,Strongly agree,Neither agree nor disagree,Strongly agree,Strongly agree,Less than 10% of my time,Less than 10% of my time,Neither unlikely or likely,Neither unlikely or likely,Neither unlikely or likely,My productivity is about same when I work remotely,1.0,7.0,1.0,7.0,0.5,7.5,1.0,7.0,Neither agree nor disagree,Somewhat disagree,Somewhat agree,Strongly Positive,2021
659,1978,Male,"Transport, Postal and Warehousing","Professionals - Business, Human Resource and Marketing Professionals",More than 200,Yes,Couple with no dependent children,More than 5 years,Metro,Less than 10% of my time,Less than 10% of my time,Less than 10% of my time,Neither agree nor disagree,Somewhat agree,Somewhat disagree,Somewhat agree,Somewhat agree,Less than 10% of my time,Less than 10% of my time,Somewhat unlikely,Neither unlikely or likely,Neither unlikely or likely,I’m 20% more productive when working remotely,2.0,7.0,3.0,4.0,1.0,6.0,5.0,4.0,Somewhat agree,Somewhat disagree,Somewhat agree,Strongly Positive,2021
660,1975,Male,Health Care and Social Assistance,Clerical and administrative workers - Other Clerical and Administrative Workers,Between 5 and 19,No,Couple with dependent children,More than 5 years,Metro,Less than 10% of my time,Less than 10% of my time,Less than 10% of my time,Neither agree nor disagree,Somewhat agree,Neither agree nor disagree,Strongly disagree,Somewhat disagree,20%,30%,Somewhat likely,Somewhat unlikely,Somewhat unlikely,I’m 30% more productive when working remotely,1.0,8.0,2.0,6.0,2.0,7.0,6.0,1.0,Somewhat agree,Somewhat disagree,Somewhat disagree,Neither positive nor negative,2021
661,1957,Male,"Professional, Scientific and Technical","Professionals - Design, Engineering, Science and Transport Professionals",Between 5 and 19,No,Couple with no dependent children,More than 5 years,Metro,100% - I spent all of my time remote working,100% - All of my time,100% - I spent all of my time remote working,Neither agree nor disagree,Somewhat agree,Neither agree nor disagree,Somewhat agree,Strongly agree,100% - All of my time,100% - All of my time,Somewhat unlikely,Neither unlikely or likely,Neither unlikely or likely,I’m 30% more productive when working remotely,0.0,10.0,1.5,5.5,0.0,10.0,1.5,5.5,Neither agree nor disagree,Somewhat agree,Somewhat disagree,Neither positive nor negative,2021
662,1973,Male,"Transport, Postal and Warehousing",Technicians and trades workers - Automotive and Engineering Trades Workers,More than 200,Yes,Couple with dependent children,More than 5 years,Metro,50% - I spent about half of my time remote working,40%,40%,Somewhat agree,Strongly agree,Somewhat agree,Strongly agree,Somewhat agree,40%,30%,Somewhat likely,Very likely,Very likely,I’m 40% more productive when working remotely,5.0,6.0,2.0,2.0,6.0,7.0,1.0,2.0,Strongly agree,Somewhat agree,Strongly agree,Somewhat Positive,2021
663,1968,Female,Financial and Insurance,Clerical and administrative workers - General Clerical Workers,More than 200,No,Couple with no dependent children,More than 5 years,Regional,Less than 10% of my time,Less than 10% of my time,Rarely or never,Somewhat agree,Strongly agree,Somewhat agree,Strongly agree,Somewhat disagree,I would not have preferred to work remotely,20%,Somewhat unlikely,Somewhat unlikely,Very likely,My productivity is about same when I work remotely,2.0,8.0,1.0,7.0,0.5,8.0,2.0,7.5,Neither agree nor disagree,Somewhat disagree,Neither agree nor disagree,Strongly Positive,2021
664,1961,Female,Other Services,"Professionals - Business, Human Resource and Marketing Professionals",Between 5 and 19,No,Other one family household,Between 1 and 5 years,Metro,100% - I spent all of my time remote working,100% - All of my time,100% - I spent all of my time remote working,Strongly agree,Strongly agree,Strongly agree,Strongly agree,Strongly agree,100% - All of my time,100% - All of my time,Neither unlikely or likely,Neither unlikely or likely,Neither unlikely or likely,I’m 20% more productive when working remotely,3.0,8.0,2.0,4.0,0.0,8.0,3.0,6.0,Strongly agree,Somewhat agree,Neither agree nor disagree,Strongly Positive,2021
665,1961,Male,Wholesale Trade,Managers - Specialist Managers,Between 20 and 199,No,Couple with no dependent children,More than 5 years,Metro,Rarely or never,I would not have preferred to work remotely,Rarely or never,Somewhat agree,Somewhat agree,Somewhat agree,Somewhat agree,Somewhat agree,I would not have preferred to work remotely,I would prefer not to work remotely,Very unlikely,Very unlikely,Very unlikely,My productivity is about same when I work remotely,1.0,9.0,0.0,6.0,0.0,10.0,0.0,6.0,Somewhat disagree,Somewhat disagree,Strongly agree,Somewhat Positive,2021
666,1958,Male,Other Services,Professionals - Health Professionals,More than 200,No,Couple with no dependent children,More than 5 years,Metro,50% - I spent about half of my time remote working,50% - About half of my time,30%,Strongly agree,Neither agree nor disagree,Strongly agree,Somewhat agree,Somewhat agree,20%,I would prefer not to work remotely,Neither unlikely or likely,Somewhat likely,Very likely,My productivity is about same when I work remotely,1.0,10.0,1.0,4.0,0.0,10.0,2.0,4.0,Somewhat agree,Strongly agree,Somewhat agree,Strongly Positive,2021
667,2000,Female,Health Care and Social Assistance,Clerical and administrative workers - Other Clerical and Administrative Workers,Between 1 and 4,Yes,One parent family with dependent children,Between 1 and 5 years,Regional,70%,70%,70%,Somewhat agree,Somewhat agree,Somewhat agree,Somewhat agree,Somewhat agree,70%,50% - About half of my time,Somewhat likely,Somewhat likely,Somewhat likely,I’m 40% more productive when working remotely,2.0,8.0,5.0,2.0,0.5,8.0,4.5,4.0,Somewhat agree,Somewhat agree,Somewhat agree,Somewhat Positive,2021
668,1992,Male,"Professional, Scientific and Technical","Technicians and trades workers - Engineering, ICT and Science Technicians",More than 200,No,Couple with no dependent children,Between 1 and 5 years,Metro,100% - I spent all of my time remote working,100% - All of my time,100% - I spent all of my time remote working,Somewhat agree,Somewhat agree,Somewhat agree,Neither agree nor disagree,Somewhat agree,100% - All of my time,100% - All of my time,Neither unlikely or likely,Neither unlikely or likely,Somewhat likely,I’m 30% more productive when working remotely,3.0,8.0,2.0,4.0,1.0,10.0,3.0,2.0,Strongly agree,Strongly agree,Somewhat agree,Somewhat Positive,2021
669,1990,Male,Financial and Insurance,"Professionals - Business, Human Resource and Marketing Professionals",More than 200,No,Other one family household,More than 5 years,Metro,100% - I spent all of my time remote working,50% - About half of my time,90%,Strongly agree,Strongly agree,Strongly agree,Strongly agree,Strongly agree,50% - About half of my time,20%,Somewhat likely,Very likely,Somewhat likely,I’m 20% more productive when working remotely,3.5,9.5,1.5,2.5,0.5,9.5,1.5,6.0,Somewhat agree,Strongly agree,Strongly agree,Strongly Positive,2021
670,1974,Male,"Agriculture, Forestry and Fishing",Managers - Farmers and Farm Managers,More than 200,Yes,One parent family with dependent children,Between 6 and 12 months,Metro,20%,60%,70%,Neither agree nor disagree,Neither agree nor disagree,Somewhat agree,Neither agree nor disagree,Neither agree nor disagree,20%,10%,Somewhat likely,Somewhat likely,Neither unlikely or likely,I’m 30% less productive when working remotely,3.0,8.0,3.0,2.0,3.0,6.0,3.0,2.0,Somewhat disagree,Somewhat disagree,Somewhat agree,Neither positive nor negative,2021
671,1968,Male,Financial and Insurance,Managers - Specialist Managers,More than 200,Yes,Couple with no dependent children,More than 5 years,Metro,90%,20%,90%,Strongly agree,Somewhat agree,Strongly agree,Strongly agree,Somewhat agree,20%,20%,Neither unlikely or likely,Neither unlikely or likely,Somewhat likely,I’m 10% more productive when working remotely,2.5,10.5,,3.0,0.5,11.0,0.5,4.0,Neither agree nor disagree,Somewhat disagree,Somewhat agree,Somewhat Positive,2021
672,1983,Female,"Professional, Scientific and Technical","Professionals - Legal, Social and Welfare Professionals",Between 20 and 199,No,Single person,Between 1 and 5 years,Metro,50% - I spent about half of my time remote working,60%,20%,Strongly agree,Somewhat agree,Somewhat agree,Somewhat agree,Somewhat agree,50% - About half of my time,50% - About half of my time,Somewhat unlikely,Somewhat unlikely,Somewhat unlikely,I’m 50% more productive when working remotely (or more),2.0,9.0,3.0,3.0,0.0,10.0,3.0,3.0,Somewhat agree,Strongly agree,Somewhat agree,Somewhat Positive,2021
673,1984,Male,Other Services,"Managers - Hospitality, Retail and Service Managers",Between 20 and 199,Yes,Single person,Between 1 and 5 years,Metro,Less than 10% of my time,100% - All of my time,30%,Strongly disagree,Somewhat agree,Somewhat disagree,Somewhat disagree,Neither agree nor disagree,100% - All of my time,100% - All of my time,Very unlikely,Very unlikely,Very unlikely,I’m 20% more productive when working remotely,1.0,8.0,3.0,6.0,0.5,9.0,2.5,6.0,Somewhat agree,Neither agree nor disagree,Somewhat disagree,Somewhat Negative,2021
674,1961,Male,"Electricity, Gas, Water and Waste","Professionals - Design, Engineering, Science and Transport Professionals",More than 200,No,Couple with dependent children,Between 1 and 5 years,Metro,90%,90%,90%,Somewhat agree,Somewhat agree,Somewhat agree,Somewhat agree,Neither agree nor disagree,90%,90%,Neither unlikely or likely,Neither unlikely or likely,Somewhat likely,My productivity is about same when I work remotely,2.0,8.0,2.0,4.0,0.0,9.0,2.0,5.0,Somewhat agree,Neither agree nor disagree,Somewhat disagree,Strongly Positive,2021
675,1958,Male,Education and Training,Professionals - Education Professionals,More than 200,No,Couple with no dependent children,Between 1 and 5 years,Metro,100% - I spent all of my time remote working,90%,100% - I spent all of my time remote working,Somewhat agree,Neither agree nor disagree,Somewhat agree,Neither agree nor disagree,Strongly agree,80%,90%,Somewhat likely,Neither unlikely or likely,Somewhat likely,I’m 30% more productive when working remotely,2.0,8.0,8.0,1.0,0.0,10.0,8.0,1.0,Strongly agree,Strongly agree,Neither agree nor disagree,Somewhat Positive,2021
676,1971,Male,"Professional, Scientific and Technical","Managers - Chief Executives, General Managers and Legislators",Between 20 and 199,Yes,Couple with no dependent children,More than 5 years,Metro,10%,10%,10%,Neither agree nor disagree,Strongly agree,Somewhat agree,Strongly agree,Strongly disagree,10%,10%,Somewhat unlikely,Somewhat unlikely,Neither unlikely or likely,I’m 50% less productive when working remotely (or worse),1.0,8.0,0.0,7.0,0.0,4.0,4.0,8.0,Strongly disagree,Strongly disagree,Strongly agree,Strongly Positive,2021
677,1969,Male,Other Services,Professionals - Arts and Media Professionals,Between 1 and 4,Yes,Couple with no dependent children,Between 1 and 5 years,Metro,90%,80%,90%,Somewhat agree,Strongly agree,Somewhat agree,Strongly agree,Somewhat agree,80%,80%,Somewhat unlikely,Very unlikely,Somewhat unlikely,I’m 40% more productive when working remotely,4.0,4.0,3.0,5.0,1.0,7.0,2.0,6.0,Neither agree nor disagree,Neither agree nor disagree,Neither agree nor disagree,Strongly Positive,2021
678,1986,Male,Wholesale Trade,Sales workers - Sales Representatives and Agents,Between 20 and 199,No,Single person,Between 1 and 5 years,Metro,Rarely or never,10%,Less than 10% of my time,Somewhat agree,Somewhat agree,Strongly agree,Somewhat agree,Somewhat agree,Less than 10% of my time,Less than 10% of my time,Neither unlikely or likely,Neither unlikely or likely,Neither unlikely or likely,My productivity is about same when I work remotely,1.0,8.0,2.0,5.0,0.0,10.0,2.0,4.0,Neither agree nor disagree,Neither agree nor disagree,Somewhat agree,Strongly Positive,2021
679,1986,Female,Arts and Recreation,"Managers - Chief Executives, General Managers and Legislators",Between 5 and 19,Yes,Couple with dependent children,Between 1 and 5 years,Metro,70%,50% - About half of my time,60%,Strongly agree,Strongly agree,Somewhat agree,Strongly agree,Somewhat agree,50% - About half of my time,40%,Somewhat likely,Somewhat likely,Somewhat likely,My productivity is about same when I work remotely,2.0,8.0,1.0,3.0,0.0,8.0,2.0,4.0,Neither agree nor disagree,Neither agree nor disagree,Somewhat agree,Strongly Positive,2021
680,1964,Female,Health Care and Social Assistance,Community and personal service workers - Health and Welfare Support Workers,More than 200,No,Multiple family household,Between 1 and 5 years,Regional,Rarely or never,10%,Rarely or never,Strongly agree,Strongly agree,Strongly agree,Strongly agree,Somewhat agree,10%,Less than 10% of my time,Somewhat unlikely,Somewhat unlikely,Somewhat unlikely,My productivity is about same when I work remotely,,8.0,,8.0,,8.0,,8.0,Neither agree nor disagree,Neither agree nor disagree,Neither agree nor disagree,Neither positive nor negative,2021
681,1979,Female,Financial and Insurance,Managers - Specialist Managers,More than 200,Yes,One parent family with dependent children,Between 1 and 5 years,Metro,30%,Less than 10% of my time,30%,Somewhat agree,Somewhat disagree,Somewhat agree,Neither agree nor disagree,Somewhat disagree,20%,Less than 10% of my time,Somewhat likely,Neither unlikely or likely,Neither unlikely or likely,I’m 20% less productive when working remotely,6.0,8.0,2.0,2.0,6.0,9.0,1.0,2.0,Somewhat disagree,Somewhat disagree,Strongly agree,Somewhat Positive,2021
682,1992,Female,Financial and Insurance,Managers - Specialist Managers,More than 200,No,Couple with no dependent children,Between 1 and 5 years,Metro,90%,50% - About half of my time,90%,Strongly agree,Somewhat agree,Somewhat agree,Somewhat agree,Somewhat disagree,50% - About half of my time,50% - About half of my time,Somewhat unlikely,Somewhat unlikely,Neither unlikely or likely,I’m 20% less productive when working remotely,3.0,8.0,2.0,3.0,0.5,9.0,2.0,4.5,Somewhat disagree,Somewhat disagree,Somewhat agree,Somewhat Positive,2021
683,1990,Male,"Professional, Scientific and Technical","Professionals - Design, Engineering, Science and Transport Professionals",More than 200,No,Couple with no dependent children,More than 5 years,Metro,100% - I spent all of my time remote working,100% - All of my time,60%,Somewhat agree,Somewhat agree,Strongly agree,Strongly agree,Somewhat agree,60%,40%,Neither unlikely or likely,Neither unlikely or likely,Neither unlikely or likely,My productivity is about same when I work remotely,2.0,8.0,0.0,6.0,0.5,8.0,0.0,7.0,Somewhat agree,Somewhat disagree,Neither agree nor disagree,Somewhat Positive,2021
684,1989,Female,Arts and Recreation,Professionals - Arts and Media Professionals,More than 200,No,Couple with no dependent children,More than 5 years,Metro,80%,90%,40%,Strongly agree,Somewhat agree,Somewhat agree,Somewhat agree,Somewhat agree,50% - About half of my time,40%,Somewhat unlikely,Somewhat likely,Neither unlikely or likely,I’m 20% more productive when working remotely,2.0,8.0,2.0,5.0,0.5,8.0,2.5,6.0,Somewhat agree,Somewhat agree,Somewhat agree,Somewhat Negative,2021
685,1963,Female,Financial and Insurance,Sales workers - Sales Support Workers,More than 200,No,Single person,More than 5 years,Metro,30%,40%,40%,Somewhat agree,Somewhat agree,Somewhat agree,Somewhat agree,Somewhat agree,40%,60%,Somewhat likely,Somewhat likely,Somewhat likely,My productivity is about same when I work remotely,3.0,8.0,3.0,3.0,0.0,8.0,4.0,4.0,Somewhat agree,Somewhat agree,Neither agree nor disagree,Somewhat Positive,2021
686,1986,Male,Education and Training,Managers - Specialist Managers,More than 200,Yes,Couple with no dependent children,Between 1 and 5 years,Regional,70%,100% - All of my time,70%,Neither agree nor disagree,Somewhat agree,Somewhat agree,Somewhat agree,Somewhat agree,100% - All of my time,100% - All of my time,Very unlikely,Neither unlikely or likely,Somewhat unlikely,My productivity is about same when I work remotely,4.0,8.0,2.0,2.0,0.0,8.0,2.0,6.0,Strongly agree,Strongly agree,Strongly disagree,Strongly Negative,2021
687,1961,Male,Other Services,Professionals - Education Professionals,I am a sole trader/owner-operator,Yes,Couple with no dependent children,Between 1 and 5 years,Regional,100% - I spent all of my time remote working,70%,100% - I spent all of my time remote working,Somewhat agree,Somewhat agree,Somewhat agree,Somewhat agree,Somewhat disagree,70%,70%,Somewhat likely,Neither unlikely or likely,Somewhat likely,I’m 20% more productive when working remotely,0.5,8.0,0.0,7.5,0.0,10.0,2.0,4.0,Neither agree nor disagree,Somewhat agree,Somewhat agree,Somewhat Positive,2021
688,1966,Male,Financial and Insurance,"Managers - Chief Executives, General Managers and Legislators",More than 200,Yes,Couple with no dependent children,More than 5 years,Metro,100% - I spent all of my time remote working,100% - All of my time,100% - I spent all of my time remote working,Strongly agree,Strongly agree,Strongly agree,Strongly agree,Strongly agree,70%,60%,Somewhat likely,Somewhat likely,Somewhat likely,I’m 50% more productive when working remotely (or more),3.0,7.0,3.0,3.0,0.0,9.0,4.0,4.0,Somewhat agree,Strongly agree,Neither agree nor disagree,Somewhat Positive,2021
689,1998,Male,Retail Trade,"Managers - Hospitality, Retail and Service Managers",More than 200,Yes,Couple with no dependent children,More than 5 years,Regional,Rarely or never,10%,Rarely or never,Strongly disagree,Strongly disagree,Strongly disagree,Somewhat disagree,Neither agree nor disagree,20%,I would prefer not to work remotely,Neither unlikely or likely,Neither unlikely or likely,Neither unlikely or likely,I’m 30% more productive when working remotely,1.0,8.0,1.0,6.0,2.0,8.0,6.0,2.0,Neither agree nor disagree,Strongly agree,Somewhat agree,Neither positive nor negative,2021
690,1966,Female,Health Care and Social Assistance,Managers - Specialist Managers,More than 200,Yes,Couple with no dependent children,Between 1 and 5 years,Metro,90%,100% - All of my time,80%,Strongly agree,Somewhat disagree,Strongly agree,Strongly agree,Strongly agree,100% - All of my time,100% - All of my time,Somewhat unlikely,Somewhat likely,Neither unlikely or likely,My productivity is about same when I work remotely,3.0,7.0,2.0,4.0,0.0,8.0,2.0,6.0,Strongly agree,Strongly agree,Somewhat agree,Neither positive nor negative,2021
691,1995,Female,Manufacturing,Managers - Specialist Managers,Between 20 and 199,Yes,One parent family with dependent children,Between 1 and 5 years,Metro,10%,10%,Less than 10% of my time,Somewhat agree,Neither agree nor disagree,Somewhat disagree,Neither agree nor disagree,Neither agree nor disagree,Less than 10% of my time,10%,Somewhat likely,Neither unlikely or likely,Neither unlikely or likely,I’m 20% more productive when working remotely,0.5,6.0,5.0,4.0,1.0,6.0,5.0,3.0,Neither agree nor disagree,Somewhat agree,Somewhat agree,Somewhat Positive,2021
692,1984,Male,Education and Training,Professionals - Education Professionals,More than 200,No,Couple with no dependent children,More than 5 years,Metro,50% - I spent about half of my time remote working,20%,30%,Somewhat agree,Neither agree nor disagree,Neither agree nor disagree,Neither agree nor disagree,Neither agree nor disagree,20%,20%,Neither unlikely or likely,Neither unlikely or likely,Neither unlikely or likely,My productivity is about same when I work remotely,0.5,7.0,3.0,6.5,0.5,7.0,3.0,6.5,Somewhat disagree,Somewhat disagree,Somewhat agree,Neither positive nor negative,2021
693,1970,Male,Financial and Insurance,Managers - Specialist Managers,More than 200,Yes,Couple with no dependent children,More than 5 years,Metro,90%,60%,90%,Strongly agree,Strongly agree,Strongly agree,Strongly agree,Neither agree nor disagree,60%,60%,Somewhat unlikely,Neither unlikely or likely,Neither unlikely or likely,I’m 40% more productive when working remotely,4.0,12.0,1.0,1.0,0.5,16.0,0.5,1.0,Neither agree nor disagree,Strongly disagree,Strongly agree,Somewhat Positive,2021
694,1958,Male,"Professional, Scientific and Technical","Managers - Chief Executives, General Managers and Legislators",Between 5 and 19,No,Couple with no dependent children,More than 5 years,Metro,100% - I spent all of my time remote working,80%,100% - I spent all of my time remote working,Strongly agree,Strongly agree,Strongly agree,Strongly agree,Somewhat agree,80%,80%,Somewhat likely,Somewhat likely,Somewhat likely,I’m 20% more productive when working remotely,1.0,9.0,3.0,3.0,0.0,9.0,3.5,3.5,Strongly agree,Strongly agree,Somewhat agree,Strongly Positive,2021
695,1961,Male,Information Media and Telecommunications,"Professionals - Business, Human Resource and Marketing Professionals",Between 1 and 4,No,Couple with no dependent children,More than 5 years,Metro,100% - I spent all of my time remote working,100% - All of my time,100% - I spent all of my time remote working,Somewhat agree,Neither agree nor disagree,Neither agree nor disagree,Neither agree nor disagree,Neither agree nor disagree,50% - About half of my time,20%,Somewhat unlikely,Somewhat unlikely,Neither unlikely or likely,I’m 30% more productive when working remotely,2.0,7.0,1.0,2.0,0.0,9.0,1.0,4.0,Neither agree nor disagree,Neither agree nor disagree,Neither agree nor disagree,Neither positive nor negative,2021
696,1988,Male,Mining,"Professionals - Design, Engineering, Science and Transport Professionals",Between 20 and 199,No,Couple with no dependent children,Between 1 and 5 years,Metro,10%,20%,10%,Somewhat disagree,Somewhat agree,Somewhat disagree,Neither agree nor disagree,Somewhat agree,20%,40%,Somewhat unlikely,Somewhat unlikely,Somewhat unlikely,My productivity is about same when I work remotely,2.0,9.0,2.0,3.0,0.5,9.0,3.0,3.5,Somewhat agree,Neither agree nor disagree,Neither agree nor disagree,Somewhat Negative,2021
697,1957,Male,Other Services,Professionals - ICT Professionals,Between 5 and 19,Yes,Single person,More than 5 years,Metro,20%,20%,20%,Strongly agree,Strongly agree,Somewhat agree,Strongly agree,Neither agree nor disagree,20%,20%,Somewhat likely,Very likely,Very likely,I’m 20% less productive when working remotely,1.0,10.0,2.0,4.0,1.0,10.0,4.0,2.0,Somewhat disagree,Somewhat disagree,Strongly agree,Strongly Positive,2021
698,1999,Male,"Professional, Scientific and Technical","Managers - Chief Executives, General Managers and Legislators",More than 200,No,Couple with no dependent children,Between 6 and 12 months,Metro,30%,10%,30%,Somewhat disagree,Neither agree nor disagree,Neither agree nor disagree,Somewhat agree,Somewhat disagree,30%,Less than 10% of my time,Somewhat unlikely,Somewhat unlikely,Neither unlikely or likely,I’m 30% less productive when working remotely,4.0,,2.0,4.0,6.0,5.0,8.0,3.0,Neither agree nor disagree,Neither agree nor disagree,Somewhat disagree,Somewhat Positive,2021
699,1997,Female,"Professional, Scientific and Technical",Professionals - Education Professionals,More than 200,No,Couple with no dependent children,Between 1 and 5 years,Metro,20%,20%,20%,Strongly agree,Somewhat agree,Strongly agree,Strongly agree,Somewhat agree,20%,20%,Very unlikely,Very likely,Neither unlikely or likely,I’m 10% less productive when working remotely,1.5,8.0,2.5,4.0,0.5,8.5,2.5,4.5,Somewhat disagree,Somewhat disagree,Strongly agree,Somewhat Positive,2021
700,2000,Female,Administrative and Support,Clerical and administrative workers - Other Clerical and Administrative Workers,More than 200,No,Couple with dependent children,Between 1 and 5 years,Metro,Rarely or never,100% - All of my time,Rarely or never,Strongly agree,Neither agree nor disagree,Strongly agree,Strongly agree,Strongly agree,100% - All of my time,50% - About half of my time,Neither unlikely or likely,Somewhat likely,Somewhat likely,I’m 30% less productive when working remotely,3.0,8.5,1.0,4.0,0.5,7.5,2.0,6.0,Somewhat agree,Neither agree nor disagree,Neither agree nor disagree,Somewhat Positive,2021
701,1964,Female,Health Care and Social Assistance,Community and personal service workers - Health and Welfare Support Workers,Between 20 and 199,No,Other one family household,More than 5 years,Regional,70%,100% - All of my time,70%,Strongly agree,Somewhat agree,Somewhat agree,Strongly agree,Somewhat disagree,100% - All of my time,100% - All of my time,Very unlikely,Very unlikely,Very unlikely,My productivity is about same when I work remotely,1.5,10.0,2.0,3.0,0.5,10.0,2.0,3.0,Somewhat agree,Neither agree nor disagree,Somewhat agree,Somewhat Positive,2021
702,1962,Male,Information Media and Telecommunications,Professionals - Arts and Media Professionals,I am a sole trader/owner-operator,No,Couple with dependent children,More than 5 years,Metro,80%,80%,80%,Strongly agree,Strongly agree,Strongly agree,Strongly agree,Strongly agree,80%,80%,Neither unlikely or likely,Neither unlikely or likely,Neither unlikely or likely,My productivity is about same when I work remotely,2.0,4.0,2.0,9.0,1.0,4.0,4.0,8.0,Neither agree nor disagree,Somewhat agree,Neither agree nor disagree,Neither positive nor negative,2021
703,1977,Male,Education and Training,Managers - Specialist Managers,More than 200,Yes,Couple with dependent children,Between 1 and 5 years,Metro,Rarely or never,I would not have preferred to work remotely,Rarely or never,Strongly disagree,Somewhat disagree,Strongly disagree,Strongly disagree,Strongly disagree,I would not have preferred to work remotely,I would prefer not to work remotely,Very unlikely,Very unlikely,Very unlikely,I’m 30% more productive when working remotely,1.0,8.0,3.0,3.0,0.5,8.0,3.0,3.0,Neither agree nor disagree,Neither agree nor disagree,Strongly agree,Somewhat Positive,2021
704,1971,Female,Health Care and Social Assistance,Professionals - ICT Professionals,Between 20 and 199,No,One parent family with dependent children,More than 5 years,Metro,20%,20%,20%,Somewhat agree,Somewhat agree,Somewhat agree,Somewhat agree,Somewhat agree,20%,20%,Neither unlikely or likely,Somewhat likely,Somewhat likely,My productivity is about same when I work remotely,1.0,8.0,7.0,2.0,0.0,8.0,6.0,4.0,Neither agree nor disagree,Somewhat disagree,Neither agree nor disagree,Neither positive nor negative,2021
705,1987,Male,"Rental, Hiring and Real Estate",Sales workers - Sales Representatives and Agents,Between 1 and 4,No,Couple with dependent children,More than 5 years,Metro,90%,90%,50% - I spent about half of my time remote working,Strongly agree,Neither agree nor disagree,Strongly agree,Neither agree nor disagree,Strongly agree,50% - About half of my time,50% - About half of my time,Somewhat likely,Somewhat likely,Somewhat likely,I’m 50% more productive when working remotely (or more),2.0,8.0,4.0,4.0,2.0,7.0,2.0,5.0,Somewhat agree,Somewhat agree,Neither agree nor disagree,Strongly Positive,2021
706,1979,Female,Education and Training,"Professionals - Legal, Social and Welfare Professionals",More than 200,Yes,Single person,More than 5 years,Metro,Rarely or never,I would not have preferred to work remotely,Rarely or never,Neither agree nor disagree,Neither agree nor disagree,Somewhat agree,Neither agree nor disagree,Somewhat disagree,I would not have preferred to work remotely,I would prefer not to work remotely,Somewhat unlikely,Somewhat unlikely,Very unlikely,I’m 50% less productive when working remotely (or worse),2.5,7.0,2.0,5.0,1.0,6.0,2.0,6.0,Strongly disagree,Strongly disagree,Somewhat agree,Strongly Positive,2021
707,1978,Female,Financial and Insurance,"Professionals - Business, Human Resource and Marketing Professionals",More than 200,No,Single person,Between 6 and 12 months,Metro,100% - I spent all of my time remote working,100% - All of my time,90%,Strongly agree,Strongly agree,Strongly agree,Strongly agree,Strongly agree,90%,80%,Very unlikely,Somewhat likely,Very unlikely,I’m 20% less productive when working remotely,3.0,8.0,2.0,3.0,1.0,8.0,2.0,5.0,Somewhat agree,Somewhat disagree,Neither agree nor disagree,Somewhat Positive,2021
708,1987,Female,Arts and Recreation,Clerical and administrative workers - Other Clerical and Administrative Workers,Between 5 and 19,No,Other one family household,More than 5 years,Metro,50% - I spent about half of my time remote working,100% - All of my time,20%,Neither agree nor disagree,Neither agree nor disagree,Somewhat agree,Somewhat agree,Neither agree nor disagree,100% - All of my time,100% - All of my time,Very unlikely,Very unlikely,Very unlikely,I’m 30% more productive when working remotely,4.0,8.0,2.0,4.0,0.0,8.0,4.0,4.0,Neither agree nor disagree,Somewhat agree,Somewhat agree,Somewhat Positive,2021
709,1959,Male,Education and Training,Professionals - Education Professionals,More than 200,No,Couple with dependent children,More than 5 years,Metro,100% - I spent all of my time remote working,100% - All of my time,40%,Somewhat agree,Somewhat agree,Somewhat agree,Somewhat agree,Strongly agree,60%,50% - About half of my time,Neither unlikely or likely,Neither unlikely or likely,Neither unlikely or likely,I’m 20% more productive when working remotely,1.5,7.0,1.5,6.0,0.5,7.0,1.5,8.0,Neither agree nor disagree,Neither agree nor disagree,Neither agree nor disagree,Somewhat Positive,2021
710,1969,Male,Financial and Insurance,Managers - Specialist Managers,More than 200,Yes,Multiple family household,More than 5 years,Metro,100% - I spent all of my time remote working,50% - About half of my time,100% - I spent all of my time remote working,Neither agree nor disagree,Strongly disagree,Somewhat agree,Neither agree nor disagree,Neither agree nor disagree,50% - About half of my time,50% - About half of my time,Neither unlikely or likely,Neither unlikely or likely,Neither unlikely or likely,I’m 40% less productive when working remotely,4.0,8.0,0.0,4.0,0.5,10.0,2.0,3.5,Neither agree nor disagree,Neither agree nor disagree,Neither agree nor disagree,Somewhat Negative,2021
711,1979,Female,Health Care and Social Assistance,Professionals - Health Professionals,Between 20 and 199,Yes,Couple with dependent children,More than 5 years,Metro,50% - I spent about half of my time remote working,20%,20%,Somewhat agree,Somewhat agree,Neither agree nor disagree,Somewhat agree,Somewhat agree,20%,50% - About half of my time,Neither unlikely or likely,Somewhat likely,Neither unlikely or likely,I’m 50% more productive when working remotely (or more),1.0,6.0,5.0,4.0,1.0,6.0,5.0,6.0,Neither agree nor disagree,Neither agree nor disagree,Neither agree nor disagree,Strongly Positive,2021
712,1957,Male,Financial and Insurance,Managers - Specialist Managers,More than 200,Yes,Couple with no dependent children,More than 5 years,Metro,50% - I spent about half of my time remote working,80%,90%,Strongly agree,Strongly agree,Somewhat agree,Strongly agree,Strongly agree,90%,90%,Very likely,Neither unlikely or likely,Somewhat likely,I’m 40% more productive when working remotely,2.0,12.0,1.0,1.0,0.0,12.0,1.0,3.0,Somewhat agree,Neither agree nor disagree,Neither agree nor disagree,Strongly Positive,2021
713,1964,Male,Public Administration and Safety,"Professionals - Design, Engineering, Science and Transport Professionals",More than 200,No,Couple with dependent children,Between 1 and 5 years,Metro,100% - I spent all of my time remote working,100% - All of my time,90%,Somewhat agree,Somewhat agree,Somewhat agree,Somewhat agree,Somewhat agree,90%,90%,Somewhat likely,Somewhat likely,Somewhat likely,I’m 20% more productive when working remotely,1.0,6.0,7.0,3.0,0.0,7.0,6.0,4.0,Somewhat agree,Somewhat agree,Neither agree nor disagree,Strongly Positive,2021
714,1959,Male,"Transport, Postal and Warehousing",Clerical and administrative workers - General Clerical Workers,Between 20 and 199,No,Single person,More than 5 years,Metro,90%,90%,80%,Strongly agree,Somewhat agree,Strongly agree,Strongly agree,Somewhat agree,90%,50% - About half of my time,Somewhat likely,Somewhat likely,Somewhat likely,I’m 20% more productive when working remotely,2.0,9.0,2.0,4.0,,9.0,2.0,6.0,Somewhat agree,Strongly agree,Neither agree nor disagree,Somewhat Positive,2021
715,1958,Male,Other Services,Technicians and trades workers - Automotive and Engineering Trades Workers,Between 20 and 199,No,Couple with no dependent children,Between 1 and 5 years,Metro,100% - I spent all of my time remote working,100% - All of my time,100% - I spent all of my time remote working,Strongly agree,Strongly agree,Somewhat agree,Strongly agree,Strongly agree,100% - All of my time,100% - All of my time,Neither unlikely or likely,Neither unlikely or likely,Neither unlikely or likely,My productivity is about same when I work remotely,3.0,8.0,3.0,3.0,0.5,8.0,3.0,5.5,Strongly agree,Strongly agree,Neither agree nor disagree,Strongly Positive,2021
716,1962,Female,Education and Training,Professionals - Education Professionals,Between 20 and 199,No,Single person,More than 5 years,Metro,60%,30%,80%,Strongly agree,Somewhat agree,Neither agree nor disagree,Strongly agree,Somewhat disagree,30%,20%,Somewhat unlikely,Neither unlikely or likely,Very likely,I’m 10% less productive when working remotely,5.0,8.0,1.0,4.0,1.0,10.0,1.0,6.0,Strongly disagree,Neither agree nor disagree,Strongly agree,Strongly Positive,2021
717,1976,Female,Retail Trade,"Managers - Chief Executives, General Managers and Legislators",Between 20 and 199,Yes,Single person,More than 5 years,Metro,30%,70%,30%,Strongly disagree,Somewhat agree,Strongly disagree,Strongly agree,Somewhat disagree,70%,70%,Somewhat likely,Somewhat likely,Somewhat likely,I’m 20% more productive when working remotely,3.0,10.0,1.0,3.0,1.0,10.0,1.0,4.0,Somewhat agree,Somewhat agree,Somewhat agree,Neither positive nor negative,2021
718,1966,Male,"Transport, Postal and Warehousing","Professionals - Business, Human Resource and Marketing Professionals",More than 200,No,Couple with no dependent children,Between 1 and 5 years,Metro,60%,60%,70%,Somewhat agree,Somewhat agree,Somewhat agree,Somewhat agree,Somewhat agree,60%,60%,Somewhat likely,Somewhat likely,Somewhat likely,I’m 10% more productive when working remotely,2.0,8.0,1.0,5.0,0.25,8.75,1.0,6.0,Neither agree nor disagree,Somewhat agree,Somewhat agree,Strongly Positive,2021
719,1983,Male,Other Services,"Professionals - Legal, Social and Welfare Professionals",More than 200,No,Couple with dependent children,More than 5 years,Regional,90%,100% - All of my time,90%,Neither agree nor disagree,Strongly disagree,Strongly disagree,Strongly disagree,Strongly agree,100% - All of my time,100% - All of my time,Somewhat unlikely,Somewhat unlikely,Somewhat unlikely,I’m 50% more productive when working remotely (or more),1.0,7.5,3.0,5.0,0.0,8.0,2.0,6.0,Strongly agree,Somewhat agree,Somewhat agree,Neither positive nor negative,2021
720,1965,Male,Public Administration and Safety,Professionals - ICT Professionals,Between 20 and 199,Yes,Couple with no dependent children,Between 1 and 5 years,Metro,90%,70%,70%,Somewhat agree,Strongly disagree,Somewhat agree,Somewhat agree,Neither agree nor disagree,100% - All of my time,90%,Somewhat unlikely,Somewhat likely,Somewhat unlikely,I’m 20% more productive when working remotely,3.0,9.0,2.0,4.0,0.0,10.0,2.0,4.0,Somewhat agree,Somewhat agree,Somewhat agree,Somewhat Positive,2021
721,1997,Male,Other Services,"Professionals - Design, Engineering, Science and Transport Professionals",Between 20 and 199,No,Single person,Between 6 and 12 months,Metro,80%,80%,80%,Strongly agree,Strongly agree,Strongly agree,Strongly agree,Strongly agree,60%,70%,Somewhat unlikely,Somewhat likely,Somewhat likely,My productivity is about same when I work remotely,4.5,7.5,1.0,4.0,1.5,7.5,1.0,6.0,Neither agree nor disagree,Neither agree nor disagree,Strongly agree,Somewhat Positive,2021
722,1963,Male,"Transport, Postal and Warehousing","Professionals - Design, Engineering, Science and Transport Professionals",More than 200,Yes,Couple with no dependent children,More than 5 years,Metro,10%,50% - About half of my time,10%,Strongly disagree,Strongly disagree,Strongly disagree,Strongly disagree,Strongly agree,70%,70%,Very unlikely,Somewhat unlikely,Very unlikely,I’m 50% more productive when working remotely (or more),4.0,8.0,3.0,1.0,0.5,10.0,3.0,2.5,Somewhat agree,Somewhat agree,Somewhat disagree,Somewhat Negative,2021
723,1966,Male,Education and Training,Professionals - Education Professionals,Between 20 and 199,Yes,Single person,More than 5 years,Metro,Rarely or never,I would not have preferred to work remotely,Rarely or never,Strongly disagree,Strongly disagree,Strongly disagree,Strongly disagree,Neither agree nor disagree,I would not have preferred to work remotely,I would prefer not to work remotely,Very unlikely,Very unlikely,Very unlikely,I’m 30% more productive when working remotely,3.0,10.0,2.0,2.0,3.0,10.0,2.0,2.0,Somewhat disagree,Somewhat disagree,Strongly agree,Strongly Positive,2021
724,1961,Male,Arts and Recreation,Professionals - Arts and Media Professionals,I am a sole trader/owner-operator,No,Single person,More than 5 years,Metro,Less than 10% of my time,I would not have preferred to work remotely,Rarely or never,Neither agree nor disagree,Neither agree nor disagree,Neither agree nor disagree,Neither agree nor disagree,Somewhat disagree,Less than 10% of my time,I would prefer not to work remotely,Neither unlikely or likely,Neither unlikely or likely,Neither unlikely or likely,My productivity is about same when I work remotely,1.0,9.0,3.0,3.0,0.0,10.0,3.0,3.0,Neither agree nor disagree,Neither agree nor disagree,Somewhat agree,Neither positive nor negative,2021
725,1986,Female,"Professional, Scientific and Technical","Professionals - Business, Human Resource and Marketing Professionals",Between 5 and 19,No,Couple with dependent children,More than 5 years,Metro,50% - I spent about half of my time remote working,50% - About half of my time,50% - I spent about half of my time remote working,Neither agree nor disagree,Neither agree nor disagree,Strongly disagree,Somewhat agree,Neither agree nor disagree,50% - About half of my time,50% - About half of my time,Very unlikely,Neither unlikely or likely,Somewhat unlikely,My productivity is about same when I work remotely,0.5,8.0,4.0,3.5,0.5,8.0,4.0,3.5,Neither agree nor disagree,Neither agree nor disagree,Neither agree nor disagree,Somewhat Positive,2021
726,1957,Female,Health Care and Social Assistance,"Managers - Chief Executives, General Managers and Legislators",Between 20 and 199,Yes,Couple with no dependent children,Between 1 and 5 years,Regional,80%,60%,60%,Strongly agree,Somewhat agree,Somewhat agree,Somewhat agree,Somewhat agree,50% - About half of my time,50% - About half of my time,Somewhat likely,Somewhat likely,Neither unlikely or likely,My productivity is about same when I work remotely,0.5,8.5,3.0,4.0,0.4,9.0,3.0,3.6,Neither agree nor disagree,Neither agree nor disagree,Somewhat agree,Somewhat Positive,2021
727,1969,Male,Public Administration and Safety,Community and personal service workers - Protective Service Workers,More than 200,No,Couple with no dependent children,More than 5 years,Metro,Less than 10% of my time,50% - About half of my time,Rarely or never,Neither agree nor disagree,Somewhat agree,Somewhat disagree,Somewhat agree,Neither agree nor disagree,20%,30%,Neither unlikely or likely,Neither unlikely or likely,Neither unlikely or likely,I’m 20% more productive when working remotely,1.0,8.0,3.0,4.0,1.0,8.0,4.0,4.0,Somewhat agree,Neither agree nor disagree,Strongly agree,Neither positive nor negative,2021
728,1970,Female,Information Media and Telecommunications,Clerical and administrative workers - Other Clerical and Administrative Workers,Between 20 and 199,No,Other one family household,Between 1 and 5 years,Metro,Less than 10% of my time,100% - All of my time,Rarely or never,Somewhat agree,Somewhat agree,Somewhat disagree,Somewhat disagree,Somewhat agree,100% - All of my time,100% - All of my time,Somewhat likely,Somewhat likely,Very likely,I’m 50% more productive when working remotely (or more),4.0,8.0,3.0,3.0,1.0,10.0,3.0,4.0,Somewhat agree,Somewhat agree,Strongly agree,Neither positive nor negative,2021
729,1974,Female,Financial and Insurance,Clerical and administrative workers - General Clerical Workers,More than 200,No,Single person,More than 5 years,Metro,10%,100% - All of my time,10%,Somewhat disagree,Strongly disagree,Neither agree nor disagree,Somewhat disagree,Somewhat disagree,100% - All of my time,100% - All of my time,Very unlikely,Very unlikely,Very unlikely,I’m 20% more productive when working remotely,1.5,8.0,1.0,6.5,0.5,8.0,1.0,7.5,Strongly agree,Somewhat agree,Strongly disagree,Strongly Negative,2021
730,1958,Female,Education and Training,Professionals - Education Professionals,Between 5 and 19,No,Couple with no dependent children,Between 1 and 5 years,Metro,50% - I spent about half of my time remote working,Less than 10% of my time,Rarely or never,Strongly agree,Somewhat agree,Strongly agree,Somewhat agree,Somewhat agree,50% - About half of my time,50% - About half of my time,Somewhat unlikely,Neither unlikely or likely,Somewhat unlikely,My productivity is about same when I work remotely,2.0,1.5,2.5,10.0,0.0,3.0,2.5,10.0,Somewhat agree,Neither agree nor disagree,Neither agree nor disagree,Neither positive nor negative,2021
731,1965,Male,Financial and Insurance,"Managers - Chief Executives, General Managers and Legislators",More than 200,Yes,Couple with no dependent children,Between 1 and 5 years,Metro,20%,20%,20%,Strongly agree,Somewhat agree,Strongly agree,Strongly agree,Somewhat agree,20%,20%,Neither unlikely or likely,Neither unlikely or likely,Neither unlikely or likely,I’m 10% more productive when working remotely,0.5,10.0,2.0,3.5,0.0,11.0,3.0,2.0,Somewhat agree,Somewhat agree,Somewhat agree,Strongly Positive,2021
732,1977,Male,Information Media and Telecommunications,"Managers - Hospitality, Retail and Service Managers",More than 200,Yes,Couple with no dependent children,More than 5 years,Metro,100% - I spent all of my time remote working,100% - All of my time,100% - I spent all of my time remote working,Strongly agree,Strongly agree,Strongly agree,Strongly agree,Strongly agree,100% - All of my time,Less than 10% of my time,Very likely,Very likely,Very likely,I’m 20% more productive when working remotely,1.0,7.5,2.0,5.0,0.5,7.5,2.0,5.0,Neither agree nor disagree,Neither agree nor disagree,Neither agree nor disagree,Strongly Positive,2021
733,1962,Female,Health Care and Social Assistance,Professionals - Health Professionals,More than 200,Yes,Other one family household,More than 5 years,Metro,100% - I spent all of my time remote working,20%,20%,Somewhat disagree,Somewhat agree,Somewhat agree,Somewhat agree,Somewhat agree,20%,20%,Somewhat unlikely,Somewhat unlikely,Neither unlikely or likely,I’m 10% more productive when working remotely,0.5,8.0,4.0,3.5,0.5,8.0,4.0,3.5,Somewhat agree,Somewhat agree,Somewhat agree,Neither positive nor negative,2021
734,1976,Male,Information Media and Telecommunications,"Professionals - Design, Engineering, Science and Transport Professionals",More than 200,No,Couple with no dependent children,More than 5 years,Metro,90%,100% - All of my time,60%,Strongly agree,Strongly agree,Strongly agree,Strongly agree,Somewhat agree,90%,90%,Neither unlikely or likely,Somewhat likely,Neither unlikely or likely,I’m 20% more productive when working remotely,2.0,9.0,3.0,2.0,0.0,10.0,2.0,4.0,Neither agree nor disagree,Neither agree nor disagree,Neither agree nor disagree,Somewhat Positive,2021
735,1983,Female,Other Services,"Professionals - Business, Human Resource and Marketing Professionals",More than 200,No,Couple with dependent children,More than 5 years,Metro,100% - I spent all of my time remote working,100% - All of my time,100% - I spent all of my time remote working,Strongly agree,Strongly agree,Neither agree nor disagree,Strongly agree,Somewhat agree,100% - All of my time,80%,Very likely,Very likely,Very likely,I’m 30% more productive when working remotely,3.0,8.0,2.0,3.0,0.0,10.0,3.0,2.0,Somewhat agree,Neither agree nor disagree,Somewhat agree,Strongly Positive,2021
736,2000,Female,Education and Training,Professionals - Arts and Media Professionals,Between 20 and 199,No,Multiple family household,Between 1 and 5 years,Metro,30%,I would not have preferred to work remotely,Less than 10% of my time,Strongly agree,Strongly disagree,Strongly disagree,Strongly agree,Strongly disagree,I would not have preferred to work remotely,I would prefer not to work remotely,Very unlikely,Very unlikely,Very unlikely,My productivity is about same when I work remotely,1.0,6.0,2.0,5.0,2.0,6.0,2.0,5.0,Neither agree nor disagree,Neither agree nor disagree,Neither agree nor disagree,Strongly Positive,2021
737,1995,Male,Mining,Clerical and administrative workers - Personal Assistants and Secretaries,Between 5 and 19,Yes,Other one family household,Between 1 and 5 years,Metro,40%,40%,60%,Neither agree nor disagree,Neither agree nor disagree,Somewhat disagree,Somewhat agree,Neither agree nor disagree,50% - About half of my time,Less than 10% of my time,Neither unlikely or likely,Neither unlikely or likely,Neither unlikely or likely,I’m 20% more productive when working remotely,2.0,7.0,2.0,5.0,2.0,6.0,3.0,4.0,Somewhat disagree,Somewhat agree,Neither agree nor disagree,Somewhat Negative,2021
738,1972,Female,Financial and Insurance,"Professionals - Business, Human Resource and Marketing Professionals",More than 200,No,Multiple family household,More than 5 years,Metro,80%,20%,100% - I spent all of my time remote working,Somewhat agree,Strongly agree,Somewhat disagree,Strongly agree,Somewhat agree,10%,10%,Very likely,Very likely,Very likely,My productivity is about same when I work remotely,2.0,10.0,2.0,3.0,1.0,10.0,4.0,2.0,Somewhat disagree,Neither agree nor disagree,Somewhat disagree,Somewhat Positive,2021
739,1968,Female,Education and Training,Managers - Specialist Managers,More than 200,Yes,Couple with dependent children,More than 5 years,Metro,90%,50% - About half of my time,70%,Strongly agree,Strongly agree,Strongly agree,Strongly agree,Somewhat agree,70%,40%,Very unlikely,Neither unlikely or likely,Neither unlikely or likely,I’m 30% more productive when working remotely,1.0,8.0,3.0,5.0,,10.0,4.0,3.0,Neither agree nor disagree,Strongly disagree,Somewhat agree,Strongly Positive,2021
740,1976,Male,Information Media and Telecommunications,Professionals - ICT Professionals,Between 20 and 199,Yes,Single person,Between 1 and 5 years,Metro,40%,50% - About half of my time,20%,Somewhat disagree,Somewhat agree,Somewhat agree,Neither agree nor disagree,Strongly agree,50% - About half of my time,50% - About half of my time,Very unlikely,Somewhat unlikely,Neither unlikely or likely,I’m 10% more productive when working remotely,1.5,8.0,1.5,6.0,0.5,8.0,1.0,7.5,Somewhat agree,Strongly agree,Neither agree nor disagree,Somewhat Negative,2021
741,1998,Female,Arts and Recreation,Labourers - Food Preparation Assistants,More than 200,Yes,Single person,Between 1 and 5 years,Regional,60%,60%,20%,Somewhat agree,Strongly agree,Neither agree nor disagree,Neither agree nor disagree,Strongly agree,50% - About half of my time,20%,Somewhat unlikely,Somewhat unlikely,Very likely,My productivity is about same when I work remotely,1.5,8.0,2.0,4.0,0.5,11.0,2.5,3.0,Somewhat agree,Somewhat agree,Strongly agree,Somewhat Positive,2021
742,1979,Female,Health Care and Social Assistance,Professionals - Health Professionals,More than 200,No,Couple with dependent children,Between 6 and 12 months,Metro,Less than 10% of my time,I would not have preferred to work remotely,Rarely or never,Neither agree nor disagree,Somewhat agree,Somewhat disagree,Neither agree nor disagree,Somewhat agree,I would not have preferred to work remotely,I would prefer not to work remotely,Neither unlikely or likely,Neither unlikely or likely,Neither unlikely or likely,I’m 20% less productive when working remotely,2.0,8.0,5.0,2.0,1.0,8.0,6.0,2.0,Neither agree nor disagree,Somewhat disagree,Somewhat agree,Neither positive nor negative,2021
743,1980,Male,Health Care and Social Assistance,Professionals - Health Professionals,Between 5 and 19,Yes,Couple with dependent children,Between 1 and 5 years,Metro,Less than 10% of my time,100% - All of my time,Less than 10% of my time,Somewhat disagree,Somewhat disagree,Strongly disagree,Somewhat disagree,Somewhat agree,100% - All of my time,100% - All of my time,Somewhat unlikely,Somewhat unlikely,Somewhat unlikely,My productivity is about same when I work remotely,3.0,6.0,2.0,4.0,1.0,5.0,2.0,7.0,Strongly agree,Strongly agree,Somewhat disagree,Neither positive nor negative,2021
744,1989,Male,Financial and Insurance,"Professionals - Business, Human Resource and Marketing Professionals",More than 200,No,Single person,More than 5 years,Metro,80%,70%,70%,Neither agree nor disagree,Neither agree nor disagree,Neither agree nor disagree,Neither agree nor disagree,Neither agree nor disagree,50% - About half of my time,50% - About half of my time,Neither unlikely or likely,Neither unlikely or likely,Neither unlikely or likely,I’m 10% less productive when working remotely,0.5,7.5,3.0,6.0,0.0,7.5,7.0,2.0,Somewhat agree,Somewhat agree,Somewhat agree,Neither positive nor negative,2021
745,1966,Male,Wholesale Trade,"Managers - Chief Executives, General Managers and Legislators",More than 200,Yes,Couple with dependent children,More than 5 years,Metro,50% - I spent about half of my time remote working,80%,30%,Somewhat disagree,Somewhat disagree,Strongly disagree,Somewhat disagree,Neither agree nor disagree,80%,80%,Somewhat unlikely,Somewhat unlikely,Somewhat unlikely,I’m 40% more productive when working remotely,1.0,8.0,2.0,5.0,0.0,9.0,2.0,5.0,Somewhat agree,Somewhat agree,Somewhat disagree,Strongly Negative,2021
746,1958,Female,Education and Training,Managers - Specialist Managers,Between 20 and 199,Yes,Couple with no dependent children,More than 5 years,Metro,Rarely or never,I would not have preferred to work remotely,Rarely or never,Strongly disagree,Somewhat agree,Somewhat agree,Neither agree nor disagree,Somewhat agree,I would not have preferred to work remotely,I would prefer not to work remotely,Very likely,Very likely,Somewhat likely,My productivity is about same when I work remotely,1.0,10.0,2.0,3.0,0.0,10.0,2.0,4.0,Somewhat agree,Neither agree nor disagree,Strongly agree,Strongly Positive,2021
747,1967,Female,Wholesale Trade,Managers - Specialist Managers,Between 20 and 199,No,Couple with no dependent children,More than 5 years,Metro,20%,20%,40%,Strongly agree,Strongly agree,Somewhat agree,Somewhat agree,Somewhat agree,20%,90%,Somewhat likely,Very likely,Somewhat likely,My productivity is about same when I work remotely,1.5,8.0,2.5,2.0,0.0,8.0,3.0,3.0,Neither agree nor disagree,Neither agree nor disagree,Somewhat agree,Strongly Positive,2021
748,1989,Female,"Professional, Scientific and Technical","Professionals - Business, Human Resource and Marketing Professionals",More than 200,No,Group household,More than 5 years,Metro,100% - I spent all of my time remote working,100% - All of my time,90%,Somewhat agree,Somewhat agree,Somewhat agree,Strongly agree,Strongly agree,100% - All of my time,90%,Somewhat likely,Somewhat likely,Somewhat likely,I’m 20% more productive when working remotely,3.0,8.0,1.0,3.0,0.0,8.0,2.0,6.0,Somewhat agree,Strongly agree,Neither agree nor disagree,Somewhat Positive,2021
749,1962,Male,"Transport, Postal and Warehousing","Managers - Chief Executives, General Managers and Legislators",More than 200,Yes,Couple with no dependent children,Between 1 and 5 years,Metro,50% - I spent about half of my time remote working,50% - About half of my time,40%,Somewhat agree,Somewhat agree,Somewhat agree,Somewhat agree,Neither agree nor disagree,60%,40%,Somewhat unlikely,Neither unlikely or likely,Neither unlikely or likely,I’m 10% less productive when working remotely,2.5,9.0,1.0,4.5,0.0,8.5,2.0,6.5,Somewhat agree,Somewhat agree,Neither agree nor disagree,Somewhat Positive,2021
750,1963,Female,Construction,Clerical and administrative workers - General Clerical Workers,Between 1 and 4,No,Couple with dependent children,Between 1 and 5 years,Metro,30%,30%,20%,Strongly agree,Strongly agree,Strongly agree,Strongly agree,Strongly agree,20%,30%,Very likely,Very likely,Very likely,My productivity is about same when I work remotely,0.0,8.0,4.0,4.0,0.0,8.0,4.0,4.0,Neither agree nor disagree,Somewhat agree,Somewhat disagree,Strongly Positive,2021
751,1963,Male,Manufacturing,"Managers - Chief Executives, General Managers and Legislators",More than 200,Yes,Couple with no dependent children,More than 5 years,Metro,10%,10%,20%,Neither agree nor disagree,Somewhat agree,Strongly agree,Somewhat agree,Somewhat disagree,20%,20%,Somewhat unlikely,Somewhat likely,Somewhat likely,My productivity is about same when I work remotely,1.5,11.0,0.5,3.0,0.5,10.0,2.0,3.5,Somewhat disagree,Neither agree nor disagree,Strongly agree,Neither positive nor negative,2021
752,1957,Male,Wholesale Trade,Sales workers - Sales Representatives and Agents,Between 20 and 199,No,Couple with no dependent children,More than 5 years,Metro,100% - I spent all of my time remote working,100% - All of my time,100% - I spent all of my time remote working,Neither agree nor disagree,Strongly agree,Neither agree nor disagree,Neither agree nor disagree,Strongly agree,100% - All of my time,100% - All of my time,Very likely,Neither unlikely or likely,Neither unlikely or likely,I’m 50% more productive when working remotely (or more),1.5,5.0,3.5,6.0,1.0,10.0,2.0,4.0,Neither agree nor disagree,Strongly agree,Neither agree nor disagree,Strongly Positive,2021
753,1964,Male,Financial and Insurance,"Managers - Chief Executives, General Managers and Legislators",More than 200,Yes,Couple with no dependent children,More than 5 years,Metro,10%,40%,Less than 10% of my time,Somewhat disagree,Somewhat agree,Strongly agree,Somewhat agree,Strongly agree,40%,40%,Somewhat unlikely,Somewhat unlikely,Somewhat unlikely,I’m 10% more productive when working remotely,2.0,9.0,2.0,3.0,0.0,10.0,3.0,3.0,Strongly agree,Strongly agree,Somewhat agree,Somewhat Negative,2021
754,1962,Male,Public Administration and Safety,"Managers - Chief Executives, General Managers and Legislators",More than 200,Yes,Couple with no dependent children,More than 5 years,Metro,10%,10%,10%,Neither agree nor disagree,Somewhat agree,Somewhat disagree,Strongly agree,Somewhat disagree,10%,Less than 10% of my time,Somewhat unlikely,Somewhat unlikely,Somewhat unlikely,I’m 50% more productive when working remotely (or more),3.0,10.0,3.0,2.0,1.0,12.0,3.0,2.0,Somewhat disagree,Somewhat agree,Strongly agree,Strongly Positive,2021
755,2000,Female,Administrative and Support,"Professionals - Business, Human Resource and Marketing Professionals",More than 200,No,Other one family household,Between 1 and 5 years,Metro,50% - I spent about half of my time remote working,50% - About half of my time,50% - I spent about half of my time remote working,Neither agree nor disagree,Neither agree nor disagree,Somewhat agree,Neither agree nor disagree,Neither agree nor disagree,50% - About half of my time,50% - About half of my time,Neither unlikely or likely,Neither unlikely or likely,Neither unlikely or likely,My productivity is about same when I work remotely,2.0,7.0,0.0,6.0,1.0,7.0,0.0,7.0,Somewhat agree,Neither agree nor disagree,Somewhat disagree,Somewhat Positive,2021
756,1979,Female,Retail Trade,Managers - Specialist Managers,More than 200,Yes,Single person,Between 1 and 5 years,Metro,100% - I spent all of my time remote working,100% - All of my time,90%,Strongly agree,Strongly agree,Strongly disagree,Strongly agree,Strongly agree,100% - All of my time,100% - All of my time,Very likely,Very likely,Very likely,I’m 50% more productive when working remotely (or more),3.0,11.0,0.0,2.0,0.5,12.0,0.0,4.5,Strongly agree,Strongly agree,Neither agree nor disagree,Strongly Positive,2021
757,1971,Male,"Professional, Scientific and Technical","Professionals - Design, Engineering, Science and Transport Professionals",Between 5 and 19,Yes,Couple with no dependent children,More than 5 years,Regional,100% - I spent all of my time remote working,50% - About half of my time,50% - I spent about half of my time remote working,Strongly agree,Strongly agree,Strongly agree,Strongly agree,Somewhat agree,50% - About half of my time,50% - About half of my time,Very likely,Neither unlikely or likely,Very likely,My productivity is about same when I work remotely,0.5,8.0,1.5,2.0,0.0,8.5,1.5,2.0,Strongly agree,Strongly agree,Strongly disagree,Strongly Positive,2021
758,1970,Female,Arts and Recreation,Managers - Specialist Managers,More than 200,Yes,Other one family household,Between 1 and 5 years,Metro,90%,100% - All of my time,70%,Somewhat agree,Somewhat agree,Somewhat agree,Somewhat agree,Somewhat agree,80%,60%,Somewhat unlikely,Somewhat unlikely,Somewhat unlikely,I’m 50% more productive when working remotely (or more),1.0,8.0,2.0,5.0,0.0,9.0,2.0,5.0,Somewhat agree,Somewhat disagree,Somewhat agree,Strongly Positive,2021
759,1994,Male,Public Administration and Safety,Clerical and administrative workers - General Clerical Workers,Between 5 and 19,No,Single person,Between 1 and 5 years,Metro,50% - I spent about half of my time remote working,60%,Less than 10% of my time,Somewhat disagree,Somewhat disagree,Strongly agree,Neither agree nor disagree,Strongly disagree,I would not have preferred to work remotely,50% - About half of my time,Somewhat unlikely,Neither unlikely or likely,Somewhat likely,I’m 50% more productive when working remotely (or more),2.0,12.0,3.0,4.0,2.0,12.0,2.0,4.0,Somewhat agree,Strongly agree,Somewhat disagree,Somewhat Positive,2021
760,2002,Female,Accommodation and Food,Clerical and administrative workers - General Clerical Workers,Between 20 and 199,No,Couple with dependent children,Between 1 and 5 years,Metro,Less than 10% of my time,50% - About half of my time,Rarely or never,Strongly agree,Neither agree nor disagree,Somewhat agree,Neither agree nor disagree,Somewhat agree,20%,10%,Very unlikely,Neither unlikely or likely,Somewhat unlikely,I’m 10% less productive when working remotely,3.0,6.0,3.0,3.0,1.0,7.0,3.0,4.0,Neither agree nor disagree,Somewhat agree,Neither agree nor disagree,Somewhat Positive,2021
761,1959,Male,Mining,Labourers - Factory Process Workers,Between 1 and 4,Yes,Couple with dependent children,More than 5 years,Metro,90%,90%,90%,Strongly agree,Somewhat agree,Strongly agree,Somewhat agree,Strongly agree,90%,90%,Very likely,Very likely,Somewhat likely,I’m 50% more productive when working remotely (or more),1.0,10.0,1.0,10.0,1.0,1.0,1.0,20.0,Strongly agree,Strongly agree,Somewhat agree,Strongly Positive,2021
762,1969,Male,Accommodation and Food,"Managers - Hospitality, Retail and Service Managers",More than 200,Yes,Single person,More than 5 years,Metro,70%,30%,40%,Strongly agree,Strongly agree,Strongly agree,Strongly agree,Somewhat agree,70%,20%,Somewhat unlikely,Neither unlikely or likely,Neither unlikely or likely,I’m 10% less productive when working remotely,1.0,8.0,1.0,7.0,0.5,7.5,1.0,8.0,Somewhat disagree,Somewhat disagree,Strongly agree,Somewhat Positive,2021
763,1997,Male,Financial and Insurance,"Professionals - Business, Human Resource and Marketing Professionals",More than 200,No,Single person,Between 1 and 5 years,Metro,80%,80%,80%,Somewhat agree,Somewhat agree,Somewhat disagree,Somewhat agree,Somewhat agree,80%,80%,Somewhat likely,Somewhat likely,Somewhat likely,My productivity is about same when I work remotely,0.0,8.0,4.0,4.0,,8.0,4.0,4.0,Somewhat agree,Somewhat agree,Somewhat agree,Somewhat Positive,2021
764,1980,Male,Construction,Managers - Specialist Managers,Between 20 and 199,No,Couple with no dependent children,Between 1 and 5 years,Metro,50% - I spent about half of my time remote working,50% - About half of my time,50% - I spent about half of my time remote working,Somewhat agree,Somewhat agree,Somewhat agree,Neither agree nor disagree,Neither agree nor disagree,50% - About half of my time,50% - About half of my time,Neither unlikely or likely,Somewhat likely,Neither unlikely or likely,I’m 30% more productive when working remotely,2.0,8.0,0.0,7.0,0.0,10.0,0.0,7.0,Strongly agree,Strongly agree,Strongly disagree,Somewhat Negative,2021
765,1994,Female,Other Services,Professionals - Education Professionals,More than 200,No,Single person,Between 1 and 5 years,Metro,10%,20%,20%,Somewhat disagree,Neither agree nor disagree,Neither agree nor disagree,Somewhat agree,Neither agree nor disagree,20%,20%,Neither unlikely or likely,Neither unlikely or likely,Neither unlikely or likely,My productivity is about same when I work remotely,2.0,8.0,3.0,3.0,2.0,8.0,3.0,3.0,Neither agree nor disagree,Somewhat disagree,Neither agree nor disagree,Somewhat Positive,2021
766,1971,Female,Health Care and Social Assistance,Clerical and administrative workers - Other Clerical and Administrative Workers,More than 200,No,Couple with dependent children,Between 6 and 12 months,Metro,90%,90%,80%,Strongly agree,Strongly agree,Somewhat agree,Strongly agree,Strongly agree,70%,60%,Neither unlikely or likely,Neither unlikely or likely,Neither unlikely or likely,I’m 30% more productive when working remotely,2.0,8.0,3.0,3.0,0.5,8.5,3.0,4.0,Neither agree nor disagree,Strongly disagree,Somewhat agree,Strongly Positive,2021
767,1962,Male,Construction,Managers - Specialist Managers,Between 5 and 19,Yes,Other one family household,Between 6 and 12 months,Metro,90%,60%,40%,Somewhat agree,Strongly agree,Somewhat agree,Strongly agree,Somewhat agree,40%,50% - About half of my time,Somewhat unlikely,Very likely,Somewhat unlikely,I’m 20% more productive when working remotely,2.0,9.0,4.0,1.0,0.5,10.0,3.0,2.0,Somewhat agree,Somewhat disagree,Neither agree nor disagree,Somewhat Negative,2021
768,1982,Female,Information Media and Telecommunications,"Managers - Chief Executives, General Managers and Legislators",More than 200,Yes,Couple with dependent children,More than 5 years,Metro,50% - I spent about half of my time remote working,50% - About half of my time,50% - I spent about half of my time remote working,Strongly agree,Somewhat agree,Strongly agree,Somewhat agree,Strongly agree,50% - About half of my time,20%,Somewhat likely,Very likely,Very likely,I’m 50% more productive when working remotely (or more),5.0,6.0,3.0,5.0,5.0,6.0,3.0,5.0,Somewhat agree,Strongly agree,Strongly agree,Strongly Positive,2021
769,1976,Male,"Professional, Scientific and Technical","Professionals - Business, Human Resource and Marketing Professionals",More than 200,No,Couple with no dependent children,Between 1 and 5 years,Metro,60%,50% - About half of my time,50% - I spent about half of my time remote working,Somewhat agree,Strongly agree,Neither agree nor disagree,Somewhat agree,Neither agree nor disagree,50% - About half of my time,50% - About half of my time,Neither unlikely or likely,Neither unlikely or likely,Neither unlikely or likely,My productivity is about same when I work remotely,0.5,8.0,0.0,7.5,0.5,8.0,0.0,7.5,Neither agree nor disagree,Neither agree nor disagree,Neither agree nor disagree,Neither positive nor negative,2021
770,1969,Male,Health Care and Social Assistance,"Managers - Chief Executives, General Managers and Legislators",More than 200,Yes,Couple with dependent children,More than 5 years,Metro,80%,80%,30%,Neither agree nor disagree,Strongly agree,Strongly agree,Strongly agree,Neither agree nor disagree,30%,30%,Somewhat unlikely,Somewhat likely,Somewhat unlikely,I’m 20% less productive when working remotely,1.0,9.0,3.0,4.0,0.0,9.0,4.0,4.0,Neither agree nor disagree,Somewhat agree,Somewhat agree,Strongly Positive,2021
771,1985,Female,Financial and Insurance,Clerical and administrative workers - Clerical and Office Support Workers,More than 200,No,Couple with dependent children,Between 1 and 5 years,Regional,90%,90%,90%,Somewhat agree,Somewhat agree,Somewhat agree,Somewhat agree,Strongly agree,90%,90%,Neither unlikely or likely,Neither unlikely or likely,Neither unlikely or likely,My productivity is about same when I work remotely,1.5,7.0,3.0,3.5,0.5,8.0,3.0,3.5,Somewhat agree,Somewhat disagree,Somewhat agree,Strongly Positive,2021
772,1977,Female,Financial and Insurance,Clerical and administrative workers - Clerical and Office Support Workers,Between 20 and 199,No,Couple with dependent children,More than 5 years,Metro,10%,50% - About half of my time,30%,Somewhat agree,Somewhat agree,Somewhat agree,Somewhat agree,Somewhat agree,50% - About half of my time,50% - About half of my time,Somewhat likely,Somewhat likely,Somewhat likely,I’m 30% more productive when working remotely,2.0,8.0,2.0,5.0,0.0,8.0,2.0,6.0,Somewhat agree,Somewhat agree,Somewhat agree,Somewhat Positive,2021
773,1968,Male,Public Administration and Safety,Clerical and administrative workers - General Clerical Workers,More than 200,No,Couple with no dependent children,More than 5 years,Metro,Less than 10% of my time,Less than 10% of my time,Rarely or never,Neither agree nor disagree,Neither agree nor disagree,Neither agree nor disagree,Neither agree nor disagree,Neither agree nor disagree,I would not have preferred to work remotely,I would prefer not to work remotely,Neither unlikely or likely,Neither unlikely or likely,Neither unlikely or likely,My productivity is about same when I work remotely,3.0,7.0,3.0,3.0,3.0,7.0,5.0,2.0,Neither agree nor disagree,Neither agree nor disagree,Neither agree nor disagree,Neither positive nor negative,2021
774,1995,Male,Manufacturing,"Professionals - Design, Engineering, Science and Transport Professionals",More than 200,Yes,Couple with dependent children,Between 1 and 5 years,Metro,70%,100% - All of my time,60%,Somewhat agree,Strongly agree,Strongly agree,Strongly agree,Somewhat disagree,100% - All of my time,100% - All of my time,Neither unlikely or likely,Neither unlikely or likely,Neither unlikely or likely,I’m 30% less productive when working remotely,1.0,10.0,2.0,3.0,0.5,10.0,2.0,3.5,Strongly agree,Somewhat agree,Strongly agree,Strongly Positive,2021
775,1968,Male,Wholesale Trade,"Managers - Chief Executives, General Managers and Legislators",Between 5 and 19,Yes,Couple with dependent children,More than 5 years,Metro,30%,20%,40%,Neither agree nor disagree,Neither agree nor disagree,Neither agree nor disagree,Neither agree nor disagree,Somewhat agree,20%,Less than 10% of my time,Neither unlikely or likely,Somewhat likely,Somewhat likely,I’m 20% more productive when working remotely,2.0,10.0,6.0,6.0,,8.0,4.0,4.0,Neither agree nor disagree,Somewhat agree,Somewhat agree,Neither positive nor negative,2021
776,1992,Male,Education and Training,Professionals - Education Professionals,More than 200,No,Group household,Between 1 and 5 years,Metro,30%,I would not have preferred to work remotely,30%,Strongly agree,Somewhat agree,Strongly agree,Strongly agree,Somewhat disagree,I would not have preferred to work remotely,20%,Very likely,Very likely,Very likely,I’m 50% more productive when working remotely (or more),4.0,10.0,2.0,3.0,0.0,12.0,2.0,2.0,Neither agree nor disagree,Strongly agree,Strongly agree,Strongly Positive,2021
777,1991,Male,Manufacturing,Professionals - ICT Professionals,More than 200,Yes,Couple with no dependent children,Between 1 and 5 years,Metro,90%,70%,90%,Somewhat agree,Somewhat agree,Somewhat agree,Somewhat agree,Somewhat agree,70%,80%,Somewhat unlikely,Somewhat likely,Somewhat unlikely,My productivity is about same when I work remotely,2.0,7.0,3.0,6.0,1.0,8.0,3.0,5.0,Neither agree nor disagree,Neither agree nor disagree,Neither agree nor disagree,Neither positive nor negative,2021
778,1976,Male,Construction,Managers - Specialist Managers,Between 20 and 199,Yes,Couple with dependent children,More than 5 years,Metro,30%,20%,30%,Somewhat agree,Somewhat agree,Somewhat agree,Strongly agree,Neither agree nor disagree,70%,40%,Somewhat likely,Very likely,Very likely,I’m 40% more productive when working remotely,2.0,8.0,3.0,4.0,3.0,8.0,3.0,4.0,Somewhat agree,Strongly agree,Strongly agree,Somewhat Positive,2021
779,1985,Female,Health Care and Social Assistance,Community and personal service workers - Health and Welfare Support Workers,Between 20 and 199,Yes,Couple with dependent children,More than 5 years,Metro,20%,50% - About half of my time,Rarely or never,Strongly agree,Somewhat agree,Somewhat agree,Somewhat agree,Somewhat agree,50% - About half of my time,50% - About half of my time,Somewhat likely,Neither unlikely or likely,Somewhat likely,I’m 30% more productive when working remotely,2.5,7.5,4.0,2.0,0.5,8.0,4.0,3.5,Strongly agree,Strongly agree,Somewhat agree,Somewhat Positive,2021
780,1983,Male,Construction,Technicians and trades workers - Electrotechnology and Telecommunications Trades Workers,More than 200,Yes,Couple with no dependent children,Between 6 and 12 months,Metro,Rarely or never,I would not have preferred to work remotely,Rarely or never,Strongly disagree,Strongly disagree,Strongly disagree,Strongly disagree,Somewhat disagree,I would not have preferred to work remotely,I would prefer not to work remotely,Very unlikely,Very unlikely,Somewhat unlikely,I’m 20% less productive when working remotely,2.0,10.0,1.0,3.0,0.5,11.5,1.0,3.0,Neither agree nor disagree,Neither agree nor disagree,Neither agree nor disagree,Strongly Negative,2021
781,1970,Female,Other Services,"Managers - Chief Executives, General Managers and Legislators",Between 20 and 199,Yes,Couple with no dependent children,More than 5 years,Metro,100% - I spent all of my time remote working,80%,70%,Strongly agree,Strongly disagree,Strongly agree,Strongly agree,Somewhat agree,80%,80%,Somewhat likely,Neither unlikely or likely,Somewhat likely,I’m 30% more productive when working remotely,2.12,7.6,2.3,5.5,1.0,12.0,3.0,4.0,Neither agree nor disagree,Neither agree nor disagree,Strongly agree,Neither positive nor negative,2021
782,1986,Male,Health Care and Social Assistance,Professionals - Health Professionals,Between 20 and 199,No,Couple with dependent children,Between 1 and 5 years,Metro,100% - I spent all of my time remote working,60%,100% - I spent all of my time remote working,Strongly agree,Strongly agree,Strongly agree,Strongly agree,Strongly agree,60%,70%,Somewhat likely,Somewhat likely,Somewhat likely,I’m 30% more productive when working remotely,4.0,9.0,2.0,1.0,0.0,8.0,4.0,4.0,Somewhat agree,Strongly agree,Neither agree nor disagree,Somewhat Positive,2021
783,1985,Male,"Rental, Hiring and Real Estate",Clerical and administrative workers - Other Clerical and Administrative Workers,More than 200,No,Couple with no dependent children,Between 1 and 5 years,Metro,50% - I spent about half of my time remote working,I would not have preferred to work remotely,Less than 10% of my time,Somewhat agree,Somewhat agree,Somewhat agree,Somewhat agree,Somewhat agree,Less than 10% of my time,10%,Somewhat unlikely,Neither unlikely or likely,Neither unlikely or likely,I’m 10% less productive when working remotely,2.0,8.0,3.0,3.0,1.0,8.5,2.0,4.5,Somewhat disagree,Neither agree nor disagree,Strongly agree,Somewhat Positive,2021
784,1970,Male,Education and Training,"Managers - Chief Executives, General Managers and Legislators",More than 200,Yes,Couple with dependent children,More than 5 years,Metro,100% - I spent all of my time remote working,100% - All of my time,60%,Somewhat agree,Somewhat agree,Strongly agree,Strongly agree,Somewhat agree,80%,50% - About half of my time,Neither unlikely or likely,Neither unlikely or likely,Somewhat likely,I’m 20% more productive when working remotely,2.0,8.0,2.0,4.0,0.0,10.0,4.0,2.0,Somewhat agree,Somewhat agree,Somewhat agree,Somewhat Positive,2021
785,1986,Male,Information Media and Telecommunications,"Technicians and trades workers - Engineering, ICT and Science Technicians",More than 200,Yes,Couple with no dependent children,Between 1 and 5 years,Metro,40%,50% - About half of my time,50% - I spent about half of my time remote working,Somewhat agree,Strongly agree,Strongly agree,Strongly agree,Somewhat agree,50% - About half of my time,50% - About half of my time,Very likely,Somewhat likely,Somewhat likely,I’m 40% more productive when working remotely,2.0,8.0,2.0,2.0,3.0,7.5,2.5,1.0,Strongly agree,Somewhat agree,Somewhat agree,Somewhat Positive,2021
786,1971,Female,"Rental, Hiring and Real Estate",Managers - Specialist Managers,Between 5 and 19,No,Couple with no dependent children,More than 5 years,Regional,Rarely or never,I would not have preferred to work remotely,Rarely or never,Neither agree nor disagree,Somewhat agree,Strongly disagree,Somewhat agree,Strongly disagree,I would not have preferred to work remotely,I would prefer not to work remotely,Very unlikely,Very unlikely,Very unlikely,I’m 40% less productive when working remotely,1.0,8.5,1.0,4.5,0.5,5.0,1.0,8.5,Strongly disagree,Strongly disagree,Strongly agree,Neither positive nor negative,2021
787,1967,Female,Health Care and Social Assistance,Managers - Farmers and Farm Managers,Between 20 and 199,Yes,Couple with dependent children,More than 5 years,Metro,100% - I spent all of my time remote working,80%,90%,Strongly agree,Strongly agree,Strongly agree,Strongly agree,Strongly agree,90%,80%,Very likely,Very likely,Very likely,I’m 50% more productive when working remotely (or more),2.0,8.0,4.0,3.0,1.0,8.0,4.0,3.0,Strongly agree,Strongly agree,Strongly agree,Strongly Positive,2021
788,1960,Male,Administrative and Support,Clerical and administrative workers - Office Managers and Program Administrators,Between 1 and 4,No,Couple with dependent children,Between 1 and 5 years,Metro,50% - I spent about half of my time remote working,50% - About half of my time,50% - I spent about half of my time remote working,Strongly agree,Somewhat agree,Strongly agree,Strongly agree,Neither agree nor disagree,50% - About half of my time,100% - All of my time,Very likely,Neither unlikely or likely,Somewhat likely,My productivity is about same when I work remotely,0.0,4.0,6.0,4.0,0.0,4.0,4.0,6.0,Neither agree nor disagree,Neither agree nor disagree,Somewhat disagree,Somewhat Positive,2021
789,1971,Male,Financial and Insurance,Managers - Specialist Managers,More than 200,Yes,Single person,More than 5 years,Metro,100% - I spent all of my time remote working,100% - All of my time,80%,Strongly agree,Strongly agree,Somewhat agree,Strongly agree,Somewhat agree,100% - All of my time,100% - All of my time,Somewhat unlikely,Neither unlikely or likely,Somewhat unlikely,I’m 40% more productive when working remotely,4.0,8.0,2.0,5.0,0.25,9.0,3.0,5.0,Somewhat agree,Somewhat disagree,Neither agree nor disagree,Neither positive nor negative,2021
790,1988,Male,Financial and Insurance,"Managers - Chief Executives, General Managers and Legislators",More than 200,Yes,Couple with dependent children,More than 5 years,Regional,30%,50% - About half of my time,40%,Somewhat disagree,Strongly agree,Somewhat disagree,Strongly disagree,Strongly agree,60%,60%,Somewhat likely,Somewhat likely,Somewhat likely,I’m 50% more productive when working remotely (or more),1.0,9.0,2.0,4.0,1.0,9.0,2.0,4.0,Strongly agree,Somewhat agree,Neither agree nor disagree,Strongly Positive,2021
791,1957,Male,"Professional, Scientific and Technical",Professionals - ICT Professionals,Between 5 and 19,Yes,Single person,More than 5 years,Metro,30%,50% - About half of my time,40%,Strongly agree,Somewhat agree,Somewhat agree,Strongly agree,Strongly agree,50% - About half of my time,60%,Somewhat unlikely,Neither unlikely or likely,Somewhat likely,I’m 20% more productive when working remotely,3.0,7.0,3.0,4.0,3.0,7.0,3.0,4.0,Somewhat agree,Somewhat agree,Strongly agree,Neither positive nor negative,2021
792,1966,Male,Health Care and Social Assistance,Managers - Specialist Managers,More than 200,Yes,Single person,More than 5 years,Metro,Less than 10% of my time,Less than 10% of my time,20%,Somewhat disagree,Strongly agree,Somewhat agree,Somewhat agree,Somewhat disagree,20%,20%,Very unlikely,Very likely,Somewhat unlikely,I’m 30% more productive when working remotely,0.5,8.0,4.0,4.5,0.0,8.0,4.0,5.0,Somewhat disagree,Somewhat agree,Strongly agree,Somewhat Positive,2021
793,1990,Male,"Professional, Scientific and Technical","Managers - Chief Executives, General Managers and Legislators",More than 200,Yes,Single person,Between 1 and 5 years,Metro,20%,Less than 10% of my time,Less than 10% of my time,Neither agree nor disagree,Somewhat agree,Somewhat agree,Somewhat agree,Neither agree nor disagree,I would not have preferred to work remotely,Less than 10% of my time,Neither unlikely or likely,Neither unlikely or likely,Somewhat likely,My productivity is about same when I work remotely,1.0,8.0,1.0,6.0,0.0,8.0,1.0,7.0,Neither agree nor disagree,Somewhat agree,Somewhat agree,Strongly Positive,2021
794,1964,Female,Education and Training,Managers - Specialist Managers,Between 5 and 19,Yes,Group household,Between 1 and 5 years,Metro,100% - I spent all of my time remote working,50% - About half of my time,100% - I spent all of my time remote working,Strongly agree,Somewhat disagree,Strongly agree,Strongly agree,Somewhat disagree,50% - About half of my time,50% - About half of my time,Very likely,Very unlikely,Somewhat unlikely,I’m 40% less productive when working remotely,3.0,8.0,2.0,3.0,1.0,8.0,2.0,5.0,Somewhat disagree,Neither agree nor disagree,Somewhat agree,Neither positive nor negative,2021
795,1977,Female,Wholesale Trade,Clerical and administrative workers - Inquiry Clerks and Receptionists,Between 5 and 19,Yes,One parent family with dependent children,More than 5 years,Metro,50% - I spent about half of my time remote working,50% - About half of my time,50% - I spent about half of my time remote working,Neither agree nor disagree,Somewhat disagree,Neither agree nor disagree,Neither agree nor disagree,Neither agree nor disagree,50% - About half of my time,50% - About half of my time,Neither unlikely or likely,Neither unlikely or likely,Neither unlikely or likely,My productivity is about same when I work remotely,5.0,4.0,5.0,5.0,5.0,5.0,5.0,5.0,Neither agree nor disagree,Somewhat disagree,Neither agree nor disagree,Neither positive nor negative,2021
796,1997,Male,Information Media and Telecommunications,"Professionals - Business, Human Resource and Marketing Professionals",I am a sole trader/owner-operator,No,Couple with no dependent children,Between 6 and 12 months,Regional,100% - I spent all of my time remote working,100% - All of my time,100% - I spent all of my time remote working,Neither agree nor disagree,Strongly agree,Strongly agree,Neither agree nor disagree,Strongly agree,100% - All of my time,100% - All of my time,Very unlikely,Very unlikely,Very likely,My productivity is about same when I work remotely,0.0,8.0,2.0,6.0,0.0,8.0,2.0,6.0,Neither agree nor disagree,Neither agree nor disagree,Neither agree nor disagree,Strongly Positive,2021
797,1975,Male,Financial and Insurance,"Professionals - Business, Human Resource and Marketing Professionals",More than 200,Yes,Couple with dependent children,More than 5 years,Metro,30%,30%,40%,Strongly agree,Somewhat agree,Somewhat agree,Somewhat agree,Strongly agree,50% - About half of my time,30%,Very likely,Very likely,Somewhat likely,I’m 20% more productive when working remotely,4.0,7.0,4.0,2.0,3.0,5.0,4.0,4.0,Somewhat agree,Strongly agree,Somewhat agree,Strongly Negative,2021
798,1981,Female,Retail Trade,Managers - Specialist Managers,More than 200,No,Couple with dependent children,Between 1 and 5 years,Metro,100% - I spent all of my time remote working,100% - All of my time,100% - I spent all of my time remote working,Strongly agree,Strongly agree,Strongly agree,Strongly agree,Somewhat agree,100% - All of my time,80%,Neither unlikely or likely,Neither unlikely or likely,Neither unlikely or likely,I’m 50% less productive when working remotely (or worse),0.0,8.0,4.0,4.0,0.0,10.0,4.0,2.0,Neither agree nor disagree,Neither agree nor disagree,Strongly agree,Strongly Positive,2021
799,1957,Male,Financial and Insurance,Sales workers - Sales Representatives and Agents,More than 200,No,Couple with no dependent children,More than 5 years,Regional,100% - I spent all of my time remote working,100% - All of my time,100% - I spent all of my time remote working,Strongly agree,Strongly agree,Strongly agree,Strongly agree,Somewhat agree,100% - All of my time,100% - All of my time,Very likely,Very likely,Somewhat likely,My productivity is about same when I work remotely,1.0,7.5,4.0,2.5,0.5,7.5,4.0,3.0,Neither agree nor disagree,Somewhat disagree,Somewhat agree,Strongly Positive,2021
800,1980,Male,Manufacturing,"Managers - Chief Executives, General Managers and Legislators",More than 200,Yes,Couple with dependent children,Between 1 and 5 years,Metro,50% - I spent about half of my time remote working,50% - About half of my time,40%,Neither agree nor disagree,Somewhat agree,Somewhat agree,Somewhat agree,Somewhat agree,50% - About half of my time,40%,Neither unlikely or likely,Neither unlikely or likely,Neither unlikely or likely,I’m 50% more productive when working remotely (or more),2.0,6.0,3.0,3.0,0.5,6.0,3.5,4.0,Somewhat agree,Somewhat agree,Somewhat agree,Neither positive nor negative,2021
801,1980,Male,Information Media and Telecommunications,"Managers - Chief Executives, General Managers and Legislators",More than 200,Yes,Couple with dependent children,Between 6 and 12 months,Regional,90%,100% - All of my time,100% - I spent all of my time remote working,Strongly agree,Somewhat agree,Strongly agree,Strongly agree,Strongly agree,100% - All of my time,90%,Somewhat likely,Very likely,Very likely,I’m 50% more productive when working remotely (or more),5.0,6.0,3.0,4.0,4.0,6.0,5.0,5.0,Strongly agree,Strongly agree,Somewhat agree,Strongly Positive,2021
802,1960,Male,Education and Training,Managers - Specialist Managers,Between 5 and 19,No,Couple with no dependent children,Between 1 and 5 years,Metro,50% - I spent about half of my time remote working,50% - About half of my time,50% - I spent about half of my time remote working,Somewhat disagree,Somewhat agree,Somewhat disagree,Strongly agree,Somewhat agree,50% - About half of my time,50% - About half of my time,Somewhat unlikely,Neither unlikely or likely,Somewhat unlikely,My productivity is about same when I work remotely,1.5,9.0,2.0,4.5,0.0,9.0,2.0,5.0,Neither agree nor disagree,Strongly agree,Somewhat agree,Strongly Positive,2021
803,1966,Male,Public Administration and Safety,"Managers - Chief Executives, General Managers and Legislators",More than 200,Yes,Couple with no dependent children,Between 1 and 5 years,Metro,100% - I spent all of my time remote working,60%,90%,Strongly agree,Strongly agree,Strongly agree,Strongly agree,Strongly agree,60%,60%,Very likely,Very likely,Very likely,I’m 50% more productive when working remotely (or more),2.0,8.5,1.5,4.0,0.25,9.75,1.5,5.0,Neither agree nor disagree,Neither agree nor disagree,Neither agree nor disagree,Strongly Positive,2021
804,1965,Male,Other Services,Managers - Specialist Managers,More than 200,Yes,Couple with dependent children,Between 1 and 5 years,Metro,Less than 10% of my time,I would not have preferred to work remotely,Rarely or never,Neither agree nor disagree,Strongly agree,Neither agree nor disagree,Strongly agree,Strongly disagree,I would not have preferred to work remotely,I would prefer not to work remotely,Neither unlikely or likely,Neither unlikely or likely,Neither unlikely or likely,I’m 50% less productive when working remotely (or worse),3.0,10.0,3.0,4.0,0.0,14.0,4.0,3.0,Strongly disagree,Strongly disagree,Strongly agree,Strongly Positive,2021
805,1985,Male,Retail Trade,"Managers - Chief Executives, General Managers and Legislators",Between 20 and 199,Yes,Couple with dependent children,More than 5 years,Metro,80%,70%,70%,Neither agree nor disagree,Somewhat agree,Somewhat agree,Somewhat agree,Somewhat agree,60%,50% - About half of my time,Somewhat likely,Somewhat likely,Somewhat likely,I’m 20% more productive when working remotely,1.0,7.0,3.0,5.0,2.0,8.0,2.0,6.0,Somewhat agree,Somewhat agree,Neither agree nor disagree,Somewhat Positive,2021
806,1959,Male,Public Administration and Safety,Technicians and trades workers - Automotive and Engineering Trades Workers,More than 200,Yes,Couple with no dependent children,More than 5 years,Metro,20%,10%,20%,Strongly agree,Somewhat agree,Strongly agree,Somewhat agree,Somewhat agree,30%,20%,Neither unlikely or likely,Somewhat likely,Neither unlikely or likely,I’m 20% more productive when working remotely,3.0,9.0,2.0,2.0,0.0,9.0,2.0,5.0,Somewhat agree,Somewhat agree,Somewhat agree,Somewhat Positive,2021
807,1969,Male,Education and Training,"Managers - Chief Executives, General Managers and Legislators",I am a sole trader/owner-operator,Yes,Couple with dependent children,More than 5 years,Metro,30%,60%,40%,Neither agree nor disagree,Strongly agree,Somewhat agree,Strongly agree,Strongly agree,60%,60%,Very likely,Neither unlikely or likely,Very likely,I’m 50% more productive when working remotely (or more),1.0,8.0,3.0,5.0,1.0,10.0,2.0,4.0,Strongly agree,Strongly agree,Strongly agree,Somewhat Positive,2021
808,1966,Male,Health Care and Social Assistance,Managers - Specialist Managers,More than 200,Yes,Couple with dependent children,Between 1 and 5 years,Metro,40%,Less than 10% of my time,40%,Somewhat agree,Somewhat agree,Somewhat agree,Somewhat agree,Somewhat disagree,Less than 10% of my time,I would prefer not to work remotely,Very unlikely,Very unlikely,Neither unlikely or likely,I’m 20% less productive when working remotely,2.0,8.5,2.0,3.0,1.0,8.0,3.0,3.0,Neither agree nor disagree,Neither agree nor disagree,Strongly agree,Neither positive nor negative,2021
809,1964,Male,Financial and Insurance,"Managers - Chief Executives, General Managers and Legislators",Between 20 and 199,Yes,Couple with dependent children,Between 6 and 12 months,Metro,80%,80%,50% - I spent about half of my time remote working,Strongly disagree,Neither agree nor disagree,Somewhat disagree,Somewhat disagree,Neither agree nor disagree,50% - About half of my time,50% - About half of my time,Somewhat unlikely,Somewhat unlikely,Somewhat likely,I’m 20% more productive when working remotely,2.0,9.0,2.0,3.0,0.0,10.0,2.0,3.0,Neither agree nor disagree,Somewhat agree,Somewhat agree,Somewhat Negative,2021
810,1992,Male,"Electricity, Gas, Water and Waste","Managers - Chief Executives, General Managers and Legislators",I am a sole trader/owner-operator,Yes,Group household,Between 1 and 5 years,Metro,50% - I spent about half of my time remote working,50% - About half of my time,50% - I spent about half of my time remote working,Strongly agree,Strongly agree,Strongly agree,Strongly agree,Strongly agree,50% - About half of my time,50% - About half of my time,Very likely,Very likely,Very likely,I’m 50% more productive when working remotely (or more),4.0,5.0,5.0,4.0,6.0,6.0,4.0,2.0,Strongly agree,Strongly agree,Strongly agree,Strongly Positive,2021
811,1965,Male,Education and Training,Technicians and trades workers - Automotive and Engineering Trades Workers,More than 200,Yes,Multiple family household,More than 5 years,Metro,50% - I spent about half of my time remote working,50% - About half of my time,50% - I spent about half of my time remote working,Neither agree nor disagree,Neither agree nor disagree,Neither agree nor disagree,Neither agree nor disagree,Neither agree nor disagree,70%,50% - About half of my time,Neither unlikely or likely,Neither unlikely or likely,Neither unlikely or likely,I’m 50% more productive when working remotely (or more),2.0,6.0,5.0,5.0,3.0,6.0,5.0,5.0,Neither agree nor disagree,Neither agree nor disagree,Somewhat disagree,Neither positive nor negative,2021
812,1960,Male,Education and Training,Professionals - Education Professionals,More than 200,No,Single person,More than 5 years,Metro,10%,I would not have preferred to work remotely,20%,Strongly agree,Strongly disagree,Neither agree nor disagree,Strongly agree,Strongly agree,I would not have preferred to work remotely,I would prefer not to work remotely,Very unlikely,Very unlikely,Very unlikely,I’m 50% less productive when working remotely (or worse),0.5,7.0,4.5,4.0,0.0,8.0,4.0,4.0,Neither agree nor disagree,Neither agree nor disagree,Strongly agree,Strongly Positive,2021
813,1971,Female,Public Administration and Safety,Managers - Specialist Managers,More than 200,Yes,Single person,Between 1 and 5 years,Metro,90%,90%,90%,Strongly agree,Strongly agree,Strongly agree,Strongly agree,Strongly agree,90%,80%,Somewhat likely,Very likely,Somewhat likely,I’m 40% more productive when working remotely,2.5,9.0,2.5,2.0,0.5,9.0,2.5,3.0,Somewhat disagree,Somewhat disagree,Neither agree nor disagree,Strongly Positive,2021
814,1963,Female,Administrative and Support,"Professionals - Business, Human Resource and Marketing Professionals",More than 200,No,Single person,More than 5 years,Metro,50% - I spent about half of my time remote working,50% - About half of my time,30%,Somewhat agree,Somewhat agree,Neither agree nor disagree,Somewhat agree,Somewhat agree,50% - About half of my time,50% - About half of my time,Very unlikely,Very unlikely,Very unlikely,I’m 10% more productive when working remotely,3.0,8.0,2.0,3.0,0.5,9.0,2.5,3.0,Strongly agree,Strongly agree,Somewhat agree,Somewhat Negative,2021
815,1982,Male,"Professional, Scientific and Technical",Managers - Farmers and Farm Managers,More than 200,Yes,Couple with dependent children,Between 1 and 5 years,Metro,40%,40%,30%,Strongly agree,Strongly agree,Strongly agree,Strongly agree,Somewhat agree,70%,Less than 10% of my time,Very unlikely,Neither unlikely or likely,Very unlikely,I’m 20% more productive when working remotely,1.0,6.0,5.0,5.0,1.0,4.0,6.0,6.0,Strongly agree,Somewhat agree,Strongly agree,Strongly Positive,2021
816,2000,Male,Wholesale Trade,Sales workers - Sales Support Workers,Between 5 and 19,Yes,Couple with no dependent children,More than 5 years,Metro,100% - I spent all of my time remote working,60%,30%,Strongly agree,Strongly agree,Neither agree nor disagree,Strongly agree,Strongly disagree,10%,40%,Very likely,Very likely,Very unlikely,I’m 30% more productive when working remotely,8.0,1.0,2.0,4.0,24.0,,,,Neither agree nor disagree,Strongly disagree,Somewhat agree,Strongly Positive,2021
817,1973,Male,Education and Training,Managers - Specialist Managers,Between 20 and 199,No,Couple with dependent children,Between 1 and 5 years,Metro,Rarely or never,I would not have preferred to work remotely,Rarely or never,Strongly disagree,Somewhat agree,Strongly disagree,Neither agree nor disagree,Somewhat disagree,I would not have preferred to work remotely,I would prefer not to work remotely,Very unlikely,Very unlikely,Very unlikely,I’m 30% more productive when working remotely,5.0,10.0,3.0,1.0,5.0,10.0,2.0,1.0,Strongly disagree,Strongly disagree,Strongly agree,Neither positive nor negative,2021
818,1961,Male,Financial and Insurance,"Professionals - Design, Engineering, Science and Transport Professionals",Between 5 and 19,No,Couple with no dependent children,More than 5 years,Metro,100% - I spent all of my time remote working,100% - All of my time,100% - I spent all of my time remote working,Somewhat agree,Strongly agree,Neither agree nor disagree,Strongly agree,Strongly agree,100% - All of my time,100% - All of my time,Somewhat likely,Very unlikely,Very unlikely,My productivity is about same when I work remotely,1.0,8.0,1.0,6.0,0.0,8.0,1.0,7.0,Neither agree nor disagree,Neither agree nor disagree,Strongly disagree,Strongly Positive,2021
819,1988,Female,Manufacturing,"Managers - Chief Executives, General Managers and Legislators",Between 20 and 199,Yes,Couple with dependent children,More than 5 years,Metro,100% - I spent all of my time remote working,90%,60%,Somewhat agree,Somewhat agree,Strongly agree,Strongly agree,Somewhat agree,50% - About half of my time,50% - About half of my time,Somewhat likely,Very likely,Very likely,I’m 10% less productive when working remotely,1.0,7.0,4.0,5.0,0.0,7.0,4.0,5.0,Neither agree nor disagree,Somewhat agree,Somewhat agree,Strongly Positive,2021
820,1980,Male,"Transport, Postal and Warehousing",Clerical and administrative workers - Clerical and Office Support Workers,More than 200,No,Couple with no dependent children,Between 1 and 5 years,Metro,60%,100% - All of my time,Rarely or never,Strongly disagree,Somewhat agree,Somewhat disagree,Strongly disagree,Strongly agree,100% - All of my time,90%,Very unlikely,Very unlikely,Very unlikely,My productivity is about same when I work remotely,1.0,8.0,0.0,7.0,0.0,8.0,1.0,7.0,Strongly agree,Somewhat agree,Strongly disagree,Somewhat Negative,2021
821,1972,Male,Information Media and Telecommunications,Professionals - ICT Professionals,More than 200,No,Couple with dependent children,More than 5 years,Metro,100% - I spent all of my time remote working,100% - All of my time,60%,Strongly agree,Somewhat disagree,Strongly agree,Strongly agree,Strongly agree,100% - All of my time,100% - All of my time,Very unlikely,Very unlikely,Very unlikely,My productivity is about same when I work remotely,4.0,7.0,2.0,4.0,0.0,8.0,2.0,7.0,Strongly agree,Strongly agree,Neither agree nor disagree,Somewhat Negative,2021
822,1994,Male,"Professional, Scientific and Technical","Professionals - Design, Engineering, Science and Transport Professionals",Between 5 and 19,Yes,Group household,Between 1 and 5 years,Metro,30%,100% - All of my time,10%,Neither agree nor disagree,Somewhat agree,Somewhat agree,Somewhat agree,Somewhat disagree,50% - About half of my time,20%,Somewhat unlikely,Somewhat unlikely,Somewhat unlikely,I’m 20% more productive when working remotely,3.0,8.0,2.0,3.0,0.5,8.0,2.0,5.5,Somewhat agree,Somewhat agree,Neither agree nor disagree,Neither positive nor negative,2021
823,1993,Male,Administrative and Support,Clerical and administrative workers - Personal Assistants and Secretaries,More than 200,No,Couple with no dependent children,Between 1 and 5 years,Metro,70%,90%,70%,Somewhat agree,Somewhat agree,Somewhat agree,Strongly agree,Strongly agree,90%,90%,Neither unlikely or likely,Somewhat likely,Very likely,I’m 30% more productive when working remotely,1.5,9.0,2.0,3.5,0.5,12.0,1.0,2.5,Somewhat agree,Somewhat agree,Somewhat disagree,Somewhat Positive,2021
824,1983,Female,Wholesale Trade,"Professionals - Business, Human Resource and Marketing Professionals",Between 20 and 199,No,Other one family household,Between 1 and 5 years,Metro,60%,70%,80%,Somewhat agree,Somewhat agree,Strongly agree,Somewhat agree,Neither agree nor disagree,60%,70%,Very likely,Somewhat likely,Very likely,I’m 10% more productive when working remotely,5.0,3.0,4.0,3.0,6.0,3.0,2.0,5.0,Somewhat agree,Neither agree nor disagree,Somewhat agree,Strongly Positive,2021
825,1972,Male,Accommodation and Food,"Managers - Chief Executives, General Managers and Legislators",Between 20 and 199,Yes,Couple with dependent children,More than 5 years,Metro,Less than 10% of my time,Less than 10% of my time,20%,Strongly agree,Neither agree nor disagree,Strongly disagree,Neither agree nor disagree,Somewhat disagree,20%,I would prefer not to work remotely,Somewhat likely,Neither unlikely or likely,Very unlikely,I’m 20% less productive when working remotely,2.0,8.0,5.0,3.0,0.5,6.0,5.0,5.5,Somewhat disagree,Somewhat disagree,Strongly agree,Somewhat Negative,2021
826,1963,Male,Wholesale Trade,"Managers - Chief Executives, General Managers and Legislators",Between 20 and 199,Yes,Single person,More than 5 years,Metro,30%,50% - About half of my time,80%,Somewhat disagree,Somewhat agree,Somewhat agree,Somewhat disagree,Strongly agree,50% - About half of my time,I would prefer not to work remotely,Very unlikely,Very unlikely,Very unlikely,I’m 30% more productive when working remotely,3.0,8.0,2.0,0.5,0.0,8.0,2.0,4.0,Somewhat disagree,Strongly agree,Strongly agree,Somewhat Negative,2021
827,1965,Male,Education and Training,Professionals - Education Professionals,More than 200,Yes,Couple with no dependent children,More than 5 years,Metro,90%,80%,70%,Neither agree nor disagree,Somewhat disagree,Strongly agree,Somewhat agree,Somewhat agree,80%,50% - About half of my time,Somewhat unlikely,Somewhat unlikely,Very unlikely,I’m 40% more productive when working remotely,2.0,10.0,1.0,5.0,0.0,10.0,1.0,5.0,Somewhat agree,Somewhat agree,Somewhat agree,Neither positive nor negative,2021
828,1981,Male,"Professional, Scientific and Technical",Sales workers - Sales Representatives and Agents,More than 200,No,Couple with dependent children,More than 5 years,Metro,100% - I spent all of my time remote working,100% - All of my time,100% - I spent all of my time remote working,Strongly agree,Strongly agree,Somewhat agree,Strongly agree,Strongly agree,100% - All of my time,100% - All of my time,Very likely,Very likely,Very likely,I’m 50% more productive when working remotely (or more),3.0,8.0,3.0,4.0,0.0,9.0,2.0,6.0,Strongly agree,Strongly agree,Strongly agree,Strongly Positive,2021
829,1965,Male,"Professional, Scientific and Technical","Professionals - Design, Engineering, Science and Transport Professionals",Between 1 and 4,No,Couple with no dependent children,Between 1 and 5 years,Metro,100% - I spent all of my time remote working,90%,90%,Neither agree nor disagree,Strongly agree,Strongly agree,Strongly agree,Somewhat agree,80%,50% - About half of my time,Neither unlikely or likely,Neither unlikely or likely,Neither unlikely or likely,I’m 10% more productive when working remotely,1.5,8.5,1.0,5.0,1.0,8.0,1.5,5.5,Neither agree nor disagree,Neither agree nor disagree,Neither agree nor disagree,Strongly Positive,2021
830,1981,Male,"Transport, Postal and Warehousing","Professionals - Business, Human Resource and Marketing Professionals",More than 200,No,Couple with no dependent children,Between 1 and 5 years,Metro,90%,100% - All of my time,90%,Strongly agree,Strongly agree,Somewhat agree,Somewhat agree,Strongly agree,100% - All of my time,100% - All of my time,Somewhat unlikely,Somewhat likely,Somewhat likely,I’m 50% more productive when working remotely (or more),3.5,8.0,1.0,3.5,1.0,9.0,1.0,4.0,Strongly agree,Strongly agree,Strongly disagree,Strongly Positive,2021
831,1970,Male,"Professional, Scientific and Technical","Technicians and trades workers - Engineering, ICT and Science Technicians",Between 5 and 19,Yes,Single person,Between 1 and 5 years,Regional,Rarely or never,I would not have preferred to work remotely,Rarely or never,Strongly disagree,Neither agree nor disagree,Somewhat agree,Neither agree nor disagree,Strongly agree,I would not have preferred to work remotely,I would prefer not to work remotely,Somewhat unlikely,Neither unlikely or likely,Neither unlikely or likely,I’m 20% less productive when working remotely,1.0,7.0,3.0,5.0,0.5,7.0,1.0,5.5,Neither agree nor disagree,Somewhat disagree,Strongly agree,Neither positive nor negative,2021
832,1976,Male,Information Media and Telecommunications,Managers - Specialist Managers,More than 200,Yes,One parent family with dependent children,More than 5 years,Metro,100% - I spent all of my time remote working,60%,100% - I spent all of my time remote working,Somewhat agree,Strongly agree,Strongly agree,Strongly agree,Somewhat disagree,60%,40%,Neither unlikely or likely,Somewhat likely,Somewhat likely,My productivity is about same when I work remotely,1.0,8.0,5.0,2.0,0.5,10.0,2.0,4.5,Somewhat disagree,Neither agree nor disagree,Strongly agree,Strongly Positive,2021
833,1971,Male,Retail Trade,"Professionals - Business, Human Resource and Marketing Professionals",More than 200,Yes,Couple with no dependent children,Between 1 and 5 years,Metro,80%,100% - All of my time,80%,Strongly agree,Strongly agree,Neither agree nor disagree,Strongly agree,Strongly agree,90%,80%,Somewhat likely,Very likely,Very likely,I’m 20% more productive when working remotely,3.0,8.0,2.0,4.0,0.5,10.0,3.5,3.0,Somewhat agree,Somewhat disagree,Somewhat agree,Strongly Positive,2021
834,1963,Female,Information Media and Telecommunications,Managers - Specialist Managers,More than 200,No,Couple with dependent children,More than 5 years,Metro,80%,100% - All of my time,80%,Neither agree nor disagree,Somewhat agree,Somewhat agree,Somewhat agree,Somewhat agree,100% - All of my time,80%,Somewhat unlikely,Neither unlikely or likely,Somewhat unlikely,I’m 50% more productive when working remotely (or more),2.0,9.0,2.0,3.0,0.0,11.0,3.0,2.0,Neither agree nor disagree,Neither agree nor disagree,Neither agree nor disagree,Somewhat Positive,2021
835,1973,Male,Information Media and Telecommunications,Sales workers - Sales Representatives and Agents,More than 200,No,Couple with dependent children,Between 1 and 5 years,Metro,70%,50% - About half of my time,70%,Strongly agree,Strongly agree,Strongly agree,Strongly agree,Neither agree nor disagree,50% - About half of my time,50% - About half of my time,Very likely,Neither unlikely or likely,Somewhat likely,My productivity is about same when I work remotely,1.0,8.0,2.0,3.0,0.0,7.0,2.0,5.0,Neither agree nor disagree,Neither agree nor disagree,Neither agree nor disagree,Neither positive nor negative,2021
836,1976,Female,Other Services,"Professionals - Business, Human Resource and Marketing Professionals",Between 20 and 199,No,Group household,Between 1 and 5 years,Metro,50% - I spent about half of my time remote working,20%,20%,Somewhat disagree,Strongly agree,Strongly agree,Strongly agree,Strongly agree,40%,40%,Very unlikely,Somewhat unlikely,Neither unlikely or likely,I’m 20% more productive when working remotely,2.5,8.5,2.0,3.0,0.5,7.5,4.0,4.0,Strongly agree,Strongly agree,Strongly agree,Somewhat Positive,2021
837,1988,Female,Information Media and Telecommunications,"Professionals - Design, Engineering, Science and Transport Professionals",Between 20 and 199,No,Single person,Between 1 and 5 years,Metro,100% - I spent all of my time remote working,100% - All of my time,70%,Strongly agree,Somewhat agree,Strongly disagree,Somewhat agree,Strongly agree,100% - All of my time,70%,Neither unlikely or likely,Somewhat likely,Neither unlikely or likely,I’m 50% more productive when working remotely (or more),4.0,8.0,2.0,4.0,1.0,8.0,2.0,5.0,Strongly agree,Strongly agree,Neither agree nor disagree,Somewhat Positive,2021
838,1970,Male,"Professional, Scientific and Technical","Professionals - Business, Human Resource and Marketing Professionals",More than 200,Yes,Single person,More than 5 years,Metro,80%,100% - All of my time,80%,Somewhat agree,Somewhat agree,Somewhat agree,Neither agree nor disagree,Neither agree nor disagree,100% - All of my time,60%,Neither unlikely or likely,Neither unlikely or likely,Neither unlikely or likely,I’m 10% more productive when working remotely,3.0,9.0,3.0,2.0,0.5,9.0,3.0,4.5,Somewhat agree,Neither agree nor disagree,Neither agree nor disagree,Neither positive nor negative,2021
839,1968,Male,Manufacturing,Managers - Specialist Managers,Between 20 and 199,Yes,Couple with dependent children,More than 5 years,Regional,Less than 10% of my time,Less than 10% of my time,Less than 10% of my time,Strongly agree,Strongly agree,Somewhat agree,Strongly agree,Strongly agree,Less than 10% of my time,Less than 10% of my time,Very likely,Very likely,Neither unlikely or likely,My productivity is about same when I work remotely,1.0,9.0,2.0,4.0,1.0,9.0,2.0,4.0,Neither agree nor disagree,Strongly disagree,Neither agree nor disagree,Strongly Positive,2021
840,1996,Female,Financial and Insurance,Professionals - Health Professionals,More than 200,No,Single person,Between 1 and 5 years,Metro,90%,100% - All of my time,90%,Neither agree nor disagree,Strongly disagree,Somewhat disagree,Somewhat agree,Strongly agree,100% - All of my time,90%,Neither unlikely or likely,Somewhat likely,Neither unlikely or likely,I’m 30% more productive when working remotely,2.0,8.0,2.0,4.0,1.0,8.0,2.0,5.0,Somewhat agree,Somewhat agree,Somewhat agree,Somewhat Positive,2021
841,1986,Female,Education and Training,Community and personal service workers - Carers and Aides,Between 20 and 199,No,Couple with dependent children,More than 5 years,Regional,50% - I spent about half of my time remote working,50% - About half of my time,20%,Somewhat agree,Somewhat disagree,Somewhat agree,Neither agree nor disagree,Somewhat agree,50% - About half of my time,40%,Neither unlikely or likely,Somewhat likely,Somewhat likely,I’m 20% more productive when working remotely,1.5,8.0,2.0,3.5,0.5,8.5,2.0,4.0,Neither agree nor disagree,Somewhat agree,Neither agree nor disagree,Neither positive nor negative,2021
842,1984,Female,Health Care and Social Assistance,Professionals - Health Professionals,Between 5 and 19,Yes,Couple with dependent children,More than 5 years,Metro,Less than 10% of my time,Less than 10% of my time,Less than 10% of my time,Neither agree nor disagree,Somewhat agree,Somewhat agree,Somewhat agree,Somewhat agree,50% - About half of my time,50% - About half of my time,Neither unlikely or likely,Neither unlikely or likely,Neither unlikely or likely,I’m 10% less productive when working remotely,1.0,8.0,3.0,3.0,2.0,8.0,3.0,3.0,Neither agree nor disagree,Neither agree nor disagree,Neither agree nor disagree,Neither positive nor negative,2021
843,1993,Female,"Professional, Scientific and Technical","Professionals - Design, Engineering, Science and Transport Professionals",Between 20 and 199,No,Couple with no dependent children,Between 1 and 5 years,Metro,60%,60%,40%,Somewhat disagree,Neither agree nor disagree,Somewhat agree,Somewhat agree,Somewhat agree,50% - About half of my time,50% - About half of my time,Somewhat unlikely,Somewhat unlikely,Somewhat likely,I’m 50% more productive when working remotely (or more),1.5,9.0,3.0,2.0,0.5,9.0,2.0,4.0,Neither agree nor disagree,Somewhat disagree,Neither agree nor disagree,Somewhat Positive,2021
844,2002,Male,Accommodation and Food,"Managers - Hospitality, Retail and Service Managers",More than 200,Yes,Other one family household,More than 5 years,Metro,Less than 10% of my time,Less than 10% of my time,Less than 10% of my time,Strongly disagree,Strongly disagree,Somewhat disagree,Somewhat agree,Somewhat disagree,Less than 10% of my time,Less than 10% of my time,Very unlikely,Very unlikely,Very unlikely,My productivity is about same when I work remotely,0.5,8.0,1.5,4.0,0.0,8.0,1.5,4.5,Somewhat disagree,Somewhat disagree,Strongly agree,Somewhat Positive,2021
845,1977,Female,Administrative and Support,Managers - Specialist Managers,Between 20 and 199,Yes,Couple with dependent children,More than 5 years,Metro,60%,70%,70%,Somewhat agree,Somewhat agree,Strongly agree,Strongly agree,Strongly agree,60%,30%,Very likely,Somewhat likely,Somewhat likely,I’m 30% more productive when working remotely,6.0,3.0,4.0,4.0,6.0,3.0,2.0,2.0,Somewhat agree,Somewhat agree,Strongly agree,Somewhat Positive,2021
846,1998,Male,Financial and Insurance,"Professionals - Business, Human Resource and Marketing Professionals",Between 20 and 199,No,Couple with no dependent children,Between 1 and 5 years,Metro,90%,100% - All of my time,60%,Somewhat agree,Strongly agree,Strongly agree,Strongly agree,Strongly agree,100% - All of my time,100% - All of my time,Somewhat unlikely,Somewhat unlikely,Neither unlikely or likely,I’m 30% less productive when working remotely,3.0,8.0,1.0,4.5,0.0,8.0,1.0,6.5,Strongly agree,Strongly agree,Strongly disagree,Somewhat Positive,2021
847,1981,Male,"Electricity, Gas, Water and Waste","Managers - Chief Executives, General Managers and Legislators",Between 5 and 19,Yes,Couple with no dependent children,More than 5 years,Metro,10%,50% - About half of my time,20%,Somewhat disagree,Somewhat agree,Somewhat disagree,Strongly agree,Strongly agree,50% - About half of my time,50% - About half of my time,Somewhat likely,Somewhat unlikely,Somewhat likely,I’m 40% more productive when working remotely,1.5,9.0,1.0,5.5,0.5,10.0,1.0,5.5,Strongly agree,Strongly agree,Neither agree nor disagree,Strongly Positive,2021
848,1970,Male,"Professional, Scientific and Technical",Professionals - ICT Professionals,More than 200,No,Other one family household,More than 5 years,Regional,100% - I spent all of my time remote working,100% - All of my time,100% - I spent all of my time remote working,Somewhat agree,Somewhat agree,Strongly agree,Strongly agree,Somewhat agree,100% - All of my time,80%,Neither unlikely or likely,Neither unlikely or likely,Neither unlikely or likely,My productivity is about same when I work remotely,1.0,8.5,2.0,5.0,0.0,8.0,2.0,6.0,Neither agree nor disagree,Somewhat agree,Neither agree nor disagree,Strongly Positive,2021
849,1980,Male,Financial and Insurance,"Professionals - Legal, Social and Welfare Professionals",More than 200,Yes,Couple with dependent children,Between 1 and 5 years,Metro,60%,60%,40%,Strongly agree,Somewhat disagree,Strongly agree,Strongly agree,Somewhat agree,60%,60%,Somewhat unlikely,Somewhat unlikely,Somewhat unlikely,I’m 20% more productive when working remotely,2.0,9.0,3.0,2.0,0.0,9.0,4.0,3.0,Strongly agree,Neither agree nor disagree,Somewhat agree,Neither positive nor negative,2021
850,1972,Female,Manufacturing,Managers - Specialist Managers,Between 20 and 199,Yes,One parent family with dependent children,More than 5 years,Metro,Less than 10% of my time,Less than 10% of my time,Less than 10% of my time,Somewhat agree,Somewhat agree,Neither agree nor disagree,Somewhat agree,Somewhat agree,Less than 10% of my time,I would prefer not to work remotely,Neither unlikely or likely,Somewhat likely,Somewhat unlikely,I’m 10% more productive when working remotely,1.0,7.0,4.0,5.0,0.5,7.0,5.0,5.0,Neither agree nor disagree,Somewhat agree,Somewhat agree,Neither positive nor negative,2021
851,1967,Male,Education and Training,Professionals - Education Professionals,More than 200,Yes,Single person,More than 5 years,Regional,Rarely or never,30%,30%,Somewhat agree,Strongly disagree,Somewhat disagree,Somewhat agree,Strongly disagree,20%,20%,Very unlikely,Very unlikely,Very unlikely,I’m 20% more productive when working remotely,2.0,7.0,4.5,4.5,2.0,5.0,4.5,4.5,Somewhat agree,Somewhat agree,Somewhat disagree,Strongly Negative,2021
852,1958,Male,Manufacturing,Machinery operators and drivers - Machine and Stationary Plant Operators,Between 20 and 199,No,Couple with no dependent children,More than 5 years,Regional,Less than 10% of my time,Less than 10% of my time,Less than 10% of my time,Strongly disagree,Neither agree nor disagree,Strongly disagree,Neither agree nor disagree,Somewhat agree,50% - About half of my time,50% - About half of my time,Neither unlikely or likely,Neither unlikely or likely,Neither unlikely or likely,I’m 50% more productive when working remotely (or more),0.5,8.0,4.0,4.0,2.0,12.0,2.0,0.0,Strongly agree,Somewhat agree,Neither agree nor disagree,Neither positive nor negative,2021
853,1998,Female,Other Services,Sales workers - Sales Support Workers,Between 1 and 4,No,Couple with dependent children,Between 6 and 12 months,Metro,10%,20%,10%,Somewhat agree,Somewhat agree,Neither agree nor disagree,Somewhat agree,Somewhat agree,20%,30%,Somewhat likely,Somewhat likely,Somewhat likely,I’m 50% more productive when working remotely (or more),1.0,5.0,5.0,5.0,1.0,5.0,5.0,5.0,Neither agree nor disagree,Somewhat agree,Somewhat agree,Somewhat Positive,2021
854,1973,Male,Public Administration and Safety,"Professionals - Legal, Social and Welfare Professionals",More than 200,No,Single person,More than 5 years,Metro,50% - I spent about half of my time remote working,I would not have preferred to work remotely,30%,Somewhat disagree,Neither agree nor disagree,Neither agree nor disagree,Somewhat disagree,Somewhat agree,50% - About half of my time,30%,Somewhat unlikely,Neither unlikely or likely,Somewhat likely,I’m 20% less productive when working remotely,2.0,8.0,1.0,5.0,0.5,8.0,1.0,6.5,Somewhat disagree,Somewhat agree,Neither agree nor disagree,Neither positive nor negative,2021
855,1983,Male,Other Services,Managers - Specialist Managers,More than 200,Yes,Couple with dependent children,More than 5 years,Metro,20%,20%,20%,Somewhat disagree,Somewhat agree,Strongly agree,Somewhat agree,Somewhat agree,40%,20%,Somewhat unlikely,Somewhat unlikely,Somewhat unlikely,I’m 20% less productive when working remotely,3.0,10.0,3.0,2.0,0.5,9.0,5.0,2.5,Neither agree nor disagree,Somewhat disagree,Somewhat agree,Neither positive nor negative,2021
856,1988,Female,Health Care and Social Assistance,"Professionals - Legal, Social and Welfare Professionals",Between 20 and 199,Yes,Couple with no dependent children,Between 1 and 5 years,Metro,60%,90%,50% - I spent about half of my time remote working,Somewhat disagree,Somewhat disagree,Somewhat agree,Neither agree nor disagree,Somewhat agree,90%,90%,Somewhat unlikely,Neither unlikely or likely,Somewhat likely,I’m 40% more productive when working remotely,3.0,9.0,1.0,4.0,0.0,10.0,1.0,5.0,Strongly agree,Strongly agree,Somewhat disagree,Somewhat Positive,2021
857,1983,Male,Education and Training,Professionals - Education Professionals,More than 200,No,Couple with no dependent children,More than 5 years,Metro,20%,20%,20%,Neither agree nor disagree,Neither agree nor disagree,Neither agree nor disagree,Neither agree nor disagree,Neither agree nor disagree,50% - About half of my time,50% - About half of my time,Somewhat likely,Somewhat likely,Somewhat likely,I’m 50% more productive when working remotely (or more),3.0,8.0,3.0,2.0,0.0,8.0,4.0,4.0,Somewhat agree,Somewhat agree,Somewhat agree,Strongly Positive,2021
858,1993,Female,Arts and Recreation,Professionals - Arts and Media Professionals,I am a sole trader/owner-operator,No,Group household,Between 1 and 5 years,Metro,80%,I would not have preferred to work remotely,Rarely or never,Somewhat agree,Somewhat agree,Somewhat agree,Strongly agree,Somewhat agree,I would not have preferred to work remotely,20%,Somewhat unlikely,Somewhat likely,Somewhat unlikely,I’m 40% more productive when working remotely,2.5,9.0,2.0,2.5,5.0,10.0,3.0,3.0,Somewhat agree,Somewhat disagree,Strongly agree,Somewhat Positive,2021
859,1992,Male,Other Services,"Professionals - Design, Engineering, Science and Transport Professionals",Between 20 and 199,Yes,One parent family with dependent children,Between 1 and 5 years,Metro,30%,10%,10%,Neither agree nor disagree,Somewhat disagree,Somewhat agree,Neither agree nor disagree,Somewhat disagree,10%,Less than 10% of my time,Somewhat unlikely,Neither unlikely or likely,Somewhat likely,I’m 20% less productive when working remotely,5.0,8.0,2.0,2.0,6.0,8.0,1.0,2.0,Somewhat disagree,Neither agree nor disagree,Strongly agree,Somewhat Negative,2021
860,1983,Female,Other Services,Clerical and administrative workers - Other Clerical and Administrative Workers,Between 5 and 19,No,Couple with no dependent children,Between 1 and 5 years,Metro,Rarely or never,100% - All of my time,Less than 10% of my time,Strongly disagree,Strongly agree,Strongly disagree,Strongly disagree,Somewhat agree,50% - About half of my time,80%,Very unlikely,Very unlikely,Very unlikely,My productivity is about same when I work remotely,1.0,7.0,2.0,6.0,0.0,8.0,2.0,6.0,Strongly agree,Strongly agree,Somewhat agree,Strongly Negative,2021
861,1977,Male,Information Media and Telecommunications,"Technicians and trades workers - Engineering, ICT and Science Technicians",Between 20 and 199,No,Single person,Between 1 and 5 years,Metro,20%,20%,20%,Somewhat disagree,Somewhat agree,Neither agree nor disagree,Somewhat agree,Somewhat disagree,20%,Less than 10% of my time,Somewhat unlikely,Neither unlikely or likely,Somewhat unlikely,My productivity is about same when I work remotely,2.0,8.0,0.0,6.0,0.5,8.0,0.0,7.5,Neither agree nor disagree,Neither agree nor disagree,Strongly agree,Neither positive nor negative,2021
862,1992,Male,"Electricity, Gas, Water and Waste","Managers - Chief Executives, General Managers and Legislators",I am a sole trader/owner-operator,Yes,Group household,Between 6 and 12 months,Metro,50% - I spent about half of my time remote working,50% - About half of my time,50% - I spent about half of my time remote working,Strongly agree,Strongly agree,Strongly agree,Strongly agree,Strongly agree,50% - About half of my time,50% - About half of my time,Very likely,Very likely,Very likely,I’m 50% more productive when working remotely (or more),6.0,6.0,5.0,1.0,6.0,6.0,4.0,2.0,Strongly agree,Strongly agree,Strongly agree,Strongly Positive,2021
863,1982,Female,Public Administration and Safety,Professionals - Arts and Media Professionals,More than 200,No,One parent family with dependent children,Between 1 and 5 years,Regional,60%,70%,40%,Somewhat disagree,Somewhat disagree,Somewhat agree,Somewhat agree,Somewhat agree,60%,60%,Somewhat unlikely,Somewhat unlikely,Somewhat unlikely,I’m 20% less productive when working remotely,2.0,7.0,5.0,2.0,0.0,7.0,4.0,5.0,Somewhat agree,Somewhat disagree,Somewhat disagree,Somewhat Positive,2021
864,1978,Male,Information Media and Telecommunications,Managers - Specialist Managers,More than 200,Yes,Multiple family household,More than 5 years,Metro,100% - I spent all of my time remote working,100% - All of my time,100% - I spent all of my time remote working,Strongly agree,Somewhat agree,Strongly agree,Somewhat agree,Somewhat agree,100% - All of my time,50% - About half of my time,Somewhat unlikely,Somewhat unlikely,Neither unlikely or likely,I’m 50% more productive when working remotely (or more),3.0,8.0,3.0,2.0,0.0,10.0,4.0,2.0,Somewhat agree,Neither agree nor disagree,Neither agree nor disagree,Neither positive nor negative,2021
865,1980,Female,Construction,"Managers - Chief Executives, General Managers and Legislators",Between 20 and 199,Yes,Couple with dependent children,More than 5 years,Regional,60%,80%,60%,Somewhat disagree,Somewhat agree,Strongly disagree,Somewhat agree,Strongly agree,80%,40%,Somewhat unlikely,Neither unlikely or likely,Somewhat unlikely,I’m 30% more productive when working remotely,2.0,8.0,2.0,4.0,0.0,9.0,3.0,4.0,Somewhat agree,Somewhat agree,Neither agree nor disagree,Somewhat Positive,2021
866,1989,Male,Other Services,Sales workers - Sales Representatives and Agents,More than 200,No,Couple with no dependent children,More than 5 years,Metro,90%,100% - All of my time,100% - I spent all of my time remote working,Strongly agree,Strongly agree,Strongly agree,Somewhat agree,Strongly agree,100% - All of my time,100% - All of my time,Neither unlikely or likely,Neither unlikely or likely,Somewhat unlikely,I’m 10% less productive when working remotely,0.0,8.0,0.0,8.0,,8.0,,7.0,Neither agree nor disagree,Neither agree nor disagree,Somewhat agree,Somewhat Positive,2021
867,1992,Female,Retail Trade,Clerical and administrative workers - General Clerical Workers,More than 200,No,Single person,Between 1 and 5 years,Metro,80%,100% - All of my time,Rarely or never,Strongly disagree,Strongly agree,Strongly disagree,Strongly disagree,Strongly agree,100% - All of my time,100% - All of my time,Very unlikely,Very unlikely,Very unlikely,I’m 50% more productive when working remotely (or more),3.5,8.0,2.0,2.0,0.5,8.0,1.5,6.0,Strongly agree,Strongly agree,Strongly disagree,Strongly Negative,2021
868,1957,Female,Education and Training,Professionals - Education Professionals,Between 20 and 199,No,Couple with no dependent children,More than 5 years,Metro,Less than 10% of my time,I would not have preferred to work remotely,Rarely or never,Neither agree nor disagree,Strongly agree,Strongly disagree,Neither agree nor disagree,Strongly agree,I would not have preferred to work remotely,50% - About half of my time,Very unlikely,Very unlikely,Very unlikely,I’m 30% more productive when working remotely,3.0,8.0,4.0,3.0,3.0,7.0,4.0,4.0,Strongly agree,Somewhat agree,Somewhat agree,Strongly Positive,2021
869,1961,Female,Public Administration and Safety,"Professionals - Business, Human Resource and Marketing Professionals",More than 200,No,Couple with no dependent children,Between 6 and 12 months,Metro,100% - I spent all of my time remote working,100% - All of my time,100% - I spent all of my time remote working,Strongly agree,Strongly agree,Somewhat agree,Strongly agree,Strongly agree,100% - All of my time,80%,Somewhat likely,Very likely,Somewhat likely,I’m 30% more productive when working remotely,2.5,8.0,3.0,3.0,0.5,8.0,4.0,4.0,Somewhat agree,Somewhat agree,Neither agree nor disagree,Strongly Positive,2021
870,1957,Male,Education and Training,Professionals - Education Professionals,More than 200,No,Couple with no dependent children,More than 5 years,Metro,Rarely or never,I would not have preferred to work remotely,Rarely or never,Somewhat disagree,Strongly agree,Strongly disagree,Somewhat disagree,Neither agree nor disagree,I would not have preferred to work remotely,20%,Very unlikely,Very unlikely,Very unlikely,My productivity is about same when I work remotely,4.0,8.0,1.0,4.0,4.0,8.0,1.0,4.0,Neither agree nor disagree,Neither agree nor disagree,Somewhat agree,Somewhat Positive,2021
871,1963,Female,"Professional, Scientific and Technical",Clerical and administrative workers - Personal Assistants and Secretaries,More than 200,No,Couple with dependent children,More than 5 years,Metro,100% - I spent all of my time remote working,100% - All of my time,100% - I spent all of my time remote working,Strongly agree,Strongly agree,Strongly agree,Strongly agree,Strongly agree,100% - All of my time,60%,Somewhat likely,Somewhat likely,Somewhat likely,I’m 20% more productive when working remotely,2.0,10.0,3.0,2.0,2.0,10.0,3.0,2.0,Neither agree nor disagree,Neither agree nor disagree,Neither agree nor disagree,Strongly Positive,2021
872,1974,Male,Wholesale Trade,"Professionals - Design, Engineering, Science and Transport Professionals",More than 200,No,Couple with dependent children,Between 6 and 12 months,Metro,10%,Less than 10% of my time,Less than 10% of my time,Somewhat agree,Somewhat agree,Somewhat agree,Somewhat agree,Somewhat agree,Less than 10% of my time,I would prefer not to work remotely,Somewhat likely,Somewhat likely,Somewhat likely,My productivity is about same when I work remotely,1.5,7.6,4.0,2.0,0.0,8.0,4.0,3.0,Somewhat agree,Neither agree nor disagree,Somewhat agree,Somewhat Positive,2021
873,1961,Male,"Professional, Scientific and Technical",Professionals - Education Professionals,Between 1 and 4,No,Couple with no dependent children,Between 1 and 5 years,Metro,100% - I spent all of my time remote working,100% - All of my time,100% - I spent all of my time remote working,Somewhat agree,Somewhat agree,Somewhat agree,Somewhat agree,Somewhat agree,100% - All of my time,60%,Somewhat likely,Somewhat likely,Somewhat likely,My productivity is about same when I work remotely,0.0,8.0,5.0,3.0,0.0,8.0,3.0,5.0,Neither agree nor disagree,Neither agree nor disagree,Neither agree nor disagree,Somewhat Positive,2021
874,1980,Male,Information Media and Telecommunications,"Managers - Chief Executives, General Managers and Legislators",I am a sole trader/owner-operator,Yes,Couple with dependent children,More than 5 years,Regional,100% - I spent all of my time remote working,100% - All of my time,100% - I spent all of my time remote working,Somewhat agree,Strongly agree,Strongly agree,Somewhat agree,Strongly agree,100% - All of my time,90%,Somewhat likely,Very likely,Very likely,My productivity is about same when I work remotely,4.0,7.0,3.0,4.0,4.0,7.0,3.0,4.0,Strongly agree,Somewhat agree,Strongly agree,Strongly Positive,2021
875,1996,Male,Retail Trade,Sales workers - Sales Assistants and Salespersons,Between 5 and 19,No,Couple with dependent children,More than 5 years,Regional,Rarely or never,90%,Rarely or never,Strongly disagree,Strongly disagree,Strongly disagree,Neither agree nor disagree,Neither agree nor disagree,90%,90%,Very unlikely,Very unlikely,Very unlikely,I’m 20% less productive when working remotely,1.0,9.0,2.0,4.0,0.5,9.0,2.5,4.0,Somewhat disagree,Somewhat agree,Neither agree nor disagree,Neither positive nor negative,2021
876,1988,Female,"Professional, Scientific and Technical","Managers - Chief Executives, General Managers and Legislators",More than 200,Yes,Single person,More than 5 years,Metro,80%,50% - About half of my time,80%,Strongly agree,Strongly agree,Strongly agree,Strongly agree,Strongly agree,50% - About half of my time,50% - About half of my time,Neither unlikely or likely,Neither unlikely or likely,Neither unlikely or likely,I’m 20% less productive when working remotely,1.0,12.0,1.0,4.0,0.0,12.0,1.0,5.0,Strongly agree,Strongly agree,Strongly agree,Strongly Positive,2021
877,1970,Female,Other Services,Community and personal service workers - Hospitality Workers,Between 5 and 19,Yes,Single person,Between 1 and 5 years,Metro,80%,70%,70%,Somewhat agree,Somewhat agree,Somewhat agree,Somewhat agree,Somewhat agree,60%,50% - About half of my time,Somewhat likely,Somewhat likely,Somewhat likely,I’m 10% more productive when working remotely,1.0,7.0,4.0,4.0,1.0,7.0,3.0,4.0,Somewhat agree,Somewhat agree,Neither agree nor disagree,Somewhat Positive,2021
878,1958,Male,Manufacturing,Clerical and administrative workers - Numerical Clerks,Between 20 and 199,Yes,Single person,Between 1 and 5 years,Regional,Rarely or never,50% - About half of my time,Rarely or never,Strongly disagree,Somewhat agree,Strongly disagree,Somewhat agree,Somewhat agree,50% - About half of my time,50% - About half of my time,Neither unlikely or likely,Neither unlikely or likely,Somewhat likely,My productivity is about same when I work remotely,1.0,12.0,2.0,3.0,0.5,10.0,4.0,2.5,Neither agree nor disagree,Neither agree nor disagree,Somewhat agree,Neither positive nor negative,2021
879,1995,Male,"Electricity, Gas, Water and Waste",Technicians and trades workers - Construction Trades Workers,Between 20 and 199,Yes,One parent family with dependent children,More than 5 years,Regional,70%,50% - About half of my time,70%,Somewhat agree,Somewhat agree,Neither agree nor disagree,Strongly agree,Somewhat disagree,30%,90%,Somewhat unlikely,Neither unlikely or likely,Somewhat unlikely,I’m 40% more productive when working remotely,2.0,6.0,4.0,4.0,8.0,6.0,2.0,2.0,Somewhat agree,Somewhat agree,Somewhat agree,Strongly Positive,2021
880,1973,Male,Manufacturing,"Managers - Chief Executives, General Managers and Legislators",More than 200,Yes,Couple with dependent children,Between 6 and 12 months,Metro,60%,60%,50% - I spent about half of my time remote working,Somewhat agree,Somewhat agree,Strongly agree,Strongly agree,Strongly agree,50% - About half of my time,40%,Very unlikely,Neither unlikely or likely,Neither unlikely or likely,I’m 10% more productive when working remotely,1.0,11.0,2.0,3.0,0.0,12.0,2.0,3.0,Neither agree nor disagree,Somewhat agree,Somewhat agree,Strongly Positive,2021
881,1970,Female,Financial and Insurance,"Professionals - Business, Human Resource and Marketing Professionals",More than 200,No,Couple with no dependent children,More than 5 years,Metro,100% - I spent all of my time remote working,100% - All of my time,100% - I spent all of my time remote working,Strongly agree,Somewhat agree,Somewhat agree,Strongly agree,Strongly agree,100% - All of my time,90%,Somewhat unlikely,Somewhat likely,Somewhat likely,I’m 20% more productive when working remotely,1.0,8.0,3.0,4.0,0.3,8.0,3.0,4.69,Somewhat agree,Somewhat disagree,Somewhat disagree,Somewhat Positive,2021
882,1980,Male,Information Media and Telecommunications,"Managers - Chief Executives, General Managers and Legislators",More than 200,Yes,One parent family with dependent children,More than 5 years,Regional,100% - I spent all of my time remote working,100% - All of my time,100% - I spent all of my time remote working,Strongly agree,Strongly agree,Strongly agree,Strongly agree,Somewhat agree,100% - All of my time,90%,Very likely,Very likely,Somewhat likely,My productivity is about same when I work remotely,4.0,7.0,3.0,4.0,4.0,7.0,3.0,4.0,Strongly agree,Somewhat agree,Strongly agree,Strongly Positive,2021
883,1973,Female,Information Media and Telecommunications,Professionals - ICT Professionals,Between 20 and 199,No,Couple with no dependent children,Between 1 and 5 years,Metro,70%,100% - All of my time,80%,Strongly disagree,Somewhat agree,Strongly agree,Strongly disagree,Strongly agree,80%,100% - All of my time,Neither unlikely or likely,Neither unlikely or likely,Very unlikely,I’m 50% more productive when working remotely (or more),0.5,8.0,2.0,5.5,0.0,10.0,2.0,4.0,Strongly agree,Strongly agree,Strongly agree,Somewhat Negative,2021
884,1989,Male,Retail Trade,"Managers - Chief Executives, General Managers and Legislators",More than 200,Yes,Couple with no dependent children,More than 5 years,Metro,60%,90%,40%,Neither agree nor disagree,Neither agree nor disagree,Neither agree nor disagree,Neither agree nor disagree,Neither agree nor disagree,80%,80%,Neither unlikely or likely,Neither unlikely or likely,Neither unlikely or likely,I’m 50% more productive when working remotely (or more),1.0,8.0,4.0,2.0,0.5,9.0,3.0,3.0,Somewhat agree,Somewhat agree,Somewhat agree,Somewhat Negative,2021
885,1995,Female,Health Care and Social Assistance,Technicians and trades workers - Skilled Animal and Horticultural Workers,More than 200,No,One parent family with dependent children,Between 1 and 5 years,Metro,20%,50% - About half of my time,Less than 10% of my time,Neither agree nor disagree,Somewhat disagree,Neither agree nor disagree,Neither agree nor disagree,Neither agree nor disagree,50% - About half of my time,50% - About half of my time,Somewhat likely,Somewhat likely,Neither unlikely or likely,My productivity is about same when I work remotely,2.0,8.0,2.0,3.0,0.0,8.0,2.0,5.0,Neither agree nor disagree,Somewhat disagree,Neither agree nor disagree,Neither positive nor negative,2021
886,1973,Female,"Transport, Postal and Warehousing","Professionals - Design, Engineering, Science and Transport Professionals",More than 200,No,Multiple family household,More than 5 years,Metro,100% - I spent all of my time remote working,100% - All of my time,100% - I spent all of my time remote working,Strongly agree,Strongly agree,Strongly agree,Neither agree nor disagree,Strongly agree,100% - All of my time,100% - All of my time,Somewhat likely,Somewhat likely,Somewhat unlikely,My productivity is about same when I work remotely,2.5,7.5,1.0,4.0,0.5,7.5,4.0,4.0,Somewhat agree,Strongly agree,Neither agree nor disagree,Strongly Positive,2021
887,1997,Female,Financial and Insurance,Clerical and administrative workers - General Clerical Workers,More than 200,No,Couple with no dependent children,Between 1 and 5 years,Metro,100% - I spent all of my time remote working,100% - All of my time,60%,Neither agree nor disagree,Somewhat agree,Neither agree nor disagree,Somewhat disagree,Somewhat agree,80%,100% - All of my time,Very unlikely,Somewhat unlikely,Very unlikely,My productivity is about same when I work remotely,4.0,8.0,2.0,2.0,1.0,8.0,4.0,4.0,Strongly agree,Somewhat agree,Somewhat disagree,Somewhat Negative,2021
888,1974,Male,Financial and Insurance,Managers - Specialist Managers,More than 200,Yes,Couple with dependent children,Between 1 and 5 years,Metro,90%,60%,80%,Strongly agree,Somewhat agree,Neither agree nor disagree,Strongly agree,Neither agree nor disagree,20%,60%,Somewhat likely,Neither unlikely or likely,Very likely,I’m 20% less productive when working remotely,1.5,10.0,2.0,3.5,0.0,12.0,2.0,3.0,Somewhat disagree,Neither agree nor disagree,Strongly agree,Neither positive nor negative,2021
889,1967,Male,Financial and Insurance,Clerical and administrative workers - Other Clerical and Administrative Workers,More than 200,No,Single person,Between 1 and 5 years,Regional,100% - I spent all of my time remote working,100% - All of my time,100% - I spent all of my time remote working,Somewhat agree,Somewhat agree,Somewhat agree,Somewhat agree,Somewhat agree,100% - All of my time,100% - All of my time,Neither unlikely or likely,Neither unlikely or likely,Somewhat likely,I’m 30% less productive when working remotely,5.0,8.0,1.0,2.0,1.0,8.0,1.0,6.0,Somewhat agree,Somewhat agree,Neither agree nor disagree,Strongly Positive,2021
890,1967,Female,Other Services,"Professionals - Legal, Social and Welfare Professionals",More than 200,No,Couple with dependent children,More than 5 years,Metro,100% - I spent all of my time remote working,100% - All of my time,100% - I spent all of my time remote working,Somewhat agree,Strongly agree,Somewhat agree,Somewhat agree,Somewhat agree,100% - All of my time,70%,Somewhat likely,Neither unlikely or likely,Somewhat likely,My productivity is about same when I work remotely,1.5,7.5,1.5,5.5,0.0,8.0,1.5,6.5,Somewhat agree,Neither agree nor disagree,Neither agree nor disagree,Strongly Positive,2021
891,1967,Male,Retail Trade,Managers - Specialist Managers,Between 5 and 19,Yes,Couple with dependent children,More than 5 years,Metro,20%,20%,20%,Strongly agree,Strongly agree,Somewhat agree,Strongly agree,Strongly agree,20%,20%,Neither unlikely or likely,Very likely,Neither unlikely or likely,I’m 30% more productive when working remotely,0.5,8.0,1.0,7.5,0.0,8.0,1.0,8.0,Neither agree nor disagree,Neither agree nor disagree,Neither agree nor disagree,Strongly Positive,2021
892,1983,Male,Arts and Recreation,Professionals - Arts and Media Professionals,More than 200,Yes,Couple with no dependent children,More than 5 years,Metro,20%,I would not have preferred to work remotely,Less than 10% of my time,Somewhat disagree,Somewhat agree,Somewhat disagree,Neither agree nor disagree,Somewhat disagree,I would not have preferred to work remotely,I would prefer not to work remotely,Somewhat unlikely,Somewhat unlikely,Somewhat unlikely,I’m 10% more productive when working remotely,2.0,7.0,4.0,4.0,0.0,8.0,6.0,4.0,Neither agree nor disagree,Neither agree nor disagree,Strongly agree,Neither positive nor negative,2021
893,1957,Male,Arts and Recreation,Clerical and administrative workers - Clerical and Office Support Workers,Between 5 and 19,No,Couple with no dependent children,More than 5 years,Regional,100% - I spent all of my time remote working,100% - All of my time,100% - I spent all of my time remote working,Strongly agree,Strongly agree,Strongly agree,Strongly agree,Strongly agree,100% - All of my time,100% - All of my time,Very likely,Very unlikely,Very likely,I’m 50% more productive when working remotely (or more),0.5,0.0,2.0,12.5,0.5,11.0,2.0,3.0,Strongly agree,Strongly agree,Neither agree nor disagree,Strongly Positive,2021
894,1996,Female,"Electricity, Gas, Water and Waste",Professionals - ICT Professionals,More than 200,No,Couple with dependent children,Between 1 and 5 years,Metro,80%,80%,70%,Somewhat agree,Strongly agree,Neither agree nor disagree,Somewhat agree,Strongly agree,80%,80%,Neither unlikely or likely,Somewhat likely,Very likely,I’m 50% more productive when working remotely (or more),3.0,8.0,2.0,4.0,0.5,8.5,3.0,5.0,Strongly agree,Strongly agree,Neither agree nor disagree,Somewhat Positive,2021
895,1996,Female,"Electricity, Gas, Water and Waste",Labourers - Cleaners and Laundry Workers,Between 20 and 199,No,Single person,Between 6 and 12 months,Regional,100% - I spent all of my time remote working,100% - All of my time,100% - I spent all of my time remote working,Somewhat agree,Neither agree nor disagree,Somewhat agree,Neither agree nor disagree,Somewhat agree,100% - All of my time,100% - All of my time,Neither unlikely or likely,Neither unlikely or likely,Neither unlikely or likely,I’m 50% more productive when working remotely (or more),2.0,4.0,3.0,6.0,2.0,4.0,3.0,6.0,Somewhat disagree,Somewhat disagree,Somewhat disagree,Somewhat Positive,2021
896,1974,Male,"Professional, Scientific and Technical",Professionals - Arts and Media Professionals,Between 5 and 19,Yes,Couple with no dependent children,More than 5 years,Metro,Rarely or never,I would not have preferred to work remotely,Less than 10% of my time,Somewhat disagree,Somewhat agree,Somewhat agree,Somewhat agree,Strongly disagree,I would not have preferred to work remotely,I would prefer not to work remotely,Very unlikely,Somewhat unlikely,Somewhat unlikely,My productivity is about same when I work remotely,1.0,9.0,2.0,3.0,0.5,9.0,2.0,3.0,Somewhat disagree,Strongly disagree,Strongly agree,Somewhat Positive,2021
897,1973,Female,Other Services,Managers - Specialist Managers,Between 20 and 199,Yes,Single person,More than 5 years,Metro,80%,80%,70%,Strongly agree,Somewhat disagree,Strongly disagree,Somewhat disagree,Strongly agree,80%,40%,Somewhat likely,Somewhat unlikely,Neither unlikely or likely,I’m 10% more productive when working remotely,1.5,8.5,1.5,4.5,0.5,8.5,1.5,5.0,Somewhat agree,Somewhat disagree,Somewhat agree,Somewhat Negative,2021
898,1974,Female,Financial and Insurance,Clerical and administrative workers - Numerical Clerks,Between 20 and 199,No,Couple with dependent children,More than 5 years,Metro,Less than 10% of my time,50% - About half of my time,Less than 10% of my time,Somewhat agree,Somewhat agree,Somewhat agree,Somewhat agree,Neither agree nor disagree,50% - About half of my time,30%,Neither unlikely or likely,Somewhat likely,Neither unlikely or likely,I’m 10% more productive when working remotely,3.0,7.5,3.0,3.5,0.5,8.0,3.0,5.5,Somewhat agree,Somewhat disagree,Somewhat agree,Neither positive nor negative,2021
899,1962,Male,Manufacturing,Technicians and trades workers - Construction Trades Workers,More than 200,No,Couple with no dependent children,More than 5 years,Metro,Rarely or never,I would not have preferred to work remotely,Rarely or never,Strongly agree,Somewhat disagree,Neither agree nor disagree,Strongly disagree,Strongly disagree,I would not have preferred to work remotely,I would prefer not to work remotely,Very unlikely,Very unlikely,Somewhat unlikely,I’m 40% more productive when working remotely,0.5,18.0,0.5,2.0,16.0,3.0,2.0,2.0,Somewhat agree,Somewhat agree,Somewhat disagree,Neither positive nor negative,2021
900,1969,Male,"Transport, Postal and Warehousing",Clerical and administrative workers - Office Managers and Program Administrators,More than 200,No,Couple with dependent children,Between 6 and 12 months,Metro,90%,90%,90%,Strongly agree,Strongly agree,Strongly agree,Strongly agree,Strongly agree,90%,90%,Somewhat likely,Somewhat likely,Somewhat likely,My productivity is about same when I work remotely,1.5,8.0,3.5,3.0,0.0,9.0,3.0,4.0,Neither agree nor disagree,Neither agree nor disagree,Neither agree nor disagree,Strongly Positive,2021
901,2000,Female,"Professional, Scientific and Technical","Professionals - Business, Human Resource and Marketing Professionals",More than 200,No,One parent family with dependent children,Between 1 and 5 years,Metro,80%,80%,50% - I spent about half of my time remote working,Strongly agree,Strongly agree,Strongly agree,Strongly agree,Neither agree nor disagree,50% - About half of my time,40%,Very likely,Very likely,Very likely,I’m 10% less productive when working remotely,1.0,8.0,3.0,6.0,0.0,8.0,3.0,6.0,Neither agree nor disagree,Neither agree nor disagree,Somewhat agree,Strongly Positive,2021
902,1968,Male,Information Media and Telecommunications,"Managers - Chief Executives, General Managers and Legislators",Between 5 and 19,Yes,Couple with dependent children,Between 1 and 5 years,Metro,100% - I spent all of my time remote working,100% - All of my time,100% - I spent all of my time remote working,Strongly agree,Strongly agree,Strongly agree,Strongly agree,Strongly agree,100% - All of my time,100% - All of my time,Very likely,Very likely,Somewhat unlikely,I’m 40% more productive when working remotely,0.0,9.0,3.0,4.0,0.0,9.0,3.0,4.0,Neither agree nor disagree,Somewhat agree,Neither agree nor disagree,Strongly Positive,2021
903,1980,Female,Other Services,Clerical and administrative workers - Inquiry Clerks and Receptionists,Between 20 and 199,No,One parent family with dependent children,More than 5 years,Metro,20%,20%,20%,Strongly agree,Somewhat agree,Somewhat agree,Strongly agree,Somewhat agree,20%,10%,Somewhat likely,Somewhat likely,Very likely,I’m 40% more productive when working remotely,3.0,10.0,3.0,2.0,0.1,10.0,3.0,4.9,Strongly agree,Somewhat agree,Neither agree nor disagree,Strongly Positive,2021
904,1987,Female,Financial and Insurance,"Professionals - Business, Human Resource and Marketing Professionals",Between 5 and 19,No,Couple with dependent children,Between 6 and 12 months,Metro,Rarely or never,20%,50% - I spent about half of my time remote working,Somewhat disagree,Somewhat agree,Somewhat agree,Strongly agree,Somewhat disagree,50% - About half of my time,50% - About half of my time,Somewhat likely,Very likely,Somewhat likely,I’m 20% more productive when working remotely,3.0,8.0,6.0,1.0,0.0,8.0,8.0,2.0,Somewhat agree,Somewhat agree,Somewhat agree,Strongly Positive,2021
905,1961,Female,Financial and Insurance,Professionals - ICT Professionals,More than 200,No,Single person,Between 1 and 5 years,Metro,100% - I spent all of my time remote working,100% - All of my time,100% - I spent all of my time remote working,Strongly agree,Strongly agree,Strongly agree,Strongly agree,Strongly agree,100% - All of my time,90%,Somewhat likely,Somewhat likely,Somewhat likely,I’m 20% more productive when working remotely,3.0,9.0,1.0,3.0,0.5,10.0,1.0,4.5,Strongly agree,Strongly agree,Somewhat disagree,Somewhat Negative,2021
906,1969,Male,Information Media and Telecommunications,Professionals - ICT Professionals,More than 200,No,Couple with dependent children,More than 5 years,Metro,100% - I spent all of my time remote working,100% - All of my time,100% - I spent all of my time remote working,Strongly agree,Strongly agree,Strongly agree,Strongly agree,Strongly agree,100% - All of my time,90%,Somewhat likely,Somewhat likely,Very likely,I’m 50% more productive when working remotely (or more),3.0,5.0,5.0,5.0,0.0,7.5,5.0,5.0,Neither agree nor disagree,Neither agree nor disagree,Somewhat agree,Strongly Positive,2021
907,1985,Female,Health Care and Social Assistance,"Professionals - Legal, Social and Welfare Professionals",More than 200,No,Couple with dependent children,More than 5 years,Metro,60%,80%,30%,Strongly disagree,Somewhat agree,Neither agree nor disagree,Strongly disagree,Strongly agree,60%,50% - About half of my time,Very unlikely,Very unlikely,Very unlikely,I’m 50% more productive when working remotely (or more),2.5,8.0,2.5,4.0,0.5,8.0,3.0,5.5,Strongly agree,Neither agree nor disagree,Neither agree nor disagree,Strongly Negative,2021
908,1963,Male,Financial and Insurance,Managers - Specialist Managers,More than 200,Yes,Couple with no dependent children,More than 5 years,Metro,100% - I spent all of my time remote working,100% - All of my time,100% - I spent all of my time remote working,Somewhat disagree,Somewhat agree,Neither agree nor disagree,Somewhat agree,Strongly agree,60%,60%,Neither unlikely or likely,Neither unlikely or likely,Neither unlikely or likely,My productivity is about same when I work remotely,0.0,13.0,1.0,6.0,0.0,13.0,1.0,6.0,Neither agree nor disagree,Neither agree nor disagree,Neither agree nor disagree,Strongly Positive,2021
909,1983,Female,"Professional, Scientific and Technical",Managers - Specialist Managers,Between 20 and 199,Yes,Couple with dependent children,More than 5 years,Regional,70%,50% - About half of my time,60%,Neither agree nor disagree,Somewhat agree,Strongly agree,Strongly agree,Neither agree nor disagree,40%,50% - About half of my time,Somewhat unlikely,Neither unlikely or likely,Somewhat unlikely,I’m 10% more productive when working remotely,2.0,8.0,3.0,4.0,0.0,8.0,4.0,5.0,Neither agree nor disagree,Somewhat agree,Somewhat agree,Somewhat Positive,2021
910,1965,Male,Information Media and Telecommunications,Managers - Specialist Managers,Between 20 and 199,No,Couple with no dependent children,More than 5 years,Metro,90%,50% - About half of my time,90%,Neither agree nor disagree,Somewhat agree,Somewhat agree,Strongly agree,Strongly agree,50% - About half of my time,40%,Very likely,Somewhat likely,Very likely,My productivity is about same when I work remotely,2.0,10.0,2.0,4.0,0.5,11.0,2.0,4.5,Neither agree nor disagree,Somewhat agree,Somewhat agree,Strongly Positive,2021
911,1986,Male,"Professional, Scientific and Technical",Technicians and trades workers - Automotive and Engineering Trades Workers,More than 200,No,Couple with dependent children,Between 6 and 12 months,Regional,100% - I spent all of my time remote working,100% - All of my time,100% - I spent all of my time remote working,Somewhat agree,Somewhat agree,Somewhat agree,Somewhat agree,Somewhat agree,100% - All of my time,100% - All of my time,Neither unlikely or likely,Somewhat unlikely,Neither unlikely or likely,I’m 50% more productive when working remotely (or more),8.0,8.0,1.0,1.0,2.0,10.0,2.0,2.0,Neither agree nor disagree,Neither agree nor disagree,Neither agree nor disagree,Somewhat Positive,2021
912,1975,Female,Health Care and Social Assistance,Managers - Specialist Managers,I am a sole trader/owner-operator,No,Single person,Between 1 and 5 years,Metro,50% - I spent about half of my time remote working,50% - About half of my time,50% - I spent about half of my time remote working,Strongly agree,Strongly agree,Strongly disagree,Strongly agree,Strongly disagree,50% - About half of my time,50% - About half of my time,Very unlikely,Very unlikely,Very unlikely,I’m 50% more productive when working remotely (or more),8.0,2.0,1.0,8.0,8.0,2.0,1.0,8.0,Strongly agree,Strongly agree,Strongly disagree,Strongly Positive,2021
913,1981,Male,Public Administration and Safety,"Managers - Chief Executives, General Managers and Legislators",More than 200,Yes,Couple with dependent children,Between 1 and 5 years,Metro,90%,90%,80%,Strongly agree,Somewhat agree,Neither agree nor disagree,Somewhat agree,Neither agree nor disagree,80%,80%,Somewhat unlikely,Somewhat likely,Somewhat likely,My productivity is about same when I work remotely,3.5,7.0,2.5,4.0,0.5,7.0,4.5,5.0,Neither agree nor disagree,Somewhat disagree,Neither agree nor disagree,Strongly Positive,2021
914,1995,Male,Financial and Insurance,Clerical and administrative workers - Other Clerical and Administrative Workers,I am a sole trader/owner-operator,No,Couple with dependent children,Between 1 and 5 years,Metro,20%,20%,10%,Somewhat agree,Neither agree nor disagree,Somewhat agree,Somewhat agree,Somewhat agree,20%,20%,Somewhat unlikely,Neither unlikely or likely,Neither unlikely or likely,I’m 30% more productive when working remotely,5.0,6.0,4.0,3.0,4.0,6.0,4.0,5.0,Neither agree nor disagree,Somewhat agree,Somewhat agree,Neither positive nor negative,2021
915,1977,Female,Financial and Insurance,Sales workers - Sales Representatives and Agents,More than 200,No,Multiple family household,More than 5 years,Metro,100% - I spent all of my time remote working,100% - All of my time,100% - I spent all of my time remote working,Strongly agree,Strongly agree,Somewhat agree,Somewhat agree,Strongly agree,100% - All of my time,100% - All of my time,Somewhat likely,Neither unlikely or likely,Very likely,I’m 30% more productive when working remotely,0.0,7.5,5.0,3.5,,7.5,5.0,3.5,Strongly agree,Strongly agree,Neither agree nor disagree,Strongly Positive,2021
916,1972,Male,Manufacturing,Technicians and trades workers - Automotive and Engineering Trades Workers,Between 1 and 4,Yes,Other one family household,Between 1 and 5 years,Metro,50% - I spent about half of my time remote working,20%,30%,Somewhat disagree,Neither agree nor disagree,Neither agree nor disagree,Strongly disagree,Somewhat disagree,30%,50% - About half of my time,Very unlikely,Somewhat unlikely,Somewhat unlikely,I’m 20% more productive when working remotely,1.0,8.0,4.0,2.0,4.0,8.0,4.0,4.0,Somewhat disagree,Somewhat disagree,Neither agree nor disagree,Somewhat Positive,2021
917,1960,Female,Financial and Insurance,Clerical and administrative workers - Office Managers and Program Administrators,More than 200,No,Single person,More than 5 years,Metro,100% - I spent all of my time remote working,100% - All of my time,100% - I spent all of my time remote working,Strongly agree,Strongly agree,Strongly agree,Strongly agree,Strongly agree,100% - All of my time,60%,Very likely,Very likely,Very likely,I’m 50% more productive when working remotely (or more),1.5,11.0,1.5,4.0,0.0,11.0,1.5,5.5,Strongly agree,Strongly agree,Neither agree nor disagree,Strongly Positive,2021
918,1967,Female,Public Administration and Safety,Managers - Specialist Managers,Between 20 and 199,Yes,Couple with no dependent children,Between 1 and 5 years,Regional,Less than 10% of my time,50% - About half of my time,Rarely or never,Strongly disagree,Strongly disagree,Somewhat agree,Strongly disagree,Strongly agree,50% - About half of my time,50% - About half of my time,Very unlikely,Very unlikely,Very unlikely,I’m 10% more productive when working remotely,3.0,9.0,3.0,2.0,1.0,10.0,3.0,3.0,Somewhat agree,Somewhat agree,Somewhat disagree,Strongly Negative,2021
919,1989,Male,Financial and Insurance,Sales workers - Sales Representatives and Agents,More than 200,No,Couple with no dependent children,Between 1 and 5 years,Metro,50% - I spent about half of my time remote working,50% - About half of my time,50% - I spent about half of my time remote working,Somewhat agree,Somewhat agree,Somewhat agree,Somewhat agree,Somewhat agree,50% - About half of my time,40%,Neither unlikely or likely,Neither unlikely or likely,Neither unlikely or likely,My productivity is about same when I work remotely,1.0,12.0,2.0,2.0,1.0,12.0,2.0,2.0,Neither agree nor disagree,Neither agree nor disagree,Neither agree nor disagree,Neither positive nor negative,2021
920,1985,Male,Retail Trade,Community and personal service workers - Hospitality Workers,Between 5 and 19,No,Couple with dependent children,More than 5 years,Metro,50% - I spent about half of my time remote working,100% - All of my time,20%,Somewhat agree,Somewhat agree,Somewhat agree,Somewhat agree,Somewhat agree,80%,50% - About half of my time,Somewhat likely,Somewhat likely,Somewhat likely,I’m 50% more productive when working remotely (or more),,10.0,,14.0,,24.0,,,Somewhat agree,Somewhat agree,Somewhat agree,Neither positive nor negative,2021
921,1965,Male,"Professional, Scientific and Technical",Professionals - ICT Professionals,More than 200,No,Couple with no dependent children,More than 5 years,Regional,50% - I spent about half of my time remote working,20%,40%,Somewhat agree,Strongly agree,Somewhat agree,Strongly agree,Somewhat agree,20%,20%,Neither unlikely or likely,Neither unlikely or likely,Neither unlikely or likely,My productivity is about same when I work remotely,1.0,7.0,2.0,6.0,0.5,6.0,3.0,6.5,Neither agree nor disagree,Neither agree nor disagree,Somewhat agree,Somewhat Positive,2021
922,1973,Male,Construction,Managers - Specialist Managers,Between 1 and 4,No,Couple with dependent children,More than 5 years,Regional,100% - I spent all of my time remote working,100% - All of my time,100% - I spent all of my time remote working,Strongly agree,Strongly agree,Strongly agree,Strongly agree,Neither agree nor disagree,100% - All of my time,100% - All of my time,Very likely,Very likely,Very likely,My productivity is about same when I work remotely,0.0,8.0,3.0,5.0,0.0,8.0,3.0,5.0,Neither agree nor disagree,Somewhat agree,Neither agree nor disagree,Strongly Positive,2021
923,1965,Male,Information Media and Telecommunications,Managers - Specialist Managers,Between 20 and 199,Yes,Couple with no dependent children,More than 5 years,Metro,Less than 10% of my time,40%,Rarely or never,Strongly disagree,Neither agree nor disagree,Strongly disagree,Somewhat disagree,Somewhat agree,40%,40%,Very unlikely,Very unlikely,Very unlikely,My productivity is about same when I work remotely,2.0,9.0,1.0,4.0,0.0,10.0,1.0,5.0,Neither agree nor disagree,Strongly agree,Somewhat agree,Somewhat Negative,2021
924,1963,Male,Other Services,"Managers - Chief Executives, General Managers and Legislators",More than 200,Yes,Couple with no dependent children,More than 5 years,Metro,40%,40%,10%,Somewhat agree,Strongly agree,Somewhat agree,Strongly agree,Somewhat disagree,20%,40%,Very likely,Somewhat likely,Very likely,My productivity is about same when I work remotely,1.5,10.0,0.5,4.5,0.5,11.0,0.5,4.5,Somewhat agree,Neither agree nor disagree,Somewhat agree,Strongly Positive,2021
925,1975,Female,Other Services,"Managers - Chief Executives, General Managers and Legislators",More than 200,Yes,Multiple family household,More than 5 years,Metro,Less than 10% of my time,20%,Rarely or never,Strongly disagree,Somewhat agree,Strongly disagree,Strongly disagree,Somewhat disagree,20%,20%,Very unlikely,Very unlikely,Very unlikely,My productivity is about same when I work remotely,1.0,8.0,4.0,3.0,0.0,9.0,5.0,2.0,Neither agree nor disagree,Neither agree nor disagree,Neither agree nor disagree,Strongly Negative,2021
926,1995,Male,"Professional, Scientific and Technical","Professionals - Business, Human Resource and Marketing Professionals",Between 20 and 199,No,Group household,Between 1 and 5 years,Metro,90%,60%,90%,Strongly agree,Strongly agree,Neither agree nor disagree,Somewhat agree,Somewhat agree,50% - About half of my time,50% - About half of my time,Neither unlikely or likely,Somewhat likely,Very likely,I’m 10% less productive when working remotely,1.75,6.75,2.75,3.75,0.0,7.5,4.25,4.25,Neither agree nor disagree,Somewhat agree,Neither agree nor disagree,Somewhat Positive,2021
927,1987,Male,Manufacturing,"Managers - Chief Executives, General Managers and Legislators",More than 200,Yes,Couple with dependent children,Between 1 and 5 years,Metro,50% - I spent about half of my time remote working,50% - About half of my time,50% - I spent about half of my time remote working,Somewhat disagree,Somewhat agree,Strongly disagree,Strongly agree,Somewhat agree,80%,100% - All of my time,Somewhat unlikely,Somewhat likely,Somewhat likely,I’m 50% more productive when working remotely (or more),1.0,8.0,4.0,3.0,1.0,8.0,3.0,4.0,Strongly agree,Strongly agree,Somewhat disagree,Strongly Positive,2021
928,1967,Male,Information Media and Telecommunications,Professionals - ICT Professionals,Between 20 and 199,No,Couple with dependent children,Between 1 and 5 years,Metro,50% - I spent about half of my time remote working,50% - About half of my time,50% - I spent about half of my time remote working,Neither agree nor disagree,Strongly agree,Somewhat disagree,Somewhat disagree,Somewhat disagree,50% - About half of my time,40%,Somewhat likely,Somewhat likely,Neither unlikely or likely,My productivity is about same when I work remotely,3.0,8.0,2.0,4.0,1.0,9.0,3.0,4.0,Neither agree nor disagree,Somewhat disagree,Somewhat agree,Somewhat Negative,2021
929,1971,Male,Health Care and Social Assistance,Managers - Specialist Managers,More than 200,Yes,Couple with dependent children,More than 5 years,Metro,70%,80%,60%,Strongly agree,Strongly agree,Strongly agree,Strongly agree,Somewhat disagree,50% - About half of my time,50% - About half of my time,Very likely,Very likely,Very likely,My productivity is about same when I work remotely,2.0,10.0,1.0,4.0,2.0,10.0,1.0,4.0,Neither agree nor disagree,Neither agree nor disagree,Strongly agree,Strongly Positive,2021
930,1975,Male,"Professional, Scientific and Technical",Managers - Specialist Managers,More than 200,Yes,Couple with no dependent children,Between 1 and 5 years,Metro,90%,60%,70%,Strongly agree,Strongly agree,Strongly agree,Strongly agree,Somewhat agree,60%,60%,Somewhat unlikely,Somewhat likely,Somewhat likely,My productivity is about same when I work remotely,2.5,9.5,2.0,2.25,0.5,9.5,2.0,4.25,Neither agree nor disagree,Neither agree nor disagree,Somewhat disagree,Strongly Positive,2021
931,1958,Male,Information Media and Telecommunications,Professionals - ICT Professionals,More than 200,No,Couple with dependent children,More than 5 years,Metro,100% - I spent all of my time remote working,100% - All of my time,100% - I spent all of my time remote working,Strongly agree,Strongly agree,Strongly agree,Strongly agree,Strongly agree,100% - All of my time,100% - All of my time,Neither unlikely or likely,Very unlikely,Very unlikely,My productivity is about same when I work remotely,2.0,8.0,4.0,2.0,0.0,9.0,4.0,2.5,Neither agree nor disagree,Somewhat disagree,Strongly disagree,Strongly Positive,2021
932,1957,Male,Other Services,Clerical and administrative workers - General Clerical Workers,Between 1 and 4,No,Couple with no dependent children,More than 5 years,Metro,Less than 10% of my time,I would not have preferred to work remotely,Rarely or never,Somewhat agree,Strongly agree,Neither agree nor disagree,Somewhat agree,Somewhat agree,I would not have preferred to work remotely,Less than 10% of my time,Neither unlikely or likely,Neither unlikely or likely,Neither unlikely or likely,I’m 50% less productive when working remotely (or worse),2.0,12.0,1.0,3.0,1.0,8.0,4.0,3.0,Somewhat disagree,Somewhat disagree,Somewhat agree,Strongly Positive,2021
933,1989,Male,"Transport, Postal and Warehousing","Managers - Chief Executives, General Managers and Legislators",More than 200,Yes,Couple with no dependent children,More than 5 years,Metro,70%,20%,50% - I spent about half of my time remote working,Somewhat disagree,Neither agree nor disagree,Somewhat agree,Somewhat agree,Neither agree nor disagree,20%,20%,Somewhat unlikely,Somewhat unlikely,Somewhat unlikely,I’m 10% more productive when working remotely,2.0,9.0,1.0,3.0,0.0,9.0,3.0,3.0,Neither agree nor disagree,Somewhat agree,Somewhat agree,Somewhat Positive,2021
934,1999,Female,Financial and Insurance,"Professionals - Business, Human Resource and Marketing Professionals",Between 5 and 19,No,Single person,Between 1 and 5 years,Metro,Rarely or never,20%,Rarely or never,Somewhat agree,Neither agree nor disagree,Somewhat agree,Somewhat agree,Neither agree nor disagree,30%,20%,Somewhat unlikely,Neither unlikely or likely,Somewhat unlikely,I’m 20% less productive when working remotely,2.0,10.0,4.0,2.0,1.0,7.0,5.0,3.0,Strongly agree,Somewhat agree,Somewhat agree,Somewhat Positive,2021
935,1985,Male,Health Care and Social Assistance,"Professionals - Business, Human Resource and Marketing Professionals",More than 200,Yes,Couple with dependent children,Between 1 and 5 years,Metro,30%,Less than 10% of my time,30%,Somewhat agree,Strongly agree,Strongly agree,Strongly agree,Strongly agree,I would not have preferred to work remotely,Less than 10% of my time,Somewhat unlikely,Somewhat unlikely,Somewhat unlikely,My productivity is about same when I work remotely,1.0,7.5,1.0,3.0,0.5,9.0,9.0,1.0,Neither agree nor disagree,Somewhat disagree,Neither agree nor disagree,Strongly Positive,2021
936,1963,Male,Information Media and Telecommunications,Professionals - ICT Professionals,More than 200,No,Single person,More than 5 years,Metro,100% - I spent all of my time remote working,100% - All of my time,90%,Somewhat agree,Strongly agree,Strongly agree,Strongly agree,Strongly agree,90%,60%,Somewhat likely,Very likely,Somewhat likely,I’m 20% more productive when working remotely,2.0,8.0,1.0,5.0,0.0,10.0,1.0,5.0,Neither agree nor disagree,Somewhat agree,Neither agree nor disagree,Strongly Positive,2021
937,1986,Female,Health Care and Social Assistance,Managers - Specialist Managers,Between 20 and 199,Yes,Couple with no dependent children,More than 5 years,Metro,Less than 10% of my time,100% - All of my time,Less than 10% of my time,Strongly disagree,Somewhat agree,Strongly disagree,Strongly disagree,Strongly agree,100% - All of my time,100% - All of my time,Very unlikely,Very unlikely,Very unlikely,I’m 50% more productive when working remotely (or more),3.0,8.0,3.0,2.0,0.5,8.5,3.0,4.0,Somewhat agree,Somewhat agree,Strongly disagree,Strongly Negative,2021
938,1987,Female,Financial and Insurance,"Professionals - Business, Human Resource and Marketing Professionals",I am a sole trader/owner-operator,No,Couple with dependent children,More than 5 years,Metro,100% - I spent all of my time remote working,90%,100% - I spent all of my time remote working,Strongly agree,Strongly agree,Strongly agree,Strongly agree,Strongly agree,90%,90%,Very likely,Very likely,Very likely,My productivity is about same when I work remotely,3.0,8.0,3.0,2.0,0.5,8.0,4.0,4.0,Neither agree nor disagree,Somewhat disagree,Neither agree nor disagree,Neither positive nor negative,2021
939,1980,Female,Administrative and Support,"Managers - Chief Executives, General Managers and Legislators",Between 5 and 19,Yes,Couple with no dependent children,More than 5 years,Metro,Rarely or never,I would not have preferred to work remotely,Rarely or never,Somewhat disagree,Somewhat agree,Somewhat disagree,Somewhat agree,Strongly agree,I would not have preferred to work remotely,I would prefer not to work remotely,Very unlikely,Somewhat unlikely,Somewhat unlikely,My productivity is about same when I work remotely,3.0,7.0,2.0,4.0,1.0,7.0,3.0,5.0,Somewhat disagree,Neither agree nor disagree,Strongly agree,Somewhat Positive,2021
940,1992,Male,Wholesale Trade,Clerical and administrative workers - General Clerical Workers,Between 20 and 199,No,Other one family household,More than 5 years,Metro,100% - I spent all of my time remote working,100% - All of my time,100% - I spent all of my time remote working,Somewhat agree,Somewhat agree,Strongly agree,Strongly agree,Somewhat agree,100% - All of my time,80%,Somewhat likely,Very likely,Somewhat likely,I’m 30% more productive when working remotely,2.0,8.5,2.0,3.0,0.5,9.0,2.0,3.5,Somewhat agree,Strongly agree,Neither agree nor disagree,Strongly Positive,2021
941,1983,Female,Financial and Insurance,Managers - Specialist Managers,More than 200,No,Couple with no dependent children,Between 6 and 12 months,Metro,90%,100% - All of my time,90%,Somewhat agree,Somewhat agree,Strongly agree,Strongly agree,Strongly agree,90%,60%,Somewhat unlikely,Somewhat likely,Somewhat likely,I’m 50% more productive when working remotely (or more),3.0,8.0,1.0,4.0,0.5,8.0,1.0,6.5,Strongly agree,Strongly agree,Somewhat agree,Somewhat Positive,2021
942,1971,Female,Financial and Insurance,Managers - Specialist Managers,Between 1 and 4,Yes,Couple with dependent children,Between 1 and 5 years,Metro,10%,50% - About half of my time,20%,Somewhat disagree,Somewhat agree,Somewhat agree,Somewhat agree,Neither agree nor disagree,50% - About half of my time,50% - About half of my time,Neither unlikely or likely,Somewhat unlikely,Somewhat unlikely,I’m 30% more productive when working remotely,2.5,7.0,2.0,4.5,0.5,9.0,2.0,4.5,Somewhat agree,Strongly agree,Strongly agree,Neither positive nor negative,2021
943,1973,Female,Other Services,Clerical and administrative workers - Other Clerical and Administrative Workers,Between 1 and 4,Yes,Couple with dependent children,More than 5 years,Metro,100% - I spent all of my time remote working,70%,50% - I spent about half of my time remote working,Somewhat agree,Strongly agree,Somewhat disagree,Somewhat agree,Somewhat disagree,50% - About half of my time,100% - All of my time,Somewhat unlikely,Somewhat likely,Somewhat unlikely,I’m 50% more productive when working remotely (or more),1.0,7.0,3.0,4.0,1.0,7.0,3.0,4.0,Somewhat agree,Somewhat agree,Somewhat agree,Somewhat Negative,2021
944,1967,Female,"Professional, Scientific and Technical",Professionals - ICT Professionals,More than 200,No,Couple with no dependent children,More than 5 years,Regional,100% - I spent all of my time remote working,100% - All of my time,100% - I spent all of my time remote working,Strongly agree,Somewhat agree,Strongly agree,Somewhat agree,Somewhat agree,100% - All of my time,90%,Neither unlikely or likely,Neither unlikely or likely,Neither unlikely or likely,I’m 30% more productive when working remotely,3.0,7.0,2.0,4.0,0.0,9.0,3.0,4.0,Somewhat agree,Somewhat disagree,Neither agree nor disagree,Strongly Positive,2021
945,1982,Male,Retail Trade,"Professionals - Business, Human Resource and Marketing Professionals",More than 200,No,Couple with no dependent children,Between 1 and 5 years,Metro,90%,70%,80%,Strongly agree,Strongly agree,Strongly agree,Strongly agree,Somewhat agree,60%,40%,Neither unlikely or likely,Somewhat likely,Very likely,I’m 10% less productive when working remotely,1.5,8.5,1.5,4.5,0.5,8.5,1.5,5.5,Neither agree nor disagree,Somewhat disagree,Somewhat agree,Somewhat Positive,2021
946,1977,Female,"Professional, Scientific and Technical","Professionals - Legal, Social and Welfare Professionals",Between 5 and 19,No,Single person,More than 5 years,Regional,100% - I spent all of my time remote working,100% - All of my time,100% - I spent all of my time remote working,Strongly agree,Neither agree nor disagree,Strongly agree,Neither agree nor disagree,Neither agree nor disagree,100% - All of my time,100% - All of my time,Neither unlikely or likely,Neither unlikely or likely,Very unlikely,I’m 20% more productive when working remotely,3.0,5.0,4.0,4.0,0.0,8.0,4.0,4.0,Neither agree nor disagree,Somewhat agree,Neither agree nor disagree,Strongly Positive,2021
947,1966,Female,"Professional, Scientific and Technical",Managers - Specialist Managers,More than 200,No,One parent family with dependent children,Between 1 and 5 years,Metro,100% - I spent all of my time remote working,60%,100% - I spent all of my time remote working,Strongly agree,Strongly agree,Strongly agree,Strongly agree,Somewhat agree,60%,60%,Neither unlikely or likely,Neither unlikely or likely,Neither unlikely or likely,I’m 50% more productive when working remotely (or more),3.0,8.0,2.0,3.0,0.0,10.0,3.0,3.0,Neither agree nor disagree,Neither agree nor disagree,Neither agree nor disagree,Strongly Positive,2021
948,1982,Female,Information Media and Telecommunications,"Professionals - Design, Engineering, Science and Transport Professionals",More than 200,Yes,Couple with dependent children,Between 1 and 5 years,Metro,30%,20%,30%,Somewhat agree,Neither agree nor disagree,Somewhat agree,Neither agree nor disagree,Somewhat disagree,10%,Less than 10% of my time,Neither unlikely or likely,Somewhat likely,Somewhat likely,I’m 20% less productive when working remotely,5.0,8.0,2.0,2.0,6.0,8.0,1.0,2.0,Somewhat disagree,Neither agree nor disagree,Somewhat agree,Somewhat Negative,2021
949,1976,Female,Administrative and Support,Clerical and administrative workers - Personal Assistants and Secretaries,Between 20 and 199,No,Single person,More than 5 years,Metro,20%,50% - About half of my time,Rarely or never,Somewhat disagree,Somewhat agree,Somewhat disagree,Somewhat agree,Somewhat agree,50% - About half of my time,40%,Very unlikely,Very unlikely,Very unlikely,My productivity is about same when I work remotely,3.0,8.0,4.0,1.0,0.0,8.0,2.0,7.0,Somewhat agree,Somewhat disagree,Somewhat agree,Neither positive nor negative,2021
950,1971,Female,"Professional, Scientific and Technical",Managers - Specialist Managers,More than 200,Yes,Couple with no dependent children,More than 5 years,Metro,100% - I spent all of my time remote working,100% - All of my time,100% - I spent all of my time remote working,Strongly agree,Somewhat agree,Neither agree nor disagree,Somewhat agree,Neither agree nor disagree,100% - All of my time,90%,Very likely,Very likely,Somewhat likely,My productivity is about same when I work remotely,4.0,10.0,1.0,2.0,0.0,10.0,1.0,3.0,Strongly agree,Somewhat disagree,Somewhat agree,Somewhat Positive,2021
951,1976,Male,Wholesale Trade,Sales workers - Sales Representatives and Agents,Between 1 and 4,Yes,Group household,More than 5 years,Metro,100% - I spent all of my time remote working,100% - All of my time,100% - I spent all of my time remote working,Strongly agree,Strongly agree,Strongly agree,Strongly agree,Neither agree nor disagree,100% - All of my time,100% - All of my time,Somewhat likely,Somewhat likely,Somewhat likely,I’m 50% more productive when working remotely (or more),0.5,8.0,0.5,9.0,0.5,8.0,2.0,8.0,Strongly agree,Strongly agree,Strongly disagree,Strongly Positive,2021
952,1997,Male,Administrative and Support,Clerical and administrative workers - Office Managers and Program Administrators,Between 20 and 199,Yes,Couple with no dependent children,Between 1 and 5 years,Metro,10%,10%,10%,Somewhat agree,Strongly agree,Strongly agree,Strongly agree,Somewhat agree,10%,10%,Very likely,Somewhat likely,Very likely,I’m 10% more productive when working remotely,3.0,8.0,2.0,3.0,4.0,9.0,2.0,1.0,Somewhat agree,Strongly agree,Strongly agree,Strongly Positive,2021
953,1989,Male,Education and Training,Professionals - Education Professionals,Between 20 and 199,No,Single person,Between 1 and 5 years,Metro,20%,20%,20%,Somewhat agree,Somewhat agree,Strongly agree,Somewhat agree,Somewhat agree,20%,20%,Neither unlikely or likely,Somewhat unlikely,Somewhat likely,I’m 50% more productive when working remotely (or more),1.0,11.0,2.0,3.0,1.0,11.0,4.0,3.0,Somewhat disagree,Somewhat disagree,Neither agree nor disagree,Somewhat Positive,2021
954,1971,Female,Education and Training,Labourers - Factory Process Workers,More than 200,No,Couple with dependent children,More than 5 years,Metro,100% - I spent all of my time remote working,100% - All of my time,100% - I spent all of my time remote working,Strongly agree,Neither agree nor disagree,Strongly agree,Strongly agree,Somewhat agree,100% - All of my time,100% - All of my time,Very unlikely,Very unlikely,Very unlikely,My productivity is about same when I work remotely,1.0,10.0,0.0,3.0,0.0,6.0,1.0,5.0,Somewhat agree,Neither agree nor disagree,Neither agree nor disagree,Strongly Positive,2021
955,1999,Male,Manufacturing,Sales workers - Sales Support Workers,I am a sole trader/owner-operator,Yes,Couple with no dependent children,Between 1 and 5 years,Regional,40%,70%,60%,Strongly disagree,Strongly disagree,Strongly disagree,Strongly disagree,Strongly disagree,100% - All of my time,20%,Very unlikely,Very unlikely,Very unlikely,I’m 30% more productive when working remotely,3.0,6.0,2.0,12.0,12.0,2.0,3.0,4.0,Strongly disagree,Neither agree nor disagree,Neither agree nor disagree,Strongly Positive,2021
956,1997,Male,Information Media and Telecommunications,Professionals - ICT Professionals,More than 200,Yes,Couple with dependent children,Between 1 and 5 years,Metro,100% - I spent all of my time remote working,20%,50% - I spent about half of my time remote working,Strongly agree,Strongly agree,Somewhat agree,Strongly agree,Somewhat agree,50% - About half of my time,50% - About half of my time,Very likely,Somewhat likely,Very likely,I’m 10% more productive when working remotely,1.0,9.0,2.0,5.0,0.0,9.0,3.0,4.0,Strongly agree,Somewhat agree,Strongly agree,Somewhat Positive,2021
957,1969,Male,Manufacturing,Professionals - ICT Professionals,More than 200,No,Couple with dependent children,More than 5 years,Metro,80%,60%,60%,Neither agree nor disagree,Strongly agree,Somewhat agree,Somewhat agree,Somewhat agree,60%,60%,Neither unlikely or likely,Somewhat likely,Somewhat likely,My productivity is about same when I work remotely,1.5,9.5,2.0,5.0,0.0,10.0,2.0,6.0,Neither agree nor disagree,Somewhat agree,Neither agree nor disagree,Somewhat Positive,2021
958,2000,Male,Education and Training,Professionals - Education Professionals,Between 20 and 199,No,Group household,Between 1 and 5 years,Metro,Rarely or never,I would not have preferred to work remotely,Rarely or never,Neither agree nor disagree,Somewhat disagree,Neither agree nor disagree,Neither agree nor disagree,Neither agree nor disagree,I would not have preferred to work remotely,I would prefer not to work remotely,Neither unlikely or likely,Neither unlikely or likely,Neither unlikely or likely,I’m 10% less productive when working remotely,3.5,8.0,1.5,4.0,2.0,7.0,3.0,4.0,Neither agree nor disagree,Somewhat agree,Somewhat agree,Neither positive nor negative,2021
959,1991,Female,Education and Training,Professionals - Education Professionals,Between 20 and 199,No,Couple with dependent children,More than 5 years,Regional,Rarely or never,20%,Rarely or never,Somewhat disagree,Strongly disagree,Neither agree nor disagree,Neither agree nor disagree,Somewhat agree,20%,20%,Very unlikely,Very unlikely,Very unlikely,I’m 50% more productive when working remotely (or more),1.5,8.0,5.0,1.5,0.5,8.0,4.0,3.0,Strongly agree,Strongly agree,Somewhat agree,Neither positive nor negative,2021
960,1958,Female,Financial and Insurance,Professionals - ICT Professionals,More than 200,No,Couple with no dependent children,More than 5 years,Metro,100% - I spent all of my time remote working,100% - All of my time,100% - I spent all of my time remote working,Strongly agree,Strongly agree,Somewhat agree,Strongly agree,Strongly agree,100% - All of my time,80%,Very likely,Neither unlikely or likely,Very likely,I’m 50% more productive when working remotely (or more),2.0,8.0,2.0,4.0,0.0,9.0,2.0,5.0,Strongly agree,Strongly agree,Neither agree nor disagree,Strongly Positive,2021
961,1966,Male,Information Media and Telecommunications,Managers - Specialist Managers,Between 20 and 199,Yes,Couple with dependent children,Between 6 and 12 months,Metro,70%,70%,80%,Neither agree nor disagree,Neither agree nor disagree,Somewhat agree,Strongly agree,Neither agree nor disagree,80%,70%,Somewhat likely,Neither unlikely or likely,Neither unlikely or likely,I’m 40% more productive when working remotely,4.0,2.0,4.0,7.0,5.0,6.0,3.0,5.0,Somewhat agree,Neither agree nor disagree,Neither agree nor disagree,Somewhat Positive,2021
962,1977,Female,Public Administration and Safety,Clerical and administrative workers - Other Clerical and Administrative Workers,Between 1 and 4,No,Single person,More than 5 years,Regional,50% - I spent about half of my time remote working,50% - About half of my time,10%,Somewhat disagree,Somewhat disagree,Somewhat disagree,Somewhat disagree,Somewhat disagree,50% - About half of my time,50% - About half of my time,Somewhat unlikely,Somewhat unlikely,Somewhat unlikely,I’m 50% more productive when working remotely (or more),2.0,7.0,4.0,4.0,0.0,7.0,4.0,5.0,Strongly agree,Strongly agree,Strongly disagree,Neither positive nor negative,2021
963,2000,Female,Health Care and Social Assistance,Community and personal service workers - Health and Welfare Support Workers,More than 200,Yes,Multiple family household,Between 6 and 12 months,Regional,30%,40%,50% - I spent about half of my time remote working,Somewhat agree,Somewhat agree,Somewhat agree,Somewhat agree,Somewhat agree,40%,20%,Somewhat likely,Somewhat unlikely,Somewhat unlikely,I’m 50% more productive when working remotely (or more),2.0,9.0,3.0,3.0,2.0,9.0,2.0,2.0,Neither agree nor disagree,Somewhat agree,Somewhat disagree,Somewhat Positive,2021
964,1994,Female,Manufacturing,Professionals - ICT Professionals,Between 5 and 19,No,Couple with no dependent children,Between 1 and 5 years,Metro,30%,I would not have preferred to work remotely,30%,Somewhat agree,Somewhat agree,Somewhat agree,Somewhat agree,Somewhat disagree,50% - About half of my time,Less than 10% of my time,Somewhat likely,Somewhat likely,Very likely,I’m 50% more productive when working remotely (or more),1.0,8.0,4.0,3.0,1.0,8.0,4.0,3.0,Somewhat agree,Somewhat agree,Somewhat agree,Neither positive nor negative,2021
965,1963,Male,Wholesale Trade,Managers - Specialist Managers,More than 200,No,Couple with no dependent children,More than 5 years,Regional,40%,40%,40%,Somewhat agree,Somewhat agree,Neither agree nor disagree,Neither agree nor disagree,Strongly agree,40%,40%,Neither unlikely or likely,Somewhat likely,Neither unlikely or likely,I’m 40% more productive when working remotely,3.0,5.0,0.0,8.0,0.0,8.0,0.0,8.0,Somewhat agree,Somewhat agree,Neither agree nor disagree,Somewhat Positive,2021
966,1972,Male,Accommodation and Food,"Managers - Chief Executives, General Managers and Legislators",Between 5 and 19,Yes,Couple with dependent children,Between 1 and 5 years,Regional,100% - I spent all of my time remote working,100% - All of my time,80%,Somewhat agree,Somewhat agree,Somewhat agree,Somewhat agree,Somewhat agree,80%,80%,Somewhat likely,Somewhat likely,Somewhat likely,I’m 40% more productive when working remotely,1.0,9.0,1.0,5.0,1.0,9.0,1.0,5.0,Somewhat agree,Somewhat agree,Somewhat agree,Strongly Positive,2021
967,1986,Male,Retail Trade,"Professionals - Business, Human Resource and Marketing Professionals",Between 20 and 199,No,Couple with dependent children,Between 1 and 5 years,Metro,80%,50% - About half of my time,100% - I spent all of my time remote working,Neither agree nor disagree,Somewhat agree,Neither agree nor disagree,Strongly agree,Somewhat agree,50% - About half of my time,70%,Very likely,Somewhat likely,Neither unlikely or likely,I’m 50% more productive when working remotely (or more),2.0,9.0,0.0,5.0,0.5,8.0,0.0,7.5,Somewhat agree,Somewhat disagree,Strongly agree,Strongly Positive,2021
968,1991,Male,Retail Trade,Professionals - Education Professionals,More than 200,No,Couple with no dependent children,Between 1 and 5 years,Metro,90%,100% - All of my time,90%,Strongly agree,Somewhat agree,Neither agree nor disagree,Somewhat agree,Somewhat agree,90%,90%,Neither unlikely or likely,Somewhat likely,Neither unlikely or likely,I’m 50% more productive when working remotely (or more),2.0,10.0,1.0,4.0,0.0,10.0,1.0,6.0,Somewhat agree,Somewhat agree,Somewhat agree,Somewhat Positive,2021
969,1974,Male,Public Administration and Safety,Community and personal service workers - Protective Service Workers,More than 200,Yes,Couple with dependent children,More than 5 years,Regional,Less than 10% of my time,50% - About half of my time,Less than 10% of my time,Neither agree nor disagree,Somewhat agree,Somewhat agree,Neither agree nor disagree,Somewhat agree,50% - About half of my time,50% - About half of my time,Somewhat unlikely,Somewhat likely,Very unlikely,I’m 10% more productive when working remotely,2.0,8.5,3.0,4.0,1.0,8.5,3.0,3.5,Somewhat agree,Neither agree nor disagree,Somewhat agree,Neither positive nor negative,2021
970,1967,Female,Public Administration and Safety,"Managers - Chief Executives, General Managers and Legislators",Between 20 and 199,Yes,Couple with no dependent children,Between 1 and 5 years,Regional,Less than 10% of my time,Less than 10% of my time,Less than 10% of my time,Strongly disagree,Strongly disagree,Somewhat agree,Strongly disagree,Somewhat agree,20%,20%,Very unlikely,Very unlikely,Very unlikely,I’m 20% more productive when working remotely,4.0,9.0,2.0,2.0,1.0,10.0,3.0,3.0,Somewhat agree,Somewhat agree,Somewhat disagree,Strongly Negative,2021
971,1963,Female,Other Services,Clerical and administrative workers - Other Clerical and Administrative Workers,Between 5 and 19,No,Couple with dependent children,More than 5 years,Regional,50% - I spent about half of my time remote working,I would not have preferred to work remotely,50% - I spent about half of my time remote working,Neither agree nor disagree,Neither agree nor disagree,Neither agree nor disagree,Neither agree nor disagree,Neither agree nor disagree,I would not have preferred to work remotely,50% - About half of my time,Somewhat likely,Somewhat likely,Somewhat likely,I’m 20% more productive when working remotely,1.0,8.0,4.0,5.0,1.0,8.0,5.0,4.0,Somewhat agree,Somewhat agree,Neither agree nor disagree,Neither positive nor negative,2021
972,1984,Male,Accommodation and Food,Professionals - ICT Professionals,More than 200,Yes,Couple with dependent children,More than 5 years,Regional,50% - I spent about half of my time remote working,30%,50% - I spent about half of my time remote working,Somewhat agree,Strongly agree,Strongly agree,Somewhat agree,Strongly agree,20%,Less than 10% of my time,Very unlikely,Very unlikely,Somewhat likely,I’m 20% more productive when working remotely,2.0,15.0,2.0,5.0,3.0,10.0,5.0,6.0,Strongly agree,Neither agree nor disagree,Strongly agree,Neither positive nor negative,2021
973,1987,Female,"Rental, Hiring and Real Estate","Managers - Hospitality, Retail and Service Managers",More than 200,Yes,Couple with dependent children,Between 1 and 5 years,Metro,10%,20%,20%,Somewhat agree,Neither agree nor disagree,Neither agree nor disagree,Neither agree nor disagree,Somewhat agree,40%,30%,Somewhat likely,Somewhat likely,Somewhat likely,I’m 30% more productive when working remotely,2.0,8.0,3.0,3.0,3.0,8.0,3.0,2.0,Somewhat agree,Somewhat agree,Somewhat agree,Somewhat Positive,2021
974,1985,Male,Information Media and Telecommunications,"Managers - Chief Executives, General Managers and Legislators",More than 200,Yes,Couple with dependent children,More than 5 years,Metro,20%,30%,40%,Strongly agree,Strongly agree,Strongly agree,Strongly agree,Strongly agree,90%,80%,Very likely,Very likely,Very likely,I’m 50% less productive when working remotely (or worse),3.0,10.0,1.0,4.0,3.0,10.0,1.0,4.0,Strongly agree,Strongly agree,Strongly agree,Strongly Positive,2021
975,1965,Female,Financial and Insurance,"Professionals - Business, Human Resource and Marketing Professionals",More than 200,No,Couple with no dependent children,More than 5 years,Metro,100% - I spent all of my time remote working,100% - All of my time,100% - I spent all of my time remote working,Strongly agree,Somewhat agree,Strongly agree,Strongly agree,Somewhat agree,100% - All of my time,80%,Somewhat likely,Somewhat likely,Somewhat likely,I’m 40% more productive when working remotely,0.5,9.0,2.0,4.5,0.5,9.5,3.0,3.0,Somewhat agree,Somewhat agree,Neither agree nor disagree,Strongly Positive,2021
976,1993,Female,Education and Training,Professionals - Education Professionals,More than 200,No,Couple with no dependent children,Between 1 and 5 years,Metro,Rarely or never,50% - About half of my time,Rarely or never,Somewhat agree,Strongly agree,Somewhat agree,Neither agree nor disagree,Somewhat agree,50% - About half of my time,50% - About half of my time,Neither unlikely or likely,Somewhat likely,Neither unlikely or likely,I’m 20% more productive when working remotely,3.0,9.0,2.0,3.0,0.5,9.0,3.0,4.0,Somewhat agree,Somewhat agree,Neither agree nor disagree,Somewhat Negative,2021
977,1990,Male,Administrative and Support,Professionals - Arts and Media Professionals,Between 20 and 199,Yes,Couple with dependent children,More than 5 years,Regional,60%,70%,80%,Strongly agree,Strongly agree,Somewhat agree,Strongly agree,Somewhat agree,60%,40%,Very likely,Very likely,Somewhat likely,I’m 40% more productive when working remotely,1.0,10.0,3.0,1.0,2.0,10.0,2.0,1.0,Somewhat agree,Strongly agree,Strongly agree,Strongly Positive,2021
978,1960,Female,Health Care and Social Assistance,Clerical and administrative workers - Office Managers and Program Administrators,Between 1 and 4,No,Couple with no dependent children,More than 5 years,Metro,10%,10%,10%,Strongly disagree,Strongly agree,Strongly disagree,Strongly agree,Strongly agree,10%,10%,Somewhat unlikely,Neither unlikely or likely,Somewhat unlikely,My productivity is about same when I work remotely,1.5,10.0,4.0,2.0,0.5,8.0,4.0,5.0,Neither agree nor disagree,Neither agree nor disagree,Neither agree nor disagree,Strongly Positive,2021
979,1974,Female,Education and Training,Professionals - Education Professionals,More than 200,No,Couple with no dependent children,More than 5 years,Metro,Less than 10% of my time,20%,Rarely or never,Neither agree nor disagree,Somewhat agree,Somewhat agree,Strongly agree,Neither agree nor disagree,I would not have preferred to work remotely,I would prefer not to work remotely,Neither unlikely or likely,Somewhat likely,Very unlikely,I’m 30% less productive when working remotely,2.0,10.0,2.0,4.0,0.0,10.0,3.0,5.0,Strongly disagree,Somewhat disagree,Strongly agree,Strongly Positive,2021
980,1969,Female,Other Services,Professionals - Arts and Media Professionals,I am a sole trader/owner-operator,No,Single person,More than 5 years,Metro,100% - I spent all of my time remote working,100% - All of my time,100% - I spent all of my time remote working,Strongly agree,Neither agree nor disagree,Neither agree nor disagree,Neither agree nor disagree,Neither agree nor disagree,100% - All of my time,100% - All of my time,Neither unlikely or likely,Neither unlikely or likely,Neither unlikely or likely,My productivity is about same when I work remotely,0.0,9.0,2.0,5.0,0.0,9.0,2.0,5.0,Neither agree nor disagree,Neither agree nor disagree,Neither agree nor disagree,Neither positive nor negative,2021
981,1976,Female,Financial and Insurance,"Professionals - Business, Human Resource and Marketing Professionals",Between 20 and 199,No,Couple with no dependent children,Between 1 and 5 years,Metro,60%,90%,60%,Somewhat agree,Strongly agree,Strongly agree,Neither agree nor disagree,Somewhat agree,100% - All of my time,50% - About half of my time,Somewhat unlikely,Somewhat likely,Neither unlikely or likely,I’m 50% more productive when working remotely (or more),3.0,8.0,3.0,2.0,0.0,9.0,3.0,4.0,Strongly agree,Strongly agree,Neither agree nor disagree,Somewhat Negative,2021
982,1989,Female,Administrative and Support,Clerical and administrative workers - Other Clerical and Administrative Workers,Between 20 and 199,No,Group household,Between 1 and 5 years,Metro,100% - I spent all of my time remote working,100% - All of my time,100% - I spent all of my time remote working,Strongly agree,Strongly disagree,Somewhat disagree,Neither agree nor disagree,Somewhat agree,100% - All of my time,70%,Somewhat likely,Very likely,Neither unlikely or likely,I’m 30% more productive when working remotely,1.0,9.0,2.0,3.0,0.0,9.0,2.0,3.0,Strongly agree,Strongly agree,Neither agree nor disagree,Strongly Positive,2021
983,1988,Male,Financial and Insurance,Managers - Specialist Managers,More than 200,Yes,Couple with no dependent children,Between 1 and 5 years,Metro,70%,50% - About half of my time,70%,Somewhat agree,Somewhat disagree,Strongly agree,Strongly agree,Somewhat disagree,50% - About half of my time,50% - About half of my time,Very likely,Very likely,Very likely,My productivity is about same when I work remotely,1.0,9.5,0.5,6.0,0.5,10.0,1.0,5.0,Somewhat disagree,Strongly disagree,Somewhat agree,Strongly Positive,2021
984,1995,Male,"Professional, Scientific and Technical","Professionals - Design, Engineering, Science and Transport Professionals",Between 20 and 199,No,Group household,Between 1 and 5 years,Metro,50% - I spent about half of my time remote working,50% - About half of my time,50% - I spent about half of my time remote working,Neither agree nor disagree,Somewhat agree,Strongly agree,Somewhat agree,Neither agree nor disagree,40%,30%,Neither unlikely or likely,Neither unlikely or likely,Somewhat unlikely,I’m 20% more productive when working remotely,1.0,8.0,4.0,3.0,0.0,9.0,4.0,3.0,Somewhat agree,Neither agree nor disagree,Neither agree nor disagree,Neither positive nor negative,2021
985,1961,Female,Accommodation and Food,"Managers - Hospitality, Retail and Service Managers",More than 200,No,Couple with no dependent children,Between 1 and 5 years,Metro,30%,30%,20%,Somewhat agree,Somewhat disagree,Somewhat agree,Neither agree nor disagree,Strongly disagree,20%,I would prefer not to work remotely,Somewhat unlikely,Somewhat likely,Neither unlikely or likely,I’m 10% less productive when working remotely,3.0,9.0,2.0,2.0,0.0,12.0,2.0,2.0,Strongly disagree,Strongly disagree,Strongly agree,Somewhat Negative,2021
986,1957,Female,Education and Training,Professionals - Education Professionals,More than 200,No,Couple with no dependent children,Between 6 and 12 months,Metro,100% - I spent all of my time remote working,90%,100% - I spent all of my time remote working,Strongly agree,Strongly agree,Somewhat agree,Neither agree nor disagree,Strongly agree,100% - All of my time,80%,Neither unlikely or likely,Somewhat likely,Somewhat likely,I’m 20% more productive when working remotely,2.0,7.0,4.0,4.0,1.0,6.0,4.0,6.0,Strongly agree,Strongly agree,Neither agree nor disagree,Strongly Positive,2021
987,1988,Female,Arts and Recreation,Professionals - Arts and Media Professionals,Between 20 and 199,No,Couple with no dependent children,More than 5 years,Metro,100% - I spent all of my time remote working,100% - All of my time,100% - I spent all of my time remote working,Somewhat agree,Somewhat agree,Somewhat agree,Somewhat agree,Somewhat agree,100% - All of my time,90%,Somewhat likely,Somewhat likely,Somewhat likely,I’m 50% more productive when working remotely (or more),3.0,7.5,2.0,5.5,0.5,7.5,2.0,6.0,Somewhat agree,Somewhat agree,Neither agree nor disagree,Neither positive nor negative,2021
988,1988,Other,Information Media and Telecommunications,"Professionals - Legal, Social and Welfare Professionals",Between 20 and 199,No,Group household,More than 5 years,Metro,10%,30%,30%,Neither agree nor disagree,Neither agree nor disagree,Strongly agree,Neither agree nor disagree,Somewhat disagree,30%,20%,Somewhat unlikely,Somewhat unlikely,Somewhat likely,I’m 30% less productive when working remotely,3.0,8.0,2.0,4.0,0.0,9.0,2.0,5.0,Somewhat disagree,Strongly disagree,Strongly agree,Somewhat Positive,2021
989,1996,Female,"Rental, Hiring and Real Estate","Professionals - Business, Human Resource and Marketing Professionals",Between 20 and 199,No,Multiple family household,Between 1 and 5 years,Regional,40%,20%,40%,Neither agree nor disagree,Neither agree nor disagree,Neither agree nor disagree,Somewhat agree,Neither agree nor disagree,20%,20%,Somewhat unlikely,Neither unlikely or likely,Neither unlikely or likely,I’m 30% more productive when working remotely,0.5,7.5,3.0,4.0,0.0,7.5,2.0,4.5,Neither agree nor disagree,Neither agree nor disagree,Neither agree nor disagree,Neither positive nor negative,2021
990,1990,Female,Education and Training,Professionals - Arts and Media Professionals,More than 200,No,Group household,Between 1 and 5 years,Regional,80%,90%,80%,Strongly agree,Somewhat agree,Strongly agree,Strongly agree,Somewhat agree,80%,80%,Somewhat likely,Somewhat likely,Somewhat likely,I’m 50% more productive when working remotely (or more),6.0,7.0,2.0,3.0,0.0,8.0,2.0,6.0,Strongly agree,Somewhat disagree,Neither agree nor disagree,Strongly Positive,2021
991,1973,Female,"Professional, Scientific and Technical","Managers - Chief Executives, General Managers and Legislators",Between 20 and 199,No,Couple with no dependent children,Between 1 and 5 years,Metro,100% - I spent all of my time remote working,100% - All of my time,100% - I spent all of my time remote working,Strongly agree,Somewhat agree,Strongly agree,Strongly agree,Somewhat agree,50% - About half of my time,50% - About half of my time,Somewhat unlikely,Neither unlikely or likely,Neither unlikely or likely,I’m 20% more productive when working remotely,2.0,7.0,2.0,5.0,0.0,7.0,2.5,6.5,Somewhat agree,Somewhat disagree,Neither agree nor disagree,Strongly Positive,2021
992,1957,Female,Education and Training,Professionals - Education Professionals,More than 200,No,Couple with no dependent children,More than 5 years,Metro,100% - I spent all of my time remote working,I would not have preferred to work remotely,Rarely or never,Somewhat agree,Somewhat disagree,Strongly agree,Strongly agree,Neither agree nor disagree,I would not have preferred to work remotely,I would prefer not to work remotely,Very unlikely,Very unlikely,Very unlikely,My productivity is about same when I work remotely,3.0,2.0,4.0,7.0,2.0,2.0,5.0,7.0,Strongly disagree,Strongly disagree,Neither agree nor disagree,Strongly Positive,2021
993,1993,Male,Information Media and Telecommunications,"Technicians and trades workers - Engineering, ICT and Science Technicians",Between 5 and 19,No,Multiple family household,Between 1 and 5 years,Metro,100% - I spent all of my time remote working,100% - All of my time,50% - I spent about half of my time remote working,Neither agree nor disagree,Neither agree nor disagree,Neither agree nor disagree,Neither agree nor disagree,Neither agree nor disagree,50% - About half of my time,50% - About half of my time,Neither unlikely or likely,Neither unlikely or likely,Neither unlikely or likely,My productivity is about same when I work remotely,3.0,8.0,1.0,5.0,0.5,8.0,1.0,6.5,Neither agree nor disagree,Neither agree nor disagree,Neither agree nor disagree,Neither positive nor negative,2021
994,1973,Female,Other Services,"Managers - Hospitality, Retail and Service Managers",Between 5 and 19,No,Single person,More than 5 years,Metro,30%,I would not have preferred to work remotely,100% - I spent all of my time remote working,Somewhat agree,Somewhat agree,Strongly disagree,Somewhat agree,Somewhat disagree,20%,40%,Neither unlikely or likely,Somewhat likely,Neither unlikely or likely,I’m 10% less productive when working remotely,1.0,8.0,3.0,5.0,0.5,9.0,1.0,6.5,Somewhat disagree,Strongly disagree,Somewhat agree,Neither positive nor negative,2021
995,1978,Female,Education and Training,Professionals - Education Professionals,Between 20 and 199,No,Single person,More than 5 years,Metro,20%,40%,20%,Somewhat agree,Neither agree nor disagree,Neither agree nor disagree,Somewhat agree,Somewhat disagree,20%,40%,Very unlikely,Very unlikely,Very unlikely,I’m 50% more productive when working remotely (or more),1.5,8.5,2.0,4.5,1.0,9.0,2.0,4.5,Strongly agree,Somewhat agree,Neither agree nor disagree,Somewhat Negative,2021
996,1967,Female,Administrative and Support,"Professionals - Business, Human Resource and Marketing Professionals",Between 1 and 4,Yes,Couple with dependent children,Between 1 and 5 years,Metro,Less than 10% of my time,I would not have preferred to work remotely,Rarely or never,Strongly disagree,Strongly agree,Strongly disagree,Somewhat agree,Strongly disagree,I would not have preferred to work remotely,I would prefer not to work remotely,Very unlikely,Very unlikely,Somewhat likely,I’m 20% more productive when working remotely,3.0,9.0,0.0,4.0,0.0,5.0,2.0,9.0,Strongly disagree,Strongly disagree,Strongly agree,Strongly Positive,2021
997,1997,Female,Financial and Insurance,Clerical and administrative workers - General Clerical Workers,Between 20 and 199,Yes,Single person,Between 6 and 12 months,Metro,20%,30%,40%,Neither agree nor disagree,Neither agree nor disagree,Neither agree nor disagree,Somewhat agree,Somewhat agree,30%,40%,Somewhat likely,Neither unlikely or likely,Neither unlikely or likely,I’m 10% more productive when working remotely,2.0,3.0,19.0,,4.0,3.0,17.0,,Neither agree nor disagree,Somewhat agree,Strongly agree,Neither positive nor negative,2021
998,1973,Female,Public Administration and Safety,Managers - Specialist Managers,More than 200,Yes,Couple with dependent children,Between 1 and 5 years,Regional,Less than 10% of my time,50% - About half of my time,Less than 10% of my time,Somewhat agree,Somewhat agree,Somewhat agree,Somewhat agree,Strongly agree,50% - About half of my time,50% - About half of my time,Very unlikely,Very unlikely,Very unlikely,My productivity is about same when I work remotely,3.0,8.0,2.0,3.0,0.5,8.0,2.0,5.5,Strongly agree,Strongly agree,Neither agree nor disagree,Somewhat Negative,2021
999,1999,Male,Financial and Insurance,Sales workers - Sales Support Workers,Between 5 and 19,No,Couple with no dependent children,More than 5 years,Metro,40%,40%,30%,Neither agree nor disagree,Neither agree nor disagree,Neither agree nor disagree,Neither agree nor disagree,Neither agree nor disagree,40%,10%,Neither unlikely or likely,Neither unlikely or likely,Neither unlikely or likely,My productivity is about same when I work remotely,2.0,6.0,3.0,7.0,3.0,7.0,3.0,5.0,Neither agree nor disagree,Neither agree nor disagree,Neither agree nor disagree,Neither positive nor negative,2021
1000,1965,Female,Other Services,Professionals - Education Professionals,More than 200,Yes,Couple with dependent children,More than 5 years,Metro,20%,Less than 10% of my time,20%,Neither agree nor disagree,Neither agree nor disagree,Somewhat agree,Somewhat disagree,Somewhat disagree,I would not have preferred to work remotely,20%,Neither unlikely or likely,Neither unlikely or likely,Neither unlikely or likely,I’m 30% more productive when working remotely,2.5,9.0,1.0,3.5,0.5,9.0,1.0,5.5,Neither agree nor disagree,Neither agree nor disagree,Strongly agree,Neither positive nor negative,2021
1001,1983,Female,Arts and Recreation,"Managers - Chief Executives, General Managers and Legislators",More than 200,Yes,Single person,Between 1 and 5 years,Metro,40%,40%,40%,Somewhat agree,Somewhat agree,Somewhat agree,Somewhat agree,Somewhat agree,40%,40%,Somewhat unlikely,Somewhat unlikely,Somewhat unlikely,My productivity is about same when I work remotely,3.0,8.0,1.0,4.0,0.0,8.0,2.0,5.0,Neither agree nor disagree,Neither agree nor disagree,Neither agree nor disagree,Somewhat Positive,2021
1002,1988,Male,"Professional, Scientific and Technical",Professionals - ICT Professionals,More than 200,Yes,Group household,Between 1 and 5 years,Metro,90%,80%,90%,Strongly agree,Strongly agree,Strongly agree,Somewhat agree,Strongly agree,50% - About half of my time,50% - About half of my time,Somewhat likely,Somewhat likely,Very likely,I’m 30% more productive when working remotely,4.0,9.0,3.0,3.0,0.0,10.0,3.0,4.0,Somewhat agree,Strongly disagree,Strongly agree,Strongly Positive,2021
1003,1973,Female,Financial and Insurance,"Professionals - Legal, Social and Welfare Professionals",More than 200,Yes,Couple with dependent children,Between 1 and 5 years,Metro,60%,60%,40%,Somewhat agree,Somewhat agree,Strongly agree,Strongly agree,Somewhat agree,40%,40%,Neither unlikely or likely,Neither unlikely or likely,Neither unlikely or likely,My productivity is about same when I work remotely,2.0,10.5,2.5,1.5,1.5,11.0,2.5,1.5,Somewhat agree,Neither agree nor disagree,Somewhat agree,Strongly Positive,2021
1004,1968,Female,Health Care and Social Assistance,Managers - Specialist Managers,More than 200,Yes,One parent family with dependent children,More than 5 years,Metro,100% - I spent all of my time remote working,100% - All of my time,90%,Strongly agree,Somewhat agree,Somewhat agree,Strongly agree,Strongly agree,90%,70%,Very likely,Very likely,Very likely,I’m 50% more productive when working remotely (or more),4.0,9.0,4.0,1.0,0.0,9.0,5.0,2.0,Strongly agree,Strongly agree,Neither agree nor disagree,Strongly Positive,2021
1005,1971,Female,Other Services,Managers - Specialist Managers,More than 200,Yes,Single person,More than 5 years,Metro,100% - I spent all of my time remote working,100% - All of my time,Rarely or never,Somewhat disagree,Somewhat disagree,Somewhat disagree,Strongly disagree,Somewhat disagree,100% - All of my time,90%,Very unlikely,Very unlikely,Very unlikely,My productivity is about same when I work remotely,3.0,8.0,4.0,2.0,1.0,10.0,4.0,2.0,Neither agree nor disagree,Neither agree nor disagree,Neither agree nor disagree,Somewhat Negative,2021
1006,1968,Female,Other Services,Clerical and administrative workers - General Clerical Workers,More than 200,No,Multiple family household,More than 5 years,Metro,100% - I spent all of my time remote working,100% - All of my time,70%,Strongly agree,Strongly agree,Strongly disagree,Strongly agree,Strongly agree,100% - All of my time,100% - All of my time,Neither unlikely or likely,Neither unlikely or likely,Neither unlikely or likely,My productivity is about same when I work remotely,1.5,7.0,3.0,4.0,0.5,7.0,3.0,5.0,Somewhat agree,Neither agree nor disagree,Somewhat agree,Neither positive nor negative,2021
1007,1991,Female,Other Services,"Professionals - Legal, Social and Welfare Professionals",Between 5 and 19,Yes,Single person,Between 1 and 5 years,Metro,30%,Less than 10% of my time,10%,Neither agree nor disagree,Somewhat disagree,Somewhat agree,Neither agree nor disagree,Neither agree nor disagree,Less than 10% of my time,10%,Neither unlikely or likely,Neither unlikely or likely,Somewhat likely,I’m 50% more productive when working remotely (or more),2.0,8.0,4.0,4.0,2.0,6.0,4.0,6.0,Neither agree nor disagree,Somewhat agree,Strongly agree,Somewhat Positive,2021
1008,1957,Female,Accommodation and Food,"Managers - Hospitality, Retail and Service Managers",Between 1 and 4,No,Couple with no dependent children,More than 5 years,Regional,20%,30%,30%,Somewhat agree,Strongly agree,Somewhat disagree,Strongly agree,Neither agree nor disagree,Less than 10% of my time,Less than 10% of my time,Somewhat unlikely,Somewhat likely,Neither unlikely or likely,I’m 50% more productive when working remotely (or more),1.0,9.0,1.0,6.0,1.0,9.0,3.0,4.0,Somewhat disagree,Somewhat disagree,Strongly disagree,Strongly Positive,2021
1009,1977,Female,Financial and Insurance,Clerical and administrative workers - Clerical and Office Support Workers,More than 200,No,Couple with dependent children,Between 6 and 12 months,Metro,100% - I spent all of my time remote working,100% - All of my time,100% - I spent all of my time remote working,Strongly agree,Somewhat agree,Somewhat agree,Strongly agree,Strongly agree,100% - All of my time,80%,Somewhat likely,Very likely,Very likely,I’m 50% more productive when working remotely (or more),2.0,7.5,3.0,11.5,0.0,7.5,3.0,5.5,Strongly agree,Strongly agree,Neither agree nor disagree,Strongly Positive,2021
1010,1978,Female,Financial and Insurance,"Professionals - Business, Human Resource and Marketing Professionals",More than 200,Yes,Single person,More than 5 years,Metro,100% - I spent all of my time remote working,100% - All of my time,10%,Strongly agree,Neither agree nor disagree,Strongly agree,Strongly agree,Strongly agree,90%,80%,Very likely,Very likely,Very likely,I’m 20% more productive when working remotely,1.0,10.0,3.0,2.0,0.0,11.0,2.0,3.0,Somewhat agree,Somewhat agree,Somewhat disagree,Strongly Positive,2021
1011,1990,Female,Public Administration and Safety,Clerical and administrative workers - Clerical and Office Support Workers,More than 200,No,Group household,More than 5 years,Metro,80%,100% - All of my time,80%,Neither agree nor disagree,Somewhat agree,Somewhat agree,Somewhat agree,Somewhat agree,100% - All of my time,100% - All of my time,Very unlikely,Very unlikely,Very unlikely,I’m 50% more productive when working remotely (or more),3.0,8.0,0.0,6.0,0.0,8.0,0.0,7.5,Strongly agree,Strongly agree,Strongly disagree,Neither positive nor negative,2021
1012,1961,Female,Administrative and Support,Managers - Specialist Managers,Between 1 and 4,No,Couple with no dependent children,More than 5 years,Metro,50% - I spent about half of my time remote working,20%,40%,Somewhat agree,Strongly agree,Somewhat agree,Strongly agree,Neither agree nor disagree,20%,20%,Neither unlikely or likely,Somewhat likely,Very unlikely,I’m 40% more productive when working remotely,2.0,7.0,3.0,4.0,0.0,8.0,2.0,6.0,Somewhat agree,Strongly agree,Somewhat agree,Neither positive nor negative,2021
1013,1993,Male,Information Media and Telecommunications,"Professionals - Business, Human Resource and Marketing Professionals",Between 20 and 199,No,Group household,Between 1 and 5 years,Metro,100% - I spent all of my time remote working,100% - All of my time,100% - I spent all of my time remote working,Strongly agree,Strongly agree,Somewhat agree,Strongly agree,Strongly agree,100% - All of my time,100% - All of my time,Very likely,Very likely,Very likely,I’m 20% more productive when working remotely,3.0,8.0,3.0,3.0,1.0,8.0,3.0,5.0,Strongly agree,Neither agree nor disagree,Somewhat agree,Strongly Positive,2021
1014,2002,Female,Health Care and Social Assistance,Clerical and administrative workers - Inquiry Clerks and Receptionists,Between 20 and 199,No,Multiple family household,Between 1 and 5 years,Regional,10%,Less than 10% of my time,10%,Somewhat disagree,Neither agree nor disagree,Neither agree nor disagree,Somewhat agree,Neither agree nor disagree,Less than 10% of my time,50% - About half of my time,Very unlikely,Very unlikely,Very unlikely,I’m 50% less productive when working remotely (or worse),0.5,12.0,4.5,3.0,0.0,8.0,10.0,3.0,Neither agree nor disagree,Neither agree nor disagree,Neither agree nor disagree,Somewhat Positive,2021
1015,1964,Female,Financial and Insurance,"Professionals - Business, Human Resource and Marketing Professionals",More than 200,No,Single person,Between 1 and 5 years,Metro,80%,60%,80%,Strongly agree,Strongly agree,Somewhat agree,Strongly agree,Somewhat agree,50% - About half of my time,50% - About half of my time,Neither unlikely or likely,Somewhat likely,Somewhat likely,I’m 20% more productive when working remotely,3.0,9.0,2.0,3.0,1.0,10.0,2.0,4.0,Strongly agree,Strongly agree,Strongly agree,Strongly Positive,2021
1016,1966,Male,"Electricity, Gas, Water and Waste",Sales workers - Sales Representatives and Agents,More than 200,No,Couple with dependent children,More than 5 years,Metro,50% - I spent about half of my time remote working,50% - About half of my time,50% - I spent about half of my time remote working,Somewhat disagree,Neither agree nor disagree,Neither agree nor disagree,Somewhat disagree,Somewhat disagree,30%,60%,Neither unlikely or likely,Neither unlikely or likely,Somewhat unlikely,I’m 20% less productive when working remotely,0.5,7.0,0.0,12.0,0.0,8.0,0.0,2.0,Somewhat agree,Somewhat agree,Neither agree nor disagree,Somewhat Negative,2021
1017,1988,Male,Manufacturing,"Professionals - Design, Engineering, Science and Transport Professionals",More than 200,Yes,Couple with no dependent children,More than 5 years,Metro,70%,60%,80%,Somewhat agree,Neither agree nor disagree,Strongly agree,Strongly agree,Neither agree nor disagree,40%,50% - About half of my time,Very likely,Somewhat likely,Very likely,I’m 30% more productive when working remotely,1.0,6.0,15.0,1.0,1.0,8.0,3.0,5.0,Strongly agree,Somewhat agree,Strongly agree,Somewhat Positive,2021
1018,1989,Male,"Professional, Scientific and Technical","Professionals - Legal, Social and Welfare Professionals",More than 200,Yes,Single person,Between 6 and 12 months,Metro,60%,60%,30%,Somewhat agree,Somewhat agree,Strongly agree,Strongly agree,Neither agree nor disagree,40%,20%,Somewhat unlikely,Somewhat unlikely,Very unlikely,I’m 10% more productive when working remotely,2.5,11.5,0.5,1.5,0.5,12.0,0.5,3.0,Neither agree nor disagree,Somewhat agree,Somewhat agree,Neither positive nor negative,2021
1019,1995,Male,Retail Trade,"Professionals - Business, Human Resource and Marketing Professionals",More than 200,No,Group household,Between 6 and 12 months,Metro,50% - I spent about half of my time remote working,40%,40%,Strongly agree,Somewhat agree,Strongly agree,Somewhat agree,Strongly agree,40%,40%,Neither unlikely or likely,Neither unlikely or likely,Somewhat likely,I’m 10% less productive when working remotely,2.0,10.0,2.0,3.0,0.5,8.0,3.0,4.5,Neither agree nor disagree,Somewhat disagree,Neither agree nor disagree,Strongly Positive,2021
1020,1986,Male,Retail Trade,"Managers - Hospitality, Retail and Service Managers",More than 200,Yes,Single person,More than 5 years,Metro,Rarely or never,50% - About half of my time,Less than 10% of my time,Strongly disagree,Strongly disagree,Somewhat disagree,Neither agree nor disagree,Neither agree nor disagree,50% - About half of my time,20%,Very unlikely,Somewhat likely,Very unlikely,I’m 20% more productive when working remotely,0.5,8.5,1.0,7.0,0.0,7.0,0.0,10.0,Strongly agree,Neither agree nor disagree,Neither agree nor disagree,Somewhat Negative,2021
1021,1983,Female,"Professional, Scientific and Technical","Professionals - Legal, Social and Welfare Professionals",More than 200,Yes,Couple with dependent children,More than 5 years,Metro,Rarely or never,70%,70%,Strongly agree,Strongly disagree,Somewhat agree,Somewhat agree,Somewhat agree,70%,70%,Neither unlikely or likely,Neither unlikely or likely,Somewhat unlikely,My productivity is about same when I work remotely,1.0,8.0,5.0,3.0,0.5,9.0,4.0,3.5,Neither agree nor disagree,Neither agree nor disagree,Somewhat agree,Somewhat Positive,2021
1022,1987,Male,Construction,"Managers - Chief Executives, General Managers and Legislators",More than 200,Yes,One parent family with dependent children,More than 5 years,Regional,100% - I spent all of my time remote working,90%,70%,Somewhat agree,Neither agree nor disagree,Somewhat agree,Somewhat agree,Somewhat agree,70%,50% - About half of my time,Very likely,Somewhat likely,Very likely,I’m 20% less productive when working remotely,1.0,8.0,4.0,4.0,0.0,6.0,4.0,7.0,Somewhat disagree,Somewhat disagree,Somewhat agree,Somewhat Positive,2021
1023,1975,Male,Education and Training,Managers - Farmers and Farm Managers,Between 20 and 199,Yes,Couple with dependent children,Between 1 and 5 years,Metro,30%,10%,20%,Neither agree nor disagree,Somewhat disagree,Neither agree nor disagree,Neither agree nor disagree,Somewhat disagree,10%,Less than 10% of my time,Neither unlikely or likely,Neither unlikely or likely,Somewhat unlikely,I’m 20% less productive when working remotely,5.0,8.0,2.0,2.0,7.0,8.0,1.0,2.0,Somewhat disagree,Neither agree nor disagree,Strongly agree,Somewhat Negative,2021
1024,1986,Male,Manufacturing,"Professionals - Design, Engineering, Science and Transport Professionals",More than 200,No,Group household,More than 5 years,Metro,80%,50% - About half of my time,50% - I spent about half of my time remote working,Neither agree nor disagree,Somewhat agree,Neither agree nor disagree,Strongly agree,Neither agree nor disagree,50% - About half of my time,50% - About half of my time,Neither unlikely or likely,Neither unlikely or likely,Neither unlikely or likely,I’m 20% more productive when working remotely,2.0,8.0,2.0,4.0,0.5,8.0,2.0,5.5,Neither agree nor disagree,Somewhat agree,Neither agree nor disagree,Strongly Positive,2021
1025,1996,Female,Information Media and Telecommunications,"Professionals - Business, Human Resource and Marketing Professionals",More than 200,Yes,Other one family household,Between 1 and 5 years,Metro,80%,80%,60%,Somewhat agree,Strongly agree,Strongly agree,Strongly agree,Strongly agree,70%,60%,Somewhat unlikely,Neither unlikely or likely,Somewhat likely,I’m 20% more productive when working remotely,3.0,8.0,1.0,5.5,1.0,8.0,3.0,4.5,Somewhat agree,Somewhat disagree,Somewhat agree,Strongly Positive,2021
1026,1992,Male,Financial and Insurance,Managers - Specialist Managers,Between 20 and 199,Yes,Single person,Between 1 and 5 years,Metro,100% - I spent all of my time remote working,100% - All of my time,90%,Strongly agree,Strongly agree,Strongly agree,Strongly agree,Somewhat agree,100% - All of my time,80%,Neither unlikely or likely,Neither unlikely or likely,Neither unlikely or likely,I’m 30% less productive when working remotely,1.0,8.0,3.0,4.0,1.0,8.0,4.0,4.0,Somewhat agree,Neither agree nor disagree,Neither agree nor disagree,Somewhat Positive,2021
1027,1963,Female,Other Services,Managers - Specialist Managers,Between 20 and 199,No,Couple with no dependent children,More than 5 years,Metro,Rarely or never,I would not have preferred to work remotely,Less than 10% of my time,Neither agree nor disagree,Neither agree nor disagree,Strongly agree,Strongly agree,Strongly agree,I would not have preferred to work remotely,I would prefer not to work remotely,Neither unlikely or likely,Very likely,Somewhat likely,My productivity is about same when I work remotely,1.0,9.0,2.0,4.0,1.0,8.0,3.0,4.0,Neither agree nor disagree,Neither agree nor disagree,Neither agree nor disagree,Somewhat Positive,2021
1028,1980,Female,"Professional, Scientific and Technical","Professionals - Design, Engineering, Science and Transport Professionals",More than 200,Yes,Couple with dependent children,More than 5 years,Metro,100% - I spent all of my time remote working,50% - About half of my time,90%,Strongly agree,Strongly agree,Strongly agree,Strongly agree,Strongly agree,50% - About half of my time,40%,Somewhat likely,Very likely,Very likely,I’m 20% more productive when working remotely,3.0,8.0,2.0,3.0,0.5,8.0,2.0,4.5,Neither agree nor disagree,Somewhat disagree,Somewhat agree,Strongly Positive,2021
1029,1961,Female,Education and Training,Professionals - Education Professionals,Between 20 and 199,No,Single person,More than 5 years,Metro,Rarely or never,I would not have preferred to work remotely,Rarely or never,Neither agree nor disagree,Neither agree nor disagree,Neither agree nor disagree,Neither agree nor disagree,Neither agree nor disagree,I would not have preferred to work remotely,I would prefer not to work remotely,Very unlikely,Very unlikely,Very unlikely,My productivity is about same when I work remotely,1.0,8.0,2.0,5.0,0.0,9.0,2.0,5.0,Neither agree nor disagree,Neither agree nor disagree,Strongly agree,Strongly Positive,2021
1030,1970,Female,"Professional, Scientific and Technical",Managers - Specialist Managers,More than 200,Yes,Single person,Between 1 and 5 years,Metro,50% - I spent about half of my time remote working,60%,Less than 10% of my time,Strongly agree,Somewhat agree,Neither agree nor disagree,Strongly agree,Somewhat agree,60%,60%,Neither unlikely or likely,Very likely,Very likely,I’m 30% more productive when working remotely,2.0,12.0,2.0,2.0,1.0,12.0,2.0,2.0,Somewhat agree,Strongly disagree,Neither agree nor disagree,Strongly Positive,2021
1031,1982,Female,Public Administration and Safety,Managers - Specialist Managers,More than 200,No,Other one family household,Between 1 and 5 years,Metro,100% - I spent all of my time remote working,100% - All of my time,100% - I spent all of my time remote working,Neither agree nor disagree,Strongly agree,Strongly agree,Strongly agree,Strongly agree,100% - All of my time,50% - About half of my time,Neither unlikely or likely,Neither unlikely or likely,Neither unlikely or likely,I’m 50% more productive when working remotely (or more),2.0,8.0,0.0,6.0,0.0,10.0,3.0,3.0,Neither agree nor disagree,Neither agree nor disagree,Neither agree nor disagree,Strongly Positive,2021
1032,1976,Female,Arts and Recreation,Managers - Specialist Managers,Between 20 and 199,No,Couple with dependent children,Between 1 and 5 years,Metro,100% - I spent all of my time remote working,100% - All of my time,100% - I spent all of my time remote working,Strongly agree,Strongly agree,Strongly agree,Strongly agree,Strongly agree,100% - All of my time,100% - All of my time,Very likely,Very likely,Neither unlikely or likely,I’m 50% more productive when working remotely (or more),0.0,7.5,4.5,4.0,0.0,7.5,4.0,4.5,Strongly agree,Neither agree nor disagree,Somewhat agree,Strongly Positive,2021
1033,1964,Male,Retail Trade,Sales workers - Sales Representatives and Agents,Between 20 and 199,No,Couple with no dependent children,Between 6 and 12 months,Metro,100% - I spent all of my time remote working,100% - All of my time,100% - I spent all of my time remote working,Somewhat agree,Strongly agree,Neither agree nor disagree,Neither agree nor disagree,Somewhat agree,100% - All of my time,90%,Very likely,Very likely,Very likely,I’m 30% more productive when working remotely,1.0,6.0,4.0,5.0,1.0,6.0,4.0,5.0,Somewhat agree,Somewhat agree,Somewhat disagree,Strongly Positive,2021
1034,1994,Male,Health Care and Social Assistance,Community and personal service workers - Carers and Aides,More than 200,No,Single person,More than 5 years,Regional,Less than 10% of my time,I would not have preferred to work remotely,Less than 10% of my time,Strongly agree,Neither agree nor disagree,Neither agree nor disagree,Neither agree nor disagree,Neither agree nor disagree,I would not have preferred to work remotely,I would prefer not to work remotely,Neither unlikely or likely,Neither unlikely or likely,Very unlikely,I’m 30% less productive when working remotely,2.0,8.0,2.0,4.0,0.5,8.0,3.0,6.0,Strongly disagree,Neither agree nor disagree,Strongly agree,Neither positive nor negative,2021
1035,1962,Female,"Transport, Postal and Warehousing",Professionals - ICT Professionals,More than 200,No,Single person,Between 6 and 12 months,Metro,80%,80%,80%,Strongly agree,Somewhat agree,Somewhat disagree,Strongly agree,Somewhat agree,80%,80%,Somewhat likely,Somewhat likely,Very likely,I’m 10% more productive when working remotely,3.0,8.0,2.0,3.0,0.5,8.5,2.0,5.0,Neither agree nor disagree,Somewhat agree,Somewhat agree,Strongly Positive,2021
1036,1987,Male,"Rental, Hiring and Real Estate","Professionals - Business, Human Resource and Marketing Professionals",Between 20 and 199,No,Couple with no dependent children,Between 1 and 5 years,Metro,50% - I spent about half of my time remote working,60%,20%,Somewhat agree,Somewhat agree,Somewhat agree,Strongly agree,Somewhat disagree,40%,Less than 10% of my time,Very unlikely,Neither unlikely or likely,Somewhat unlikely,I’m 20% more productive when working remotely,2.0,8.0,2.0,5.0,0.5,8.0,2.0,6.5,Somewhat agree,Strongly agree,Somewhat agree,Strongly Positive,2021
1037,1980,Female,Financial and Insurance,"Professionals - Business, Human Resource and Marketing Professionals",More than 200,Yes,Single person,More than 5 years,Metro,100% - I spent all of my time remote working,100% - All of my time,100% - I spent all of my time remote working,Somewhat agree,Strongly agree,Strongly agree,Strongly agree,Somewhat agree,100% - All of my time,100% - All of my time,Very likely,Very likely,Very likely,I’m 50% more productive when working remotely (or more),2.0,8.0,4.0,3.0,0.0,12.0,2.0,2.0,Somewhat agree,Neither agree nor disagree,Somewhat agree,Somewhat Positive,2021
1038,1979,Female,"Professional, Scientific and Technical","Professionals - Design, Engineering, Science and Transport Professionals",More than 200,No,Single person,Between 1 and 5 years,Metro,90%,100% - All of my time,80%,Somewhat agree,Somewhat disagree,Strongly agree,Somewhat agree,Strongly agree,90%,90%,Very unlikely,Somewhat unlikely,Very unlikely,I’m 20% more productive when working remotely,1.5,7.5,2.0,4.0,0.1,7.5,2.0,5.39,Somewhat agree,Somewhat disagree,Neither agree nor disagree,Neither positive nor negative,2021
1039,1960,Female,Education and Training,Sales workers - Sales Assistants and Salespersons,Between 20 and 199,No,Couple with no dependent children,More than 5 years,Metro,Less than 10% of my time,I would not have preferred to work remotely,Less than 10% of my time,Strongly disagree,Somewhat disagree,Neither agree nor disagree,Strongly disagree,Strongly disagree,Less than 10% of my time,I would prefer not to work remotely,Very unlikely,Very unlikely,Very unlikely,I’m 50% less productive when working remotely (or worse),2.0,10.0,3.0,3.0,0.5,10.0,3.0,4.5,Strongly disagree,Strongly disagree,Strongly agree,Somewhat Positive,2021
1040,1991,Male,"Professional, Scientific and Technical","Professionals - Design, Engineering, Science and Transport Professionals",Between 20 and 199,No,Single person,Between 1 and 5 years,Metro,Rarely or never,I would not have preferred to work remotely,Rarely or never,Somewhat agree,Somewhat agree,Neither agree nor disagree,Neither agree nor disagree,Somewhat disagree,I would not have preferred to work remotely,I would prefer not to work remotely,Neither unlikely or likely,Somewhat likely,Neither unlikely or likely,My productivity is about same when I work remotely,2.5,8.0,2.0,3.5,0.0,9.0,3.0,4.0,Neither agree nor disagree,Strongly agree,Somewhat agree,Somewhat Positive,2021
1041,1974,Female,Education and Training,Professionals - Education Professionals,More than 200,No,Couple with dependent children,Between 6 and 12 months,Metro,60%,60%,30%,Strongly agree,Somewhat agree,Somewhat agree,Somewhat agree,Somewhat agree,50% - About half of my time,40%,Neither unlikely or likely,Neither unlikely or likely,Somewhat unlikely,I’m 30% more productive when working remotely,2.0,7.0,5.0,2.0,0.0,7.0,5.0,4.0,Strongly agree,Strongly agree,Somewhat agree,Somewhat Positive,2021
1042,1991,Male,Information Media and Telecommunications,Professionals - ICT Professionals,More than 200,No,Other one family household,More than 5 years,Metro,100% - I spent all of my time remote working,100% - All of my time,50% - I spent about half of my time remote working,Neither agree nor disagree,Somewhat agree,Somewhat agree,Neither agree nor disagree,Somewhat agree,100% - All of my time,100% - All of my time,Very unlikely,Very unlikely,Very unlikely,I’m 20% more productive when working remotely,1.0,8.0,3.0,4.0,1.0,8.0,4.0,3.0,Strongly agree,Strongly agree,Somewhat agree,Neither positive nor negative,2021
1043,1997,Female,Financial and Insurance,"Professionals - Business, Human Resource and Marketing Professionals",More than 200,No,Couple with no dependent children,Between 6 and 12 months,Metro,80%,Less than 10% of my time,80%,Strongly agree,Strongly agree,Strongly agree,Strongly agree,Strongly agree,Less than 10% of my time,I would prefer not to work remotely,Neither unlikely or likely,Neither unlikely or likely,Somewhat likely,I’m 10% less productive when working remotely,3.0,8.0,2.0,5.0,0.0,8.5,3.0,6.0,Strongly disagree,Somewhat disagree,Strongly agree,Strongly Positive,2021
1044,1985,Female,Education and Training,Professionals - Education Professionals,Between 20 and 199,No,Group household,More than 5 years,Regional,20%,30%,20%,Strongly disagree,Strongly disagree,Strongly disagree,Strongly disagree,Somewhat disagree,30%,40%,Very unlikely,Very unlikely,Very unlikely,I’m 10% more productive when working remotely,2.0,9.0,3.0,3.0,0.5,9.0,3.0,4.0,Neither agree nor disagree,Somewhat agree,Somewhat agree,Somewhat Negative,2021
1045,1980,Female,Administrative and Support,Clerical and administrative workers - Personal Assistants and Secretaries,More than 200,No,Single person,Between 1 and 5 years,Metro,100% - I spent all of my time remote working,100% - All of my time,100% - I spent all of my time remote working,Strongly agree,Strongly agree,Somewhat agree,Strongly agree,Strongly agree,100% - All of my time,90%,Very likely,Very unlikely,Very likely,I’m 50% more productive when working remotely (or more),3.0,8.0,0.0,6.0,0.5,10.0,1.0,4.5,Somewhat agree,Strongly agree,Neither agree nor disagree,Strongly Positive,2021
1046,1982,Female,Other Services,Managers - Specialist Managers,More than 200,Yes,Single person,Between 1 and 5 years,Metro,90%,90%,90%,Strongly agree,Neither agree nor disagree,Neither agree nor disagree,Strongly agree,Strongly agree,90%,90%,Very likely,Very likely,Very likely,I’m 40% more productive when working remotely,2.5,8.0,3.0,3.5,0.0,9.0,2.5,5.5,Somewhat agree,Somewhat agree,Neither agree nor disagree,Strongly Positive,2021
1047,1977,Female,Education and Training,Managers - Specialist Managers,Between 20 and 199,Yes,Single person,More than 5 years,Metro,100% - I spent all of my time remote working,100% - All of my time,100% - I spent all of my time remote working,Somewhat disagree,Somewhat agree,Somewhat agree,Somewhat agree,Somewhat disagree,50% - About half of my time,30%,Neither unlikely or likely,Somewhat unlikely,Somewhat likely,My productivity is about same when I work remotely,1.0,7.0,3.0,5.0,1.0,7.0,4.0,4.0,Neither agree nor disagree,Neither agree nor disagree,Somewhat agree,Somewhat Positive,2021
1048,1983,Male,Financial and Insurance,Clerical and administrative workers - Other Clerical and Administrative Workers,More than 200,No,Couple with dependent children,Between 1 and 5 years,Metro,90%,80%,70%,Somewhat agree,Somewhat disagree,Neither agree nor disagree,Strongly agree,Strongly agree,50% - About half of my time,70%,Somewhat unlikely,Neither unlikely or likely,Somewhat likely,I’m 50% more productive when working remotely (or more),2.0,8.0,4.0,2.0,1.0,8.0,4.0,4.0,Neither agree nor disagree,Somewhat agree,Somewhat disagree,Somewhat Positive,2021
1049,1987,Male,Financial and Insurance,"Professionals - Business, Human Resource and Marketing Professionals",Between 5 and 19,Yes,Couple with no dependent children,Between 1 and 5 years,Metro,Rarely or never,50% - About half of my time,Rarely or never,Somewhat agree,Somewhat agree,Strongly agree,Strongly agree,Somewhat agree,50% - About half of my time,30%,Somewhat likely,Somewhat likely,Somewhat likely,I’m 30% more productive when working remotely,0.5,8.0,1.5,6.0,0.0,8.0,2.0,6.0,Neither agree nor disagree,Strongly agree,Somewhat agree,Strongly Positive,2021
1050,1963,Female,Education and Training,Professionals - Education Professionals,I am a sole trader/owner-operator,Yes,Couple with no dependent children,More than 5 years,Metro,50% - I spent about half of my time remote working,50% - About half of my time,50% - I spent about half of my time remote working,Neither agree nor disagree,Neither agree nor disagree,Neither agree nor disagree,Somewhat agree,Somewhat agree,50% - About half of my time,50% - About half of my time,Somewhat likely,Neither unlikely or likely,Somewhat likely,My productivity is about same when I work remotely,0.0,5.0,5.0,6.0,2.0,5.0,5.0,5.0,Neither agree nor disagree,Neither agree nor disagree,Neither agree nor disagree,Neither positive nor negative,2021
1051,1982,Female,Information Media and Telecommunications,Managers - Specialist Managers,More than 200,No,Couple with no dependent children,More than 5 years,Metro,30%,50% - About half of my time,Less than 10% of my time,Somewhat disagree,Strongly disagree,Somewhat disagree,Somewhat disagree,Somewhat agree,50% - About half of my time,50% - About half of my time,Very unlikely,Very unlikely,Very unlikely,I’m 20% more productive when working remotely,1.0,9.0,5.0,3.0,0.0,10.0,2.0,4.0,Somewhat agree,Somewhat disagree,Somewhat agree,Somewhat Negative,2021
1052,2001,Male,Construction,Sales workers - Sales Support Workers,Between 5 and 19,Yes,Couple with no dependent children,Between 1 and 5 years,Metro,Rarely or never,Less than 10% of my time,50% - I spent about half of my time remote working,Strongly agree,Strongly agree,Strongly agree,Strongly agree,Strongly agree,50% - About half of my time,50% - About half of my time,Very likely,Very likely,Very likely,I’m 50% more productive when working remotely (or more),5.0,5.0,5.0,5.0,5.0,5.0,5.0,5.0,Strongly agree,Strongly agree,Strongly agree,Strongly Positive,2021
1053,1962,Female,Administrative and Support,Clerical and administrative workers - Other Clerical and Administrative Workers,More than 200,No,Couple with no dependent children,More than 5 years,Metro,70%,100% - All of my time,70%,Neither agree nor disagree,Somewhat disagree,Somewhat agree,Neither agree nor disagree,Somewhat agree,70%,70%,Somewhat unlikely,Neither unlikely or likely,Somewhat unlikely,I’m 50% more productive when working remotely (or more),1.0,7.0,2.0,6.0,0.0,7.0,2.0,7.0,Neither agree nor disagree,Neither agree nor disagree,Neither agree nor disagree,Neither positive nor negative,2021
1054,1962,Female,Health Care and Social Assistance,Managers - Specialist Managers,More than 200,No,Other one family household,Between 1 and 5 years,Metro,60%,100% - All of my time,60%,Somewhat agree,Somewhat agree,Somewhat agree,Somewhat agree,Somewhat agree,100% - All of my time,100% - All of my time,Somewhat unlikely,Somewhat likely,Somewhat unlikely,I’m 10% more productive when working remotely,2.0,10.0,1.0,3.0,1.0,10.0,1.5,3.5,Strongly agree,Strongly agree,Strongly disagree,Somewhat Positive,2021
1055,1969,Female,Information Media and Telecommunications,"Professionals - Business, Human Resource and Marketing Professionals",Between 5 and 19,No,Single person,Between 1 and 5 years,Metro,20%,10%,50% - I spent about half of my time remote working,Strongly agree,Strongly agree,Strongly agree,Strongly agree,Somewhat disagree,20%,20%,Somewhat likely,Neither unlikely or likely,Somewhat likely,I’m 30% less productive when working remotely,2.0,10.0,1.0,3.0,,12.0,2.0,2.0,Strongly disagree,Strongly disagree,Strongly agree,Somewhat Positive,2021
1056,1989,Male,"Transport, Postal and Warehousing",Clerical and administrative workers - General Clerical Workers,Between 20 and 199,Yes,Couple with no dependent children,More than 5 years,Metro,40%,40%,40%,Somewhat agree,Somewhat disagree,Somewhat agree,Neither agree nor disagree,Somewhat agree,50% - About half of my time,50% - About half of my time,Somewhat unlikely,Neither unlikely or likely,Somewhat unlikely,I’m 50% more productive when working remotely (or more),4.0,10.0,1.0,3.0,4.0,10.0,2.0,2.0,Strongly agree,Strongly disagree,Somewhat agree,Somewhat Positive,2021
1057,1988,Male,Education and Training,Professionals - Education Professionals,Between 20 and 199,No,Single person,Between 1 and 5 years,Metro,100% - I spent all of my time remote working,100% - All of my time,100% - I spent all of my time remote working,Strongly agree,Strongly agree,Strongly agree,Strongly agree,Strongly agree,I would not have preferred to work remotely,50% - About half of my time,Very likely,Very likely,Very likely,I’m 30% more productive when working remotely,0.0,10.0,3.0,5.0,0.0,10.0,3.0,5.0,Somewhat disagree,Somewhat disagree,Strongly agree,Somewhat Negative,2021
1058,1962,Female,Health Care and Social Assistance,Managers - Specialist Managers,Between 20 and 199,Yes,Couple with no dependent children,More than 5 years,Regional,20%,40%,10%,Somewhat agree,Somewhat agree,Somewhat agree,Somewhat agree,Neither agree nor disagree,40%,30%,Neither unlikely or likely,Neither unlikely or likely,Neither unlikely or likely,I’m 20% more productive when working remotely,5.0,11.0,2.0,1.0,1.0,12.0,2.0,3.0,Somewhat agree,Somewhat disagree,Somewhat agree,Somewhat Positive,2021
1059,1984,Male,Administrative and Support,"Managers - Chief Executives, General Managers and Legislators",Between 20 and 199,Yes,Couple with dependent children,More than 5 years,Metro,50% - I spent about half of my time remote working,70%,30%,Neither agree nor disagree,Strongly agree,Somewhat agree,Somewhat agree,Neither agree nor disagree,50% - About half of my time,40%,Very likely,Somewhat likely,Somewhat likely,I’m 20% more productive when working remotely,2.0,8.0,2.5,3.5,1.0,6.0,4.0,5.0,Strongly agree,Strongly agree,Somewhat agree,Strongly Positive,2021
1060,1993,Male,Financial and Insurance,"Professionals - Business, Human Resource and Marketing Professionals",Between 20 and 199,Yes,Couple with dependent children,Between 6 and 12 months,Metro,40%,30%,50% - I spent about half of my time remote working,Neither agree nor disagree,Somewhat disagree,Somewhat disagree,Somewhat agree,Neither agree nor disagree,50% - About half of my time,40%,Neither unlikely or likely,Somewhat unlikely,Somewhat unlikely,I’m 30% more productive when working remotely,5.0,5.0,5.0,5.0,4.0,4.0,4.0,4.0,Neither agree nor disagree,Somewhat agree,Somewhat agree,Somewhat Negative,2021
1061,1989,Female,"Professional, Scientific and Technical","Professionals - Business, Human Resource and Marketing Professionals",Between 20 and 199,Yes,Single person,More than 5 years,Metro,50% - I spent about half of my time remote working,70%,40%,Somewhat disagree,Neither agree nor disagree,Somewhat agree,Neither agree nor disagree,Somewhat agree,40%,60%,Neither unlikely or likely,Neither unlikely or likely,Somewhat likely,I’m 10% more productive when working remotely,1.0,8.0,1.0,6.0,0.5,9.0,2.0,4.5,Neither agree nor disagree,Neither agree nor disagree,Neither agree nor disagree,Somewhat Positive,2021
1062,1985,Male,"Professional, Scientific and Technical",Professionals - ICT Professionals,Between 20 and 199,No,Couple with dependent children,Between 1 and 5 years,Metro,90%,50% - About half of my time,80%,Strongly agree,Strongly agree,Neither agree nor disagree,Strongly agree,Strongly agree,50% - About half of my time,40%,Very likely,Somewhat likely,Neither unlikely or likely,I’m 50% more productive when working remotely (or more),2.0,7.0,2.0,5.0,0.0,8.0,2.0,6.0,Strongly agree,Somewhat agree,Somewhat agree,Strongly Positive,2021
1063,1981,Female,Financial and Insurance,"Professionals - Business, Human Resource and Marketing Professionals",Between 20 and 199,Yes,Couple with dependent children,More than 5 years,Metro,80%,50% - About half of my time,70%,Somewhat agree,Neither agree nor disagree,Somewhat agree,Somewhat agree,Somewhat agree,50% - About half of my time,50% - About half of my time,Neither unlikely or likely,Neither unlikely or likely,Neither unlikely or likely,I’m 20% more productive when working remotely,1.0,9.0,1.0,5.0,0.5,7.0,3.0,5.5,Strongly agree,Strongly agree,Somewhat agree,Neither positive nor negative,2021
1064,1985,Female,Education and Training,Professionals - Education Professionals,More than 200,Yes,Couple with dependent children,Between 6 and 12 months,Regional,10%,I would not have preferred to work remotely,Rarely or never,Somewhat agree,Somewhat disagree,Somewhat agree,Somewhat agree,Neither agree nor disagree,I would not have preferred to work remotely,I would prefer not to work remotely,Neither unlikely or likely,Very likely,Neither unlikely or likely,I’m 50% more productive when working remotely (or more),5.0,7.0,2.0,3.0,1.0,8.0,3.0,7.0,Somewhat agree,Somewhat agree,Strongly agree,Neither positive nor negative,2021
1065,1992,Female,Financial and Insurance,Clerical and administrative workers - General Clerical Workers,More than 200,No,One parent family with dependent children,Between 1 and 5 years,Regional,Less than 10% of my time,30%,Less than 10% of my time,Somewhat disagree,Strongly agree,Neither agree nor disagree,Neither agree nor disagree,Neither agree nor disagree,I would not have preferred to work remotely,Less than 10% of my time,Neither unlikely or likely,Somewhat likely,Neither unlikely or likely,I’m 20% less productive when working remotely,4.0,8.0,0.0,4.0,4.0,8.0,1.0,3.0,Somewhat disagree,Somewhat disagree,Strongly agree,Somewhat Positive,2021
1066,1957,Female,Education and Training,Professionals - Health Professionals,More than 200,No,Couple with no dependent children,More than 5 years,Regional,20%,50% - About half of my time,20%,Strongly disagree,Strongly disagree,Strongly disagree,Strongly disagree,Strongly agree,20%,50% - About half of my time,Very unlikely,Very unlikely,Very unlikely,I’m 20% more productive when working remotely,3.5,6.0,3.5,3.0,0.5,10.0,1.0,4.5,Strongly agree,Strongly agree,Neither agree nor disagree,Strongly Negative,2021
1067,1974,Female,Construction,"Managers - Chief Executives, General Managers and Legislators",Between 5 and 19,Yes,Couple with no dependent children,More than 5 years,Regional,Rarely or never,100% - All of my time,Less than 10% of my time,Somewhat disagree,Neither agree nor disagree,Somewhat disagree,Somewhat disagree,Somewhat agree,100% - All of my time,100% - All of my time,Somewhat unlikely,Somewhat unlikely,Neither unlikely or likely,I’m 20% more productive when working remotely,2.0,9.0,5.0,2.0,1.0,9.0,4.0,4.0,Neither agree nor disagree,Somewhat disagree,Somewhat agree,Neither positive nor negative,2021
1068,1959,Female,Administrative and Support,Clerical and administrative workers - Clerical and Office Support Workers,More than 200,No,Other one family household,More than 5 years,Regional,Less than 10% of my time,40%,Rarely or never,Somewhat agree,Somewhat disagree,Strongly agree,Strongly agree,Somewhat agree,40%,60%,Somewhat unlikely,Somewhat unlikely,Somewhat unlikely,I’m 20% more productive when working remotely,2.5,7.5,5.0,2.5,0.5,7.5,6.5,1.5,Strongly agree,Somewhat agree,Neither agree nor disagree,Strongly Positive,2021
1069,1972,Female,"Professional, Scientific and Technical","Professionals - Design, Engineering, Science and Transport Professionals",More than 200,No,Couple with dependent children,Between 1 and 5 years,Metro,50% - I spent about half of my time remote working,50% - About half of my time,50% - I spent about half of my time remote working,Strongly agree,Somewhat agree,Strongly agree,Strongly agree,Strongly agree,50% - About half of my time,50% - About half of my time,Somewhat unlikely,Somewhat likely,Somewhat unlikely,I’m 10% more productive when working remotely,2.0,10.0,1.0,5.0,,11.0,1.0,6.0,Somewhat agree,Strongly disagree,Neither agree nor disagree,Somewhat Positive,2021
1070,1968,Female,Education and Training,Professionals - Education Professionals,Between 20 and 199,No,Couple with no dependent children,Between 1 and 5 years,Metro,10%,80%,60%,Neither agree nor disagree,Somewhat agree,Strongly disagree,Strongly disagree,Somewhat agree,80%,80%,Very unlikely,Very unlikely,Very unlikely,I’m 30% more productive when working remotely,3.0,8.0,3.0,3.0,0.0,8.0,3.0,6.0,Somewhat agree,Somewhat agree,Neither agree nor disagree,Neither positive nor negative,2021
1071,1971,Female,Public Administration and Safety,Clerical and administrative workers - Other Clerical and Administrative Workers,More than 200,No,Other one family household,More than 5 years,Metro,100% - I spent all of my time remote working,100% - All of my time,60%,Strongly agree,Somewhat agree,Strongly agree,Somewhat agree,Strongly agree,100% - All of my time,80%,Somewhat unlikely,Neither unlikely or likely,Neither unlikely or likely,I’m 50% more productive when working remotely (or more),2.25,7.35,4.0,2.89,0.1,7.35,4.0,4.5,Strongly agree,Strongly agree,Neither agree nor disagree,Somewhat Positive,2021
1072,1975,Female,"Professional, Scientific and Technical","Professionals - Legal, Social and Welfare Professionals",Between 1 and 4,Yes,Single person,Between 1 and 5 years,Metro,50% - I spent about half of my time remote working,50% - About half of my time,30%,Strongly agree,Strongly agree,Strongly agree,Strongly agree,Neither agree nor disagree,30%,30%,Very likely,Very likely,Very likely,I’m 10% more productive when working remotely,1.0,10.0,1.0,4.0,0.5,11.0,1.0,3.5,Somewhat agree,Somewhat disagree,Somewhat agree,Strongly Positive,2021
1073,1957,Female,"Professional, Scientific and Technical",Managers - Specialist Managers,Between 20 and 199,Yes,Couple with no dependent children,Between 1 and 5 years,Metro,Less than 10% of my time,I would not have preferred to work remotely,Less than 10% of my time,Somewhat agree,Somewhat agree,Somewhat agree,Somewhat agree,Somewhat disagree,Less than 10% of my time,I would prefer not to work remotely,Somewhat unlikely,Neither unlikely or likely,Neither unlikely or likely,I’m 10% more productive when working remotely,4.0,7.0,2.0,3.0,4.0,8.0,2.0,3.0,Neither agree nor disagree,Neither agree nor disagree,Somewhat agree,Neither positive nor negative,2021
1074,1981,Female,Other Services,Managers - Specialist Managers,Between 20 and 199,Yes,Single person,More than 5 years,Metro,100% - I spent all of my time remote working,100% - All of my time,100% - I spent all of my time remote working,Strongly agree,Somewhat agree,Strongly agree,Strongly agree,Strongly agree,100% - All of my time,90%,Neither unlikely or likely,Very likely,Very likely,I’m 20% more productive when working remotely,3.0,8.0,1.5,3.5,0.5,8.0,1.5,6.0,Somewhat agree,Strongly agree,Neither agree nor disagree,Somewhat Positive,2021
1075,1981,Female,Administrative and Support,Clerical and administrative workers - Personal Assistants and Secretaries,Between 20 and 199,No,Couple with no dependent children,More than 5 years,Metro,Rarely or never,40%,Rarely or never,Somewhat disagree,Strongly disagree,Somewhat disagree,Somewhat agree,Neither agree nor disagree,40%,20%,Very unlikely,Very unlikely,Very unlikely,My productivity is about same when I work remotely,2.5,8.5,1.0,5.0,1.0,8.5,2.0,4.5,Somewhat agree,Neither agree nor disagree,Neither agree nor disagree,Neither positive nor negative,2021
1076,1994,Male,Financial and Insurance,"Professionals - Business, Human Resource and Marketing Professionals",Between 1 and 4,No,Couple with no dependent children,More than 5 years,Metro,Rarely or never,50% - About half of my time,Rarely or never,Strongly disagree,Strongly disagree,Strongly disagree,Strongly disagree,Strongly agree,50% - About half of my time,50% - About half of my time,Very unlikely,Very unlikely,Very unlikely,I’m 50% more productive when working remotely (or more),2.0,8.0,2.0,3.0,0.0,8.0,2.0,5.0,Strongly agree,Strongly agree,Neither agree nor disagree,Strongly Negative,2021
1077,1991,Male,Manufacturing,"Professionals - Business, Human Resource and Marketing Professionals",Between 20 and 199,No,Single person,Between 1 and 5 years,Metro,30%,30%,40%,Neither agree nor disagree,Neither agree nor disagree,Neither agree nor disagree,Neither agree nor disagree,Neither agree nor disagree,10%,I would prefer not to work remotely,Neither unlikely or likely,Neither unlikely or likely,Neither unlikely or likely,I’m 30% more productive when working remotely,1.0,8.0,2.0,6.0,0.0,8.0,2.0,6.0,Neither agree nor disagree,Neither agree nor disagree,Neither agree nor disagree,Neither positive nor negative,2021
1078,1961,Female,Financial and Insurance,"Professionals - Business, Human Resource and Marketing Professionals",More than 200,No,Couple with no dependent children,Between 1 and 5 years,Metro,100% - I spent all of my time remote working,100% - All of my time,90%,Somewhat agree,Somewhat agree,Somewhat agree,Somewhat agree,Somewhat agree,80%,80%,Somewhat likely,Somewhat likely,Neither unlikely or likely,I’m 40% more productive when working remotely,3.0,7.0,4.0,1.0,0.0,9.0,4.0,2.0,Somewhat agree,Somewhat agree,Neither agree nor disagree,Strongly Positive,2021
1079,1975,Female,Administrative and Support,Clerical and administrative workers - Personal Assistants and Secretaries,More than 200,No,Single person,More than 5 years,Metro,50% - I spent about half of my time remote working,50% - About half of my time,30%,Neither agree nor disagree,Somewhat disagree,Neither agree nor disagree,Neither agree nor disagree,Neither agree nor disagree,40%,30%,Neither unlikely or likely,Neither unlikely or likely,Neither unlikely or likely,My productivity is about same when I work remotely,1.5,7.5,2.0,5.0,0.0,8.0,2.0,6.0,Neither agree nor disagree,Neither agree nor disagree,Neither agree nor disagree,Neither positive nor negative,2021
1080,1960,Female,"Professional, Scientific and Technical","Professionals - Business, Human Resource and Marketing Professionals",Between 1 and 4,No,Single person,More than 5 years,Metro,100% - I spent all of my time remote working,100% - All of my time,100% - I spent all of my time remote working,Strongly agree,Neither agree nor disagree,Strongly agree,Strongly agree,Somewhat agree,100% - All of my time,100% - All of my time,Very likely,Very likely,Very likely,I’m 10% less productive when working remotely,0.5,9.0,2.0,3.5,0.5,9.0,2.5,3.0,Strongly agree,Strongly agree,Neither agree nor disagree,Strongly Positive,2021
1081,1982,Female,Other Services,Professionals - ICT Professionals,More than 200,No,Couple with dependent children,More than 5 years,Metro,90%,90%,90%,Strongly agree,Strongly agree,Strongly agree,Strongly agree,Somewhat agree,90%,90%,Neither unlikely or likely,Very likely,Very likely,My productivity is about same when I work remotely,2.0,8.0,7.0,2.0,0.5,9.0,8.0,1.5,Neither agree nor disagree,Somewhat disagree,Somewhat agree,Strongly Positive,2021
1082,1968,Female,Retail Trade,"Managers - Hospitality, Retail and Service Managers",I am a sole trader/owner-operator,No,Couple with dependent children,More than 5 years,Metro,100% - I spent all of my time remote working,80%,100% - I spent all of my time remote working,Strongly agree,Strongly agree,Strongly agree,Strongly agree,Strongly agree,80%,80%,Very likely,Very likely,Very likely,I’m 20% more productive when working remotely,3.0,8.0,3.0,3.0,1.5,6.0,3.0,6.0,Neither agree nor disagree,Neither agree nor disagree,Neither agree nor disagree,Strongly Positive,2021
1083,1993,Female,"Professional, Scientific and Technical",Professionals - Arts and Media Professionals,More than 200,No,Group household,Between 6 and 12 months,Metro,40%,50% - About half of my time,40%,Somewhat agree,Somewhat agree,Somewhat agree,Somewhat agree,Somewhat agree,50% - About half of my time,50% - About half of my time,Somewhat unlikely,Neither unlikely or likely,Somewhat unlikely,I’m 50% more productive when working remotely (or more),3.0,9.0,1.0,3.0,0.0,8.0,3.0,5.0,Strongly agree,Strongly agree,Neither agree nor disagree,Neither positive nor negative,2021
1084,1986,Male,Education and Training,Professionals - Education Professionals,Between 20 and 199,No,Group household,More than 5 years,Metro,Rarely or never,I would not have preferred to work remotely,Rarely or never,Somewhat disagree,Somewhat disagree,Strongly disagree,Strongly agree,Somewhat agree,I would not have preferred to work remotely,I would prefer not to work remotely,Very unlikely,Very unlikely,Very unlikely,I’m 30% less productive when working remotely,1.0,6.0,1.0,8.0,0.5,5.0,2.0,8.5,Somewhat disagree,Somewhat disagree,Somewhat agree,Somewhat Positive,2021
1085,1973,Female,Administrative and Support,Clerical and administrative workers - Other Clerical and Administrative Workers,More than 200,No,Couple with dependent children,More than 5 years,Metro,Less than 10% of my time,Less than 10% of my time,Less than 10% of my time,Somewhat agree,Strongly disagree,Neither agree nor disagree,Neither agree nor disagree,Neither agree nor disagree,Less than 10% of my time,Less than 10% of my time,Somewhat unlikely,Neither unlikely or likely,Very unlikely,I’m 30% less productive when working remotely,2.0,7.0,4.0,4.0,2.0,7.0,4.0,4.0,Neither agree nor disagree,Neither agree nor disagree,Somewhat agree,Neither positive nor negative,2021
1086,1987,Female,Information Media and Telecommunications,"Managers - Chief Executives, General Managers and Legislators",More than 200,Yes,Couple with dependent children,More than 5 years,Metro,20%,20%,40%,Somewhat agree,Somewhat agree,Neither agree nor disagree,Somewhat agree,Somewhat agree,20%,20%,Somewhat likely,Somewhat likely,Somewhat likely,I’m 50% more productive when working remotely (or more),2.0,7.0,4.0,3.0,0.0,6.0,5.0,5.0,Neither agree nor disagree,Neither agree nor disagree,Somewhat agree,Neither positive nor negative,2021
1087,1988,Female,"Professional, Scientific and Technical",Professionals - Education Professionals,More than 200,No,Couple with no dependent children,More than 5 years,Metro,Rarely or never,Less than 10% of my time,100% - I spent all of my time remote working,Neither agree nor disagree,Somewhat agree,Somewhat agree,Somewhat agree,Somewhat agree,100% - All of my time,50% - About half of my time,Neither unlikely or likely,Somewhat likely,Neither unlikely or likely,I’m 20% more productive when working remotely,1.0,8.0,3.0,4.0,0.5,11.0,2.0,3.0,Somewhat disagree,Somewhat disagree,Somewhat disagree,Somewhat Positive,2021
1088,1984,Male,Information Media and Telecommunications,Managers - Specialist Managers,Between 20 and 199,Yes,Couple with dependent children,Between 1 and 5 years,Metro,90%,90%,90%,Somewhat agree,Somewhat agree,Somewhat agree,Somewhat agree,Somewhat agree,90%,80%,Somewhat likely,Somewhat likely,Somewhat likely,I’m 10% more productive when working remotely,0.5,8.0,6.0,1.5,0.0,9.0,5.0,2.0,Somewhat agree,Somewhat agree,Strongly agree,Somewhat Positive,2021
1089,1978,Female,Information Media and Telecommunications,Clerical and administrative workers - General Clerical Workers,Between 20 and 199,No,Couple with dependent children,Between 1 and 5 years,Metro,20%,60%,20%,Strongly agree,Strongly agree,Somewhat disagree,Somewhat agree,Strongly agree,60%,60%,Very unlikely,Very unlikely,Neither unlikely or likely,I’m 20% more productive when working remotely,2.5,7.5,4.0,3.0,0.0,9.0,4.0,3.0,Strongly agree,Strongly agree,Neither agree nor disagree,Somewhat Positive,2021
1090,1970,Female,Education and Training,Professionals - ICT Professionals,More than 200,No,Single person,Between 1 and 5 years,Regional,80%,90%,90%,Somewhat disagree,Strongly agree,Somewhat disagree,Neither agree nor disagree,Strongly agree,90%,80%,Somewhat unlikely,Neither unlikely or likely,Very unlikely,I’m 30% more productive when working remotely,1.0,7.0,3.0,5.0,0.5,7.0,3.0,5.5,Strongly agree,Strongly agree,Strongly disagree,Strongly Positive,2021
1091,1974,Male,Manufacturing,Labourers - Factory Process Workers,Between 20 and 199,No,Couple with dependent children,More than 5 years,Metro,80%,90%,90%,Neither agree nor disagree,Somewhat agree,Somewhat agree,Somewhat disagree,Somewhat disagree,90%,90%,Somewhat unlikely,Somewhat unlikely,Somewhat likely,My productivity is about same when I work remotely,2.0,8.0,4.0,2.0,2.0,8.0,2.0,4.0,Neither agree nor disagree,Somewhat agree,Somewhat agree,Neither positive nor negative,2021
1092,1977,Female,Education and Training,Clerical and administrative workers - Numerical Clerks,More than 200,No,Couple with dependent children,More than 5 years,Metro,50% - I spent about half of my time remote working,50% - About half of my time,Less than 10% of my time,Neither agree nor disagree,Neither agree nor disagree,Neither agree nor disagree,Neither agree nor disagree,Neither agree nor disagree,10%,10%,Somewhat unlikely,Neither unlikely or likely,Neither unlikely or likely,My productivity is about same when I work remotely,1.0,8.0,3.0,5.0,0.0,8.0,3.0,6.0,Somewhat agree,Somewhat agree,Neither agree nor disagree,Somewhat Positive,2021
1093,1959,Female,Information Media and Telecommunications,Professionals - ICT Professionals,Between 5 and 19,No,Group household,More than 5 years,Metro,Rarely or never,I would not have preferred to work remotely,Rarely or never,Strongly agree,Strongly agree,Strongly agree,Strongly agree,Strongly agree,I would not have preferred to work remotely,I would prefer not to work remotely,Very unlikely,Very unlikely,Very unlikely,My productivity is about same when I work remotely,1.0,9.0,2.0,6.0,0.0,9.0,1.0,8.0,Strongly disagree,Strongly disagree,Strongly disagree,Strongly Positive,2021
1094,1971,Female,Education and Training,Professionals - Education Professionals,More than 200,No,One parent family with dependent children,More than 5 years,Metro,50% - I spent about half of my time remote working,50% - About half of my time,30%,Strongly agree,Strongly agree,Strongly agree,Neither agree nor disagree,Strongly agree,50% - About half of my time,50% - About half of my time,Very unlikely,Very unlikely,Very unlikely,I’m 50% more productive when working remotely (or more),4.0,6.0,6.0,2.0,1.0,8.0,6.0,3.0,Somewhat agree,Strongly agree,Somewhat agree,Neither positive nor negative,2021
1095,1972,Female,Education and Training,Managers - Specialist Managers,More than 200,Yes,Couple with dependent children,Between 1 and 5 years,Metro,100% - I spent all of my time remote working,100% - All of my time,100% - I spent all of my time remote working,Strongly agree,Strongly agree,Strongly agree,Strongly agree,Strongly agree,100% - All of my time,70%,Somewhat likely,Somewhat likely,Somewhat likely,I’m 50% more productive when working remotely (or more),3.0,7.0,5.0,2.0,0.0,9.0,5.0,3.0,Somewhat agree,Somewhat agree,Neither agree nor disagree,Strongly Positive,2021
1096,1999,Female,Public Administration and Safety,"Managers - Hospitality, Retail and Service Managers",Between 1 and 4,No,Single person,Between 6 and 12 months,Regional,20%,20%,20%,Somewhat disagree,Somewhat agree,Neither agree nor disagree,Somewhat agree,Somewhat agree,20%,30%,Somewhat likely,Somewhat likely,Somewhat likely,I’m 40% more productive when working remotely,1.5,7.5,5.0,4.5,0.0,9.0,5.0,5.0,Somewhat agree,Neither agree nor disagree,Neither agree nor disagree,Neither positive nor negative,2021
1097,1984,Female,Financial and Insurance,Managers - Farmers and Farm Managers,More than 200,Yes,Couple with dependent children,Between 1 and 5 years,Metro,30%,20%,20%,Somewhat agree,Somewhat disagree,Somewhat agree,Neither agree nor disagree,Somewhat disagree,10%,Less than 10% of my time,Neither unlikely or likely,Somewhat likely,Somewhat unlikely,I’m 20% less productive when working remotely,5.0,8.0,2.0,2.0,3.0,8.0,2.0,3.0,Neither agree nor disagree,Somewhat disagree,Somewhat agree,Somewhat Negative,2021
1098,1965,Female,Financial and Insurance,"Managers - Chief Executives, General Managers and Legislators",Between 20 and 199,Yes,One parent family with dependent children,Between 1 and 5 years,Metro,100% - I spent all of my time remote working,100% - All of my time,90%,Strongly agree,Strongly agree,Somewhat disagree,Neither agree nor disagree,Strongly agree,90%,50% - About half of my time,Neither unlikely or likely,Neither unlikely or likely,Neither unlikely or likely,I’m 50% more productive when working remotely (or more),5.0,8.0,2.0,1.0,,10.0,3.0,3.0,Somewhat agree,Somewhat disagree,Somewhat agree,Strongly Positive,2021
1099,1992,Male,Information Media and Telecommunications,Managers - Specialist Managers,Between 20 and 199,Yes,Couple with dependent children,More than 5 years,Metro,40%,50% - About half of my time,60%,Neither agree nor disagree,Strongly disagree,Somewhat disagree,Strongly disagree,Somewhat disagree,50% - About half of my time,30%,Somewhat likely,Very likely,Very likely,I’m 30% more productive when working remotely,3.0,8.0,3.0,3.0,5.0,4.0,6.0,2.0,Strongly agree,Somewhat agree,Neither agree nor disagree,Strongly Positive,2021
1100,1987,Female,Construction,Clerical and administrative workers - Inquiry Clerks and Receptionists,More than 200,Yes,Couple with no dependent children,Between 1 and 5 years,Metro,100% - I spent all of my time remote working,100% - All of my time,80%,Strongly agree,Strongly agree,Strongly agree,Strongly agree,Strongly agree,80%,80%,Very likely,Very likely,Very likely,I’m 30% more productive when working remotely,2.0,7.0,4.0,4.0,0.0,7.0,5.0,5.0,Strongly agree,Strongly agree,Somewhat disagree,Strongly Positive,2021
1101,1993,Male,Health Care and Social Assistance,Professionals - Health Professionals,Between 5 and 19,No,Group household,Between 1 and 5 years,Regional,100% - I spent all of my time remote working,100% - All of my time,100% - I spent all of my time remote working,Somewhat agree,Strongly agree,Strongly agree,Somewhat agree,Somewhat agree,100% - All of my time,100% - All of my time,Neither unlikely or likely,Somewhat likely,Somewhat unlikely,I’m 30% more productive when working remotely,0.5,20.0,1.0,2.5,2.0,12.0,1.0,2.0,Somewhat agree,Somewhat agree,Somewhat agree,Somewhat Positive,2021
1102,1987,Female,"Professional, Scientific and Technical","Professionals - Design, Engineering, Science and Transport Professionals",Between 20 and 199,No,Couple with no dependent children,Between 1 and 5 years,Metro,100% - I spent all of my time remote working,100% - All of my time,100% - I spent all of my time remote working,Strongly agree,Strongly agree,Somewhat agree,Strongly agree,Strongly agree,100% - All of my time,90%,Neither unlikely or likely,Somewhat likely,Somewhat likely,I’m 10% more productive when working remotely,1.5,8.0,3.5,3.0,0.5,8.0,3.5,4.0,Somewhat agree,Strongly agree,Neither agree nor disagree,Strongly Positive,2021
1103,1973,Female,Education and Training,Professionals - Education Professionals,Between 20 and 199,No,One parent family with dependent children,More than 5 years,Metro,Less than 10% of my time,I would not have preferred to work remotely,Rarely or never,Neither agree nor disagree,Strongly agree,Strongly disagree,Neither agree nor disagree,Strongly agree,I would not have preferred to work remotely,I would prefer not to work remotely,Very unlikely,Very unlikely,Very unlikely,I’m 50% more productive when working remotely (or more),1.0,7.0,4.0,4.0,4.0,7.0,2.0,3.0,Neither agree nor disagree,Somewhat agree,Strongly agree,Neither positive nor negative,2021
1104,1958,Female,Construction,"Managers - Hospitality, Retail and Service Managers",Between 1 and 4,Yes,Couple with no dependent children,More than 5 years,Regional,Less than 10% of my time,Less than 10% of my time,20%,Somewhat agree,Somewhat agree,Somewhat agree,Somewhat agree,Somewhat agree,20%,10%,Very likely,Very likely,Very likely,My productivity is about same when I work remotely,2.0,6.5,4.0,5.0,1.0,6.5,5.0,5.0,Neither agree nor disagree,Neither agree nor disagree,Somewhat agree,Strongly Positive,2021
1105,1995,Male,Information Media and Telecommunications,Technicians and trades workers - Electrotechnology and Telecommunications Trades Workers,Between 20 and 199,No,Multiple family household,Between 1 and 5 years,Metro,Rarely or never,100% - All of my time,Rarely or never,Neither agree nor disagree,Neither agree nor disagree,Neither agree nor disagree,Neither agree nor disagree,Neither agree nor disagree,I would not have preferred to work remotely,10%,Neither unlikely or likely,Neither unlikely or likely,Neither unlikely or likely,I’m 50% more productive when working remotely (or more),2.0,5.0,3.0,4.0,1.0,2.0,3.0,4.0,Neither agree nor disagree,Neither agree nor disagree,Neither agree nor disagree,Neither positive nor negative,2021
1106,1995,Female,Financial and Insurance,Community and personal service workers - Health and Welfare Support Workers,More than 200,No,Single person,Between 1 and 5 years,Metro,40%,40%,60%,Somewhat agree,Strongly agree,Strongly agree,Strongly agree,Strongly agree,60%,40%,Very likely,Somewhat likely,Very likely,I’m 40% more productive when working remotely,8.0,5.0,2.0,1.0,5.0,8.0,1.0,2.0,Strongly agree,Somewhat agree,Strongly agree,Strongly Positive,2021
1107,1989,Male,Financial and Insurance,"Professionals - Business, Human Resource and Marketing Professionals",More than 200,Yes,Group household,Between 1 and 5 years,Metro,100% - I spent all of my time remote working,90%,100% - I spent all of my time remote working,Strongly agree,Strongly disagree,Strongly agree,Neither agree nor disagree,Somewhat disagree,90%,80%,Somewhat unlikely,Somewhat unlikely,Somewhat unlikely,I’m 40% more productive when working remotely,2.0,10.0,3.0,1.0,0.0,10.0,1.0,5.0,Strongly agree,Strongly agree,Neither agree nor disagree,Somewhat Positive,2021
1108,1996,Male,Administrative and Support,"Professionals - Business, Human Resource and Marketing Professionals",More than 200,No,Single person,Between 1 and 5 years,Metro,60%,40%,50% - I spent about half of my time remote working,Somewhat agree,Somewhat disagree,Neither agree nor disagree,Neither agree nor disagree,Neither agree nor disagree,30%,30%,Neither unlikely or likely,Somewhat likely,Somewhat unlikely,I’m 30% less productive when working remotely,3.0,8.0,0.0,5.0,0.5,8.0,0.0,7.5,Somewhat disagree,Neither agree nor disagree,Somewhat agree,Somewhat Positive,2021
1109,1960,Female,Education and Training,Professionals - Education Professionals,Between 5 and 19,Yes,Single person,More than 5 years,Regional,Less than 10% of my time,100% - All of my time,Rarely or never,Somewhat disagree,Somewhat agree,Somewhat agree,Somewhat disagree,Strongly agree,100% - All of my time,100% - All of my time,Very unlikely,Very unlikely,Neither unlikely or likely,I’m 50% more productive when working remotely (or more),1.0,4.0,2.0,2.0,0.0,8.0,2.0,4.0,Strongly agree,Strongly agree,Strongly agree,Strongly Negative,2021
1110,1996,Female,Wholesale Trade,Professionals - ICT Professionals,Between 20 and 199,Yes,Multiple family household,Between 1 and 5 years,Regional,70%,40%,60%,Strongly agree,Strongly agree,Strongly agree,Strongly agree,Strongly agree,80%,80%,Very likely,Very likely,Very likely,I’m 50% more productive when working remotely (or more),2.0,12.0,4.0,4.0,12.0,3.0,4.0,3.0,Strongly agree,Strongly agree,Strongly agree,Strongly Positive,2021
1111,1988,Male,Health Care and Social Assistance,Professionals - Health Professionals,More than 200,No,Couple with dependent children,More than 5 years,Metro,20%,50% - About half of my time,20%,Neither agree nor disagree,Somewhat disagree,Somewhat disagree,Somewhat disagree,Somewhat agree,50% - About half of my time,50% - About half of my time,Somewhat unlikely,Somewhat unlikely,Somewhat unlikely,I’m 20% more productive when working remotely,2.0,10.0,1.0,3.0,0.0,10.0,1.0,5.0,Strongly agree,Somewhat agree,Somewhat disagree,Somewhat Negative,2021
1112,1997,Female,Financial and Insurance,Clerical and administrative workers - Other Clerical and Administrative Workers,More than 200,No,Other one family household,Between 1 and 5 years,Metro,90%,70%,90%,Strongly agree,Somewhat agree,Strongly agree,Strongly agree,Somewhat disagree,50% - About half of my time,50% - About half of my time,Very likely,Very likely,Very likely,I’m 40% more productive when working remotely,3.0,8.0,0.0,5.0,0.5,10.0,0.0,5.0,Somewhat agree,Strongly disagree,Strongly agree,Somewhat Negative,2021
1113,1988,Female,Public Administration and Safety,Clerical and administrative workers - Clerical and Office Support Workers,More than 200,No,Couple with dependent children,More than 5 years,Regional,100% - I spent all of my time remote working,100% - All of my time,100% - I spent all of my time remote working,Strongly agree,Strongly agree,Strongly agree,Strongly agree,Strongly agree,20%,20%,Somewhat likely,Somewhat likely,Somewhat likely,I’m 20% more productive when working remotely,3.0,10.0,1.5,1.5,0.5,10.0,1.0,3.5,Neither agree nor disagree,Somewhat agree,Neither agree nor disagree,Somewhat Positive,2021
1114,1969,Female,"Professional, Scientific and Technical","Professionals - Legal, Social and Welfare Professionals",Between 5 and 19,Yes,Other one family household,Between 1 and 5 years,Metro,50% - I spent about half of my time remote working,50% - About half of my time,50% - I spent about half of my time remote working,Strongly agree,Somewhat agree,Neither agree nor disagree,Neither agree nor disagree,Somewhat disagree,50% - About half of my time,50% - About half of my time,Very likely,Very likely,Neither unlikely or likely,I’m 50% more productive when working remotely (or more),1.0,8.0,3.0,4.0,1.0,8.0,4.0,3.0,Neither agree nor disagree,Somewhat disagree,Somewhat disagree,Neither positive nor negative,2021
1115,1974,Female,"Transport, Postal and Warehousing",Clerical and administrative workers - General Clerical Workers,Between 20 and 199,No,Couple with dependent children,More than 5 years,Metro,Rarely or never,I would not have preferred to work remotely,Rarely or never,Strongly agree,Somewhat agree,Strongly agree,Somewhat agree,Neither agree nor disagree,I would not have preferred to work remotely,I would prefer not to work remotely,Very likely,Very likely,Very likely,I’m 20% more productive when working remotely,1.0,7.5,4.0,3.5,0.0,9.0,4.0,4.0,Neither agree nor disagree,Somewhat agree,Somewhat agree,Neither positive nor negative,2021
1116,1966,Female,Health Care and Social Assistance,Sales workers - Sales Representatives and Agents,Between 20 and 199,No,Couple with no dependent children,More than 5 years,Metro,100% - I spent all of my time remote working,80%,100% - I spent all of my time remote working,Strongly agree,Strongly agree,Neither agree nor disagree,Strongly agree,Somewhat agree,80%,70%,Somewhat likely,Neither unlikely or likely,Somewhat likely,I’m 50% more productive when working remotely (or more),1.0,9.0,3.0,3.0,0.0,10.0,3.0,3.0,Neither agree nor disagree,Strongly disagree,Somewhat agree,Strongly Positive,2021
1117,1985,Male,Information Media and Telecommunications,Managers - Specialist Managers,More than 200,Yes,Couple with dependent children,Between 1 and 5 years,Metro,90%,50% - About half of my time,90%,Strongly agree,Strongly agree,Strongly agree,Strongly agree,Strongly agree,50% - About half of my time,50% - About half of my time,Very likely,Very likely,Very likely,I’m 30% less productive when working remotely,3.0,8.0,3.0,3.0,0.5,9.5,3.0,3.0,Somewhat disagree,Somewhat disagree,Somewhat agree,Strongly Positive,2021
1118,1998,Male,Accommodation and Food,Clerical and administrative workers - Personal Assistants and Secretaries,Between 1 and 4,Yes,One parent family with dependent children,Between 6 and 12 months,Regional,50% - I spent about half of my time remote working,20%,50% - I spent about half of my time remote working,Somewhat agree,Somewhat agree,Strongly disagree,Neither agree nor disagree,Somewhat agree,70%,40%,Very likely,Somewhat unlikely,Neither unlikely or likely,I’m 10% more productive when working remotely,10.0,4.0,4.0,4.0,6.0,6.0,6.0,4.0,Somewhat disagree,Strongly agree,Neither agree nor disagree,Somewhat Positive,2021
1119,1963,Female,Information Media and Telecommunications,Technicians and trades workers - Other Technicians and Trades Workers,More than 200,No,Single person,Between 1 and 5 years,Metro,40%,40%,40%,Strongly disagree,Somewhat disagree,Strongly disagree,Somewhat agree,Strongly agree,40%,40%,Somewhat unlikely,Neither unlikely or likely,Somewhat likely,My productivity is about same when I work remotely,0.4,7.5,3.6,3.5,0.0,7.5,2.0,5.0,Somewhat agree,Strongly agree,Neither agree nor disagree,Strongly Positive,2021
1120,1994,Female,Other Services,Managers - Specialist Managers,More than 200,Yes,Couple with no dependent children,More than 5 years,Metro,90%,90%,90%,Strongly agree,Strongly agree,Strongly agree,Strongly agree,Strongly agree,50% - About half of my time,50% - About half of my time,Neither unlikely or likely,Neither unlikely or likely,Neither unlikely or likely,My productivity is about same when I work remotely,1.0,8.0,1.0,6.0,0.5,8.0,1.5,6.0,Neither agree nor disagree,Neither agree nor disagree,Neither agree nor disagree,Strongly Positive,2021
1121,1971,Female,Health Care and Social Assistance,Managers - Specialist Managers,Between 20 and 199,No,Couple with no dependent children,More than 5 years,Metro,90%,100% - All of my time,80%,Somewhat agree,Somewhat agree,Somewhat agree,Strongly agree,Strongly agree,100% - All of my time,100% - All of my time,Somewhat unlikely,Somewhat unlikely,Somewhat unlikely,I’m 50% more productive when working remotely (or more),3.0,8.0,2.0,5.0,1.0,9.0,2.0,5.0,Strongly agree,Strongly disagree,Somewhat disagree,Somewhat Positive,2021
1122,1987,Female,"Rental, Hiring and Real Estate","Managers - Chief Executives, General Managers and Legislators",Between 20 and 199,Yes,Couple with dependent children,Between 6 and 12 months,Metro,20%,20%,30%,Somewhat agree,Somewhat agree,Neither agree nor disagree,Somewhat agree,Somewhat agree,30%,30%,Somewhat likely,Somewhat likely,Somewhat likely,I’m 30% more productive when working remotely,2.0,8.0,3.0,3.0,3.0,8.0,3.0,2.0,Neither agree nor disagree,Somewhat agree,Somewhat agree,Somewhat Positive,2021
1123,1976,Female,"Transport, Postal and Warehousing",Managers - Specialist Managers,More than 200,Yes,Couple with dependent children,Between 1 and 5 years,Metro,60%,60%,50% - I spent about half of my time remote working,Somewhat agree,Somewhat agree,Somewhat agree,Strongly agree,Somewhat agree,70%,50% - About half of my time,Somewhat unlikely,Somewhat likely,Somewhat unlikely,I’m 20% more productive when working remotely,0.5,10.0,2.0,3.5,0.0,12.0,2.0,2.0,Somewhat agree,Strongly agree,Somewhat agree,Somewhat Negative,2021
1124,1991,Male,"Transport, Postal and Warehousing",Managers - Specialist Managers,More than 200,Yes,Single person,More than 5 years,Metro,Less than 10% of my time,Less than 10% of my time,30%,Neither agree nor disagree,Neither agree nor disagree,Somewhat agree,Neither agree nor disagree,Somewhat agree,60%,50% - About half of my time,Very unlikely,Very unlikely,Somewhat unlikely,I’m 30% less productive when working remotely,1.5,8.5,2.0,4.0,0.2,4.0,2.0,5.8,Somewhat disagree,Strongly disagree,Strongly agree,Neither positive nor negative,2021
1125,1998,Male,Information Media and Telecommunications,"Technicians and trades workers - Engineering, ICT and Science Technicians",Between 20 and 199,Yes,Couple with no dependent children,Between 1 and 5 years,Metro,100% - I spent all of my time remote working,100% - All of my time,100% - I spent all of my time remote working,Strongly agree,Somewhat agree,Strongly agree,Strongly agree,Strongly agree,100% - All of my time,100% - All of my time,Very likely,Very likely,Very likely,I’m 30% more productive when working remotely,2.0,7.0,5.0,3.0,0.0,7.0,5.0,5.0,Strongly agree,Strongly agree,Strongly agree,Strongly Positive,2021
1126,1980,Female,Public Administration and Safety,Managers - Specialist Managers,More than 200,No,Couple with dependent children,More than 5 years,Metro,50% - I spent about half of my time remote working,50% - About half of my time,50% - I spent about half of my time remote working,Neither agree nor disagree,Neither agree nor disagree,Neither agree nor disagree,Neither agree nor disagree,Somewhat agree,50% - About half of my time,50% - About half of my time,Neither unlikely or likely,Neither unlikely or likely,Neither unlikely or likely,I’m 20% more productive when working remotely,4.0,6.0,4.0,4.0,0.0,7.0,5.0,4.0,Neither agree nor disagree,Neither agree nor disagree,Strongly agree,Somewhat Positive,2021
1127,1989,Female,Accommodation and Food,Technicians and trades workers - Food Trades Workers,More than 200,No,Couple with no dependent children,Between 1 and 5 years,Regional,Less than 10% of my time,50% - About half of my time,Rarely or never,Strongly disagree,Somewhat disagree,Strongly disagree,Strongly disagree,Strongly agree,50% - About half of my time,20%,Very unlikely,Very unlikely,Very unlikely,I’m 10% more productive when working remotely,2.5,8.0,3.0,2.5,0.5,8.0,3.0,4.5,Somewhat agree,Somewhat agree,Somewhat agree,Somewhat Negative,2021
1128,1976,Male,Information Media and Telecommunications,"Managers - Chief Executives, General Managers and Legislators",More than 200,Yes,Couple with dependent children,Between 1 and 5 years,Metro,80%,60%,70%,Somewhat agree,Somewhat agree,Somewhat agree,Strongly agree,Strongly agree,70%,30%,Somewhat likely,Very likely,Somewhat likely,I’m 40% more productive when working remotely,2.0,5.0,5.0,6.0,2.0,5.0,5.0,6.0,Somewhat agree,Somewhat agree,Strongly agree,Somewhat Positive,2021
1129,2000,Female,Education and Training,Professionals - Education Professionals,I am a sole trader/owner-operator,Yes,Single person,Between 1 and 5 years,Regional,100% - I spent all of my time remote working,100% - All of my time,100% - I spent all of my time remote working,Somewhat agree,Somewhat agree,Somewhat agree,Somewhat agree,Somewhat agree,100% - All of my time,100% - All of my time,Somewhat likely,Somewhat likely,Somewhat likely,I’m 50% more productive when working remotely (or more),3.0,3.0,5.0,5.0,1.0,2.0,5.0,8.0,Somewhat agree,Somewhat agree,Somewhat agree,Strongly Positive,2021
1130,1960,Male,Education and Training,Professionals - Education Professionals,More than 200,No,Couple with no dependent children,Between 1 and 5 years,Regional,Less than 10% of my time,Less than 10% of my time,10%,Somewhat agree,Somewhat agree,Somewhat agree,Somewhat agree,Somewhat agree,10%,10%,Somewhat unlikely,Neither unlikely or likely,Somewhat likely,My productivity is about same when I work remotely,0.5,7.0,3.5,5.0,0.0,7.0,3.0,6.0,Neither agree nor disagree,Neither agree nor disagree,Somewhat agree,Somewhat Positive,2021
1131,1972,Female,"Professional, Scientific and Technical","Professionals - Design, Engineering, Science and Transport Professionals",More than 200,No,Couple with dependent children,More than 5 years,Metro,50% - I spent about half of my time remote working,50% - About half of my time,50% - I spent about half of my time remote working,Somewhat agree,Strongly agree,Somewhat agree,Strongly agree,Strongly agree,50% - About half of my time,40%,Somewhat likely,Very likely,Very likely,I’m 40% more productive when working remotely,4.0,8.0,3.0,1.0,3.0,8.0,2.0,3.0,Somewhat agree,Strongly agree,Strongly agree,Strongly Positive,2021
1132,1987,Female,Retail Trade,"Professionals - Business, Human Resource and Marketing Professionals",More than 200,No,Couple with no dependent children,Between 1 and 5 years,Metro,50% - I spent about half of my time remote working,60%,Rarely or never,Strongly disagree,Somewhat disagree,Strongly disagree,Strongly disagree,Somewhat agree,40%,40%,Very unlikely,Very unlikely,Very unlikely,I’m 30% more productive when working remotely,1.5,8.0,0.0,6.5,0.0,10.0,,6.0,Somewhat agree,Somewhat agree,Neither agree nor disagree,Somewhat Negative,2021
1133,1983,Female,Retail Trade,"Managers - Chief Executives, General Managers and Legislators",More than 200,No,Couple with no dependent children,Between 1 and 5 years,Metro,50% - I spent about half of my time remote working,50% - About half of my time,50% - I spent about half of my time remote working,Strongly agree,Strongly agree,Strongly agree,Somewhat agree,Strongly agree,50% - About half of my time,50% - About half of my time,Neither unlikely or likely,Neither unlikely or likely,Neither unlikely or likely,I’m 30% more productive when working remotely,1.0,8.0,3.0,4.0,1.0,8.0,4.0,3.0,Neither agree nor disagree,Neither agree nor disagree,Neither agree nor disagree,Neither positive nor negative,2021
1134,1960,Female,Retail Trade,Clerical and administrative workers - Office Managers and Program Administrators,More than 200,No,Couple with no dependent children,More than 5 years,Metro,100% - I spent all of my time remote working,100% - All of my time,100% - I spent all of my time remote working,Strongly agree,Somewhat agree,Somewhat agree,Strongly agree,Somewhat disagree,80%,50% - About half of my time,Very likely,Very likely,Very likely,I’m 30% more productive when working remotely,2.5,9.0,2.0,2.5,0.0,12.0,2.0,2.0,Somewhat agree,Strongly disagree,Strongly agree,Somewhat Positive,2021
1135,1966,Female,Health Care and Social Assistance,Professionals - Health Professionals,Between 20 and 199,No,Couple with dependent children,Between 1 and 5 years,Metro,70%,70%,80%,Strongly agree,Strongly agree,Somewhat agree,Strongly agree,Somewhat agree,70%,70%,Somewhat likely,Somewhat likely,Very likely,My productivity is about same when I work remotely,1.0,8.5,3.0,4.5,0.5,8.5,3.0,5.0,Neither agree nor disagree,Neither agree nor disagree,Somewhat agree,Strongly Positive,2021
1136,1993,Male,Information Media and Telecommunications,"Professionals - Business, Human Resource and Marketing Professionals",More than 200,No,Single person,Between 1 and 5 years,Metro,60%,60%,60%,Strongly agree,Somewhat agree,Strongly agree,Somewhat agree,Strongly agree,60%,60%,Very likely,Somewhat likely,Very likely,I’m 30% more productive when working remotely,3.0,8.0,4.0,1.0,2.0,8.0,2.0,2.0,Strongly agree,Strongly agree,Strongly agree,Strongly Positive,2021
1137,1976,Female,Education and Training,Professionals - Education Professionals,Between 20 and 199,No,Couple with dependent children,Between 6 and 12 months,Metro,10%,50% - About half of my time,10%,Neither agree nor disagree,Neither agree nor disagree,Strongly agree,Somewhat agree,Somewhat agree,50% - About half of my time,50% - About half of my time,Neither unlikely or likely,Neither unlikely or likely,Somewhat unlikely,I’m 50% more productive when working remotely (or more),1.0,6.0,4.0,5.0,0.5,8.0,3.5,4.0,Somewhat agree,Strongly agree,Neither agree nor disagree,Neither positive nor negative,2021
1138,1995,Male,"Professional, Scientific and Technical",Technicians and trades workers - Construction Trades Workers,Between 20 and 199,Yes,Couple with no dependent children,More than 5 years,Metro,100% - I spent all of my time remote working,100% - All of my time,100% - I spent all of my time remote working,Somewhat agree,Strongly agree,Strongly agree,Strongly agree,Strongly agree,100% - All of my time,100% - All of my time,Very likely,Somewhat likely,Very likely,I’m 30% more productive when working remotely,1.0,7.0,4.0,5.0,0.0,7.0,5.0,5.0,Strongly agree,Somewhat agree,Strongly agree,Strongly Positive,2021
1139,1983,Male,Financial and Insurance,"Professionals - Design, Engineering, Science and Transport Professionals",More than 200,Yes,Couple with dependent children,Between 1 and 5 years,Metro,30%,10%,20%,Neither agree nor disagree,Somewhat disagree,Somewhat agree,Neither agree nor disagree,Somewhat disagree,10%,Less than 10% of my time,Somewhat likely,Neither unlikely or likely,Neither unlikely or likely,I’m 20% less productive when working remotely,5.0,8.0,2.0,2.0,7.0,8.0,1.0,2.0,Neither agree nor disagree,Somewhat disagree,Somewhat agree,Somewhat Negative,2021
1140,1986,Female,Health Care and Social Assistance,Community and personal service workers - Carers and Aides,More than 200,No,One parent family with dependent children,Between 6 and 12 months,Regional,20%,10%,100% - I spent all of my time remote working,Neither agree nor disagree,Neither agree nor disagree,Neither agree nor disagree,Neither agree nor disagree,Neither agree nor disagree,30%,100% - All of my time,Neither unlikely or likely,Neither unlikely or likely,Neither unlikely or likely,My productivity is about same when I work remotely,2.0,9.0,3.0,2.0,1.0,9.0,4.0,3.0,Neither agree nor disagree,Somewhat disagree,Neither agree nor disagree,Neither positive nor negative,2021
1141,1994,Male,"Transport, Postal and Warehousing",Technicians and trades workers - Automotive and Engineering Trades Workers,Between 20 and 199,Yes,Couple with no dependent children,More than 5 years,Metro,90%,90%,90%,Strongly agree,Somewhat agree,Somewhat agree,Strongly agree,Strongly agree,90%,100% - All of my time,Somewhat likely,Very likely,Very likely,I’m 40% more productive when working remotely,0.0,7.0,5.0,5.0,0.0,7.0,5.0,5.0,Somewhat agree,Strongly agree,Strongly agree,Strongly Positive,2021
1142,1992,Male,"Transport, Postal and Warehousing",Technicians and trades workers - Automotive and Engineering Trades Workers,Between 5 and 19,No,Single person,Between 1 and 5 years,Metro,Less than 10% of my time,Less than 10% of my time,Less than 10% of my time,Somewhat disagree,Neither agree nor disagree,Neither agree nor disagree,Neither agree nor disagree,Neither agree nor disagree,Less than 10% of my time,Less than 10% of my time,Neither unlikely or likely,Neither unlikely or likely,Somewhat unlikely,I’m 30% more productive when working remotely,2.0,8.0,4.0,2.0,2.0,8.0,3.0,3.0,Neither agree nor disagree,Somewhat disagree,Neither agree nor disagree,Neither positive nor negative,2021
1143,1960,Female,Health Care and Social Assistance,Community and personal service workers - Health and Welfare Support Workers,More than 200,No,Other one family household,More than 5 years,Metro,60%,80%,60%,Somewhat agree,Strongly disagree,Somewhat agree,Somewhat agree,Strongly agree,50% - About half of my time,50% - About half of my time,Somewhat likely,Very likely,Somewhat likely,I’m 10% more productive when working remotely,4.0,7.0,2.0,4.0,0.5,7.5,2.0,6.0,Strongly agree,Strongly agree,Strongly agree,Strongly Positive,2021
1144,1985,Male,Wholesale Trade,Clerical and administrative workers - Numerical Clerks,Between 20 and 199,No,Couple with no dependent children,Between 1 and 5 years,Metro,40%,60%,40%,Somewhat disagree,Somewhat agree,Neither agree nor disagree,Neither agree nor disagree,Neither agree nor disagree,60%,40%,Somewhat unlikely,Somewhat unlikely,Somewhat unlikely,I’m 20% more productive when working remotely,2.0,8.0,4.0,3.0,0.0,8.0,4.0,4.0,Neither agree nor disagree,Somewhat agree,Somewhat agree,Neither positive nor negative,2021
1145,1982,Female,Health Care and Social Assistance,Professionals - Health Professionals,More than 200,No,Group household,Between 1 and 5 years,Metro,50% - I spent about half of my time remote working,50% - About half of my time,50% - I spent about half of my time remote working,Somewhat agree,Neither agree nor disagree,Somewhat disagree,Somewhat agree,Somewhat agree,50% - About half of my time,50% - About half of my time,Neither unlikely or likely,Neither unlikely or likely,Neither unlikely or likely,My productivity is about same when I work remotely,3.0,7.0,2.0,4.0,0.5,7.0,3.0,5.5,Somewhat agree,Somewhat agree,Neither agree nor disagree,Neither positive nor negative,2021
1146,1985,Female,Financial and Insurance,Managers - Specialist Managers,Between 5 and 19,Yes,Couple with dependent children,Between 1 and 5 years,Regional,20%,50% - About half of my time,Less than 10% of my time,Strongly agree,Strongly agree,Somewhat agree,Somewhat agree,Somewhat agree,50% - About half of my time,20%,Very unlikely,Somewhat unlikely,Very unlikely,I’m 10% less productive when working remotely,2.5,8.0,4.0,2.5,0.5,8.0,4.0,4.5,Somewhat agree,Strongly agree,Somewhat agree,Somewhat Positive,2021
1147,1970,Female,Education and Training,Professionals - Education Professionals,More than 200,No,Couple with dependent children,Between 1 and 5 years,Metro,40%,40%,20%,Somewhat disagree,Strongly agree,Strongly agree,Somewhat disagree,Somewhat disagree,20%,20%,Very unlikely,Somewhat unlikely,Somewhat unlikely,I’m 10% less productive when working remotely,2.5,8.5,4.5,2.0,0.5,10.0,4.5,2.5,Neither agree nor disagree,Somewhat disagree,Somewhat agree,Somewhat Positive,2021
1148,1989,Male,Financial and Insurance,"Professionals - Business, Human Resource and Marketing Professionals",Between 20 and 199,Yes,Couple with no dependent children,Between 1 and 5 years,Metro,70%,100% - All of my time,70%,Neither agree nor disagree,Somewhat agree,Somewhat agree,Somewhat agree,Somewhat agree,100% - All of my time,70%,Neither unlikely or likely,Somewhat likely,Somewhat likely,I’m 20% more productive when working remotely,2.0,10.0,3.0,3.0,0.0,10.0,3.0,4.0,Strongly agree,Somewhat agree,Neither agree nor disagree,Somewhat Positive,2021
1149,1998,Female,Other Services,Sales workers - Sales Assistants and Salespersons,Between 20 and 199,Yes,Multiple family household,Between 6 and 12 months,Metro,50% - I spent about half of my time remote working,50% - About half of my time,50% - I spent about half of my time remote working,Neither agree nor disagree,Neither agree nor disagree,Somewhat agree,Somewhat disagree,Neither agree nor disagree,50% - About half of my time,40%,Somewhat unlikely,Neither unlikely or likely,Very likely,My productivity is about same when I work remotely,1.0,8.0,3.0,2.0,1.0,8.0,3.0,2.0,Somewhat disagree,Somewhat disagree,Somewhat disagree,Neither positive nor negative,2021
1150,1994,Female,Financial and Insurance,"Professionals - Business, Human Resource and Marketing Professionals",Between 20 and 199,Yes,Couple with dependent children,More than 5 years,Metro,30%,30%,30%,Strongly agree,Strongly agree,Strongly agree,Strongly agree,Strongly agree,30%,30%,Very likely,Very likely,Very likely,I’m 50% more productive when working remotely (or more),2.0,8.0,5.0,5.0,2.0,8.0,5.0,5.0,Strongly agree,Strongly agree,Strongly agree,Strongly Positive,2021
1151,1972,Female,Education and Training,Managers - Specialist Managers,More than 200,Yes,One parent family with dependent children,More than 5 years,Metro,100% - I spent all of my time remote working,50% - About half of my time,100% - I spent all of my time remote working,Strongly agree,Somewhat agree,Strongly agree,Strongly agree,Somewhat agree,50% - About half of my time,40%,Somewhat likely,Somewhat likely,Somewhat likely,I’m 20% less productive when working remotely,1.5,8.0,4.0,3.5,0.5,8.0,4.0,4.5,Somewhat disagree,Somewhat disagree,Somewhat agree,Somewhat Positive,2021
1152,1988,Male,Wholesale Trade,Technicians and trades workers - Construction Trades Workers,Between 20 and 199,Yes,Couple with no dependent children,Between 1 and 5 years,Metro,30%,60%,80%,Strongly agree,Somewhat agree,Somewhat agree,Somewhat agree,Strongly agree,80%,60%,Very likely,Very likely,Somewhat likely,I’m 40% more productive when working remotely,10.0,12.0,0.5,0.5,5.0,10.0,3.0,3.0,Somewhat agree,Strongly agree,Strongly agree,Strongly Positive,2021
1153,1986,Female,Information Media and Telecommunications,Professionals - ICT Professionals,Between 5 and 19,No,Group household,Between 1 and 5 years,Metro,50% - I spent about half of my time remote working,50% - About half of my time,20%,Somewhat agree,Strongly agree,Somewhat agree,Strongly agree,Neither agree nor disagree,40%,40%,Neither unlikely or likely,Neither unlikely or likely,Somewhat likely,I’m 30% more productive when working remotely,2.5,9.0,2.0,3.5,0.5,10.5,2.0,4.0,Strongly disagree,Strongly disagree,Somewhat agree,Somewhat Positive,2021
1154,1989,Male,Administrative and Support,Managers - Specialist Managers,Between 5 and 19,No,Couple with dependent children,Between 1 and 5 years,Metro,50% - I spent about half of my time remote working,100% - All of my time,100% - I spent all of my time remote working,Strongly agree,Strongly agree,Somewhat agree,Somewhat agree,Somewhat agree,80%,50% - About half of my time,Very unlikely,Very unlikely,Very unlikely,I’m 50% more productive when working remotely (or more),0.5,7.0,3.0,6.0,0.5,7.0,3.0,6.0,Somewhat agree,Somewhat agree,Somewhat disagree,Somewhat Positive,2021
1155,1990,Female,Manufacturing,Managers - Farmers and Farm Managers,Between 20 and 199,Yes,Couple with dependent children,More than 5 years,Metro,80%,80%,80%,Strongly agree,Somewhat agree,Strongly agree,Strongly agree,Somewhat agree,80%,90%,Somewhat likely,Somewhat likely,Somewhat likely,I’m 30% more productive when working remotely,4.0,5.0,5.0,4.0,5.0,5.0,4.0,3.0,Strongly agree,Strongly agree,Strongly agree,Strongly Positive,2021
1156,1974,Male,Other Services,"Managers - Chief Executives, General Managers and Legislators",More than 200,Yes,Couple with dependent children,More than 5 years,Metro,50% - I spent about half of my time remote working,50% - About half of my time,50% - I spent about half of my time remote working,Somewhat agree,Somewhat agree,Strongly agree,Strongly agree,Strongly agree,50% - About half of my time,50% - About half of my time,Somewhat likely,Very likely,Very likely,I’m 50% more productive when working remotely (or more),1.0,8.0,5.0,2.0,2.0,8.0,2.0,4.0,Strongly agree,Strongly agree,Somewhat agree,Strongly Positive,2021
1157,1960,Female,Wholesale Trade,"Managers - Hospitality, Retail and Service Managers",Between 5 and 19,Yes,Other one family household,More than 5 years,Metro,20%,50% - About half of my time,30%,Strongly agree,Strongly agree,Strongly agree,Strongly agree,Strongly agree,50% - About half of my time,50% - About half of my time,Neither unlikely or likely,Somewhat likely,Neither unlikely or likely,I’m 20% more productive when working remotely,1.0,7.0,4.0,5.0,0.5,9.0,3.0,3.5,Neither agree nor disagree,Somewhat agree,Somewhat agree,Strongly Positive,2021
1158,1968,Female,Accommodation and Food,"Professionals - Business, Human Resource and Marketing Professionals",Between 1 and 4,No,Couple with no dependent children,Between 1 and 5 years,Metro,50% - I spent about half of my time remote working,60%,50% - I spent about half of my time remote working,Strongly agree,Strongly agree,Strongly agree,Somewhat agree,Somewhat agree,60%,60%,Somewhat likely,Somewhat likely,Somewhat likely,I’m 20% more productive when working remotely,2.0,8.0,2.0,4.0,0.5,8.0,3.0,4.5,Strongly agree,Strongly agree,Somewhat disagree,Strongly Positive,2021
1159,1987,Male,Financial and Insurance,Sales workers - Sales Support Workers,More than 200,No,Couple with no dependent children,Between 6 and 12 months,Metro,60%,20%,80%,Somewhat agree,Neither agree nor disagree,Neither agree nor disagree,Neither agree nor disagree,Somewhat disagree,20%,20%,Somewhat unlikely,Neither unlikely or likely,Neither unlikely or likely,My productivity is about same when I work remotely,2.0,9.0,2.0,4.0,0.5,9.5,3.0,4.0,Strongly disagree,Strongly disagree,Strongly agree,Somewhat Negative,2021
1160,1965,Female,Education and Training,"Managers - Chief Executives, General Managers and Legislators",Between 1 and 4,Yes,Couple with no dependent children,More than 5 years,Metro,50% - I spent about half of my time remote working,50% - About half of my time,50% - I spent about half of my time remote working,Strongly agree,Strongly agree,Strongly agree,Strongly agree,Strongly agree,50% - About half of my time,50% - About half of my time,Neither unlikely or likely,Neither unlikely or likely,Neither unlikely or likely,My productivity is about same when I work remotely,1.0,6.0,1.0,8.0,1.0,6.0,1.0,8.0,Neither agree nor disagree,Neither agree nor disagree,Neither agree nor disagree,Strongly Positive,2021
1161,1962,Female,Education and Training,Clerical and administrative workers - Personal Assistants and Secretaries,Between 20 and 199,No,Single person,More than 5 years,Regional,Less than 10% of my time,50% - About half of my time,20%,Neither agree nor disagree,Neither agree nor disagree,Neither agree nor disagree,Neither agree nor disagree,Neither agree nor disagree,50% - About half of my time,50% - About half of my time,Neither unlikely or likely,Neither unlikely or likely,Neither unlikely or likely,I’m 20% less productive when working remotely,1.0,8.0,4.0,4.0,2.0,8.0,6.0,1.0,Neither agree nor disagree,Neither agree nor disagree,Neither agree nor disagree,Neither positive nor negative,2021
1162,1970,Female,"Professional, Scientific and Technical",Managers - Specialist Managers,More than 200,Yes,Couple with no dependent children,More than 5 years,Metro,90%,90%,90%,Somewhat agree,Strongly agree,Somewhat disagree,Strongly agree,Somewhat agree,90%,90%,Neither unlikely or likely,Neither unlikely or likely,Neither unlikely or likely,My productivity is about same when I work remotely,1.0,8.0,2.0,5.0,0.5,9.0,2.0,4.5,Somewhat agree,Somewhat agree,Somewhat agree,Strongly Positive,2021
1163,1974,Female,Retail Trade,"Professionals - Business, Human Resource and Marketing Professionals",Between 20 and 199,No,Couple with dependent children,More than 5 years,Metro,50% - I spent about half of my time remote working,50% - About half of my time,50% - I spent about half of my time remote working,Somewhat agree,Neither agree nor disagree,Strongly agree,Neither agree nor disagree,Neither agree nor disagree,50% - About half of my time,70%,Somewhat likely,Neither unlikely or likely,Somewhat unlikely,I’m 10% less productive when working remotely,1.5,11.5,2.0,2.0,1.0,5.0,4.0,5.0,Somewhat agree,Somewhat agree,Somewhat agree,Somewhat Positive,2021
1164,1983,Male,"Professional, Scientific and Technical",Professionals - ICT Professionals,More than 200,No,Couple with dependent children,More than 5 years,Metro,100% - I spent all of my time remote working,100% - All of my time,100% - I spent all of my time remote working,Strongly agree,Strongly agree,Somewhat agree,Somewhat agree,Strongly agree,100% - All of my time,60%,Neither unlikely or likely,Somewhat likely,Neither unlikely or likely,My productivity is about same when I work remotely,3.0,8.0,3.0,4.0,0.0,8.0,5.0,5.0,Neither agree nor disagree,Neither agree nor disagree,Somewhat agree,Strongly Positive,2021
1165,1992,Female,Education and Training,Professionals - Education Professionals,More than 200,No,Group household,Between 6 and 12 months,Metro,Rarely or never,I would not have preferred to work remotely,Rarely or never,Somewhat agree,Somewhat agree,Somewhat agree,Somewhat agree,Somewhat agree,I would not have preferred to work remotely,I would prefer not to work remotely,Somewhat unlikely,Somewhat unlikely,Somewhat unlikely,I’m 20% less productive when working remotely,1.0,7.0,1.0,8.0,0.5,7.0,1.0,8.5,Somewhat disagree,Strongly disagree,Strongly agree,Somewhat Positive,2021
1166,1968,Female,Financial and Insurance,Clerical and administrative workers - General Clerical Workers,More than 200,No,Couple with no dependent children,More than 5 years,Metro,100% - I spent all of my time remote working,100% - All of my time,100% - I spent all of my time remote working,Neither agree nor disagree,Neither agree nor disagree,Neither agree nor disagree,Neither agree nor disagree,Neither agree nor disagree,100% - All of my time,100% - All of my time,Neither unlikely or likely,Neither unlikely or likely,Neither unlikely or likely,I’m 50% more productive when working remotely (or more),0.0,9.0,3.0,4.0,0.0,9.0,3.0,4.0,Neither agree nor disagree,Neither agree nor disagree,Neither agree nor disagree,Neither positive nor negative,2021
1167,1976,Female,Financial and Insurance,Clerical and administrative workers - Other Clerical and Administrative Workers,Between 20 and 199,No,Couple with no dependent children,Between 1 and 5 years,Metro,100% - I spent all of my time remote working,100% - All of my time,100% - I spent all of my time remote working,Somewhat agree,Strongly agree,Somewhat agree,Somewhat agree,Somewhat disagree,100% - All of my time,100% - All of my time,Somewhat unlikely,Somewhat unlikely,Somewhat unlikely,I’m 20% more productive when working remotely,2.5,8.0,4.0,1.5,0.5,8.0,3.0,3.5,Somewhat agree,Strongly disagree,Neither agree nor disagree,Neither positive nor negative,2021
1168,1991,Male,Retail Trade,Sales workers - Sales Assistants and Salespersons,More than 200,No,Couple with no dependent children,Between 1 and 5 years,Metro,Less than 10% of my time,40%,10%,Somewhat agree,Strongly agree,Somewhat agree,Strongly agree,Somewhat agree,20%,10%,Somewhat unlikely,Somewhat likely,Somewhat likely,I’m 20% more productive when working remotely,2.0,8.0,2.0,4.0,0.5,8.0,4.0,3.5,Strongly agree,Strongly agree,Somewhat disagree,Strongly Positive,2021
1169,1960,Female,Education and Training,Professionals - Education Professionals,Between 5 and 19,Yes,Single person,More than 5 years,Regional,Less than 10% of my time,100% - All of my time,Rarely or never,Somewhat disagree,Neither agree nor disagree,Somewhat disagree,Somewhat disagree,Somewhat agree,100% - All of my time,100% - All of my time,Very unlikely,Very unlikely,Very unlikely,I’m 50% more productive when working remotely (or more),1.0,6.0,5.0,4.0,1.0,8.0,5.0,3.0,Strongly agree,Strongly agree,Strongly disagree,Strongly Negative,2021
1170,1987,Female,Information Media and Telecommunications,"Professionals - Design, Engineering, Science and Transport Professionals",More than 200,No,Couple with dependent children,Between 1 and 5 years,Metro,70%,70%,70%,Somewhat agree,Strongly agree,Somewhat agree,Strongly agree,Somewhat agree,70%,70%,Very likely,Somewhat likely,Somewhat likely,I’m 30% more productive when working remotely,3.0,7.5,1.5,2.0,4.0,8.0,1.0,2.0,Somewhat agree,Strongly agree,Strongly agree,Strongly Positive,2021
1171,1964,Female,Manufacturing,Managers - Specialist Managers,Between 5 and 19,No,Single person,More than 5 years,Metro,100% - I spent all of my time remote working,80%,Less than 10% of my time,Strongly agree,Somewhat agree,Somewhat agree,Strongly agree,Strongly agree,50% - About half of my time,50% - About half of my time,Neither unlikely or likely,Neither unlikely or likely,Neither unlikely or likely,I’m 30% more productive when working remotely,3.0,8.0,1.0,4.0,0.0,10.0,2.0,3.0,Strongly agree,Strongly agree,Neither agree nor disagree,Neither positive nor negative,2021
1172,1996,Male,Wholesale Trade,"Technicians and trades workers - Engineering, ICT and Science Technicians",Between 5 and 19,Yes,Couple with dependent children,More than 5 years,Metro,50% - I spent about half of my time remote working,50% - About half of my time,50% - I spent about half of my time remote working,Neither agree nor disagree,Neither agree nor disagree,Neither agree nor disagree,Neither agree nor disagree,Neither agree nor disagree,50% - About half of my time,50% - About half of my time,Neither unlikely or likely,Neither unlikely or likely,Neither unlikely or likely,I’m 50% more productive when working remotely (or more),1.0,8.0,2.0,8.0,1.0,8.0,4.0,6.0,Neither agree nor disagree,Neither agree nor disagree,Neither agree nor disagree,Neither positive nor negative,2021
1173,1990,Female,Financial and Insurance,"Managers - Chief Executives, General Managers and Legislators",Between 20 and 199,Yes,Single person,Between 1 and 5 years,Regional,40%,40%,30%,Somewhat agree,Strongly agree,Somewhat agree,Strongly agree,Strongly agree,30%,20%,Somewhat likely,Very likely,Somewhat likely,I’m 30% more productive when working remotely,4.0,6.0,3.0,4.0,4.0,4.0,4.0,4.0,Somewhat agree,Somewhat agree,Strongly agree,Somewhat Positive,2021
1174,1993,Female,Wholesale Trade,"Managers - Chief Executives, General Managers and Legislators",Between 20 and 199,Yes,Couple with dependent children,Between 1 and 5 years,Metro,100% - I spent all of my time remote working,100% - All of my time,100% - I spent all of my time remote working,Strongly agree,Neither agree nor disagree,Strongly agree,Strongly agree,Strongly agree,100% - All of my time,100% - All of my time,Somewhat unlikely,Very unlikely,Very unlikely,I’m 20% more productive when working remotely,2.0,8.0,2.0,3.0,0.0,8.0,2.0,5.0,Strongly agree,Strongly agree,Somewhat disagree,Neither positive nor negative,2021
1175,1996,Female,Arts and Recreation,"Managers - Hospitality, Retail and Service Managers",Between 20 and 199,No,Group household,Between 1 and 5 years,Metro,50% - I spent about half of my time remote working,70%,40%,Strongly agree,Strongly agree,Strongly agree,Strongly agree,Strongly agree,50% - About half of my time,50% - About half of my time,Very likely,Very likely,Very likely,I’m 20% less productive when working remotely,1.0,8.0,4.0,3.0,0.0,8.0,3.0,5.0,Strongly agree,Somewhat agree,Neither agree nor disagree,Strongly Positive,2021
1176,1988,Female,"Professional, Scientific and Technical","Professionals - Business, Human Resource and Marketing Professionals",More than 200,No,Couple with dependent children,Between 1 and 5 years,Metro,100% - I spent all of my time remote working,100% - All of my time,100% - I spent all of my time remote working,Strongly disagree,Strongly disagree,Somewhat disagree,Strongly disagree,Strongly disagree,100% - All of my time,80%,Neither unlikely or likely,Neither unlikely or likely,Neither unlikely or likely,My productivity is about same when I work remotely,3.0,7.0,2.0,5.0,1.0,7.0,2.0,7.0,Neither agree nor disagree,Neither agree nor disagree,Neither agree nor disagree,Strongly Positive,2021
1177,2001,Female,Financial and Insurance,"Professionals - Design, Engineering, Science and Transport Professionals",Between 20 and 199,No,Single person,Between 6 and 12 months,Metro,20%,10%,20%,Neither agree nor disagree,Neither agree nor disagree,Somewhat agree,Somewhat agree,Somewhat agree,20%,30%,Neither unlikely or likely,Neither unlikely or likely,Somewhat unlikely,My productivity is about same when I work remotely,1.0,10.0,3.0,3.0,1.0,10.0,2.0,3.0,Neither agree nor disagree,Neither agree nor disagree,Neither agree nor disagree,Somewhat Positive,2021
1178,1974,Female,Administrative and Support,Clerical and administrative workers - Personal Assistants and Secretaries,More than 200,No,One parent family with dependent children,Between 1 and 5 years,Metro,90%,100% - All of my time,80%,Somewhat agree,Somewhat agree,Somewhat agree,Strongly agree,Somewhat agree,100% - All of my time,100% - All of my time,Somewhat unlikely,Somewhat unlikely,Somewhat unlikely,I’m 50% more productive when working remotely (or more),2.0,7.0,5.0,2.0,0.0,7.0,4.0,5.0,Strongly agree,Strongly agree,Neither agree nor disagree,Strongly Positive,2021
1179,1968,Male,Other Services,Sales workers - Sales Assistants and Salespersons,More than 200,No,Couple with no dependent children,Between 1 and 5 years,Metro,70%,50% - About half of my time,30%,Somewhat disagree,Somewhat disagree,Somewhat agree,Somewhat agree,Strongly disagree,80%,50% - About half of my time,Neither unlikely or likely,Somewhat likely,Somewhat unlikely,I’m 20% less productive when working remotely,2.0,9.0,3.0,3.0,1.0,7.0,3.0,5.0,Strongly agree,Strongly disagree,Strongly agree,Somewhat Positive,2021
1180,1993,Female,Retail Trade,Clerical and administrative workers - Clerical and Office Support Workers,More than 200,No,Couple with no dependent children,Between 6 and 12 months,Metro,100% - I spent all of my time remote working,100% - All of my time,80%,Somewhat agree,Strongly agree,Somewhat agree,Neither agree nor disagree,Somewhat agree,90%,80%,Neither unlikely or likely,Somewhat unlikely,Somewhat unlikely,I’m 20% more productive when working remotely,1.0,8.0,3.0,5.0,0.5,7.0,4.0,5.5,Neither agree nor disagree,Neither agree nor disagree,Neither agree nor disagree,Strongly Positive,2021
1181,1975,Female,Arts and Recreation,Managers - Specialist Managers,More than 200,Yes,Other one family household,Between 1 and 5 years,Metro,100% - I spent all of my time remote working,100% - All of my time,100% - I spent all of my time remote working,Strongly agree,Somewhat agree,Strongly agree,Strongly agree,Somewhat agree,100% - All of my time,100% - All of my time,Somewhat unlikely,Somewhat unlikely,Somewhat unlikely,I’m 30% more productive when working remotely,4.0,12.0,0.0,3.0,1.0,10.0,4.0,4.0,Strongly agree,Somewhat disagree,Somewhat agree,Somewhat Negative,2021
1182,1988,Female,Education and Training,Managers - Specialist Managers,More than 200,Yes,Couple with dependent children,Between 1 and 5 years,Metro,20%,20%,20%,Neither agree nor disagree,Neither agree nor disagree,Somewhat agree,Neither agree nor disagree,Somewhat disagree,20%,Less than 10% of my time,Neither unlikely or likely,Somewhat unlikely,Neither unlikely or likely,I’m 20% less productive when working remotely,5.0,8.0,2.0,2.0,6.0,8.0,2.0,1.0,Neither agree nor disagree,Neither agree nor disagree,Strongly agree,Somewhat Negative,2021
1183,1990,Male,Manufacturing,Technicians and trades workers - Automotive and Engineering Trades Workers,Between 20 and 199,Yes,Single person,Between 1 and 5 years,Metro,50% - I spent about half of my time remote working,50% - About half of my time,50% - I spent about half of my time remote working,Somewhat agree,Neither agree nor disagree,Somewhat disagree,Neither agree nor disagree,Strongly agree,50% - About half of my time,50% - About half of my time,Very unlikely,Very unlikely,Very unlikely,I’m 50% more productive when working remotely (or more),3.0,8.0,3.0,1.0,0.0,9.0,3.0,4.0,Strongly agree,Strongly agree,Strongly disagree,Neither positive nor negative,2021
1184,1991,Female,Other Services,Labourers - Factory Process Workers,More than 200,No,Multiple family household,More than 5 years,Regional,Less than 10% of my time,I would not have preferred to work remotely,Less than 10% of my time,Strongly disagree,Neither agree nor disagree,Neither agree nor disagree,Neither agree nor disagree,Somewhat agree,I would not have preferred to work remotely,I would prefer not to work remotely,Somewhat unlikely,Somewhat likely,Very unlikely,I’m 40% less productive when working remotely,2.0,9.0,5.0,3.0,3.0,9.0,5.0,2.0,Strongly disagree,Somewhat disagree,Strongly agree,Strongly Negative,2021
1185,2000,Male,"Professional, Scientific and Technical","Professionals - Design, Engineering, Science and Transport Professionals",More than 200,No,Couple with dependent children,Between 1 and 5 years,Metro,90%,70%,70%,Somewhat agree,Strongly agree,Neither agree nor disagree,Neither agree nor disagree,Somewhat agree,90%,60%,Neither unlikely or likely,Somewhat likely,Very likely,I’m 30% more productive when working remotely,3.0,2.0,3.0,5.0,2.0,6.0,2.0,2.0,Somewhat agree,Somewhat agree,Strongly agree,Somewhat Positive,2021
1186,1988,Female,Financial and Insurance,Clerical and administrative workers - Clerical and Office Support Workers,More than 200,No,One parent family with dependent children,More than 5 years,Metro,Less than 10% of my time,Less than 10% of my time,Less than 10% of my time,Somewhat agree,Somewhat agree,Neither agree nor disagree,Somewhat agree,Somewhat disagree,Less than 10% of my time,Less than 10% of my time,Somewhat likely,Somewhat likely,Somewhat likely,I’m 50% less productive when working remotely (or worse),1.0,9.0,2.0,5.0,0.5,9.0,2.5,5.0,Somewhat disagree,Somewhat disagree,Somewhat agree,Somewhat Positive,2021
1187,1990,Female,"Professional, Scientific and Technical","Professionals - Legal, Social and Welfare Professionals",More than 200,Yes,Couple with no dependent children,Between 1 and 5 years,Metro,90%,90%,20%,Somewhat agree,Somewhat disagree,Somewhat agree,Somewhat agree,Somewhat agree,40%,30%,Neither unlikely or likely,Neither unlikely or likely,Neither unlikely or likely,I’m 10% more productive when working remotely,1.0,9.0,3.0,2.0,0.5,10.0,3.0,1.5,Somewhat agree,Somewhat agree,Neither agree nor disagree,Strongly Positive,2021
1188,1967,Female,Information Media and Telecommunications,Professionals - Arts and Media Professionals,More than 200,No,Single person,More than 5 years,Regional,70%,70%,10%,Strongly agree,Strongly agree,Strongly agree,Strongly agree,Somewhat disagree,I would not have preferred to work remotely,10%,Somewhat unlikely,Neither unlikely or likely,Somewhat unlikely,My productivity is about same when I work remotely,0.5,8.6,1.0,4.0,0.0,7.6,2.0,5.0,Somewhat disagree,Somewhat disagree,Strongly agree,Somewhat Negative,2021
1189,1992,Male,Manufacturing,Clerical and administrative workers - Clerical and Office Support Workers,Between 20 and 199,No,Group household,Between 1 and 5 years,Metro,Less than 10% of my time,I would not have preferred to work remotely,Less than 10% of my time,Neither agree nor disagree,Neither agree nor disagree,Neither agree nor disagree,Neither agree nor disagree,Neither agree nor disagree,I would not have preferred to work remotely,I would prefer not to work remotely,Neither unlikely or likely,Neither unlikely or likely,Neither unlikely or likely,My productivity is about same when I work remotely,6.0,6.0,6.0,6.0,4.0,4.0,4.0,6.0,Neither agree nor disagree,Neither agree nor disagree,Neither agree nor disagree,Neither positive nor negative,2021
1190,1995,Male,Construction,Labourers - Other Labourers,Between 20 and 199,Yes,One parent family with dependent children,Between 1 and 5 years,Metro,50% - I spent about half of my time remote working,50% - About half of my time,50% - I spent about half of my time remote working,Neither agree nor disagree,Neither agree nor disagree,Neither agree nor disagree,Neither agree nor disagree,Neither agree nor disagree,50% - About half of my time,50% - About half of my time,Neither unlikely or likely,Neither unlikely or likely,Neither unlikely or likely,My productivity is about same when I work remotely,2.0,10.0,2.0,2.0,0.0,10.0,2.0,4.0,Neither agree nor disagree,Neither agree nor disagree,Neither agree nor disagree,Neither positive nor negative,2021
1191,1990,Female,Health Care and Social Assistance,Professionals - Health Professionals,Between 5 and 19,No,Couple with dependent children,More than 5 years,Metro,Less than 10% of my time,I would not have preferred to work remotely,Less than 10% of my time,Neither agree nor disagree,Strongly agree,Somewhat agree,Strongly agree,Somewhat agree,I would not have preferred to work remotely,Less than 10% of my time,Somewhat likely,Somewhat likely,Somewhat likely,My productivity is about same when I work remotely,1.0,8.0,4.0,4.0,0.25,8.0,4.0,4.7,Neither agree nor disagree,Somewhat agree,Somewhat agree,Strongly Positive,2021
1192,1989,Male,"Transport, Postal and Warehousing",Managers - Specialist Managers,Between 20 and 199,Yes,Couple with no dependent children,Between 1 and 5 years,Metro,50% - I spent about half of my time remote working,80%,70%,Strongly agree,Somewhat agree,Somewhat agree,Somewhat agree,Neither agree nor disagree,50% - About half of my time,50% - About half of my time,Very likely,Very likely,Somewhat likely,I’m 30% more productive when working remotely,2.0,9.0,2.0,5.0,0.0,10.0,2.0,5.0,Strongly agree,Somewhat agree,Somewhat agree,Strongly Positive,2021
1193,1987,Male,Information Media and Telecommunications,"Managers - Chief Executives, General Managers and Legislators",More than 200,Yes,Couple with dependent children,Between 6 and 12 months,Metro,50% - I spent about half of my time remote working,20%,30%,Strongly agree,Neither agree nor disagree,Strongly agree,Somewhat disagree,Somewhat agree,30%,30%,Neither unlikely or likely,Somewhat likely,Very likely,I’m 20% more productive when working remotely,2.0,12.0,4.0,4.0,5.0,6.0,8.0,2.0,Somewhat agree,Strongly agree,Somewhat agree,Somewhat Positive,2021
1194,1982,Male,Other Services,"Managers - Chief Executives, General Managers and Legislators",More than 200,Yes,One parent family with dependent children,More than 5 years,Metro,100% - I spent all of my time remote working,100% - All of my time,100% - I spent all of my time remote working,Strongly agree,Strongly agree,Strongly agree,Strongly agree,Strongly agree,100% - All of my time,20%,Very likely,Very likely,Very likely,I’m 50% more productive when working remotely (or more),3.0,10.0,2.0,2.0,1.0,10.0,2.0,4.0,Strongly agree,Strongly agree,Strongly agree,Strongly Positive,2021
1195,1994,Female,Other Services,"Professionals - Design, Engineering, Science and Transport Professionals",Between 20 and 199,No,Group household,Between 1 and 5 years,Metro,Rarely or never,50% - About half of my time,Rarely or never,Strongly disagree,Somewhat disagree,Strongly disagree,Strongly disagree,Somewhat agree,60%,60%,Very unlikely,Very unlikely,Very unlikely,I’m 50% more productive when working remotely (or more),3.0,9.0,3.0,3.0,1.0,8.0,3.0,4.0,Strongly agree,Strongly agree,Somewhat disagree,Strongly Negative,2021
1196,1988,Female,"Professional, Scientific and Technical",Professionals - ICT Professionals,More than 200,No,One parent family with dependent children,Between 1 and 5 years,Metro,90%,90%,80%,Neither agree nor disagree,Somewhat agree,Neither agree nor disagree,Neither agree nor disagree,Somewhat agree,50% - About half of my time,50% - About half of my time,Neither unlikely or likely,Neither unlikely or likely,Neither unlikely or likely,I’m 30% more productive when working remotely,2.0,8.0,2.0,4.0,2.0,8.0,2.0,4.0,Neither agree nor disagree,Strongly agree,Neither agree nor disagree,Strongly Positive,2021
1197,1959,Female,Arts and Recreation,"Managers - Chief Executives, General Managers and Legislators",Between 5 and 19,Yes,Single person,More than 5 years,Regional,50% - I spent about half of my time remote working,50% - About half of my time,30%,Strongly agree,Strongly agree,Strongly agree,Strongly agree,Somewhat agree,50% - About half of my time,50% - About half of my time,Somewhat likely,Somewhat likely,Somewhat likely,I’m 30% more productive when working remotely,2.0,12.0,1.0,1.0,0.0,10.0,2.0,2.0,Strongly agree,Strongly agree,Somewhat agree,Strongly Positive,2021
1198,1957,Female,Construction,"Managers - Chief Executives, General Managers and Legislators",Between 5 and 19,Yes,Single person,Between 6 and 12 months,Metro,Less than 10% of my time,50% - About half of my time,Less than 10% of my time,Somewhat disagree,Neither agree nor disagree,Neither agree nor disagree,Neither agree nor disagree,Somewhat agree,50% - About half of my time,50% - About half of my time,Very unlikely,Very unlikely,Very unlikely,I’m 20% more productive when working remotely,2.0,8.0,4.0,2.0,3.0,8.0,4.0,1.0,Somewhat agree,Strongly agree,Neither agree nor disagree,Somewhat Negative,2021
1199,1992,Male,"Professional, Scientific and Technical","Professionals - Legal, Social and Welfare Professionals",More than 200,Yes,Couple with no dependent children,Between 1 and 5 years,Metro,60%,80%,60%,Somewhat agree,Somewhat disagree,Strongly agree,Strongly agree,Somewhat agree,60%,60%,Somewhat likely,Somewhat likely,Somewhat likely,My productivity is about same when I work remotely,2.5,10.0,0.0,3.5,0.0,10.0,0.0,6.0,Somewhat agree,Somewhat disagree,Somewhat disagree,Somewhat Positive,2021
1200,1958,Female,Education and Training,Professionals - Education Professionals,Between 20 and 199,Yes,Couple with no dependent children,More than 5 years,Metro,30%,50% - About half of my time,50% - I spent about half of my time remote working,Somewhat agree,Somewhat agree,Somewhat agree,Somewhat agree,Somewhat agree,50% - About half of my time,I would prefer not to work remotely,Neither unlikely or likely,Somewhat likely,Somewhat likely,I’m 10% more productive when working remotely,2.0,6.0,4.0,4.0,2.0,7.0,4.0,3.0,Somewhat agree,Neither agree nor disagree,Neither agree nor disagree,Somewhat Positive,2021
1201,1975,Male,"Agriculture, Forestry and Fishing","Managers - Chief Executives, General Managers and Legislators",Between 5 and 19,Yes,Couple with dependent children,More than 5 years,Regional,30%,20%,40%,Strongly agree,Somewhat agree,Somewhat agree,Somewhat disagree,Neither agree nor disagree,50% - About half of my time,70%,Somewhat likely,Neither unlikely or likely,Very likely,I’m 40% more productive when working remotely,1.0,5.0,2.0,6.0,1.0,5.0,3.0,5.0,Neither agree nor disagree,Somewhat agree,Somewhat agree,Strongly Positive,2021
1202,2000,Female,Education and Training,Managers - Specialist Managers,Between 20 and 199,Yes,One parent family with dependent children,Between 1 and 5 years,Metro,50% - I spent about half of my time remote working,50% - About half of my time,Rarely or never,Neither agree nor disagree,Somewhat disagree,Neither agree nor disagree,Neither agree nor disagree,Somewhat agree,20%,20%,Neither unlikely or likely,Somewhat unlikely,Somewhat unlikely,I’m 40% more productive when working remotely,3.0,6.0,3.0,4.0,3.0,6.0,3.0,4.0,Somewhat agree,Neither agree nor disagree,Neither agree nor disagree,Somewhat Positive,2021
1203,1987,Male,Financial and Insurance,Managers - Specialist Managers,More than 200,No,Couple with dependent children,Between 1 and 5 years,Metro,100% - I spent all of my time remote working,80%,90%,Strongly agree,Strongly agree,Somewhat agree,Strongly agree,Strongly agree,80%,60%,Somewhat likely,Somewhat likely,Somewhat likely,My productivity is about same when I work remotely,1.5,8.5,3.0,4.0,0.0,8.0,3.0,6.0,Neither agree nor disagree,Somewhat disagree,Somewhat agree,Somewhat Positive,2021
1204,1986,Male,"Electricity, Gas, Water and Waste","Professionals - Design, Engineering, Science and Transport Professionals",More than 200,No,Couple with no dependent children,Between 1 and 5 years,Regional,100% - I spent all of my time remote working,100% - All of my time,80%,Neither agree nor disagree,Neither agree nor disagree,Neither agree nor disagree,Neither agree nor disagree,Neither agree nor disagree,80%,70%,Neither unlikely or likely,Neither unlikely or likely,Neither unlikely or likely,I’m 20% less productive when working remotely,3.5,7.0,3.5,2.0,0.5,8.0,3.0,4.5,Neither agree nor disagree,Neither agree nor disagree,Neither agree nor disagree,Neither positive nor negative,2021
1205,1972,Female,Health Care and Social Assistance,Community and personal service workers - Health and Welfare Support Workers,More than 200,No,Couple with dependent children,Between 1 and 5 years,Metro,10%,10%,Less than 10% of my time,Neither agree nor disagree,Somewhat agree,Strongly agree,Neither agree nor disagree,Somewhat agree,10%,50% - About half of my time,Very unlikely,Very unlikely,Very unlikely,I’m 50% more productive when working remotely (or more),3.0,4.0,2.0,8.0,4.0,4.0,2.0,7.0,Strongly disagree,Neither agree nor disagree,Neither agree nor disagree,Somewhat Positive,2021
1206,1969,Female,Construction,"Managers - Chief Executives, General Managers and Legislators",Between 5 and 19,Yes,One parent family with dependent children,More than 5 years,Metro,10%,20%,20%,Somewhat agree,Neither agree nor disagree,Somewhat disagree,Neither agree nor disagree,Somewhat disagree,20%,20%,Somewhat unlikely,Neither unlikely or likely,Neither unlikely or likely,I’m 40% more productive when working remotely,5.0,8.0,3.0,3.0,5.0,8.0,3.0,3.0,Neither agree nor disagree,Neither agree nor disagree,Somewhat disagree,Somewhat Negative,2021
1207,1988,Male,Construction,Clerical and administrative workers - Inquiry Clerks and Receptionists,More than 200,Yes,Couple with no dependent children,More than 5 years,Metro,100% - I spent all of my time remote working,100% - All of my time,100% - I spent all of my time remote working,Strongly agree,Strongly agree,Strongly agree,Somewhat agree,Strongly agree,100% - All of my time,100% - All of my time,Very likely,Very likely,Very likely,I’m 40% more productive when working remotely,1.0,7.0,5.0,4.0,1.0,7.0,5.0,4.0,Strongly agree,Strongly agree,Strongly agree,Strongly Positive,2021
1208,1991,Male,Information Media and Telecommunications,Professionals - ICT Professionals,Between 1 and 4,Yes,Couple with no dependent children,More than 5 years,Regional,100% - I spent all of my time remote working,100% - All of my time,100% - I spent all of my time remote working,Strongly agree,Strongly agree,Strongly agree,Strongly agree,Strongly agree,100% - All of my time,100% - All of my time,Very likely,Neither unlikely or likely,Neither unlikely or likely,I’m 30% more productive when working remotely,2.0,8.0,4.0,2.0,2.0,8.0,4.0,2.0,Strongly agree,Strongly agree,Somewhat agree,Strongly Positive,2021
1209,1987,Male,Other Services,"Professionals - Business, Human Resource and Marketing Professionals",More than 200,Yes,Single person,Between 1 and 5 years,Metro,100% - I spent all of my time remote working,80%,100% - I spent all of my time remote working,Neither agree nor disagree,Somewhat disagree,Neither agree nor disagree,Somewhat agree,Somewhat agree,80%,80%,Somewhat likely,Somewhat likely,Somewhat likely,My productivity is about same when I work remotely,2.0,9.0,2.0,5.0,1.0,12.0,3.0,3.0,Somewhat disagree,Strongly disagree,Somewhat agree,Somewhat Positive,2021
1210,1985,Male,Financial and Insurance,"Professionals - Design, Engineering, Science and Transport Professionals",More than 200,No,Multiple family household,Between 1 and 5 years,Regional,90%,90%,90%,Somewhat agree,Strongly agree,Strongly agree,Somewhat agree,Somewhat agree,90%,70%,Very likely,Somewhat likely,Somewhat likely,I’m 30% more productive when working remotely,4.0,8.0,2.0,1.0,5.0,8.0,1.0,2.0,Strongly agree,Somewhat agree,Somewhat agree,Strongly Positive,2021
1211,1976,Female,Health Care and Social Assistance,Technicians and trades workers - Food Trades Workers,More than 200,No,Couple with dependent children,More than 5 years,Regional,60%,60%,60%,Strongly agree,Somewhat agree,Strongly agree,Strongly agree,Somewhat agree,60%,60%,Very likely,Somewhat likely,Very likely,I’m 30% more productive when working remotely,4.0,8.5,2.5,1.0,5.0,8.0,3.0,1.0,Strongly agree,Somewhat agree,Strongly agree,Strongly Positive,2021
1212,1988,Female,Other Services,Labourers - Other Labourers,More than 200,No,Single person,More than 5 years,Regional,80%,80%,80%,Neither agree nor disagree,Somewhat agree,Somewhat agree,Strongly agree,Strongly agree,80%,80%,Somewhat likely,Somewhat likely,Somewhat likely,I’m 50% more productive when working remotely (or more),0.25,9.7,2.0,5.0,0.5,10.0,2.0,5.0,Strongly agree,Somewhat agree,Neither agree nor disagree,Strongly Positive,2021
1213,1960,Female,Administrative and Support,Clerical and administrative workers - General Clerical Workers,Between 5 and 19,No,Couple with no dependent children,More than 5 years,Regional,100% - I spent all of my time remote working,100% - All of my time,100% - I spent all of my time remote working,Strongly agree,Somewhat agree,Strongly agree,Strongly agree,Somewhat agree,100% - All of my time,80%,Neither unlikely or likely,Somewhat likely,Somewhat likely,I’m 20% more productive when working remotely,1.0,8.0,4.0,3.0,0.0,8.0,4.0,4.0,Neither agree nor disagree,Somewhat agree,Somewhat agree,Somewhat Positive,2021
1214,1988,Female,"Professional, Scientific and Technical",Technicians and trades workers - Other Technicians and Trades Workers,Between 20 and 199,Yes,Single person,More than 5 years,Regional,Less than 10% of my time,I would not have preferred to work remotely,20%,Strongly disagree,Neither agree nor disagree,Strongly agree,Strongly disagree,Strongly disagree,I would not have preferred to work remotely,I would prefer not to work remotely,Very unlikely,Very unlikely,Very unlikely,My productivity is about same when I work remotely,1.0,8.0,3.0,4.0,0.0,9.0,3.0,4.0,Somewhat disagree,Neither agree nor disagree,Somewhat agree,Neither positive nor negative,2021
1215,1990,Female,Retail Trade,Community and personal service workers - Carers and Aides,Between 20 and 199,No,Couple with no dependent children,More than 5 years,Regional,Less than 10% of my time,50% - About half of my time,50% - I spent about half of my time remote working,Strongly agree,Strongly agree,Somewhat agree,Strongly agree,Strongly agree,50% - About half of my time,50% - About half of my time,Very unlikely,Very unlikely,Very unlikely,I’m 50% more productive when working remotely (or more),1.0,8.0,2.0,5.0,0.0,7.0,3.0,6.0,Somewhat agree,Somewhat agree,Strongly agree,Strongly Positive,2021
1216,1972,Male,"Electricity, Gas, Water and Waste",Clerical and administrative workers - General Clerical Workers,Between 20 and 199,Yes,One parent family with dependent children,Between 6 and 12 months,Regional,50% - I spent about half of my time remote working,20%,30%,Somewhat agree,Neither agree nor disagree,Neither agree nor disagree,Neither agree nor disagree,Neither agree nor disagree,50% - About half of my time,10%,Somewhat unlikely,Neither unlikely or likely,Neither unlikely or likely,I’m 30% more productive when working remotely,4.0,8.0,1.0,1.0,5.0,5.0,5.0,5.0,Neither agree nor disagree,Neither agree nor disagree,Neither agree nor disagree,Neither positive nor negative,2021
1217,1990,Female,Administrative and Support,Clerical and administrative workers - Office Managers and Program Administrators,More than 200,Yes,Couple with no dependent children,More than 5 years,Regional,100% - I spent all of my time remote working,100% - All of my time,80%,Neither agree nor disagree,Somewhat agree,Somewhat agree,Neither agree nor disagree,Strongly agree,100% - All of my time,100% - All of my time,Somewhat unlikely,Somewhat unlikely,Neither unlikely or likely,I’m 30% more productive when working remotely,1.5,8.5,3.0,2.0,0.0,8.5,2.0,3.5,Strongly agree,Strongly agree,Somewhat disagree,Somewhat Positive,2021
1218,1988,Male,Education and Training,Clerical and administrative workers - Clerical and Office Support Workers,More than 200,No,Couple with no dependent children,More than 5 years,Regional,20%,20%,Less than 10% of my time,Somewhat agree,Somewhat disagree,Somewhat agree,Somewhat agree,Somewhat disagree,Less than 10% of my time,I would prefer not to work remotely,Very unlikely,Somewhat unlikely,Somewhat unlikely,I’m 10% more productive when working remotely,0.5,7.5,4.0,4.0,0.0,7.5,5.0,3.5,Somewhat disagree,Somewhat disagree,Somewhat agree,Somewhat Positive,2021
1219,1991,Female,Construction,"Professionals - Design, Engineering, Science and Transport Professionals",Between 20 and 199,No,Other one family household,Between 1 and 5 years,Regional,Rarely or never,100% - All of my time,Rarely or never,Strongly disagree,Somewhat disagree,Somewhat disagree,Somewhat disagree,Somewhat agree,100% - All of my time,100% - All of my time,Very unlikely,Very unlikely,Very unlikely,I’m 20% more productive when working remotely,2.5,9.0,1.5,2.0,0.5,9.0,2.0,3.5,Strongly agree,Strongly agree,Somewhat disagree,Strongly Negative,2021
1220,1988,Male,Health Care and Social Assistance,Professionals - Health Professionals,Between 20 and 199,No,Couple with dependent children,Between 1 and 5 years,Regional,20%,20%,30%,Somewhat agree,Somewhat agree,Strongly agree,Strongly agree,Strongly agree,40%,20%,Somewhat likely,Somewhat likely,Somewhat likely,I’m 20% more productive when working remotely,8.0,4.0,2.0,3.0,4.0,6.0,3.0,4.0,Strongly agree,Somewhat agree,Neither agree nor disagree,Somewhat Positive,2021
1221,1959,Female,Education and Training,Clerical and administrative workers - Office Managers and Program Administrators,More than 200,No,Couple with no dependent children,More than 5 years,Regional,Less than 10% of my time,50% - About half of my time,Less than 10% of my time,Somewhat agree,Somewhat agree,Strongly agree,Somewhat agree,Somewhat agree,50% - About half of my time,I would prefer not to work remotely,Somewhat unlikely,Neither unlikely or likely,Somewhat unlikely,My productivity is about same when I work remotely,1.0,7.5,2.0,5.0,0.0,6.0,5.0,5.0,Neither agree nor disagree,Neither agree nor disagree,Neither agree nor disagree,Somewhat Positive,2021
1222,1972,Male,Information Media and Telecommunications,Professionals - ICT Professionals,More than 200,No,Couple with dependent children,More than 5 years,Regional,100% - I spent all of my time remote working,70%,100% - I spent all of my time remote working,Strongly agree,Strongly agree,Strongly agree,Strongly agree,Strongly agree,70%,70%,Neither unlikely or likely,Neither unlikely or likely,Neither unlikely or likely,I’m 50% more productive when working remotely (or more),4.0,8.0,2.0,2.0,0.5,9.0,4.5,2.0,Somewhat agree,Somewhat agree,Somewhat disagree,Strongly Positive,2021
1223,1976,Male,Information Media and Telecommunications,Managers - Specialist Managers,More than 200,Yes,Couple with dependent children,More than 5 years,Regional,100% - I spent all of my time remote working,100% - All of my time,100% - I spent all of my time remote working,Strongly agree,Strongly agree,Strongly agree,Strongly agree,Strongly agree,100% - All of my time,90%,Neither unlikely or likely,Somewhat likely,Neither unlikely or likely,My productivity is about same when I work remotely,0.5,8.0,3.0,5.0,0.0,8.0,4.0,4.5,Neither agree nor disagree,Neither agree nor disagree,Somewhat disagree,Strongly Positive,2021
1224,1972,Male,Information Media and Telecommunications,Clerical and administrative workers - Clerical and Office Support Workers,More than 200,No,Group household,More than 5 years,Regional,100% - I spent all of my time remote working,100% - All of my time,100% - I spent all of my time remote working,Strongly agree,Strongly agree,Strongly agree,Strongly agree,Strongly agree,100% - All of my time,100% - All of my time,Very likely,Very likely,Neither unlikely or likely,My productivity is about same when I work remotely,0.0,7.0,1.0,8.0,0.0,7.0,1.0,8.0,Somewhat agree,Somewhat agree,Strongly disagree,Strongly Positive,2021
1225,1957,Female,Other Services,Professionals - Health Professionals,Between 20 and 199,No,Multiple family household,More than 5 years,Regional,Rarely or never,20%,Rarely or never,Somewhat agree,Somewhat disagree,Neither agree nor disagree,Somewhat agree,Neither agree nor disagree,20%,30%,Neither unlikely or likely,Neither unlikely or likely,Somewhat likely,I’m 10% more productive when working remotely,0.5,7.0,4.0,3.5,0.25,7.0,4.0,3.7,Somewhat agree,Neither agree nor disagree,Somewhat agree,Somewhat Positive,2021
1226,1957,Female,Other Services,"Professionals - Legal, Social and Welfare Professionals",I am a sole trader/owner-operator,No,Couple with no dependent children,More than 5 years,Regional,100% - I spent all of my time remote working,100% - All of my time,100% - I spent all of my time remote working,Strongly agree,Strongly agree,Strongly agree,Strongly agree,Strongly agree,100% - All of my time,100% - All of my time,Very likely,Neither unlikely or likely,Neither unlikely or likely,I’m 50% more productive when working remotely (or more),0.0,8.0,2.0,6.0,0.0,8.0,2.0,6.0,Strongly agree,Strongly agree,Neither agree nor disagree,Strongly Positive,2021
1227,1959,Female,Public Administration and Safety,Community and personal service workers - Protective Service Workers,More than 200,Yes,Couple with dependent children,More than 5 years,Regional,50% - I spent about half of my time remote working,80%,70%,Neither agree nor disagree,Strongly agree,Strongly agree,Somewhat agree,Strongly agree,50% - About half of my time,70%,Neither unlikely or likely,Neither unlikely or likely,Neither unlikely or likely,I’m 50% more productive when working remotely (or more),2.0,7.0,3.0,4.0,2.0,7.0,2.0,5.0,Strongly agree,Strongly agree,Strongly disagree,Somewhat Positive,2021
1228,1975,Male,Public Administration and Safety,"Professionals - Design, Engineering, Science and Transport Professionals",More than 200,Yes,Couple with dependent children,More than 5 years,Regional,Less than 10% of my time,20%,Less than 10% of my time,Somewhat disagree,Neither agree nor disagree,Neither agree nor disagree,Neither agree nor disagree,Somewhat agree,20%,20%,Very unlikely,Very unlikely,Very unlikely,My productivity is about same when I work remotely,2.0,9.0,2.0,5.0,0.25,9.5,3.0,5.25,Strongly agree,Neither agree nor disagree,Strongly agree,Neither positive nor negative,2021
1229,1958,Male,Health Care and Social Assistance,Clerical and administrative workers - Clerical and Office Support Workers,More than 200,Yes,Single person,Between 1 and 5 years,Regional,20%,30%,20%,Somewhat agree,Somewhat agree,Somewhat agree,Somewhat agree,Somewhat agree,30%,20%,Neither unlikely or likely,Neither unlikely or likely,Neither unlikely or likely,I’m 40% more productive when working remotely,2.0,6.0,7.0,2.0,1.0,8.0,4.0,4.0,Neither agree nor disagree,Somewhat agree,Somewhat agree,Strongly Positive,2021
1230,1964,Female,Education and Training,Professionals - Education Professionals,More than 200,No,Couple with no dependent children,More than 5 years,Metro,50% - I spent about half of my time remote working,50% - About half of my time,Less than 10% of my time,Strongly agree,Somewhat agree,Strongly agree,Strongly agree,Somewhat agree,50% - About half of my time,40%,Somewhat unlikely,Somewhat unlikely,Somewhat unlikely,I’m 40% more productive when working remotely,1.0,8.0,3.0,4.0,0.0,8.0,4.0,4.0,Strongly agree,Somewhat agree,Somewhat disagree,Somewhat Negative,2021
1231,1962,Male,Construction,"Professionals - Design, Engineering, Science and Transport Professionals",More than 200,No,Couple with no dependent children,Between 1 and 5 years,Regional,100% - I spent all of my time remote working,100% - All of my time,80%,Somewhat agree,Strongly agree,Somewhat agree,Strongly agree,Neither agree nor disagree,100% - All of my time,50% - About half of my time,Neither unlikely or likely,Somewhat likely,Somewhat likely,I’m 30% more productive when working remotely,2.0,8.0,3.0,3.0,0.0,9.0,3.0,4.0,Strongly agree,Somewhat agree,Neither agree nor disagree,Somewhat Positive,2021
1232,1970,Female,Education and Training,Professionals - Education Professionals,Between 5 and 19,No,Multiple family household,More than 5 years,Regional,100% - I spent all of my time remote working,100% - All of my time,50% - I spent about half of my time remote working,Somewhat disagree,Somewhat disagree,Somewhat agree,Somewhat agree,Somewhat agree,50% - About half of my time,80%,Somewhat likely,Somewhat unlikely,Somewhat unlikely,My productivity is about same when I work remotely,3.0,8.0,2.0,3.0,3.0,8.0,3.0,3.0,Neither agree nor disagree,Neither agree nor disagree,Strongly agree,Somewhat Negative,2021
1233,1963,Male,Other Services,Managers - Specialist Managers,More than 200,No,Single person,More than 5 years,Regional,100% - I spent all of my time remote working,100% - All of my time,100% - I spent all of my time remote working,Strongly agree,Somewhat agree,Strongly agree,Strongly agree,Strongly agree,100% - All of my time,100% - All of my time,Very likely,Very likely,Somewhat likely,I’m 40% more productive when working remotely,0.5,6.5,4.0,4.0,1.0,7.0,4.0,4.0,Somewhat agree,Strongly agree,Somewhat agree,Strongly Positive,2021
1234,1965,Male,Other Services,"Professionals - Business, Human Resource and Marketing Professionals",More than 200,Yes,Single person,Between 6 and 12 months,Regional,100% - I spent all of my time remote working,70%,80%,Strongly agree,Strongly agree,Strongly agree,Strongly agree,Strongly agree,60%,60%,Neither unlikely or likely,Neither unlikely or likely,Neither unlikely or likely,I’m 10% more productive when working remotely,0.5,8.0,1.0,6.5,0.5,8.0,1.5,6.0,Somewhat agree,Somewhat agree,Somewhat agree,Strongly Positive,2021
1235,1961,Male,Mining,"Technicians and trades workers - Engineering, ICT and Science Technicians",Between 20 and 199,No,Single person,More than 5 years,Regional,Rarely or never,I would not have preferred to work remotely,Rarely or never,Somewhat agree,Strongly agree,Strongly agree,Strongly agree,Somewhat agree,I would not have preferred to work remotely,100% - All of my time,Somewhat likely,Very likely,Very likely,I’m 20% less productive when working remotely,1.5,10.0,1.0,4.0,0.5,10.0,1.0,4.0,Neither agree nor disagree,Neither agree nor disagree,Neither agree nor disagree,Strongly Positive,2021
1236,1964,Male,Education and Training,Professionals - Education Professionals,More than 200,Yes,Couple with no dependent children,More than 5 years,Metro,Less than 10% of my time,20%,Less than 10% of my time,Strongly agree,Strongly disagree,Strongly agree,Strongly agree,Somewhat agree,20%,20%,Somewhat likely,Somewhat likely,Somewhat likely,My productivity is about same when I work remotely,0.5,8.0,3.0,5.0,0.0,8.0,3.0,5.5,Neither agree nor disagree,Somewhat disagree,Somewhat agree,Strongly Positive,2021
1237,1960,Male,Education and Training,Professionals - Education Professionals,Between 20 and 199,No,Single person,Between 1 and 5 years,Regional,Less than 10% of my time,50% - About half of my time,Less than 10% of my time,Somewhat disagree,Neither agree nor disagree,Strongly disagree,Strongly agree,Somewhat agree,50% - About half of my time,50% - About half of my time,Somewhat unlikely,Somewhat unlikely,Somewhat unlikely,I’m 30% more productive when working remotely,4.0,6.0,1.5,3.5,3.0,6.0,2.0,4.0,Somewhat agree,Somewhat agree,Somewhat agree,Somewhat Negative,2021
1238,1961,Male,Information Media and Telecommunications,Professionals - ICT Professionals,Between 20 and 199,No,Couple with dependent children,Between 1 and 5 years,Regional,90%,90%,90%,Somewhat agree,Strongly agree,Strongly agree,Strongly agree,Strongly agree,90%,90%,Neither unlikely or likely,Neither unlikely or likely,Neither unlikely or likely,I’m 50% more productive when working remotely (or more),7.0,7.5,1.0,2.0,0.0,8.0,2.0,4.0,Somewhat agree,Somewhat agree,Neither agree nor disagree,Neither positive nor negative,2021
1239,1992,Male,Wholesale Trade,Technicians and trades workers - Construction Trades Workers,Between 1 and 4,Yes,Other one family household,Between 1 and 5 years,Regional,50% - I spent about half of my time remote working,40%,60%,Strongly disagree,Strongly disagree,Somewhat disagree,Somewhat disagree,Neither agree nor disagree,50% - About half of my time,40%,Very unlikely,Somewhat unlikely,Neither unlikely or likely,I’m 40% more productive when working remotely,12.0,6.0,2.0,2.0,5.0,5.0,6.0,2.0,Neither agree nor disagree,Strongly disagree,Somewhat disagree,Neither positive nor negative,2021
1240,1957,Female,Education and Training,Clerical and administrative workers - Clerical and Office Support Workers,Between 20 and 199,No,Couple with no dependent children,More than 5 years,Regional,Rarely or never,I would not have preferred to work remotely,Rarely or never,Somewhat agree,Somewhat agree,Somewhat agree,Somewhat disagree,Neither agree nor disagree,I would not have preferred to work remotely,I would prefer not to work remotely,Very unlikely,Somewhat likely,Neither unlikely or likely,I’m 30% more productive when working remotely,1.5,7.5,4.0,3.0,0.5,7.5,4.0,4.0,Strongly disagree,Somewhat agree,Strongly agree,Neither positive nor negative,2021
1241,1966,Male,Retail Trade,Sales workers - Sales Assistants and Salespersons,Between 5 and 19,No,Single person,More than 5 years,Regional,20%,I would not have preferred to work remotely,Rarely or never,Neither agree nor disagree,Somewhat agree,Somewhat disagree,Somewhat agree,Somewhat agree,I would not have preferred to work remotely,I would prefer not to work remotely,Very unlikely,Somewhat unlikely,Somewhat unlikely,My productivity is about same when I work remotely,0.5,8.0,2.0,5.5,0.0,8.0,2.0,6.0,Somewhat disagree,Somewhat disagree,Somewhat agree,Neither positive nor negative,2021
1242,1961,Male,Other Services,Labourers - Other Labourers,Between 1 and 4,No,Couple with no dependent children,More than 5 years,Regional,90%,50% - About half of my time,90%,Strongly agree,Strongly agree,Strongly agree,Strongly agree,Strongly agree,90%,50% - About half of my time,Neither unlikely or likely,Neither unlikely or likely,Neither unlikely or likely,My productivity is about same when I work remotely,3.0,4.0,6.0,4.0,2.0,8.0,2.0,5.0,Somewhat agree,Somewhat agree,Somewhat agree,Somewhat Positive,2021
1243,1968,Male,Arts and Recreation,"Managers - Chief Executives, General Managers and Legislators",Between 20 and 199,Yes,Couple with no dependent children,More than 5 years,Regional,50% - I spent about half of my time remote working,50% - About half of my time,50% - I spent about half of my time remote working,Somewhat disagree,Somewhat disagree,Somewhat agree,Neither agree nor disagree,Somewhat agree,30%,20%,Somewhat unlikely,Somewhat unlikely,Neither unlikely or likely,I’m 30% more productive when working remotely,4.0,10.0,2.0,2.0,0.0,10.0,4.0,4.0,Strongly agree,Somewhat agree,Somewhat agree,Somewhat Negative,2021
1244,1960,Male,Health Care and Social Assistance,"Managers - Chief Executives, General Managers and Legislators",Between 20 and 199,Yes,Couple with no dependent children,More than 5 years,Regional,20%,I would not have preferred to work remotely,10%,Somewhat disagree,Neither agree nor disagree,Neither agree nor disagree,Somewhat agree,Somewhat agree,I would not have preferred to work remotely,I would prefer not to work remotely,Very unlikely,Somewhat likely,Very unlikely,My productivity is about same when I work remotely,0.5,8.5,3.0,6.0,0.0,8.5,3.0,6.5,Somewhat disagree,Somewhat disagree,Strongly agree,Somewhat Positive,2021
1245,1958,Female,Education and Training,Managers - Specialist Managers,More than 200,Yes,Single person,Between 1 and 5 years,Regional,90%,90%,90%,Strongly agree,Strongly agree,Somewhat agree,Strongly agree,Strongly agree,90%,90%,Somewhat likely,Somewhat likely,Somewhat likely,I’m 50% more productive when working remotely (or more),2.0,6.0,4.0,4.0,0.0,8.0,3.0,5.0,Strongly agree,Neither agree nor disagree,Neither agree nor disagree,Strongly Positive,2021
1246,1961,Female,Education and Training,Professionals - Education Professionals,More than 200,No,Single person,Between 1 and 5 years,Regional,100% - I spent all of my time remote working,20%,20%,Strongly agree,Strongly agree,Strongly agree,Strongly agree,Strongly agree,20%,20%,Somewhat likely,Somewhat likely,Somewhat likely,My productivity is about same when I work remotely,2.0,3.0,6.0,5.0,1.0,3.0,6.0,5.0,Strongly agree,Strongly agree,Strongly disagree,Strongly Positive,2021
1247,1961,Male,Manufacturing,"Professionals - Design, Engineering, Science and Transport Professionals",More than 200,No,Multiple family household,More than 5 years,Regional,Rarely or never,Less than 10% of my time,Less than 10% of my time,Somewhat agree,Neither agree nor disagree,Neither agree nor disagree,Neither agree nor disagree,Neither agree nor disagree,Less than 10% of my time,I would prefer not to work remotely,Neither unlikely or likely,Neither unlikely or likely,Neither unlikely or likely,I’m 20% less productive when working remotely,1.0,8.0,2.0,5.0,1.0,9.0,4.0,5.0,Neither agree nor disagree,Neither agree nor disagree,Somewhat disagree,Neither positive nor negative,2021
1248,1960,Male,Manufacturing,"Technicians and trades workers - Engineering, ICT and Science Technicians",More than 200,No,Couple with no dependent children,More than 5 years,Regional,Less than 10% of my time,80%,Rarely or never,Strongly disagree,Somewhat disagree,Somewhat disagree,Neither agree nor disagree,Somewhat agree,80%,80%,Somewhat unlikely,Somewhat unlikely,Somewhat unlikely,I’m 30% more productive when working remotely,1.5,7.5,2.0,6.0,0.0,8.0,2.0,7.0,Somewhat agree,Somewhat agree,Neither agree nor disagree,Strongly Negative,2021
1249,1964,Male,Financial and Insurance,Professionals - ICT Professionals,Between 20 and 199,No,Couple with no dependent children,More than 5 years,Regional,100% - I spent all of my time remote working,100% - All of my time,100% - I spent all of my time remote working,Strongly agree,Strongly agree,Strongly agree,Strongly agree,Strongly agree,100% - All of my time,90%,Somewhat likely,Very likely,Very likely,My productivity is about same when I work remotely,2.0,7.5,1.0,5.5,0.0,7.5,1.0,7.5,Neither agree nor disagree,Somewhat agree,Neither agree nor disagree,Strongly Positive,2021
1250,1969,Male,Information Media and Telecommunications,Clerical and administrative workers - Inquiry Clerks and Receptionists,More than 200,Yes,Couple with no dependent children,More than 5 years,Regional,30%,50% - About half of my time,40%,Somewhat agree,Somewhat disagree,Somewhat agree,Neither agree nor disagree,Neither agree nor disagree,50% - About half of my time,10%,Neither unlikely or likely,Somewhat likely,Somewhat unlikely,I’m 10% less productive when working remotely,1.0,8.0,1.0,7.0,0.0,8.0,1.0,8.0,Neither agree nor disagree,Neither agree nor disagree,Neither agree nor disagree,Somewhat Positive,2021
1251,1968,Male,Other Services,Clerical and administrative workers - General Clerical Workers,Between 20 and 199,No,Couple with dependent children,More than 5 years,Regional,Rarely or never,100% - All of my time,Rarely or never,Strongly disagree,Strongly disagree,Strongly disagree,Strongly disagree,Strongly agree,100% - All of my time,100% - All of my time,Very unlikely,Very unlikely,Very unlikely,I’m 50% more productive when working remotely (or more),2.0,8.0,2.0,4.0,0.0,8.0,2.0,6.0,Strongly agree,Neither agree nor disagree,Somewhat disagree,Strongly Negative,2021
1252,1982,Male,"Transport, Postal and Warehousing","Managers - Hospitality, Retail and Service Managers",More than 200,No,Single person,Between 1 and 5 years,Regional,20%,50% - About half of my time,20%,Neither agree nor disagree,Somewhat agree,Neither agree nor disagree,Neither agree nor disagree,Somewhat agree,40%,40%,Somewhat unlikely,Neither unlikely or likely,Neither unlikely or likely,I’m 30% more productive when working remotely,0.7,8.0,2.0,5.3,0.0,8.5,3.0,4.5,Neither agree nor disagree,Somewhat agree,Somewhat agree,Neither positive nor negative,2021
1253,1961,Female,Education and Training,Professionals - Education Professionals,More than 200,No,Single person,Between 6 and 12 months,Regional,70%,I would not have preferred to work remotely,Rarely or never,Neither agree nor disagree,Somewhat disagree,Neither agree nor disagree,Somewhat disagree,Somewhat disagree,I would not have preferred to work remotely,I would prefer not to work remotely,Somewhat unlikely,Somewhat unlikely,Somewhat unlikely,I’m 30% less productive when working remotely,1.5,5.0,2.0,7.5,1.0,5.0,2.0,8.0,Somewhat disagree,Somewhat disagree,Strongly agree,Strongly Positive,2021
1254,1987,Female,Education and Training,"Professionals - Business, Human Resource and Marketing Professionals",More than 200,No,Single person,More than 5 years,Regional,30%,Less than 10% of my time,10%,Strongly disagree,Strongly disagree,Strongly disagree,Strongly disagree,Strongly disagree,Less than 10% of my time,I would prefer not to work remotely,Very unlikely,Very unlikely,Very unlikely,I’m 20% less productive when working remotely,1.5,8.0,3.5,5.0,0.5,10.0,2.5,3.0,Strongly disagree,Strongly disagree,Strongly agree,Strongly Negative,2021
1255,1962,Male,Manufacturing,"Professionals - Business, Human Resource and Marketing Professionals",Between 20 and 199,No,Couple with dependent children,Between 1 and 5 years,Regional,10%,20%,10%,Neither agree nor disagree,Somewhat agree,Somewhat disagree,Somewhat agree,Somewhat agree,20%,20%,Somewhat unlikely,Neither unlikely or likely,Somewhat likely,I’m 20% more productive when working remotely,2.0,8.0,4.0,2.0,0.5,8.0,5.5,2.0,Neither agree nor disagree,Neither agree nor disagree,Somewhat agree,Neither positive nor negative,2021
1256,1971,Female,Public Administration and Safety,Clerical and administrative workers - Other Clerical and Administrative Workers,More than 200,No,Couple with dependent children,More than 5 years,Regional,100% - I spent all of my time remote working,100% - All of my time,50% - I spent about half of my time remote working,Strongly agree,Strongly agree,Strongly agree,Strongly agree,Strongly agree,100% - All of my time,100% - All of my time,Neither unlikely or likely,Somewhat likely,Somewhat likely,My productivity is about same when I work remotely,0.5,7.0,1.0,7.5,0.0,7.0,1.0,8.0,Strongly agree,Strongly agree,Strongly disagree,Somewhat Positive,2021
1257,1984,Male,Other Services,Professionals - Education Professionals,More than 200,Yes,Couple with dependent children,More than 5 years,Regional,Rarely or never,Less than 10% of my time,Less than 10% of my time,Somewhat agree,Somewhat disagree,Neither agree nor disagree,Somewhat agree,Neither agree nor disagree,Less than 10% of my time,Less than 10% of my time,Neither unlikely or likely,Somewhat unlikely,Somewhat unlikely,I’m 30% less productive when working remotely,2.0,8.0,4.0,4.0,0.5,7.0,4.5,5.0,Somewhat agree,Strongly disagree,Neither agree nor disagree,Somewhat Positive,2021
1258,1959,Female,Education and Training,Professionals - ICT Professionals,More than 200,No,Couple with no dependent children,Between 1 and 5 years,Regional,50% - I spent about half of my time remote working,100% - All of my time,40%,Strongly disagree,Somewhat agree,Strongly disagree,Somewhat disagree,Strongly agree,100% - All of my time,100% - All of my time,Very unlikely,Very unlikely,Very unlikely,My productivity is about same when I work remotely,2.0,7.5,4.5,3.0,0.5,7.5,4.5,4.0,Somewhat agree,Strongly agree,Neither agree nor disagree,Strongly Negative,2021
1259,1975,Female,Other Services,Sales workers - Sales Representatives and Agents,Between 20 and 199,No,One parent family with dependent children,Between 1 and 5 years,Regional,100% - I spent all of my time remote working,100% - All of my time,100% - I spent all of my time remote working,Strongly agree,Strongly agree,Strongly agree,Strongly agree,Somewhat agree,90%,90%,Very likely,Very likely,Very likely,I’m 50% more productive when working remotely (or more),2.5,8.0,4.5,1.0,0.5,8.0,4.5,3.0,Neither agree nor disagree,Somewhat agree,Somewhat agree,Strongly Positive,2021
1260,1958,Male,Health Care and Social Assistance,"Professionals - Legal, Social and Welfare Professionals",More than 200,No,Couple with dependent children,Between 1 and 5 years,Regional,100% - I spent all of my time remote working,100% - All of my time,100% - I spent all of my time remote working,Somewhat agree,Somewhat agree,Strongly agree,Strongly agree,Neither agree nor disagree,60%,60%,Somewhat likely,Somewhat likely,Somewhat likely,My productivity is about same when I work remotely,5.0,7.0,,5.0,5.0,7.0,,5.0,Somewhat agree,Somewhat agree,Somewhat agree,Somewhat Positive,2021
1261,1961,Male,Education and Training,Professionals - Education Professionals,More than 200,Yes,Couple with dependent children,More than 5 years,Regional,80%,50% - About half of my time,10%,Strongly agree,Strongly agree,Strongly agree,Strongly agree,Somewhat disagree,10%,20%,Very unlikely,Somewhat likely,Very unlikely,I’m 20% more productive when working remotely,1.5,7.5,2.0,6.0,0.0,8.5,2.0,6.5,Neither agree nor disagree,Somewhat disagree,Strongly agree,Somewhat Positive,2021
1262,1965,Male,"Transport, Postal and Warehousing","Managers - Chief Executives, General Managers and Legislators",More than 200,No,Couple with no dependent children,Between 1 and 5 years,Regional,100% - I spent all of my time remote working,60%,100% - I spent all of my time remote working,Strongly agree,Neither agree nor disagree,Strongly agree,Somewhat agree,Somewhat disagree,60%,40%,Somewhat likely,Somewhat likely,Neither unlikely or likely,My productivity is about same when I work remotely,0.5,10.0,1.0,5.0,0.5,8.0,2.0,5.5,Neither agree nor disagree,Neither agree nor disagree,Strongly agree,Strongly Positive,2021
1263,1958,Female,Other Services,Managers - Specialist Managers,Between 20 and 199,Yes,Other one family household,Between 1 and 5 years,Regional,100% - I spent all of my time remote working,100% - All of my time,100% - I spent all of my time remote working,Strongly agree,Strongly agree,Strongly agree,Strongly agree,Strongly agree,100% - All of my time,100% - All of my time,Very likely,Very likely,Very likely,I’m 50% more productive when working remotely (or more),2.0,12.0,0.0,3.0,1.0,12.0,1.0,3.0,Strongly disagree,Strongly disagree,Strongly disagree,Strongly Positive,2021
1264,1971,Male,Financial and Insurance,"Professionals - Business, Human Resource and Marketing Professionals",Between 5 and 19,No,Single person,More than 5 years,Regional,20%,30%,30%,Strongly agree,Strongly agree,Somewhat agree,Strongly agree,Somewhat disagree,50% - About half of my time,50% - About half of my time,Very unlikely,Very unlikely,Very unlikely,My productivity is about same when I work remotely,1.0,10.0,1.0,5.0,1.0,10.0,1.0,5.0,Neither agree nor disagree,Neither agree nor disagree,Neither agree nor disagree,Strongly Positive,2021
1265,1963,Male,"Transport, Postal and Warehousing","Professionals - Design, Engineering, Science and Transport Professionals",More than 200,Yes,Couple with dependent children,Between 1 and 5 years,Regional,90%,100% - All of my time,80%,Somewhat agree,Somewhat disagree,Somewhat agree,Neither agree nor disagree,Somewhat agree,80%,60%,Neither unlikely or likely,Neither unlikely or likely,Somewhat unlikely,I’m 20% less productive when working remotely,4.0,7.5,4.0,2.0,0.0,9.0,2.5,5.0,Strongly agree,Somewhat agree,Neither agree nor disagree,Somewhat Positive,2021
1266,1988,Male,Financial and Insurance,Managers - Farmers and Farm Managers,Between 20 and 199,Yes,One parent family with dependent children,Between 6 and 12 months,Regional,40%,50% - About half of my time,90%,Strongly agree,Strongly agree,Strongly agree,Somewhat agree,Somewhat disagree,100% - All of my time,40%,Very likely,Very likely,Somewhat likely,I’m 40% more productive when working remotely,4.0,3.0,8.0,8.0,4.0,10.0,3.0,2.0,Strongly agree,Strongly agree,Neither agree nor disagree,Somewhat Positive,2021
1267,1963,Male,Other Services,Professionals - Health Professionals,I am a sole trader/owner-operator,No,Single person,More than 5 years,Regional,Less than 10% of my time,Less than 10% of my time,Less than 10% of my time,Strongly agree,Somewhat agree,Somewhat agree,Strongly agree,Strongly agree,50% - About half of my time,80%,Very likely,Very likely,Very likely,My productivity is about same when I work remotely,0.5,4.0,2.0,7.5,0.5,4.0,2.0,7.5,Somewhat disagree,Neither agree nor disagree,Neither agree nor disagree,Strongly Positive,2021
1268,1977,Male,Information Media and Telecommunications,"Managers - Chief Executives, General Managers and Legislators",Between 20 and 199,Yes,Couple with no dependent children,More than 5 years,Regional,20%,90%,Rarely or never,Neither agree nor disagree,Neither agree nor disagree,Neither agree nor disagree,Neither agree nor disagree,Neither agree nor disagree,100% - All of my time,100% - All of my time,Neither unlikely or likely,Neither unlikely or likely,Neither unlikely or likely,I’m 20% more productive when working remotely,1.0,8.0,2.0,6.0,0.0,7.0,2.0,7.0,Neither agree nor disagree,Neither agree nor disagree,Neither agree nor disagree,Neither positive nor negative,2021
1269,1964,Female,Administrative and Support,"Professionals - Business, Human Resource and Marketing Professionals",More than 200,No,Couple with no dependent children,Between 1 and 5 years,Regional,100% - I spent all of my time remote working,100% - All of my time,100% - I spent all of my time remote working,Strongly agree,Strongly agree,Somewhat agree,Strongly agree,Somewhat agree,100% - All of my time,100% - All of my time,Neither unlikely or likely,Neither unlikely or likely,Neither unlikely or likely,I’m 30% more productive when working remotely,1.5,9.5,2.0,3.0,0.5,9.5,2.0,4.0,Strongly agree,Strongly agree,Neither agree nor disagree,Strongly Positive,2021
1270,1972,Male,Other Services,Professionals - Arts and Media Professionals,More than 200,No,Couple with dependent children,More than 5 years,Regional,50% - I spent about half of my time remote working,50% - About half of my time,60%,Somewhat agree,Somewhat agree,Neither agree nor disagree,Somewhat agree,Somewhat agree,80%,60%,Neither unlikely or likely,Neither unlikely or likely,Somewhat likely,I’m 30% more productive when working remotely,2.0,10.0,2.0,2.0,0.0,10.0,2.0,4.0,Strongly agree,Strongly agree,Neither agree nor disagree,Somewhat Positive,2021
1271,1983,Female,"Professional, Scientific and Technical",Professionals - Arts and Media Professionals,I am a sole trader/owner-operator,No,Couple with dependent children,More than 5 years,Regional,100% - I spent all of my time remote working,100% - All of my time,100% - I spent all of my time remote working,Strongly agree,Strongly agree,Strongly agree,Strongly agree,Somewhat agree,100% - All of my time,100% - All of my time,Very likely,Very likely,Very likely,My productivity is about same when I work remotely,0.0,3.0,10.0,3.0,0.0,3.0,10.0,3.0,Somewhat agree,Somewhat agree,Neither agree nor disagree,Strongly Positive,2021
1272,1971,Male,"Electricity, Gas, Water and Waste","Managers - Chief Executives, General Managers and Legislators",Between 5 and 19,Yes,Couple with dependent children,Between 1 and 5 years,Regional,100% - I spent all of my time remote working,80%,50% - I spent about half of my time remote working,Strongly agree,Strongly agree,Strongly agree,Strongly agree,Strongly agree,80%,80%,Very likely,Very likely,Very likely,I’m 20% more productive when working remotely,1.0,7.5,2.5,5.0,0.5,7.5,3.0,6.0,Neither agree nor disagree,Neither agree nor disagree,Neither agree nor disagree,Strongly Positive,2021
1273,1987,Female,Public Administration and Safety,"Professionals - Design, Engineering, Science and Transport Professionals",Between 20 and 199,No,Couple with dependent children,More than 5 years,Regional,50% - I spent about half of my time remote working,70%,10%,Neither agree nor disagree,Somewhat agree,Somewhat agree,Neither agree nor disagree,Somewhat agree,60%,60%,Somewhat unlikely,Neither unlikely or likely,Somewhat likely,I’m 50% more productive when working remotely (or more),4.0,6.0,1.0,5.0,4.0,6.0,1.0,5.0,Somewhat agree,Somewhat agree,Somewhat agree,Neither positive nor negative,2021
1274,1971,Male,Education and Training,Managers - Specialist Managers,More than 200,Yes,Couple with dependent children,More than 5 years,Regional,Rarely or never,I would not have preferred to work remotely,20%,Somewhat agree,Somewhat agree,Somewhat agree,Neither agree nor disagree,Somewhat agree,I would not have preferred to work remotely,I would prefer not to work remotely,Somewhat unlikely,Somewhat unlikely,Somewhat unlikely,I’m 20% less productive when working remotely,1.0,7.0,2.0,8.0,0.5,7.0,2.0,6.0,Strongly disagree,Strongly disagree,Strongly agree,Neither positive nor negative,2021
1275,1958,Male,Health Care and Social Assistance,"Managers - Chief Executives, General Managers and Legislators",More than 200,Yes,Single person,Between 1 and 5 years,Regional,Less than 10% of my time,I would not have preferred to work remotely,Less than 10% of my time,Strongly agree,Strongly agree,Strongly agree,Strongly agree,Strongly agree,I would not have preferred to work remotely,I would prefer not to work remotely,Somewhat unlikely,Somewhat unlikely,Somewhat unlikely,My productivity is about same when I work remotely,1.0,8.0,3.0,5.0,0.0,8.0,3.0,6.0,Neither agree nor disagree,Neither agree nor disagree,Strongly agree,Strongly Positive,2021
1276,1957,Male,"Transport, Postal and Warehousing",Machinery operators and drivers - Road and Rail Drivers,More than 200,No,Single person,More than 5 years,Regional,20%,80%,20%,Somewhat disagree,Neither agree nor disagree,Somewhat disagree,Somewhat agree,Somewhat disagree,80%,80%,Very unlikely,Somewhat unlikely,Somewhat unlikely,I’m 40% less productive when working remotely,3.0,8.0,2.0,3.0,1.0,8.0,2.0,5.0,Somewhat agree,Neither agree nor disagree,Neither agree nor disagree,Somewhat Positive,2021
1277,1959,Male,Wholesale Trade,Sales workers - Sales Assistants and Salespersons,Between 20 and 199,Yes,Multiple family household,More than 5 years,Regional,70%,60%,60%,Strongly disagree,Strongly agree,Strongly disagree,Strongly agree,Strongly agree,80%,80%,Somewhat unlikely,Very likely,Very likely,I’m 50% more productive when working remotely (or more),2.0,6.0,4.0,4.0,0.0,8.0,4.0,4.0,Strongly agree,Neither agree nor disagree,Strongly agree,Strongly Positive,2021
1278,1969,Male,Education and Training,Professionals - Education Professionals,More than 200,No,Couple with no dependent children,More than 5 years,Regional,100% - I spent all of my time remote working,100% - All of my time,100% - I spent all of my time remote working,Somewhat agree,Strongly disagree,Strongly agree,Somewhat agree,Somewhat agree,100% - All of my time,100% - All of my time,Somewhat unlikely,Very unlikely,Very unlikely,I’m 20% more productive when working remotely,4.0,7.0,2.0,4.0,0.0,10.0,2.0,2.0,Strongly agree,Strongly agree,Strongly disagree,Somewhat Negative,2021
1279,1998,Male,Financial and Insurance,"Professionals - Business, Human Resource and Marketing Professionals",Between 20 and 199,No,Couple with no dependent children,Between 1 and 5 years,Regional,20%,60%,20%,Somewhat disagree,Strongly disagree,Somewhat disagree,Somewhat disagree,Strongly agree,60%,60%,Very unlikely,Somewhat likely,Somewhat unlikely,I’m 20% more productive when working remotely,3.0,11.0,2.0,2.0,0.0,10.0,3.0,3.0,Strongly agree,Strongly agree,Somewhat disagree,Strongly Negative,2021
1280,1964,Female,Health Care and Social Assistance,"Managers - Hospitality, Retail and Service Managers",Between 20 and 199,No,Couple with no dependent children,More than 5 years,Regional,70%,50% - About half of my time,50% - I spent about half of my time remote working,Somewhat agree,Strongly disagree,Neither agree nor disagree,Somewhat agree,Somewhat agree,50% - About half of my time,50% - About half of my time,Somewhat unlikely,Somewhat unlikely,Neither unlikely or likely,I’m 40% more productive when working remotely,1.0,8.0,6.0,2.0,0.0,8.0,6.0,3.0,Strongly agree,Neither agree nor disagree,Somewhat agree,Neither positive nor negative,2021
1281,1964,Male,Public Administration and Safety,"Managers - Chief Executives, General Managers and Legislators",More than 200,Yes,Couple with dependent children,Between 1 and 5 years,Regional,20%,20%,20%,Neither agree nor disagree,Somewhat disagree,Somewhat disagree,Neither agree nor disagree,Somewhat disagree,20%,20%,Neither unlikely or likely,Neither unlikely or likely,Neither unlikely or likely,My productivity is about same when I work remotely,1.0,9.0,1.0,5.0,1.0,10.0,3.0,5.0,Neither agree nor disagree,Neither agree nor disagree,Somewhat agree,Strongly Positive,2021
1282,1995,Male,"Professional, Scientific and Technical",Professionals - Health Professionals,More than 200,No,Couple with no dependent children,Between 1 and 5 years,Regional,80%,80%,80%,Somewhat agree,Somewhat disagree,Somewhat agree,Strongly agree,Somewhat disagree,80%,60%,Somewhat unlikely,Somewhat unlikely,Somewhat unlikely,My productivity is about same when I work remotely,2.0,8.0,2.0,2.0,2.0,8.0,2.0,2.0,Somewhat agree,Neither agree nor disagree,Somewhat agree,Strongly Positive,2021
1283,1961,Female,Information Media and Telecommunications,Professionals - ICT Professionals,More than 200,No,Single person,More than 5 years,Regional,90%,90%,100% - I spent all of my time remote working,Somewhat agree,Somewhat agree,Somewhat agree,Neither agree nor disagree,Somewhat agree,100% - All of my time,70%,Somewhat unlikely,Somewhat unlikely,Somewhat unlikely,I’m 50% more productive when working remotely (or more),1.5,8.0,3.0,4.0,0.5,7.5,4.0,4.0,Somewhat agree,Somewhat agree,Neither agree nor disagree,Somewhat Positive,2021
1284,1978,Male,Information Media and Telecommunications,Community and personal service workers - Protective Service Workers,More than 200,Yes,Couple with dependent children,Between 1 and 5 years,Regional,20%,20%,20%,Strongly agree,Somewhat agree,Strongly agree,Strongly agree,Somewhat agree,20%,20%,Somewhat likely,Very likely,Very likely,I’m 50% more productive when working remotely (or more),1.0,6.0,5.0,5.0,1.0,6.0,5.0,5.0,Strongly agree,Strongly agree,Strongly agree,Strongly Positive,2021
1285,1978,Male,Information Media and Telecommunications,Community and personal service workers - Protective Service Workers,More than 200,Yes,Couple with dependent children,Between 1 and 5 years,Regional,20%,50% - About half of my time,50% - I spent about half of my time remote working,Somewhat agree,Somewhat agree,Strongly agree,Somewhat agree,Strongly agree,50% - About half of my time,50% - About half of my time,Very likely,Very likely,Very likely,I’m 50% more productive when working remotely (or more),1.0,6.0,5.0,5.0,1.0,6.0,5.0,5.0,Somewhat agree,Strongly agree,Strongly agree,Strongly Positive,2021
1286,1957,Male,Arts and Recreation,Clerical and administrative workers - Clerical and Office Support Workers,Between 5 and 19,No,Couple with no dependent children,More than 5 years,Regional,100% - I spent all of my time remote working,100% - All of my time,100% - I spent all of my time remote working,Strongly agree,Strongly agree,Strongly agree,Strongly agree,Strongly agree,100% - All of my time,100% - All of my time,Very likely,Very unlikely,Very likely,I’m 50% more productive when working remotely (or more),1.0,7.0,4.0,4.0,0.5,7.5,4.0,4.0,Strongly agree,Strongly agree,Strongly disagree,Strongly Positive,2021
1287,1959,Male,Other Services,"Professionals - Design, Engineering, Science and Transport Professionals",Between 1 and 4,Yes,Couple with no dependent children,Between 1 and 5 years,Regional,90%,90%,80%,Strongly agree,Somewhat agree,Somewhat agree,Strongly agree,Strongly agree,80%,70%,Neither unlikely or likely,Somewhat likely,Somewhat likely,My productivity is about same when I work remotely,2.0,8.0,1.0,5.0,0.0,9.0,1.0,6.0,Somewhat agree,Somewhat agree,Neither agree nor disagree,Strongly Positive,2021
1288,1983,Female,"Professional, Scientific and Technical","Professionals - Business, Human Resource and Marketing Professionals",More than 200,No,Couple with dependent children,More than 5 years,Regional,80%,70%,50% - I spent about half of my time remote working,Somewhat agree,Somewhat agree,Somewhat agree,Strongly agree,Somewhat agree,60%,50% - About half of my time,Neither unlikely or likely,Somewhat likely,Neither unlikely or likely,I’m 10% more productive when working remotely,3.0,8.0,3.0,3.0,1.0,8.0,3.0,5.0,Neither agree nor disagree,Somewhat agree,Somewhat agree,Neither positive nor negative,2021
1289,1984,Male,Financial and Insurance,Managers - Specialist Managers,More than 200,Yes,Couple with dependent children,Between 1 and 5 years,Regional,70%,60%,70%,Strongly agree,Strongly agree,Neither agree nor disagree,Strongly agree,Strongly agree,50% - About half of my time,50% - About half of my time,Very likely,Very likely,Very likely,My productivity is about same when I work remotely,2.0,6.0,4.0,4.0,4.0,3.0,4.0,5.0,Strongly agree,Strongly agree,Somewhat agree,Strongly Positive,2021
1290,1976,Female,Education and Training,Professionals - Education Professionals,Between 20 and 199,No,One parent family with dependent children,More than 5 years,Regional,Rarely or never,100% - All of my time,Rarely or never,Strongly disagree,Somewhat agree,Strongly disagree,Strongly disagree,Strongly agree,100% - All of my time,100% - All of my time,Very unlikely,Very unlikely,Very unlikely,I’m 50% more productive when working remotely (or more),1.0,8.0,1.0,6.0,0.5,8.0,1.0,6.5,Strongly agree,Strongly agree,Strongly disagree,Strongly Negative,2021
1291,1990,Female,Construction,Clerical and administrative workers - Office Managers and Program Administrators,Between 20 and 199,Yes,Single person,Between 6 and 12 months,Regional,Less than 10% of my time,Less than 10% of my time,Rarely or never,Strongly disagree,Strongly agree,Strongly agree,Strongly disagree,Strongly agree,I would not have preferred to work remotely,I would prefer not to work remotely,Very unlikely,Very unlikely,Very unlikely,I’m 10% more productive when working remotely,1.0,12.0,2.0,2.0,1.0,12.0,2.0,2.0,Strongly agree,Strongly agree,Somewhat agree,Strongly Negative,2021
1292,1981,Male,"Professional, Scientific and Technical","Professionals - Design, Engineering, Science and Transport Professionals",More than 200,No,Single person,Between 1 and 5 years,Regional,90%,100% - All of my time,90%,Strongly agree,Strongly agree,Strongly agree,Strongly agree,Strongly agree,100% - All of my time,70%,Somewhat likely,Somewhat likely,Very likely,I’m 50% more productive when working remotely (or more),2.5,8.0,2.0,3.5,0.0,8.0,2.0,6.0,Strongly agree,Strongly agree,Somewhat disagree,Strongly Positive,2021
1293,1962,Male,"Agriculture, Forestry and Fishing",Technicians and trades workers - Other Technicians and Trades Workers,I am a sole trader/owner-operator,No,Single person,More than 5 years,Regional,70%,70%,Less than 10% of my time,Neither agree nor disagree,Somewhat agree,Somewhat agree,Somewhat agree,Neither agree nor disagree,I would not have preferred to work remotely,I would prefer not to work remotely,Neither unlikely or likely,Somewhat likely,Neither unlikely or likely,My productivity is about same when I work remotely,2.5,7.0,1.0,6.5,2.5,7.0,1.0,6.5,Neither agree nor disagree,Neither agree nor disagree,Neither agree nor disagree,Strongly Positive,2021
1294,1986,Male,Financial and Insurance,Clerical and administrative workers - Numerical Clerks,I am a sole trader/owner-operator,No,Single person,More than 5 years,Regional,100% - I spent all of my time remote working,100% - All of my time,100% - I spent all of my time remote working,Neither agree nor disagree,Somewhat agree,Somewhat agree,Somewhat agree,Somewhat agree,100% - All of my time,100% - All of my time,Neither unlikely or likely,Neither unlikely or likely,Neither unlikely or likely,My productivity is about same when I work remotely,0.0,10.0,0.0,7.0,0.0,10.0,0.0,7.0,Strongly agree,Strongly agree,Strongly agree,Strongly Positive,2021
1295,1987,Male,Administrative and Support,Community and personal service workers - Carers and Aides,More than 200,No,Single person,More than 5 years,Regional,100% - I spent all of my time remote working,100% - All of my time,100% - I spent all of my time remote working,Somewhat agree,Somewhat agree,Neither agree nor disagree,Strongly disagree,Somewhat agree,100% - All of my time,100% - All of my time,Neither unlikely or likely,Neither unlikely or likely,Neither unlikely or likely,I’m 50% more productive when working remotely (or more),4.0,8.0,0.0,5.0,1.0,8.0,3.0,4.0,Somewhat agree,Somewhat agree,Somewhat agree,Somewhat Negative,2021
1296,1983,Female,"Professional, Scientific and Technical","Professionals - Business, Human Resource and Marketing Professionals",More than 200,No,Couple with dependent children,More than 5 years,Regional,90%,90%,70%,Somewhat agree,Somewhat agree,Strongly agree,Strongly agree,Somewhat agree,50% - About half of my time,50% - About half of my time,Neither unlikely or likely,Neither unlikely or likely,Somewhat unlikely,I’m 10% less productive when working remotely,3.0,8.0,2.0,4.0,1.0,8.0,3.0,5.0,Neither agree nor disagree,Somewhat disagree,Somewhat agree,Neither positive nor negative,2021
1297,1971,Female,Public Administration and Safety,Managers - Specialist Managers,More than 200,Yes,Single person,More than 5 years,Regional,Less than 10% of my time,Less than 10% of my time,Less than 10% of my time,Strongly disagree,Neither agree nor disagree,Strongly disagree,Strongly disagree,Neither agree nor disagree,Less than 10% of my time,Less than 10% of my time,Very unlikely,Very unlikely,Very unlikely,I’m 20% less productive when working remotely,1.0,10.0,1.0,5.0,0.5,8.5,1.0,6.5,Somewhat disagree,Neither agree nor disagree,Somewhat agree,Neither positive nor negative,2021
1298,1965,Female,Education and Training,Clerical and administrative workers - General Clerical Workers,Between 20 and 199,No,Couple with no dependent children,More than 5 years,Regional,20%,I would not have preferred to work remotely,40%,Somewhat agree,Somewhat agree,Strongly agree,Somewhat agree,Somewhat agree,I would not have preferred to work remotely,I would prefer not to work remotely,Very unlikely,Very unlikely,Very unlikely,I’m 40% less productive when working remotely,1.0,6.0,3.0,6.0,2.0,4.0,4.0,6.0,Strongly disagree,Strongly disagree,Strongly agree,Neither positive nor negative,2021
1299,1972,Female,Public Administration and Safety,"Managers - Chief Executives, General Managers and Legislators",More than 200,Yes,Single person,Between 6 and 12 months,Regional,50% - I spent about half of my time remote working,50% - About half of my time,30%,Strongly agree,Somewhat agree,Somewhat agree,Somewhat agree,Strongly agree,20%,20%,Neither unlikely or likely,Neither unlikely or likely,Neither unlikely or likely,I’m 30% more productive when working remotely,3.0,10.0,1.0,2.0,0.5,10.0,1.5,4.0,Somewhat agree,Somewhat agree,Neither agree nor disagree,Somewhat Positive,2021
1300,1965,Female,Education and Training,Professionals - Education Professionals,More than 200,No,Couple with no dependent children,More than 5 years,Regional,Rarely or never,100% - All of my time,Rarely or never,Somewhat disagree,Strongly disagree,Somewhat disagree,Somewhat disagree,Strongly agree,100% - All of my time,50% - About half of my time,Very unlikely,Very unlikely,Very unlikely,I’m 50% more productive when working remotely (or more),2.5,9.5,2.5,2.0,2.0,10.5,2.5,1.5,Strongly agree,Strongly disagree,Somewhat disagree,Somewhat Negative,2021
1301,1971,Female,"Professional, Scientific and Technical","Professionals - Legal, Social and Welfare Professionals",Between 20 and 199,No,Couple with dependent children,Between 1 and 5 years,Regional,90%,70%,90%,Strongly agree,Somewhat agree,Strongly agree,Strongly agree,Strongly disagree,70%,70%,Somewhat unlikely,Somewhat unlikely,Neither unlikely or likely,I’m 20% more productive when working remotely,2.0,8.0,4.0,3.0,1.0,8.0,5.0,3.0,Neither agree nor disagree,Somewhat agree,Somewhat agree,Neither positive nor negative,2021
1302,1980,Male,Information Media and Telecommunications,"Managers - Chief Executives, General Managers and Legislators",More than 200,Yes,One parent family with dependent children,Between 6 and 12 months,Regional,100% - I spent all of my time remote working,100% - All of my time,100% - I spent all of my time remote working,Strongly agree,Strongly agree,Strongly agree,Strongly agree,Strongly agree,100% - All of my time,100% - All of my time,Very likely,Very likely,Very likely,I’m 50% more productive when working remotely (or more),5.0,4.0,5.0,5.0,2.0,5.0,10.0,5.0,Strongly agree,Strongly agree,Strongly agree,Strongly Positive,2021
1303,1999,Male,Financial and Insurance,Managers - Specialist Managers,Between 5 and 19,Yes,Multiple family household,Between 6 and 12 months,Regional,60%,50% - About half of my time,50% - I spent about half of my time remote working,Somewhat agree,Strongly agree,Somewhat agree,Strongly agree,Strongly agree,80%,60%,Somewhat likely,Somewhat likely,Somewhat likely,I’m 20% more productive when working remotely,3.0,5.0,6.0,5.0,3.0,3.0,3.0,5.0,Strongly agree,Somewhat agree,Neither agree nor disagree,Strongly Positive,2021
1304,1957,Female,Accommodation and Food,"Managers - Chief Executives, General Managers and Legislators",Between 5 and 19,Yes,Couple with no dependent children,Between 1 and 5 years,Regional,50% - I spent about half of my time remote working,50% - About half of my time,40%,Somewhat agree,Somewhat agree,Somewhat disagree,Strongly agree,Somewhat agree,40%,30%,Somewhat likely,Somewhat likely,Very likely,I’m 30% more productive when working remotely,1.5,7.0,1.5,6.0,0.0,6.0,4.0,6.0,Strongly agree,Strongly agree,Somewhat disagree,Strongly Positive,2021
1305,1969,Male,Health Care and Social Assistance,Professionals - Health Professionals,More than 200,No,One parent family with dependent children,More than 5 years,Regional,Less than 10% of my time,I would not have preferred to work remotely,Less than 10% of my time,Strongly disagree,Strongly disagree,Somewhat agree,Neither agree nor disagree,Neither agree nor disagree,I would not have preferred to work remotely,I would prefer not to work remotely,Neither unlikely or likely,Very unlikely,Somewhat likely,I’m 10% less productive when working remotely,2.0,12.0,2.0,1.0,4.0,12.0,,1.0,Somewhat agree,Somewhat disagree,Neither agree nor disagree,Strongly Negative,2021
1306,1969,Female,Wholesale Trade,Sales workers - Sales Support Workers,Between 5 and 19,No,One parent family with dependent children,More than 5 years,Regional,100% - I spent all of my time remote working,80%,100% - I spent all of my time remote working,Strongly agree,Strongly agree,Strongly agree,Strongly agree,Strongly agree,80%,80%,Very likely,Very likely,Very unlikely,My productivity is about same when I work remotely,1.0,8.0,3.0,5.0,0.5,8.0,3.0,5.5,Somewhat agree,Strongly agree,Somewhat agree,Strongly Positive,2021
1307,1970,Female,"Rental, Hiring and Real Estate",Clerical and administrative workers - Other Clerical and Administrative Workers,Between 5 and 19,No,Couple with no dependent children,More than 5 years,Regional,20%,100% - All of my time,20%,Somewhat disagree,Strongly agree,Neither agree nor disagree,Strongly agree,Somewhat disagree,100% - All of my time,100% - All of my time,Neither unlikely or likely,Neither unlikely or likely,Neither unlikely or likely,My productivity is about same when I work remotely,0.5,6.0,3.5,6.0,0.0,6.0,4.0,6.0,Neither agree nor disagree,Neither agree nor disagree,Neither agree nor disagree,Strongly Positive,2021
1308,1973,Female,Administrative and Support,Community and personal service workers - Health and Welfare Support Workers,More than 200,Yes,Couple with no dependent children,More than 5 years,Regional,100% - I spent all of my time remote working,60%,60%,Somewhat disagree,Strongly agree,Somewhat disagree,Strongly agree,Strongly agree,60%,60%,Neither unlikely or likely,Neither unlikely or likely,Very likely,I’m 10% more productive when working remotely,0.25,8.0,2.0,5.75,0.0,8.75,2.0,5.25,Neither agree nor disagree,Strongly disagree,Neither agree nor disagree,Strongly Positive,2021
1309,1975,Male,Health Care and Social Assistance,Professionals - Health Professionals,Between 20 and 199,Yes,Couple with dependent children,More than 5 years,Regional,Less than 10% of my time,70%,Less than 10% of my time,Somewhat disagree,Somewhat disagree,Strongly disagree,Somewhat disagree,Somewhat agree,70%,70%,Somewhat unlikely,Somewhat unlikely,Somewhat unlikely,I’m 20% more productive when working remotely,2.0,7.0,3.0,4.0,0.0,7.0,4.0,5.0,Somewhat agree,Somewhat agree,Somewhat disagree,Neither positive nor negative,2021
1310,1979,Female,Accommodation and Food,Labourers - Cleaners and Laundry Workers,Between 1 and 4,Yes,Couple with no dependent children,Between 1 and 5 years,Regional,50% - I spent about half of my time remote working,70%,80%,Somewhat agree,Neither agree nor disagree,Somewhat agree,Somewhat agree,Somewhat agree,50% - About half of my time,60%,Somewhat likely,Somewhat likely,Somewhat likely,I’m 50% more productive when working remotely (or more),5.0,5.0,5.0,5.0,4.0,5.0,5.0,5.0,Somewhat agree,Somewhat agree,Somewhat agree,Somewhat Positive,2021
1311,1963,Female,Information Media and Telecommunications,Professionals - ICT Professionals,More than 200,No,Couple with no dependent children,More than 5 years,Regional,100% - I spent all of my time remote working,100% - All of my time,100% - I spent all of my time remote working,Strongly agree,Strongly agree,Strongly agree,Strongly agree,Strongly agree,100% - All of my time,100% - All of my time,Very unlikely,Neither unlikely or likely,Very unlikely,I’m 50% more productive when working remotely (or more),0.0,8.0,5.0,3.0,0.5,7.5,5.0,3.0,Somewhat agree,Neither agree nor disagree,Strongly agree,Strongly Positive,2021
1312,1972,Female,"Electricity, Gas, Water and Waste","Professionals - Design, Engineering, Science and Transport Professionals",More than 200,No,Couple with dependent children,Between 6 and 12 months,Regional,100% - I spent all of my time remote working,100% - All of my time,100% - I spent all of my time remote working,Strongly agree,Strongly agree,Strongly agree,Strongly agree,Strongly agree,100% - All of my time,100% - All of my time,Neither unlikely or likely,Neither unlikely or likely,Neither unlikely or likely,I’m 30% more productive when working remotely,10.0,8.0,0.0,0.0,0.5,8.0,2.5,5.0,Strongly agree,Strongly agree,Neither agree nor disagree,Strongly Positive,2021
1313,1962,Female,Other Services,Professionals - ICT Professionals,More than 200,No,Single person,Between 6 and 12 months,Regional,90%,80%,90%,Strongly agree,Strongly agree,Strongly agree,Strongly agree,Strongly agree,90%,90%,Very likely,Very likely,Somewhat likely,I’m 20% less productive when working remotely,0.5,8.0,1.0,7.0,0.0,8.0,1.0,8.0,Neither agree nor disagree,Somewhat disagree,Somewhat agree,Strongly Positive,2021
1314,2000,Female,Administrative and Support,Professionals - Education Professionals,More than 200,No,Group household,Between 1 and 5 years,Regional,Rarely or never,50% - About half of my time,Rarely or never,Somewhat agree,Strongly agree,Strongly agree,Strongly agree,Strongly agree,20%,40%,Very unlikely,Neither unlikely or likely,Very unlikely,My productivity is about same when I work remotely,1.0,7.0,1.0,7.0,0.0,7.0,1.0,8.0,Strongly agree,Strongly agree,Neither agree nor disagree,Neither positive nor negative,2021
1315,1962,Female,"Professional, Scientific and Technical",Technicians and trades workers - Other Technicians and Trades Workers,Between 1 and 4,No,Couple with no dependent children,More than 5 years,Regional,10%,10%,10%,Neither agree nor disagree,Somewhat agree,Somewhat agree,Somewhat agree,Somewhat agree,10%,10%,Neither unlikely or likely,Somewhat likely,Somewhat likely,My productivity is about same when I work remotely,1.0,8.0,3.0,3.0,1.0,8.0,3.0,4.0,Neither agree nor disagree,Neither agree nor disagree,Neither agree nor disagree,Strongly Positive,2021
1316,1968,Male,Retail Trade,Machinery operators and drivers - Road and Rail Drivers,More than 200,No,Single person,Between 1 and 5 years,Regional,80%,80%,70%,Somewhat agree,Neither agree nor disagree,Neither agree nor disagree,Neither agree nor disagree,Neither agree nor disagree,60%,50% - About half of my time,Neither unlikely or likely,Somewhat unlikely,Somewhat unlikely,My productivity is about same when I work remotely,1.0,8.0,3.0,3.0,0.5,8.0,3.0,4.5,Somewhat agree,Neither agree nor disagree,Somewhat agree,Somewhat Positive,2021
1317,1972,Male,Financial and Insurance,Clerical and administrative workers - Office Managers and Program Administrators,More than 200,Yes,Couple with dependent children,More than 5 years,Regional,100% - I spent all of my time remote working,100% - All of my time,100% - I spent all of my time remote working,Strongly agree,Strongly agree,Strongly agree,Somewhat agree,Strongly agree,100% - All of my time,100% - All of my time,Somewhat likely,Somewhat likely,Somewhat likely,I’m 20% more productive when working remotely,6.0,9.0,1.5,1.5,0.5,9.0,3.5,3.0,Strongly agree,Strongly agree,Strongly disagree,Somewhat Positive,2021
1318,1966,Male,"Electricity, Gas, Water and Waste",Managers - Specialist Managers,More than 200,Yes,Couple with dependent children,More than 5 years,Regional,90%,60%,60%,Strongly agree,Strongly agree,Somewhat agree,Somewhat agree,Strongly agree,60%,60%,Very likely,Very likely,Very likely,My productivity is about same when I work remotely,3.0,11.0,2.0,3.0,1.0,12.0,3.0,2.0,Neither agree nor disagree,Neither agree nor disagree,Neither agree nor disagree,Strongly Positive,2021
1319,1962,Male,"Transport, Postal and Warehousing",Managers - Specialist Managers,More than 200,Yes,Couple with no dependent children,More than 5 years,Regional,90%,80%,90%,Somewhat agree,Strongly agree,Strongly agree,Strongly agree,Strongly agree,80%,60%,Somewhat likely,Somewhat likely,Very likely,I’m 20% more productive when working remotely,3.5,9.5,2.0,2.0,0.5,10.5,2.0,3.0,Strongly agree,Neither agree nor disagree,Somewhat agree,Somewhat Positive,2021
1320,1973,Male,Financial and Insurance,Managers - Specialist Managers,Between 5 and 19,No,Couple with no dependent children,Between 1 and 5 years,Regional,100% - I spent all of my time remote working,100% - All of my time,30%,Somewhat disagree,Somewhat agree,Strongly agree,Somewhat disagree,Somewhat agree,100% - All of my time,80%,Somewhat unlikely,Somewhat unlikely,Somewhat unlikely,I’m 30% more productive when working remotely,1.0,7.0,1.0,7.0,0.0,9.0,1.0,6.0,Strongly agree,Strongly agree,Somewhat disagree,Somewhat Negative,2021
1321,1961,Male,Other Services,"Professionals - Business, Human Resource and Marketing Professionals",Between 5 and 19,No,Couple with no dependent children,Between 1 and 5 years,Regional,100% - I spent all of my time remote working,100% - All of my time,100% - I spent all of my time remote working,Strongly agree,Strongly agree,Neither agree nor disagree,Strongly agree,Strongly agree,100% - All of my time,80%,Very likely,Very likely,Very likely,My productivity is about same when I work remotely,2.0,2.0,2.0,8.0,0.0,2.0,2.0,10.0,Neither agree nor disagree,Neither agree nor disagree,Neither agree nor disagree,Somewhat Positive,2021
1322,1960,Male,Information Media and Telecommunications,Professionals - ICT Professionals,More than 200,No,Couple with no dependent children,More than 5 years,Regional,100% - I spent all of my time remote working,90%,100% - I spent all of my time remote working,Neither agree nor disagree,Somewhat agree,Somewhat agree,Strongly agree,Strongly agree,100% - All of my time,90%,Neither unlikely or likely,Neither unlikely or likely,Neither unlikely or likely,I’m 20% more productive when working remotely,5.0,7.5,1.5,3.0,0.0,8.0,2.0,6.0,Strongly agree,Strongly agree,Somewhat agree,Strongly Positive,2021
1323,1964,Male,Public Administration and Safety,"Professionals - Legal, Social and Welfare Professionals",More than 200,Yes,Couple with no dependent children,More than 5 years,Regional,Rarely or never,50% - About half of my time,Rarely or never,Somewhat disagree,Somewhat disagree,Somewhat disagree,Neither agree nor disagree,Somewhat agree,50% - About half of my time,50% - About half of my time,Somewhat likely,Neither unlikely or likely,Neither unlikely or likely,My productivity is about same when I work remotely,1.0,9.5,2.0,2.0,0.0,9.5,2.0,3.0,Neither agree nor disagree,Neither agree nor disagree,Neither agree nor disagree,Neither positive nor negative,2021
1324,1969,Male,Other Services,Labourers - Factory Process Workers,Between 5 and 19,No,Couple with dependent children,Between 1 and 5 years,Regional,60%,60%,60%,Strongly agree,Somewhat agree,Strongly agree,Strongly agree,Strongly disagree,60%,100% - All of my time,Neither unlikely or likely,Very unlikely,Very unlikely,I’m 50% less productive when working remotely (or worse),2.0,8.0,4.0,3.0,2.0,8.0,3.0,3.0,Neither agree nor disagree,Somewhat agree,Somewhat agree,Somewhat Positive,2021
1325,1986,Male,Financial and Insurance,"Professionals - Business, Human Resource and Marketing Professionals",More than 200,No,Couple with dependent children,More than 5 years,Regional,100% - I spent all of my time remote working,50% - About half of my time,80%,Neither agree nor disagree,Strongly agree,Somewhat agree,Strongly agree,Somewhat agree,50% - About half of my time,Less than 10% of my time,Somewhat unlikely,Somewhat unlikely,Somewhat likely,I’m 20% more productive when working remotely,4.0,8.0,3.0,3.0,0.0,13.0,2.0,3.0,Somewhat agree,Somewhat agree,Neither agree nor disagree,Somewhat Positive,2021
1326,1970,Male,Financial and Insurance,Managers - Specialist Managers,More than 200,No,Couple with no dependent children,More than 5 years,Regional,100% - I spent all of my time remote working,100% - All of my time,100% - I spent all of my time remote working,Strongly agree,Strongly agree,Strongly agree,Strongly agree,Strongly agree,100% - All of my time,80%,Very likely,Very likely,Very likely,I’m 20% more productive when working remotely,6.0,8.0,2.0,2.0,0.0,9.0,4.0,5.0,Strongly agree,Strongly agree,Somewhat agree,Strongly Positive,2021
1327,1966,Female,Administrative and Support,Clerical and administrative workers - Clerical and Office Support Workers,More than 200,No,Single person,More than 5 years,Regional,80%,80%,30%,Somewhat disagree,Strongly agree,Somewhat disagree,Strongly agree,Strongly agree,30%,40%,Neither unlikely or likely,Neither unlikely or likely,Neither unlikely or likely,I’m 10% more productive when working remotely,1.0,8.0,5.0,3.0,0.5,8.0,3.0,5.5,Neither agree nor disagree,Somewhat agree,Somewhat agree,Strongly Positive,2021
1328,1976,Female,Arts and Recreation,Clerical and administrative workers - Office Managers and Program Administrators,More than 200,Yes,Couple with dependent children,Between 1 and 5 years,Regional,Rarely or never,50% - About half of my time,Rarely or never,Neither agree nor disagree,Somewhat agree,Somewhat agree,Somewhat disagree,Somewhat agree,50% - About half of my time,70%,Somewhat unlikely,Somewhat likely,Somewhat likely,I’m 40% more productive when working remotely,1.5,9.0,2.0,4.0,0.5,8.0,2.0,6.0,Somewhat agree,Somewhat agree,Neither agree nor disagree,Strongly Positive,2021
1329,1980,Male,Other Services,"Managers - Chief Executives, General Managers and Legislators",More than 200,Yes,Couple with dependent children,More than 5 years,Regional,100% - I spent all of my time remote working,100% - All of my time,100% - I spent all of my time remote working,Strongly agree,Strongly agree,Strongly agree,Strongly agree,Strongly agree,100% - All of my time,80%,Very likely,Very likely,Very likely,I’m 40% more productive when working remotely,6.0,8.0,2.0,3.0,4.0,8.0,4.0,2.0,Strongly agree,Strongly agree,Strongly agree,Strongly Positive,2021
1330,1984,Female,Other Services,"Managers - Chief Executives, General Managers and Legislators",Between 20 and 199,Yes,Single person,More than 5 years,Regional,100% - I spent all of my time remote working,100% - All of my time,80%,Somewhat agree,Somewhat agree,Strongly agree,Strongly agree,Strongly agree,90%,90%,Somewhat likely,Somewhat likely,Somewhat likely,I’m 20% more productive when working remotely,2.0,9.0,1.0,4.0,0.0,8.0,1.0,7.0,Strongly agree,Strongly agree,Somewhat disagree,Somewhat Positive,2021
1331,1990,Male,Education and Training,Professionals - Education Professionals,Between 20 and 199,No,Couple with dependent children,More than 5 years,Regional,50% - I spent about half of my time remote working,50% - About half of my time,50% - I spent about half of my time remote working,Neither agree nor disagree,Neither agree nor disagree,Neither agree nor disagree,Neither agree nor disagree,Neither agree nor disagree,50% - About half of my time,50% - About half of my time,Neither unlikely or likely,Neither unlikely or likely,Neither unlikely or likely,I’m 50% more productive when working remotely (or more),1.0,20.0,1.0,1.0,1.0,20.0,1.0,1.0,Neither agree nor disagree,Neither agree nor disagree,Neither agree nor disagree,Neither positive nor negative,2021
1332,1972,Male,Public Administration and Safety,Managers - Specialist Managers,More than 200,Yes,Couple with dependent children,More than 5 years,Regional,50% - I spent about half of my time remote working,I would not have preferred to work remotely,50% - I spent about half of my time remote working,Somewhat agree,Somewhat disagree,Somewhat agree,Somewhat agree,Somewhat disagree,I would not have preferred to work remotely,I would prefer not to work remotely,Somewhat likely,Somewhat likely,Neither unlikely or likely,I’m 30% less productive when working remotely,1.0,9.0,1.0,4.0,1.0,8.0,4.0,2.0,Neither agree nor disagree,Somewhat disagree,Somewhat agree,Somewhat Positive,2021
1333,1961,Female,"Transport, Postal and Warehousing",Clerical and administrative workers - Personal Assistants and Secretaries,More than 200,No,Couple with no dependent children,More than 5 years,Regional,100% - I spent all of my time remote working,70%,80%,Somewhat agree,Strongly agree,Somewhat agree,Somewhat agree,Somewhat agree,60%,30%,Somewhat likely,Neither unlikely or likely,Somewhat likely,I’m 10% more productive when working remotely,1.5,8.0,2.5,4.0,1.0,8.0,2.0,4.0,Somewhat agree,Somewhat disagree,Somewhat agree,Somewhat Positive,2021
1334,1976,Male,"Professional, Scientific and Technical","Professionals - Design, Engineering, Science and Transport Professionals",More than 200,Yes,Single person,More than 5 years,Regional,80%,100% - All of my time,50% - I spent about half of my time remote working,Somewhat disagree,Somewhat disagree,Somewhat agree,Somewhat disagree,Somewhat agree,100% - All of my time,80%,Very unlikely,Very unlikely,Very unlikely,I’m 20% more productive when working remotely,2.0,9.0,4.0,2.0,0.0,9.0,4.0,4.0,Somewhat agree,Neither agree nor disagree,Strongly disagree,Somewhat Negative,2021
1335,1957,Male,"Agriculture, Forestry and Fishing",Managers - Farmers and Farm Managers,Between 5 and 19,No,Single person,More than 5 years,Regional,40%,50% - About half of my time,40%,Somewhat agree,Somewhat agree,Somewhat agree,Strongly agree,Strongly agree,50% - About half of my time,50% - About half of my time,Neither unlikely or likely,Neither unlikely or likely,Somewhat likely,My productivity is about same when I work remotely,1.0,9.0,2.0,4.0,0.0,10.0,2.0,5.0,Neither agree nor disagree,Somewhat agree,Strongly agree,Somewhat Positive,2021
1336,1968,Female,Health Care and Social Assistance,Community and personal service workers - Carers and Aides,Between 5 and 19,Yes,One parent family with dependent children,Between 1 and 5 years,Regional,30%,50% - About half of my time,20%,Somewhat agree,Strongly agree,Strongly agree,Somewhat agree,Strongly agree,50% - About half of my time,20%,Very likely,Very likely,Very likely,I’m 50% more productive when working remotely (or more),3.0,8.0,3.0,2.0,3.0,8.0,2.0,3.0,Strongly agree,Strongly agree,Somewhat agree,Strongly Positive,2021
1337,1975,Female,Retail Trade,Clerical and administrative workers - Clerical and Office Support Workers,Between 5 and 19,Yes,Single person,More than 5 years,Regional,50% - I spent about half of my time remote working,50% - About half of my time,50% - I spent about half of my time remote working,Somewhat agree,Somewhat agree,Neither agree nor disagree,Neither agree nor disagree,Neither agree nor disagree,50% - About half of my time,50% - About half of my time,Very likely,Very likely,Neither unlikely or likely,My productivity is about same when I work remotely,0.5,10.0,2.5,3.0,1.0,10.0,2.0,3.0,Somewhat agree,Strongly agree,Somewhat agree,Strongly Positive,2021
1338,1989,Female,Arts and Recreation,"Managers - Hospitality, Retail and Service Managers",Between 20 and 199,No,Group household,More than 5 years,Metro,90%,90%,80%,Somewhat disagree,Somewhat agree,Somewhat agree,Somewhat agree,Somewhat agree,80%,60%,Somewhat likely,Somewhat likely,Somewhat likely,I’m 30% more productive when working remotely,2.0,7.0,1.0,6.0,1.0,8.0,1.0,5.0,Somewhat agree,Somewhat agree,Neither agree nor disagree,Somewhat Positive,2021
1339,1987,Female,Arts and Recreation,Professionals - Arts and Media Professionals,More than 200,No,Couple with no dependent children,More than 5 years,Metro,40%,80%,50% - I spent about half of my time remote working,Somewhat agree,Somewhat disagree,Somewhat agree,Neither agree nor disagree,Neither agree nor disagree,50% - About half of my time,20%,Somewhat unlikely,Somewhat likely,Somewhat likely,I’m 20% more productive when working remotely,2.0,8.0,2.0,4.0,0.5,9.0,2.0,4.5,Somewhat agree,Somewhat agree,Somewhat agree,Somewhat Positive,2021
1340,1981,Female,"Electricity, Gas, Water and Waste",Technicians and trades workers - Automotive and Engineering Trades Workers,Between 20 and 199,No,Couple with no dependent children,More than 5 years,Regional,50% - I spent about half of my time remote working,70%,60%,Somewhat agree,Somewhat agree,Strongly agree,Somewhat agree,Strongly agree,70%,60%,Somewhat likely,Very likely,Very likely,I’m 30% more productive when working remotely,3.0,8.0,1.0,2.0,2.5,7.5,4.0,2.0,Somewhat agree,Somewhat agree,Strongly agree,Strongly Positive,2021
1341,1979,Male,Information Media and Telecommunications,Professionals - ICT Professionals,More than 200,No,Couple with dependent children,More than 5 years,Metro,100% - I spent all of my time remote working,100% - All of my time,100% - I spent all of my time remote working,Somewhat agree,Somewhat agree,Somewhat agree,Somewhat agree,Somewhat agree,100% - All of my time,50% - About half of my time,Somewhat likely,Somewhat likely,Somewhat likely,I’m 20% more productive when working remotely,2.0,7.0,1.0,4.0,0.0,9.0,1.0,4.0,Somewhat agree,Somewhat agree,Somewhat agree,Somewhat Positive,2021
1342,1977,Male,Administrative and Support,"Professionals - Business, Human Resource and Marketing Professionals",More than 200,Yes,Couple with dependent children,Between 1 and 5 years,Metro,100% - I spent all of my time remote working,100% - All of my time,90%,Strongly agree,Strongly agree,Somewhat agree,Strongly agree,Strongly agree,100% - All of my time,90%,Very likely,Very likely,Very likely,I’m 40% more productive when working remotely,2.5,9.0,4.5,1.0,0.0,9.5,4.5,1.0,Strongly agree,Strongly agree,Neither agree nor disagree,Strongly Positive,2021
1343,1979,Male,Other Services,Managers - Specialist Managers,More than 200,No,Couple with dependent children,More than 5 years,Metro,Less than 10% of my time,20%,10%,Somewhat agree,Somewhat agree,Somewhat agree,Somewhat agree,Somewhat agree,20%,20%,Neither unlikely or likely,Neither unlikely or likely,Neither unlikely or likely,I’m 30% more productive when working remotely,1.0,8.0,2.0,4.0,0.5,7.5,3.0,4.0,Neither agree nor disagree,Somewhat agree,Somewhat agree,Somewhat Positive,2021
1344,1977,Male,Information Media and Telecommunications,"Managers - Chief Executives, General Managers and Legislators",Between 20 and 199,Yes,One parent family with dependent children,More than 5 years,Metro,90%,90%,90%,Neither agree nor disagree,Neither agree nor disagree,Neither agree nor disagree,Neither agree nor disagree,Neither agree nor disagree,90%,90%,Neither unlikely or likely,Neither unlikely or likely,Neither unlikely or likely,I’m 50% more productive when working remotely (or more),3.0,7.0,5.0,3.0,1.0,7.0,3.0,4.0,Neither agree nor disagree,Neither agree nor disagree,Neither agree nor disagree,Neither positive nor negative,2021
1345,1980,Male,Information Media and Telecommunications,"Managers - Chief Executives, General Managers and Legislators",Between 5 and 19,Yes,Couple with dependent children,More than 5 years,Metro,90%,90%,90%,Somewhat agree,Somewhat agree,Somewhat agree,Strongly agree,Somewhat agree,90%,60%,Somewhat likely,Very likely,Neither unlikely or likely,I’m 30% more productive when working remotely,1.0,9.0,2.0,5.0,0.0,10.0,3.0,4.0,Neither agree nor disagree,Somewhat disagree,Somewhat agree,Strongly Positive,2021
1346,2000,Female,Retail Trade,Community and personal service workers - Health and Welfare Support Workers,Between 20 and 199,No,Couple with dependent children,Between 6 and 12 months,Metro,20%,Less than 10% of my time,30%,Neither agree nor disagree,Strongly agree,Neither agree nor disagree,Strongly agree,Strongly agree,Less than 10% of my time,Less than 10% of my time,Neither unlikely or likely,Neither unlikely or likely,Neither unlikely or likely,My productivity is about same when I work remotely,0.0,12.0,2.0,2.0,0.0,8.0,2.0,6.0,Neither agree nor disagree,Neither agree nor disagree,Neither agree nor disagree,Strongly Positive,2021
1347,1977,Female,Health Care and Social Assistance,Professionals - Health Professionals,More than 200,Yes,Couple with dependent children,More than 5 years,Metro,Less than 10% of my time,Less than 10% of my time,10%,Somewhat agree,Neither agree nor disagree,Strongly agree,Strongly agree,Strongly agree,20%,Less than 10% of my time,Very likely,Somewhat likely,Neither unlikely or likely,I’m 30% more productive when working remotely,1.0,8.0,4.0,3.0,1.0,8.0,4.0,3.0,Neither agree nor disagree,Strongly agree,Somewhat agree,Somewhat Positive,2021
1348,1981,Male,Construction,"Managers - Chief Executives, General Managers and Legislators",More than 200,Yes,Couple with dependent children,Between 1 and 5 years,Regional,50% - I spent about half of my time remote working,50% - About half of my time,50% - I spent about half of my time remote working,Neither agree nor disagree,Somewhat disagree,Somewhat disagree,Somewhat agree,Somewhat disagree,50% - About half of my time,50% - About half of my time,Somewhat unlikely,Neither unlikely or likely,Neither unlikely or likely,I’m 20% more productive when working remotely,4.0,8.0,2.0,3.0,1.0,9.0,2.0,4.0,Somewhat agree,Somewhat agree,Somewhat agree,Strongly Positive,2021
1349,1983,Female,Education and Training,"Managers - Chief Executives, General Managers and Legislators",Between 20 and 199,Yes,Couple with dependent children,Between 1 and 5 years,Metro,20%,20%,20%,Neither agree nor disagree,Somewhat agree,Somewhat agree,Somewhat agree,Somewhat agree,20%,20%,Very likely,Somewhat likely,Somewhat likely,I’m 50% more productive when working remotely (or more),4.0,8.0,2.0,2.0,4.0,8.0,2.0,2.0,Somewhat agree,Somewhat agree,Strongly agree,Somewhat Positive,2021
1350,1981,Male,Financial and Insurance,Managers - Farmers and Farm Managers,Between 5 and 19,Yes,One parent family with dependent children,More than 5 years,Metro,Less than 10% of my time,50% - About half of my time,60%,Neither agree nor disagree,Somewhat agree,Somewhat agree,Neither agree nor disagree,Neither agree nor disagree,60%,Less than 10% of my time,Neither unlikely or likely,Neither unlikely or likely,Somewhat likely,I’m 10% more productive when working remotely,6.0,6.0,2.0,5.0,5.0,8.0,9.0,1.0,Somewhat agree,Neither agree nor disagree,Strongly agree,Neither positive nor negative,2021
1351,1995,Female,Retail Trade,Clerical and administrative workers - Clerical and Office Support Workers,More than 200,No,Group household,Between 6 and 12 months,Metro,100% - I spent all of my time remote working,100% - All of my time,100% - I spent all of my time remote working,Somewhat agree,Somewhat agree,Somewhat agree,Somewhat disagree,Somewhat disagree,80%,50% - About half of my time,Somewhat unlikely,Neither unlikely or likely,Somewhat likely,My productivity is about same when I work remotely,1.5,7.5,2.0,5.0,0.75,7.5,3.0,4.7,Neither agree nor disagree,Neither agree nor disagree,Neither agree nor disagree,Somewhat Positive,2021
1352,1982,Male,Financial and Insurance,"Professionals - Business, Human Resource and Marketing Professionals",More than 200,No,Single person,More than 5 years,Metro,100% - I spent all of my time remote working,90%,100% - I spent all of my time remote working,Neither agree nor disagree,Strongly agree,Strongly agree,Strongly agree,Somewhat agree,90%,80%,Neither unlikely or likely,Somewhat likely,Neither unlikely or likely,My productivity is about same when I work remotely,2.0,10.0,3.0,2.0,0.0,10.0,3.0,3.0,Neither agree nor disagree,Strongly agree,Neither agree nor disagree,Strongly Positive,2021
1353,1978,Female,"Transport, Postal and Warehousing","Professionals - Business, Human Resource and Marketing Professionals",More than 200,Yes,Couple with no dependent children,More than 5 years,Metro,90%,100% - All of my time,70%,Somewhat agree,Strongly agree,Somewhat agree,Somewhat agree,Strongly agree,100% - All of my time,100% - All of my time,Very unlikely,Somewhat unlikely,Very unlikely,I’m 50% more productive when working remotely (or more),3.0,9.0,2.0,2.0,0.0,9.0,2.0,5.0,Strongly agree,Neither agree nor disagree,Strongly disagree,Strongly Negative,2021
1354,1986,Male,"Professional, Scientific and Technical",Professionals - ICT Professionals,More than 200,Yes,Couple with no dependent children,Between 1 and 5 years,Metro,50% - I spent about half of my time remote working,40%,80%,Strongly agree,Somewhat agree,Strongly agree,Strongly agree,Strongly agree,90%,50% - About half of my time,Very likely,Very likely,Somewhat likely,I’m 20% more productive when working remotely,0.5,9.0,4.0,2.5,0.5,10.0,2.5,3.0,Neither agree nor disagree,Somewhat agree,Somewhat agree,Strongly Positive,2021
1355,1979,Male,Information Media and Telecommunications,Community and personal service workers - Carers and Aides,More than 200,Yes,Couple with dependent children,More than 5 years,Metro,100% - I spent all of my time remote working,100% - All of my time,100% - I spent all of my time remote working,Strongly agree,Strongly agree,Somewhat agree,Somewhat agree,Strongly agree,100% - All of my time,50% - About half of my time,Somewhat likely,Very likely,Very likely,I’m 50% less productive when working remotely (or worse),5.0,4.0,5.0,5.0,5.0,5.0,4.0,5.0,Somewhat agree,Strongly agree,Strongly agree,Strongly Positive,2021
1356,1985,Male,Financial and Insurance,Professionals - ICT Professionals,More than 200,Yes,Couple with dependent children,Between 1 and 5 years,Metro,100% - I spent all of my time remote working,100% - All of my time,100% - I spent all of my time remote working,Somewhat agree,Somewhat disagree,Somewhat agree,Somewhat agree,Somewhat agree,100% - All of my time,80%,Somewhat likely,Neither unlikely or likely,Somewhat likely,I’m 10% more productive when working remotely,4.0,8.0,1.0,4.0,0.5,8.0,2.0,5.5,Somewhat agree,Somewhat agree,Neither agree nor disagree,Somewhat Positive,2021
1357,1979,Male,"Professional, Scientific and Technical",Professionals - ICT Professionals,More than 200,No,Couple with dependent children,More than 5 years,Metro,100% - I spent all of my time remote working,100% - All of my time,100% - I spent all of my time remote working,Strongly agree,Strongly agree,Strongly agree,Strongly agree,Strongly agree,100% - All of my time,100% - All of my time,Somewhat unlikely,Somewhat likely,Somewhat likely,My productivity is about same when I work remotely,1.25,7.5,3.0,5.0,0.0,7.5,4.0,5.5,Somewhat agree,Somewhat agree,Neither agree nor disagree,Strongly Positive,2021
1358,1977,Male,Information Media and Telecommunications,Professionals - ICT Professionals,Between 5 and 19,No,Couple with no dependent children,More than 5 years,Metro,Rarely or never,I would not have preferred to work remotely,Less than 10% of my time,Neither agree nor disagree,Neither agree nor disagree,Neither agree nor disagree,Neither agree nor disagree,Neither agree nor disagree,I would not have preferred to work remotely,I would prefer not to work remotely,Neither unlikely or likely,Neither unlikely or likely,Neither unlikely or likely,My productivity is about same when I work remotely,1.0,9.0,2.0,5.0,1.0,9.0,4.0,3.0,Neither agree nor disagree,Neither agree nor disagree,Neither agree nor disagree,Neither positive nor negative,2021
1359,1981,Male,Public Administration and Safety,Managers - Specialist Managers,More than 200,Yes,Single person,More than 5 years,Metro,Less than 10% of my time,20%,Less than 10% of my time,Strongly disagree,Neither agree nor disagree,Somewhat disagree,Somewhat disagree,Strongly agree,20%,10%,Very unlikely,Somewhat unlikely,Very unlikely,My productivity is about same when I work remotely,2.0,10.0,1.0,3.0,0.5,12.0,1.5,1.0,Somewhat disagree,Somewhat agree,Neither agree nor disagree,Somewhat Negative,2021
1360,1984,Female,Health Care and Social Assistance,"Managers - Chief Executives, General Managers and Legislators",Between 20 and 199,Yes,Couple with dependent children,Between 1 and 5 years,Metro,Less than 10% of my time,50% - About half of my time,10%,Neither agree nor disagree,Somewhat disagree,Strongly disagree,Strongly disagree,Somewhat agree,50% - About half of my time,50% - About half of my time,Somewhat unlikely,Somewhat unlikely,Somewhat unlikely,I’m 20% less productive when working remotely,2.0,7.0,2.0,4.0,1.0,6.0,4.0,4.0,Neither agree nor disagree,Somewhat disagree,Strongly agree,Somewhat Positive,2021
1361,1978,Female,Public Administration and Safety,"Professionals - Business, Human Resource and Marketing Professionals",More than 200,No,Couple with dependent children,More than 5 years,Metro,90%,100% - All of my time,90%,Somewhat agree,Somewhat disagree,Somewhat agree,Somewhat agree,Somewhat agree,100% - All of my time,90%,Neither unlikely or likely,Somewhat likely,Somewhat likely,I’m 30% more productive when working remotely,2.5,8.0,2.5,4.0,0.5,8.0,3.0,4.5,Strongly agree,Strongly agree,Neither agree nor disagree,Somewhat Positive,2021
1362,1981,Male,Manufacturing,"Managers - Chief Executives, General Managers and Legislators",More than 200,Yes,One parent family with dependent children,More than 5 years,Metro,50% - I spent about half of my time remote working,50% - About half of my time,60%,Strongly agree,Strongly agree,Somewhat agree,Somewhat agree,Strongly agree,60%,50% - About half of my time,Somewhat likely,Somewhat likely,Very likely,I’m 50% more productive when working remotely (or more),2.0,8.0,2.0,5.0,1.0,9.0,2.0,5.0,Somewhat agree,Strongly agree,Somewhat agree,Somewhat Positive,2021
1363,1977,Male,"Professional, Scientific and Technical","Professionals - Design, Engineering, Science and Transport Professionals",Between 20 and 199,No,Single person,Between 1 and 5 years,Metro,90%,80%,90%,Strongly agree,Neither agree nor disagree,Strongly agree,Strongly agree,Somewhat agree,80%,60%,Very likely,Very likely,Very likely,I’m 30% less productive when working remotely,2.0,9.0,2.0,3.0,1.0,9.0,3.0,3.0,Strongly agree,Strongly disagree,Strongly disagree,Strongly Positive,2021
1364,1977,Male,Arts and Recreation,"Managers - Chief Executives, General Managers and Legislators",Between 20 and 199,Yes,One parent family with dependent children,More than 5 years,Regional,20%,I would not have preferred to work remotely,Rarely or never,Strongly agree,Strongly agree,Strongly agree,Neither agree nor disagree,Somewhat disagree,I would not have preferred to work remotely,I would prefer not to work remotely,Very unlikely,Somewhat unlikely,Somewhat unlikely,I’m 10% more productive when working remotely,2.0,9.0,2.0,4.0,1.0,10.0,2.0,4.0,Neither agree nor disagree,Neither agree nor disagree,Strongly agree,Strongly Positive,2021
1365,1995,Female,Other Services,Sales workers - Sales Representatives and Agents,Between 20 and 199,No,One parent family with dependent children,Between 1 and 5 years,Metro,100% - I spent all of my time remote working,100% - All of my time,100% - I spent all of my time remote working,Neither agree nor disagree,Strongly agree,Strongly agree,Strongly agree,Strongly agree,100% - All of my time,100% - All of my time,Neither unlikely or likely,Neither unlikely or likely,Somewhat unlikely,I’m 30% more productive when working remotely,0.0,1.0,0.0,12.5,0.0,1.0,0.0,12.5,Neither agree nor disagree,Neither agree nor disagree,Neither agree nor disagree,Somewhat Positive,2021
1366,1968,Male,Wholesale Trade,Sales workers - Sales Support Workers,Between 20 and 199,No,Couple with no dependent children,Between 6 and 12 months,Metro,20%,40%,20%,Somewhat agree,Somewhat agree,Neither agree nor disagree,Somewhat agree,Somewhat disagree,40%,40%,Somewhat likely,Somewhat likely,Somewhat likely,I’m 30% more productive when working remotely,1.5,8.0,2.0,4.5,0.0,8.0,3.0,5.0,Somewhat agree,Somewhat agree,Neither agree nor disagree,Somewhat Positive,2021
1367,1982,Male,"Professional, Scientific and Technical","Professionals - Business, Human Resource and Marketing Professionals",More than 200,No,Couple with no dependent children,Between 6 and 12 months,Metro,20%,20%,20%,Somewhat agree,Somewhat agree,Somewhat agree,Somewhat agree,Somewhat agree,20%,20%,Neither unlikely or likely,Somewhat likely,Somewhat likely,My productivity is about same when I work remotely,2.0,10.0,2.0,2.0,2.0,12.0,1.0,1.0,Somewhat disagree,Strongly agree,Strongly agree,Somewhat Positive,2021
1368,1990,Female,Manufacturing,Professionals - Education Professionals,Between 20 and 199,No,Couple with dependent children,Between 6 and 12 months,Metro,60%,30%,40%,Somewhat agree,Strongly agree,Somewhat agree,Somewhat agree,Somewhat agree,30%,40%,Somewhat likely,Somewhat likely,Somewhat likely,I’m 20% more productive when working remotely,1.0,7.0,6.0,4.0,0.0,6.0,3.0,5.0,Neither agree nor disagree,Neither agree nor disagree,Neither agree nor disagree,Somewhat Positive,2021
1369,1996,Female,Construction,Sales workers - Sales Representatives and Agents,More than 200,No,Single person,Between 1 and 5 years,Metro,100% - I spent all of my time remote working,80%,100% - I spent all of my time remote working,Strongly agree,Strongly agree,Strongly agree,Strongly agree,Strongly agree,50% - About half of my time,50% - About half of my time,Very likely,Very likely,Very likely,I’m 50% more productive when working remotely (or more),1.0,8.0,3.0,3.0,0.0,9.0,1.0,5.0,Neither agree nor disagree,Somewhat disagree,Somewhat agree,Strongly Positive,2021
1370,1997,Female,Construction,"Managers - Chief Executives, General Managers and Legislators",Between 20 and 199,Yes,Couple with no dependent children,Between 6 and 12 months,Metro,30%,30%,30%,Somewhat agree,Somewhat agree,Somewhat agree,Somewhat agree,Strongly agree,30%,50% - About half of my time,Very likely,Somewhat likely,Very likely,I’m 50% more productive when working remotely (or more),1.0,7.0,1.0,5.0,1.0,8.0,2.0,3.0,Somewhat agree,Somewhat agree,Somewhat agree,Strongly Positive,2021
1371,1991,Male,Public Administration and Safety,Clerical and administrative workers - Other Clerical and Administrative Workers,More than 200,No,Couple with no dependent children,Between 1 and 5 years,Metro,80%,80%,80%,Strongly agree,Somewhat agree,Somewhat disagree,Somewhat disagree,Strongly agree,80%,60%,Somewhat likely,Somewhat likely,Somewhat likely,I’m 10% less productive when working remotely,2.0,7.5,1.5,5.5,0.5,8.5,1.5,5.5,Somewhat agree,Strongly disagree,Somewhat agree,Neither positive nor negative,2021
1372,1977,Male,Manufacturing,Managers - Specialist Managers,More than 200,No,Couple with dependent children,Between 1 and 5 years,Metro,60%,60%,60%,Strongly agree,Somewhat agree,Strongly agree,Strongly agree,Somewhat agree,60%,60%,Neither unlikely or likely,Somewhat likely,Neither unlikely or likely,I’m 30% more productive when working remotely,0.5,10.0,3.0,3.5,0.0,12.0,2.5,2.5,Neither agree nor disagree,Neither agree nor disagree,Neither agree nor disagree,Strongly Positive,2021
1373,1986,Male,"Professional, Scientific and Technical",Professionals - ICT Professionals,More than 200,Yes,Couple with dependent children,More than 5 years,Metro,60%,50% - About half of my time,60%,Somewhat agree,Somewhat agree,Somewhat agree,Strongly agree,Somewhat agree,60%,50% - About half of my time,Neither unlikely or likely,Somewhat likely,Neither unlikely or likely,I’m 30% more productive when working remotely,2.0,8.0,3.0,3.0,0.0,10.0,4.0,2.0,Neither agree nor disagree,Neither agree nor disagree,Somewhat agree,Neither positive nor negative,2021
1374,1990,Female,Information Media and Telecommunications,Clerical and administrative workers - Clerical and Office Support Workers,More than 200,No,Couple with dependent children,More than 5 years,Metro,40%,40%,40%,Strongly agree,Somewhat agree,Somewhat agree,Strongly agree,Somewhat agree,40%,40%,Somewhat likely,Somewhat likely,Neither unlikely or likely,I’m 20% less productive when working remotely,2.5,8.0,2.0,2.5,0.5,6.0,5.0,3.0,Somewhat agree,Neither agree nor disagree,Somewhat disagree,Somewhat Positive,2021
1375,1977,Female,Health Care and Social Assistance,Professionals - Health Professionals,More than 200,Yes,Couple with dependent children,More than 5 years,Metro,20%,10%,20%,Strongly agree,Neither agree nor disagree,Somewhat agree,Somewhat agree,Neither agree nor disagree,20%,10%,Somewhat likely,Somewhat likely,Very likely,I’m 20% more productive when working remotely,1.0,8.0,4.0,3.0,1.0,8.0,4.0,3.0,Strongly agree,Neither agree nor disagree,Somewhat agree,Somewhat Positive,2021
1376,1980,Male,Retail Trade,"Managers - Chief Executives, General Managers and Legislators",More than 200,Yes,Single person,More than 5 years,Metro,100% - I spent all of my time remote working,100% - All of my time,90%,Strongly agree,Somewhat agree,Strongly agree,Strongly agree,Somewhat agree,100% - All of my time,100% - All of my time,Neither unlikely or likely,Neither unlikely or likely,Neither unlikely or likely,I’m 20% more productive when working remotely,2.0,10.0,2.0,2.0,1.0,8.0,2.0,4.0,Somewhat agree,Somewhat agree,Neither agree nor disagree,Strongly Positive,2021
1377,1992,Male,Financial and Insurance,Professionals - Arts and Media Professionals,Between 20 and 199,No,Single person,Between 1 and 5 years,Metro,70%,70%,70%,Somewhat agree,Somewhat agree,Somewhat agree,Somewhat agree,Somewhat agree,70%,50% - About half of my time,Somewhat likely,Somewhat likely,Somewhat likely,My productivity is about same when I work remotely,1.0,7.0,4.0,3.0,1.0,8.0,3.0,3.0,Somewhat agree,Neither agree nor disagree,Neither agree nor disagree,Neither positive nor negative,2021
1378,1990,Male,Manufacturing,"Professionals - Business, Human Resource and Marketing Professionals",More than 200,No,Couple with no dependent children,Between 1 and 5 years,Metro,50% - I spent about half of my time remote working,50% - About half of my time,50% - I spent about half of my time remote working,Neither agree nor disagree,Neither agree nor disagree,Neither agree nor disagree,Neither agree nor disagree,Neither agree nor disagree,50% - About half of my time,50% - About half of my time,Neither unlikely or likely,Somewhat unlikely,Neither unlikely or likely,I’m 30% more productive when working remotely,0.0,10.0,10.0,4.0,,10.0,10.0,4.0,Neither agree nor disagree,Neither agree nor disagree,Neither agree nor disagree,Neither positive nor negative,2021
1379,1986,Male,Wholesale Trade,"Professionals - Business, Human Resource and Marketing Professionals",Between 5 and 19,No,Couple with dependent children,Between 1 and 5 years,Metro,60%,30%,60%,Somewhat disagree,Neither agree nor disagree,Somewhat disagree,Neither agree nor disagree,Somewhat disagree,40%,70%,Somewhat likely,Somewhat unlikely,Neither unlikely or likely,My productivity is about same when I work remotely,1.0,2.0,10.0,1.0,2.0,8.0,7.0,6.0,Somewhat agree,Somewhat disagree,Somewhat agree,Neither positive nor negative,2021
1380,1985,Female,Health Care and Social Assistance,Sales workers - Sales Assistants and Salespersons,Between 1 and 4,Yes,Single person,More than 5 years,Metro,50% - I spent about half of my time remote working,50% - About half of my time,50% - I spent about half of my time remote working,Somewhat agree,Somewhat agree,Somewhat agree,Somewhat agree,Somewhat agree,50% - About half of my time,30%,Somewhat likely,Very likely,Very likely,I’m 50% more productive when working remotely (or more),2.0,7.0,5.0,2.0,2.0,6.0,3.0,8.0,Strongly agree,Somewhat agree,Strongly agree,Somewhat Positive,2021
1381,1991,Female,Education and Training,Professionals - Education Professionals,Between 20 and 199,No,Couple with dependent children,Between 1 and 5 years,Metro,50% - I spent about half of my time remote working,50% - About half of my time,50% - I spent about half of my time remote working,Neither agree nor disagree,Neither agree nor disagree,Neither agree nor disagree,Neither agree nor disagree,Neither agree nor disagree,50% - About half of my time,50% - About half of my time,Neither unlikely or likely,Neither unlikely or likely,Neither unlikely or likely,I’m 50% less productive when working remotely (or worse),5.0,5.0,5.0,5.0,5.0,5.0,5.0,5.0,Neither agree nor disagree,Neither agree nor disagree,Neither agree nor disagree,Neither positive nor negative,2021
1382,1957,Female,Health Care and Social Assistance,Professionals - Health Professionals,More than 200,No,Single person,More than 5 years,Regional,Less than 10% of my time,50% - About half of my time,Rarely or never,Strongly agree,Somewhat agree,Somewhat agree,Neither agree nor disagree,Neither agree nor disagree,50% - About half of my time,50% - About half of my time,Somewhat likely,Somewhat likely,Somewhat unlikely,I’m 20% more productive when working remotely,3.0,8.0,5.0,1.0,5.0,9.0,2.0,1.0,Somewhat agree,Somewhat agree,Somewhat agree,Neither positive nor negative,2021
1383,1985,Male,Information Media and Telecommunications,Professionals - ICT Professionals,More than 200,No,Couple with no dependent children,Between 6 and 12 months,Metro,40%,60%,40%,Somewhat agree,Neither agree nor disagree,Somewhat agree,Somewhat agree,Somewhat agree,60%,60%,Neither unlikely or likely,Neither unlikely or likely,Neither unlikely or likely,I’m 10% less productive when working remotely,3.0,8.5,2.0,4.0,0.25,8.5,2.0,6.75,Neither agree nor disagree,Neither agree nor disagree,Somewhat agree,Strongly Positive,2021
1384,1999,Female,Administrative and Support,Technicians and trades workers - Automotive and Engineering Trades Workers,Between 20 and 199,No,Single person,Between 6 and 12 months,Metro,30%,40%,20%,Strongly agree,Strongly agree,Strongly agree,Neither agree nor disagree,Strongly agree,10%,50% - About half of my time,Somewhat likely,Somewhat likely,Somewhat likely,I’m 50% more productive when working remotely (or more),1.0,8.0,2.0,6.0,1.0,10.0,2.0,5.0,Somewhat agree,Neither agree nor disagree,Neither agree nor disagree,Somewhat Positive,2021
1385,1976,Male,Other Services,Managers - Specialist Managers,More than 200,Yes,Couple with dependent children,More than 5 years,Metro,30%,40%,30%,Somewhat agree,Somewhat agree,Strongly agree,Strongly agree,Somewhat agree,20%,20%,Very likely,Very likely,Somewhat likely,I’m 50% more productive when working remotely (or more),2.0,7.0,7.0,2.0,7.0,7.0,5.0,,Strongly agree,Strongly agree,Somewhat agree,Somewhat Positive,2021
1386,1982,Female,Other Services,"Managers - Chief Executives, General Managers and Legislators",Between 5 and 19,Yes,Couple with dependent children,More than 5 years,Metro,100% - I spent all of my time remote working,100% - All of my time,80%,Strongly agree,Strongly agree,Strongly disagree,Somewhat agree,Strongly agree,100% - All of my time,100% - All of my time,Somewhat likely,Somewhat likely,Somewhat likely,I’m 40% more productive when working remotely,3.0,8.5,2.0,2.5,0.5,10.0,2.0,3.5,Somewhat agree,Neither agree nor disagree,Strongly disagree,Strongly Positive,2021
1387,1980,Male,Information Media and Telecommunications,Professionals - Arts and Media Professionals,Between 20 and 199,No,Couple with dependent children,Between 1 and 5 years,Metro,50% - I spent about half of my time remote working,60%,40%,Somewhat agree,Somewhat agree,Somewhat agree,Somewhat agree,Neither agree nor disagree,60%,30%,Neither unlikely or likely,Neither unlikely or likely,Neither unlikely or likely,I’m 10% more productive when working remotely,1.0,8.0,2.0,5.0,0.0,8.0,3.0,5.0,Somewhat agree,Somewhat agree,Neither agree nor disagree,Neither positive nor negative,2021
1388,1983,Male,Manufacturing,Managers - Specialist Managers,More than 200,Yes,Couple with dependent children,More than 5 years,Metro,100% - I spent all of my time remote working,100% - All of my time,100% - I spent all of my time remote working,Somewhat agree,Somewhat agree,Somewhat agree,Somewhat agree,Somewhat agree,100% - All of my time,80%,Somewhat likely,Somewhat likely,Somewhat likely,I’m 20% more productive when working remotely,1.5,10.0,2.0,2.0,0.0,11.0,2.0,3.0,Somewhat agree,Strongly agree,Neither agree nor disagree,Strongly Positive,2021
1389,1989,Male,Administrative and Support,"Managers - Chief Executives, General Managers and Legislators",Between 5 and 19,No,Couple with dependent children,Between 6 and 12 months,Metro,50% - I spent about half of my time remote working,50% - About half of my time,50% - I spent about half of my time remote working,Somewhat agree,Strongly agree,Somewhat agree,Somewhat disagree,Neither agree nor disagree,50% - About half of my time,50% - About half of my time,Somewhat unlikely,Somewhat unlikely,Somewhat likely,I’m 50% more productive when working remotely (or more),0.5,7.5,2.0,7.0,0.0,7.0,2.0,8.0,Somewhat agree,Somewhat agree,Neither agree nor disagree,Strongly Positive,2021
1390,1985,Male,Retail Trade,Sales workers - Sales Representatives and Agents,Between 20 and 199,Yes,Couple with no dependent children,Between 1 and 5 years,Metro,30%,40%,40%,Strongly agree,Somewhat agree,Strongly agree,Strongly agree,Somewhat agree,40%,40%,Somewhat unlikely,Somewhat likely,Somewhat likely,My productivity is about same when I work remotely,1.5,8.0,4.0,3.5,0.5,9.0,4.0,3.5,Neither agree nor disagree,Neither agree nor disagree,Somewhat agree,Strongly Positive,2021
1391,1977,Female,Financial and Insurance,Clerical and administrative workers - Personal Assistants and Secretaries,More than 200,No,Couple with no dependent children,More than 5 years,Metro,80%,100% - All of my time,60%,Neither agree nor disagree,Strongly agree,Somewhat disagree,Somewhat agree,Somewhat agree,60%,60%,Neither unlikely or likely,Very likely,Very likely,I’m 50% more productive when working remotely (or more),2.0,8.0,2.0,4.0,0.0,8.0,2.0,6.0,Somewhat agree,Somewhat agree,Somewhat disagree,Neither positive nor negative,2021
1392,1984,Male,Other Services,"Professionals - Business, Human Resource and Marketing Professionals",More than 200,Yes,Couple with no dependent children,Between 6 and 12 months,Metro,90%,90%,90%,Neither agree nor disagree,Strongly agree,Strongly agree,Somewhat agree,Somewhat disagree,90%,80%,Neither unlikely or likely,Somewhat likely,Neither unlikely or likely,I’m 30% more productive when working remotely,3.0,6.0,4.0,3.0,0.0,8.0,4.0,4.0,Neither agree nor disagree,Strongly agree,Neither agree nor disagree,Somewhat Positive,2021
1393,1979,Male,Financial and Insurance,Clerical and administrative workers - General Clerical Workers,More than 200,No,Couple with dependent children,More than 5 years,Regional,100% - I spent all of my time remote working,100% - All of my time,100% - I spent all of my time remote working,Strongly agree,Strongly agree,Somewhat agree,Strongly agree,Strongly agree,90%,90%,Very likely,Very likely,Very likely,My productivity is about same when I work remotely,2.0,7.0,5.0,2.0,0.5,7.5,3.0,5.0,Neither agree nor disagree,Somewhat agree,Neither agree nor disagree,Somewhat Positive,2021
1394,1989,Female,"Electricity, Gas, Water and Waste","Professionals - Design, Engineering, Science and Transport Professionals",More than 200,No,Couple with no dependent children,Between 1 and 5 years,Metro,100% - I spent all of my time remote working,40%,100% - I spent all of my time remote working,Strongly agree,Somewhat agree,Strongly agree,Strongly agree,Somewhat agree,40%,50% - About half of my time,Very likely,Very likely,Very likely,I’m 20% less productive when working remotely,3.0,7.0,2.0,4.0,0.0,8.0,4.0,4.0,Strongly agree,Strongly agree,Somewhat agree,Somewhat Positive,2021
1395,1996,Female,Other Services,"Professionals - Business, Human Resource and Marketing Professionals",Between 20 and 199,No,Couple with no dependent children,Between 6 and 12 months,Metro,100% - I spent all of my time remote working,100% - All of my time,100% - I spent all of my time remote working,Strongly agree,Strongly agree,Strongly agree,Strongly agree,Strongly agree,80%,60%,Very likely,Very likely,Very likely,I’m 10% less productive when working remotely,3.0,8.0,2.0,3.0,0.0,7.0,3.0,5.0,Somewhat agree,Strongly agree,Somewhat agree,Strongly Positive,2021
1396,1995,Female,Financial and Insurance,"Professionals - Business, Human Resource and Marketing Professionals",More than 200,Yes,Couple with no dependent children,More than 5 years,Metro,70%,70%,70%,Somewhat agree,Somewhat agree,Somewhat agree,Somewhat agree,Somewhat agree,80%,80%,Somewhat likely,Somewhat unlikely,Somewhat unlikely,I’m 50% more productive when working remotely (or more),3.0,9.0,1.0,3.0,0.0,10.0,2.0,4.0,Somewhat agree,Somewhat disagree,Somewhat agree,Strongly Positive,2021
1397,1990,Female,Financial and Insurance,"Professionals - Business, Human Resource and Marketing Professionals",Between 1 and 4,No,Couple with no dependent children,Between 6 and 12 months,Metro,100% - I spent all of my time remote working,100% - All of my time,100% - I spent all of my time remote working,Strongly agree,Strongly agree,Strongly agree,Strongly agree,Strongly agree,100% - All of my time,100% - All of my time,Neither unlikely or likely,Very likely,Very unlikely,I’m 20% more productive when working remotely,1.0,9.0,1.0,4.0,0.0,9.0,2.0,4.0,Neither agree nor disagree,Neither agree nor disagree,Neither agree nor disagree,Strongly Positive,2021
1398,1991,Female,Education and Training,Professionals - Education Professionals,More than 200,No,Multiple family household,Between 1 and 5 years,Metro,60%,60%,60%,Somewhat disagree,Somewhat agree,Strongly agree,Somewhat agree,Somewhat agree,60%,60%,Somewhat unlikely,Somewhat likely,Somewhat unlikely,My productivity is about same when I work remotely,2.0,7.0,4.0,5.0,0.0,7.0,4.0,5.0,Somewhat agree,Somewhat agree,Somewhat agree,Somewhat Positive,2021
1399,1991,Female,Financial and Insurance,Clerical and administrative workers - Office Managers and Program Administrators,Between 20 and 199,No,Group household,Between 1 and 5 years,Metro,40%,50% - About half of my time,Rarely or never,Strongly disagree,Somewhat agree,Somewhat agree,Somewhat disagree,Somewhat agree,50% - About half of my time,40%,Very unlikely,Very unlikely,Very unlikely,I’m 20% more productive when working remotely,2.0,9.0,1.0,4.0,1.5,8.0,1.0,5.5,Strongly agree,Strongly agree,Strongly agree,Somewhat Negative,2021
1400,1993,Female,"Professional, Scientific and Technical",Clerical and administrative workers - General Clerical Workers,More than 200,No,Couple with no dependent children,Between 1 and 5 years,Metro,100% - I spent all of my time remote working,100% - All of my time,100% - I spent all of my time remote working,Strongly agree,Strongly agree,Strongly agree,Strongly agree,Strongly agree,100% - All of my time,100% - All of my time,Very likely,Very likely,Very likely,I’m 20% more productive when working remotely,2.0,8.0,1.5,4.5,0.5,8.0,1.5,6.0,Strongly agree,Strongly agree,Somewhat agree,Strongly Positive,2021
1401,1979,Female,Health Care and Social Assistance,Managers - Specialist Managers,Between 20 and 199,Yes,Couple with dependent children,More than 5 years,Metro,40%,50% - About half of my time,50% - I spent about half of my time remote working,Strongly agree,Strongly agree,Neither agree nor disagree,Strongly agree,Strongly agree,50% - About half of my time,50% - About half of my time,Neither unlikely or likely,Neither unlikely or likely,Neither unlikely or likely,I’m 50% more productive when working remotely (or more),1.0,6.0,4.0,6.0,0.5,6.5,4.0,6.0,Somewhat agree,Somewhat agree,Somewhat agree,Strongly Positive,2021
1402,1992,Female,"Professional, Scientific and Technical",Professionals - Health Professionals,Between 5 and 19,No,Couple with dependent children,Between 1 and 5 years,Metro,100% - I spent all of my time remote working,100% - All of my time,100% - I spent all of my time remote working,Strongly agree,Strongly agree,Strongly agree,Strongly agree,Strongly agree,100% - All of my time,100% - All of my time,Somewhat likely,Somewhat likely,Somewhat likely,I’m 10% more productive when working remotely,1.0,10.0,2.0,3.0,2.0,9.0,1.0,3.0,Strongly agree,Neither agree nor disagree,Somewhat agree,Strongly Positive,2021
1403,1982,Female,"Rental, Hiring and Real Estate",Sales workers - Sales Support Workers,Between 5 and 19,No,One parent family with dependent children,Between 1 and 5 years,Metro,40%,100% - All of my time,40%,Somewhat disagree,Strongly agree,Somewhat agree,Somewhat agree,Strongly agree,Less than 10% of my time,100% - All of my time,Somewhat unlikely,Somewhat unlikely,Somewhat unlikely,My productivity is about same when I work remotely,1.5,8.0,3.0,4.0,0.0,8.0,4.0,4.0,Strongly agree,Somewhat agree,Somewhat disagree,Strongly Positive,2021
1404,1993,Female,Information Media and Telecommunications,Professionals - ICT Professionals,More than 200,Yes,Other one family household,Between 6 and 12 months,Metro,90%,90%,60%,Somewhat agree,Somewhat agree,Somewhat agree,Somewhat agree,Somewhat agree,80%,80%,Somewhat unlikely,Somewhat likely,Somewhat likely,I’m 20% more productive when working remotely,2.0,6.0,2.0,6.0,0.0,7.0,3.0,6.0,Somewhat agree,Somewhat agree,Somewhat agree,Somewhat Positive,2021
1405,1982,Female,"Professional, Scientific and Technical","Professionals - Legal, Social and Welfare Professionals",More than 200,Yes,One parent family with dependent children,More than 5 years,Metro,100% - I spent all of my time remote working,100% - All of my time,100% - I spent all of my time remote working,Neither agree nor disagree,Somewhat agree,Neither agree nor disagree,Somewhat disagree,Somewhat agree,80%,90%,Neither unlikely or likely,Neither unlikely or likely,Very likely,I’m 50% more productive when working remotely (or more),3.0,7.0,4.0,4.0,0.5,7.0,5.0,5.5,Strongly agree,Strongly agree,Strongly disagree,Somewhat Positive,2021
1406,1980,Female,"Agriculture, Forestry and Fishing","Professionals - Business, Human Resource and Marketing Professionals",Between 5 and 19,No,One parent family with dependent children,Between 1 and 5 years,Metro,50% - I spent about half of my time remote working,60%,50% - I spent about half of my time remote working,Neither agree nor disagree,Neither agree nor disagree,Somewhat agree,Somewhat agree,Neither agree nor disagree,60%,50% - About half of my time,Very likely,Very likely,Somewhat likely,I’m 10% more productive when working remotely,5.0,8.0,3.0,1.0,2.0,9.0,3.0,3.0,Somewhat agree,Somewhat agree,Strongly agree,Somewhat Positive,2021
1407,1976,Female,Financial and Insurance,Managers - Specialist Managers,More than 200,No,Single person,Between 1 and 5 years,Metro,100% - I spent all of my time remote working,80%,80%,Neither agree nor disagree,Somewhat disagree,Strongly disagree,Somewhat agree,Somewhat agree,60%,60%,Very unlikely,Very unlikely,Very unlikely,My productivity is about same when I work remotely,2.5,9.0,2.0,2.5,0.5,9.0,2.0,5.5,Somewhat agree,Somewhat agree,Somewhat agree,Neither positive nor negative,2021
1408,1979,Female,Health Care and Social Assistance,"Professionals - Legal, Social and Welfare Professionals",More than 200,No,One parent family with dependent children,Between 1 and 5 years,Metro,Less than 10% of my time,20%,20%,Neither agree nor disagree,Somewhat disagree,Somewhat disagree,Neither agree nor disagree,Somewhat agree,50% - About half of my time,20%,Somewhat unlikely,Somewhat unlikely,Somewhat unlikely,I’m 20% more productive when working remotely,3.0,8.0,4.0,2.0,1.0,9.0,5.0,2.0,Somewhat agree,Somewhat agree,Somewhat agree,Neither positive nor negative,2021
1409,1962,Female,"Professional, Scientific and Technical",Clerical and administrative workers - Clerical and Office Support Workers,Between 20 and 199,No,One parent family with dependent children,Between 1 and 5 years,Regional,100% - I spent all of my time remote working,100% - All of my time,100% - I spent all of my time remote working,Neither agree nor disagree,Strongly agree,Neither agree nor disagree,Strongly agree,Strongly agree,100% - All of my time,100% - All of my time,Very likely,Very likely,Very likely,I’m 50% more productive when working remotely (or more),0.0,8.0,5.0,4.0,0.0,8.0,5.0,4.0,Strongly agree,Strongly agree,Strongly disagree,Strongly Positive,2021
1410,1988,Female,"Transport, Postal and Warehousing","Professionals - Business, Human Resource and Marketing Professionals",More than 200,No,Couple with no dependent children,Between 1 and 5 years,Metro,100% - I spent all of my time remote working,100% - All of my time,100% - I spent all of my time remote working,Strongly agree,Somewhat agree,Somewhat disagree,Neither agree nor disagree,Strongly agree,100% - All of my time,100% - All of my time,Neither unlikely or likely,Neither unlikely or likely,Somewhat unlikely,I’m 30% more productive when working remotely,3.0,8.5,1.0,4.0,0.0,8.5,1.0,6.5,Strongly agree,Strongly agree,Strongly disagree,Somewhat Positive,2021
1411,1998,Female,Other Services,Managers - Specialist Managers,Between 20 and 199,No,Multiple family household,Between 6 and 12 months,Metro,10%,30%,10%,Strongly disagree,Strongly disagree,Somewhat agree,Somewhat disagree,Somewhat agree,30%,40%,Very unlikely,Very unlikely,Very unlikely,My productivity is about same when I work remotely,2.0,7.0,3.0,2.0,0.0,7.0,3.5,3.5,Strongly agree,Strongly agree,Neither agree nor disagree,Neither positive nor negative,2021
1412,1985,I would rather not say,Construction,"Professionals - Business, Human Resource and Marketing Professionals",I am a sole trader/owner-operator,Yes,Couple with no dependent children,More than 5 years,Metro,Less than 10% of my time,Less than 10% of my time,Rarely or never,Neither agree nor disagree,Neither agree nor disagree,Neither agree nor disagree,Neither agree nor disagree,Strongly agree,30%,30%,Neither unlikely or likely,Neither unlikely or likely,Neither unlikely or likely,My productivity is about same when I work remotely,2.0,8.0,4.0,4.0,0.0,8.0,4.0,6.0,Neither agree nor disagree,Neither agree nor disagree,Neither agree nor disagree,Neither positive nor negative,2021
1413,1992,Female,Retail Trade,Clerical and administrative workers - General Clerical Workers,Between 20 and 199,No,Single person,Between 1 and 5 years,Metro,Less than 10% of my time,100% - All of my time,Rarely or never,Strongly disagree,Somewhat disagree,Strongly disagree,Strongly disagree,Somewhat agree,100% - All of my time,100% - All of my time,Very unlikely,Very unlikely,Very unlikely,I’m 20% less productive when working remotely,1.0,8.0,2.0,4.0,0.0,7.0,3.0,5.0,Somewhat agree,Neither agree nor disagree,Neither agree nor disagree,Somewhat Positive,2021
1414,1984,Male,Financial and Insurance,Professionals - ICT Professionals,Between 20 and 199,No,Group household,Between 1 and 5 years,Metro,80%,40%,60%,Strongly agree,Strongly agree,Strongly agree,Strongly agree,Somewhat agree,40%,40%,Neither unlikely or likely,Somewhat likely,Neither unlikely or likely,I’m 10% less productive when working remotely,1.0,8.0,2.0,5.0,0.0,9.0,2.0,5.0,Somewhat disagree,Neither agree nor disagree,Somewhat agree,Strongly Positive,2021
1415,1977,Female,Information Media and Telecommunications,Clerical and administrative workers - General Clerical Workers,Between 20 and 199,No,Couple with no dependent children,More than 5 years,Regional,100% - I spent all of my time remote working,100% - All of my time,100% - I spent all of my time remote working,Neither agree nor disagree,Somewhat agree,Somewhat agree,Somewhat agree,Somewhat agree,100% - All of my time,100% - All of my time,Neither unlikely or likely,Neither unlikely or likely,Neither unlikely or likely,My productivity is about same when I work remotely,0.0,9.0,4.0,5.0,0.0,9.0,4.0,5.0,Strongly disagree,Neither agree nor disagree,Strongly disagree,Strongly Positive,2021
1416,1994,Female,Financial and Insurance,"Professionals - Business, Human Resource and Marketing Professionals",More than 200,No,Single person,Between 1 and 5 years,Metro,80%,60%,80%,Somewhat agree,Neither agree nor disagree,Somewhat agree,Strongly agree,Neither agree nor disagree,60%,60%,Somewhat likely,Somewhat likely,Somewhat likely,I’m 30% more productive when working remotely,2.0,9.0,0.0,5.0,0.5,9.0,0.0,6.5,Somewhat agree,Neither agree nor disagree,Somewhat agree,Somewhat Positive,2021
1417,1979,Female,"Professional, Scientific and Technical",Managers - Specialist Managers,More than 200,Yes,Couple with no dependent children,More than 5 years,Metro,90%,100% - All of my time,70%,Somewhat agree,Somewhat disagree,Strongly agree,Somewhat agree,Somewhat agree,100% - All of my time,50% - About half of my time,Somewhat unlikely,Somewhat unlikely,Somewhat unlikely,I’m 30% more productive when working remotely,3.5,9.0,2.0,2.5,0.5,10.5,2.0,3.0,Strongly agree,Strongly agree,Neither agree nor disagree,Strongly Positive,2021
1418,1976,Female,"Professional, Scientific and Technical","Professionals - Business, Human Resource and Marketing Professionals",Between 5 and 19,Yes,Couple with no dependent children,More than 5 years,Metro,10%,10%,10%,Strongly agree,Strongly agree,Strongly agree,Strongly agree,Strongly agree,10%,10%,Somewhat unlikely,Somewhat unlikely,Somewhat unlikely,I’m 20% more productive when working remotely,2.5,8.0,1.0,5.0,0.5,9.5,1.0,5.0,Neither agree nor disagree,Somewhat disagree,Neither agree nor disagree,Strongly Positive,2021
1419,1987,Male,Information Media and Telecommunications,Managers - Specialist Managers,More than 200,Yes,Couple with no dependent children,More than 5 years,Regional,100% - I spent all of my time remote working,100% - All of my time,100% - I spent all of my time remote working,Strongly agree,Strongly disagree,Neither agree nor disagree,Somewhat agree,Strongly agree,100% - All of my time,100% - All of my time,Somewhat likely,Somewhat likely,Very likely,I’m 30% more productive when working remotely,2.0,8.0,2.0,4.0,0.5,9.0,1.5,5.0,Strongly agree,Somewhat agree,Strongly disagree,Strongly Positive,2021
1420,1984,Female,Construction,Clerical and administrative workers - Office Managers and Program Administrators,More than 200,No,Couple with no dependent children,More than 5 years,Regional,20%,50% - About half of my time,20%,Somewhat disagree,Somewhat agree,Somewhat agree,Somewhat disagree,Somewhat agree,50% - About half of my time,50% - About half of my time,Somewhat likely,Somewhat likely,Somewhat unlikely,I’m 30% more productive when working remotely,1.0,8.0,2.0,5.0,0.5,8.0,3.0,4.5,Somewhat agree,Somewhat agree,Somewhat agree,Neither positive nor negative,2021
1421,1984,Female,"Professional, Scientific and Technical","Professionals - Business, Human Resource and Marketing Professionals",Between 5 and 19,No,Group household,More than 5 years,Metro,80%,80%,60%,Strongly agree,Strongly agree,Somewhat agree,Strongly agree,Somewhat agree,60%,60%,Somewhat likely,Somewhat likely,Somewhat likely,I’m 50% more productive when working remotely (or more),3.0,8.0,5.0,2.0,0.0,9.0,4.0,4.0,Somewhat agree,Strongly agree,Neither agree nor disagree,Strongly Positive,2021
1422,1983,Male,Education and Training,Managers - Specialist Managers,More than 200,Yes,Couple with no dependent children,Between 1 and 5 years,Metro,50% - I spent about half of my time remote working,50% - About half of my time,40%,Strongly agree,Somewhat agree,Strongly agree,Strongly agree,Somewhat disagree,50% - About half of my time,50% - About half of my time,Somewhat likely,Very likely,Very likely,I’m 30% more productive when working remotely,1.5,7.5,3.0,4.0,0.25,7.5,3.0,5.2,Strongly agree,Strongly agree,Strongly disagree,Strongly Positive,2021
1423,1993,Male,Financial and Insurance,Managers - Specialist Managers,More than 200,Yes,Single person,More than 5 years,Metro,90%,50% - About half of my time,60%,Strongly agree,Somewhat agree,Strongly agree,Strongly agree,Somewhat agree,60%,50% - About half of my time,Somewhat likely,Somewhat likely,Very likely,I’m 10% less productive when working remotely,3.0,8.0,2.0,3.0,1.0,7.5,1.0,6.0,Neither agree nor disagree,Strongly agree,Somewhat agree,Strongly Positive,2021
1424,1979,Male,Other Services,"Managers - Chief Executives, General Managers and Legislators",More than 200,Yes,Couple with no dependent children,Between 1 and 5 years,Metro,80%,40%,80%,Somewhat agree,Somewhat agree,Strongly agree,Neither agree nor disagree,Somewhat agree,40%,40%,Somewhat likely,Neither unlikely or likely,Somewhat likely,I’m 10% less productive when working remotely,2.0,9.0,2.0,3.0,0.0,10.0,3.0,3.0,Strongly agree,Somewhat agree,Neither agree nor disagree,Somewhat Positive,2021
1425,1993,Male,Health Care and Social Assistance,Professionals - Health Professionals,I am a sole trader/owner-operator,No,Group household,Between 1 and 5 years,Metro,Rarely or never,20%,Rarely or never,Neither agree nor disagree,Strongly disagree,Somewhat disagree,Somewhat disagree,Somewhat disagree,I would not have preferred to work remotely,Less than 10% of my time,Neither unlikely or likely,Neither unlikely or likely,Very unlikely,I’m 20% less productive when working remotely,1.0,8.0,3.0,3.0,0.0,8.0,3.0,4.0,Somewhat disagree,Neither agree nor disagree,Somewhat agree,Neither positive nor negative,2021
1426,1977,Female,Administrative and Support,Clerical and administrative workers - Other Clerical and Administrative Workers,More than 200,No,Couple with dependent children,Between 1 and 5 years,Metro,100% - I spent all of my time remote working,100% - All of my time,100% - I spent all of my time remote working,Strongly agree,Somewhat disagree,Strongly agree,Strongly agree,Strongly agree,100% - All of my time,80%,Very likely,Very likely,Very likely,I’m 50% more productive when working remotely (or more),3.0,7.5,2.0,3.5,0.5,7.5,3.0,5.0,Somewhat agree,Somewhat agree,Somewhat disagree,Strongly Positive,2021
1427,1980,Male,Education and Training,Professionals - Education Professionals,More than 200,No,Couple with no dependent children,More than 5 years,Regional,20%,I would not have preferred to work remotely,20%,Somewhat agree,Somewhat agree,Somewhat agree,Strongly agree,Somewhat disagree,I would not have preferred to work remotely,I would prefer not to work remotely,Very unlikely,Very likely,Very unlikely,I’m 30% more productive when working remotely,2.0,6.0,2.0,6.0,1.0,8.0,3.0,4.0,Neither agree nor disagree,Neither agree nor disagree,Strongly agree,Neither positive nor negative,2021
1428,1976,Female,Information Media and Telecommunications,Clerical and administrative workers - Other Clerical and Administrative Workers,Between 20 and 199,No,Single person,Between 1 and 5 years,Metro,100% - I spent all of my time remote working,100% - All of my time,100% - I spent all of my time remote working,Somewhat agree,Strongly agree,Strongly agree,Strongly agree,Somewhat agree,100% - All of my time,100% - All of my time,Neither unlikely or likely,Somewhat likely,Neither unlikely or likely,I’m 50% more productive when working remotely (or more),5.0,7.0,0.0,3.0,0.5,9.0,1.0,5.0,Somewhat agree,Somewhat agree,Somewhat agree,Strongly Positive,2021
1429,1983,Female,Other Services,Clerical and administrative workers - Clerical and Office Support Workers,Between 20 and 199,No,Couple with dependent children,Between 6 and 12 months,Metro,90%,90%,90%,Somewhat agree,Somewhat agree,Strongly disagree,Neither agree nor disagree,Strongly agree,90%,80%,Neither unlikely or likely,Neither unlikely or likely,Neither unlikely or likely,I’m 50% more productive when working remotely (or more),2.0,7.0,3.0,3.0,0.0,7.0,3.0,5.0,Somewhat agree,Strongly agree,Neither agree nor disagree,Somewhat Positive,2021
1430,1982,Female,Wholesale Trade,"Professionals - Business, Human Resource and Marketing Professionals",More than 200,Yes,One parent family with dependent children,More than 5 years,Metro,Rarely or never,50% - About half of my time,Rarely or never,Strongly disagree,Somewhat disagree,Strongly disagree,Strongly disagree,Strongly agree,50% - About half of my time,50% - About half of my time,Very unlikely,Very unlikely,Very unlikely,I’m 20% more productive when working remotely,2.5,8.5,4.0,1.0,0.5,8.5,4.0,3.0,Somewhat agree,Strongly agree,Somewhat agree,Strongly Negative,2021
1431,1991,Male,"Professional, Scientific and Technical",Managers - Specialist Managers,More than 200,Yes,Couple with dependent children,Between 1 and 5 years,Metro,50% - I spent about half of my time remote working,50% - About half of my time,20%,Strongly agree,Strongly agree,Somewhat agree,Somewhat agree,Strongly agree,20%,60%,Very likely,Somewhat likely,Very likely,I’m 40% more productive when working remotely,1.0,8.0,4.0,3.0,1.0,8.0,4.0,3.0,Somewhat agree,Strongly agree,Somewhat agree,Strongly Positive,2021
1432,1994,Female,Construction,Technicians and trades workers - Construction Trades Workers,More than 200,No,Couple with no dependent children,Between 1 and 5 years,Metro,60%,70%,60%,Somewhat agree,Strongly agree,Strongly agree,Neither agree nor disagree,Neither agree nor disagree,70%,70%,Somewhat likely,Neither unlikely or likely,Somewhat likely,I’m 30% more productive when working remotely,3.5,7.5,2.0,3.0,1.0,8.0,2.0,3.0,Strongly agree,Somewhat agree,Somewhat agree,Strongly Positive,2021
1433,1989,Male,Accommodation and Food,Professionals - ICT Professionals,Between 5 and 19,No,Single person,More than 5 years,Metro,50% - I spent about half of my time remote working,50% - About half of my time,50% - I spent about half of my time remote working,Somewhat agree,Somewhat agree,Somewhat agree,Neither agree nor disagree,Neither agree nor disagree,50% - About half of my time,40%,Somewhat likely,Somewhat likely,Neither unlikely or likely,I’m 50% more productive when working remotely (or more),2.0,8.0,2.0,4.0,0.0,10.0,2.0,5.0,Somewhat agree,Somewhat agree,Somewhat agree,Neither positive nor negative,2021
1434,1983,Female,Information Media and Telecommunications,Clerical and administrative workers - General Clerical Workers,More than 200,No,Group household,Between 1 and 5 years,Metro,100% - I spent all of my time remote working,100% - All of my time,40%,Strongly disagree,Somewhat agree,Somewhat disagree,Strongly disagree,Strongly agree,100% - All of my time,60%,Very likely,Very unlikely,Very unlikely,I’m 30% more productive when working remotely,1.5,8.5,2.0,3.0,0.0,9.5,2.0,3.0,Somewhat agree,Strongly disagree,Neither agree nor disagree,Strongly Negative,2021
1435,1978,Male,Arts and Recreation,"Managers - Chief Executives, General Managers and Legislators",Between 20 and 199,Yes,Couple with no dependent children,More than 5 years,Metro,Less than 10% of my time,Less than 10% of my time,Less than 10% of my time,Neither agree nor disagree,Strongly agree,Somewhat agree,Strongly agree,Somewhat agree,Less than 10% of my time,Less than 10% of my time,Somewhat unlikely,Neither unlikely or likely,Neither unlikely or likely,My productivity is about same when I work remotely,0.5,10.0,2.5,3.0,0.25,10.0,2.0,3.7,Neither agree nor disagree,Somewhat disagree,Strongly agree,Strongly Positive,2021
1436,1982,Female,Health Care and Social Assistance,Professionals - Health Professionals,More than 200,No,Couple with dependent children,More than 5 years,Metro,100% - I spent all of my time remote working,100% - All of my time,90%,Strongly agree,Somewhat agree,Somewhat agree,Strongly agree,Neither agree nor disagree,100% - All of my time,80%,Somewhat likely,Somewhat likely,Somewhat likely,I’m 50% more productive when working remotely (or more),3.0,8.0,,5.0,0.0,9.0,2.0,5.0,Strongly agree,Strongly agree,Somewhat agree,Strongly Positive,2021
1437,1991,Male,Financial and Insurance,"Professionals - Business, Human Resource and Marketing Professionals",More than 200,No,Couple with no dependent children,Between 1 and 5 years,Metro,100% - I spent all of my time remote working,80%,100% - I spent all of my time remote working,Strongly agree,Strongly agree,Strongly agree,Strongly agree,Somewhat agree,60%,80%,Somewhat unlikely,Somewhat unlikely,Very unlikely,I’m 30% more productive when working remotely,4.0,8.0,1.0,2.0,2.0,8.0,3.0,3.0,Strongly disagree,Strongly disagree,Strongly disagree,Somewhat Positive,2021
1438,1985,Male,"Professional, Scientific and Technical","Technicians and trades workers - Engineering, ICT and Science Technicians",Between 20 and 199,Yes,Single person,Between 1 and 5 years,Metro,100% - I spent all of my time remote working,100% - All of my time,50% - I spent about half of my time remote working,Strongly disagree,Strongly disagree,Somewhat disagree,Strongly disagree,Strongly disagree,100% - All of my time,100% - All of my time,Very unlikely,Somewhat unlikely,Very unlikely,I’m 20% more productive when working remotely,3.5,8.5,2.0,3.0,0.5,9.0,2.0,4.5,Somewhat disagree,Strongly disagree,Strongly disagree,Strongly Negative,2021
1439,1978,Female,"Professional, Scientific and Technical","Professionals - Legal, Social and Welfare Professionals",More than 200,No,Group household,Between 1 and 5 years,Metro,80%,80%,80%,Strongly agree,Somewhat agree,Strongly agree,Strongly agree,Somewhat agree,80%,70%,Somewhat unlikely,Somewhat unlikely,Somewhat unlikely,My productivity is about same when I work remotely,2.0,9.0,1.0,4.0,0.5,8.0,2.0,5.5,Neither agree nor disagree,Somewhat disagree,Somewhat agree,Strongly Positive,2021
1440,1979,Female,"Professional, Scientific and Technical","Professionals - Design, Engineering, Science and Transport Professionals",More than 200,Yes,Couple with no dependent children,More than 5 years,Metro,100% - I spent all of my time remote working,80%,100% - I spent all of my time remote working,Neither agree nor disagree,Strongly disagree,Neither agree nor disagree,Somewhat disagree,Somewhat agree,80%,50% - About half of my time,Very unlikely,Somewhat unlikely,Somewhat unlikely,My productivity is about same when I work remotely,2.0,8.5,2.0,3.5,0.5,9.0,2.0,4.5,Neither agree nor disagree,Strongly agree,Neither agree nor disagree,Strongly Negative,2021
1441,1986,Female,Health Care and Social Assistance,Professionals - Health Professionals,Between 20 and 199,No,Multiple family household,More than 5 years,Metro,Rarely or never,50% - About half of my time,Rarely or never,Strongly disagree,Somewhat agree,Somewhat disagree,Strongly disagree,Strongly disagree,20%,I would prefer not to work remotely,Very unlikely,Very unlikely,Very unlikely,I’m 20% less productive when working remotely,5.0,8.5,1.0,2.5,0.5,8.5,2.0,7.0,Neither agree nor disagree,Somewhat disagree,Somewhat agree,Somewhat Negative,2021
1442,1983,Female,Education and Training,"Professionals - Business, Human Resource and Marketing Professionals",More than 200,No,Single person,Between 1 and 5 years,Metro,100% - I spent all of my time remote working,100% - All of my time,40%,Somewhat disagree,Neither agree nor disagree,Neither agree nor disagree,Somewhat agree,Neither agree nor disagree,100% - All of my time,100% - All of my time,Somewhat unlikely,Somewhat unlikely,Somewhat unlikely,I’m 50% more productive when working remotely (or more),3.0,8.0,4.0,3.0,0.0,8.0,3.0,7.0,Strongly agree,Strongly agree,Somewhat agree,Neither positive nor negative,2021
1443,1977,Male,Financial and Insurance,Managers - Specialist Managers,More than 200,Yes,Couple with dependent children,Between 1 and 5 years,Metro,100% - I spent all of my time remote working,100% - All of my time,100% - I spent all of my time remote working,Somewhat agree,Somewhat disagree,Somewhat agree,Strongly agree,Somewhat agree,100% - All of my time,40%,Somewhat unlikely,Somewhat unlikely,Somewhat likely,I’m 20% less productive when working remotely,2.5,8.5,3.0,3.0,0.0,9.0,4.0,4.0,Somewhat agree,Somewhat disagree,Somewhat agree,Somewhat Positive,2021
1444,1984,Female,Health Care and Social Assistance,"Managers - Hospitality, Retail and Service Managers",Between 20 and 199,Yes,Couple with dependent children,More than 5 years,Metro,Less than 10% of my time,50% - About half of my time,Less than 10% of my time,Somewhat agree,Strongly disagree,Strongly disagree,Strongly agree,Somewhat agree,50% - About half of my time,50% - About half of my time,Somewhat likely,Somewhat likely,Somewhat likely,I’m 20% less productive when working remotely,3.0,8.0,4.0,2.0,3.0,6.0,3.0,4.0,Somewhat disagree,Neither agree nor disagree,Strongly agree,Strongly Positive,2021
1445,1984,Female,Education and Training,Professionals - Education Professionals,Between 20 and 199,Yes,Group household,More than 5 years,Metro,Less than 10% of my time,60%,Rarely or never,Strongly agree,Strongly agree,Somewhat agree,Strongly agree,Somewhat agree,80%,80%,Very unlikely,Very likely,Very unlikely,I’m 30% more productive when working remotely,2.0,10.0,1.5,3.0,0.0,10.0,2.5,3.5,Strongly agree,Strongly agree,Neither agree nor disagree,Somewhat Positive,2021
1446,1981,Female,Construction,"Managers - Hospitality, Retail and Service Managers",More than 200,Yes,Couple with dependent children,More than 5 years,Metro,30%,50% - About half of my time,30%,Somewhat agree,Somewhat agree,Somewhat agree,Somewhat agree,Somewhat agree,50% - About half of my time,50% - About half of my time,Somewhat unlikely,Somewhat unlikely,Somewhat unlikely,I’m 30% more productive when working remotely,1.0,9.0,4.5,1.5,0.0,9.0,3.0,4.0,Somewhat agree,Somewhat agree,Somewhat disagree,Somewhat Positive,2021
1447,1987,Female,Health Care and Social Assistance,"Professionals - Legal, Social and Welfare Professionals",More than 200,No,Single person,Between 1 and 5 years,Metro,10%,20%,Less than 10% of my time,Somewhat agree,Somewhat agree,Somewhat agree,Somewhat agree,Somewhat agree,20%,10%,Somewhat likely,Neither unlikely or likely,Somewhat likely,I’m 10% more productive when working remotely,1.5,8.5,3.0,3.0,0.5,10.0,3.0,3.0,Somewhat agree,Somewhat agree,Somewhat disagree,Neither positive nor negative,2021
1448,1984,Male,"Rental, Hiring and Real Estate","Professionals - Business, Human Resource and Marketing Professionals",More than 200,No,Couple with dependent children,Between 1 and 5 years,Metro,100% - I spent all of my time remote working,80%,80%,Strongly agree,Neither agree nor disagree,Strongly agree,Strongly agree,Somewhat agree,60%,60%,Somewhat likely,Somewhat likely,Very likely,I’m 10% less productive when working remotely,1.5,8.0,3.0,4.0,0.5,7.5,4.0,4.0,Somewhat agree,Somewhat disagree,Somewhat agree,Somewhat Positive,2021
1449,1978,Female,Financial and Insurance,"Professionals - Business, Human Resource and Marketing Professionals",Between 5 and 19,No,Couple with dependent children,Between 1 and 5 years,Metro,90%,100% - All of my time,80%,Somewhat agree,Somewhat agree,Somewhat agree,Neither agree nor disagree,Neither agree nor disagree,100% - All of my time,50% - About half of my time,Somewhat unlikely,Somewhat likely,Neither unlikely or likely,I’m 20% less productive when working remotely,2.0,8.0,4.0,4.0,2.0,8.0,4.0,4.0,Strongly agree,Somewhat disagree,Somewhat agree,Somewhat Positive,2021
1450,1990,Male,Education and Training,Managers - Specialist Managers,More than 200,Yes,Couple with dependent children,Between 6 and 12 months,Metro,50% - I spent about half of my time remote working,50% - About half of my time,50% - I spent about half of my time remote working,Strongly agree,Strongly agree,Somewhat agree,Somewhat agree,Somewhat agree,50% - About half of my time,50% - About half of my time,Very likely,Very likely,Very likely,I’m 50% more productive when working remotely (or more),5.0,5.0,5.0,5.0,5.0,5.0,5.0,5.0,Strongly agree,Strongly agree,Strongly agree,Strongly Positive,2021
1451,1982,Female,Other Services,"Managers - Chief Executives, General Managers and Legislators",More than 200,Yes,Other one family household,Between 1 and 5 years,Metro,100% - I spent all of my time remote working,100% - All of my time,100% - I spent all of my time remote working,Neither agree nor disagree,Strongly agree,Strongly agree,Strongly disagree,Strongly agree,100% - All of my time,100% - All of my time,Very unlikely,Very unlikely,Very unlikely,My productivity is about same when I work remotely,2.0,7.0,3.0,4.0,0.5,7.0,3.0,5.5,Strongly agree,Somewhat disagree,Strongly disagree,Somewhat Negative,2021
1452,1989,Male,Education and Training,Professionals - Education Professionals,I am a sole trader/owner-operator,No,One parent family with dependent children,Between 1 and 5 years,Metro,Rarely or never,I would not have preferred to work remotely,Rarely or never,Neither agree nor disagree,Neither agree nor disagree,Neither agree nor disagree,Neither agree nor disagree,Neither agree nor disagree,I would not have preferred to work remotely,I would prefer not to work remotely,Neither unlikely or likely,Neither unlikely or likely,Neither unlikely or likely,I’m 50% more productive when working remotely (or more),1.0,6.0,5.0,5.0,2.0,6.0,4.0,4.0,Neither agree nor disagree,Neither agree nor disagree,Neither agree nor disagree,Neither positive nor negative,2021
1453,1994,Female,Other Services,Sales workers - Sales Representatives and Agents,Between 20 and 199,No,One parent family with dependent children,Between 1 and 5 years,Metro,50% - I spent about half of my time remote working,50% - About half of my time,50% - I spent about half of my time remote working,Somewhat agree,Strongly agree,Somewhat agree,Somewhat agree,Strongly agree,50% - About half of my time,50% - About half of my time,Somewhat likely,Somewhat likely,Neither unlikely or likely,My productivity is about same when I work remotely,1.0,7.0,0.0,4.0,0.0,7.0,0.0,5.0,Somewhat agree,Somewhat agree,Somewhat agree,Strongly Positive,2021
1454,1998,Male,Information Media and Telecommunications,Managers - Specialist Managers,Between 5 and 19,No,Single person,Between 6 and 12 months,Metro,80%,80%,80%,Strongly agree,Somewhat agree,Strongly agree,Somewhat agree,Somewhat agree,80%,100% - All of my time,Very likely,Somewhat likely,Very likely,I’m 50% more productive when working remotely (or more),1.0,8.0,4.0,3.0,0.5,8.0,1.5,5.0,Strongly agree,Strongly agree,Strongly agree,Somewhat Positive,2021
1455,1989,Male,Manufacturing,Managers - Specialist Managers,Between 20 and 199,Yes,Couple with no dependent children,More than 5 years,Metro,70%,50% - About half of my time,100% - I spent all of my time remote working,Neither agree nor disagree,Somewhat agree,Somewhat agree,Somewhat agree,Strongly agree,70%,70%,Very likely,Somewhat likely,Somewhat likely,I’m 50% more productive when working remotely (or more),1.0,8.0,2.0,4.0,1.0,8.0,3.0,4.0,Strongly agree,Strongly agree,Strongly agree,Somewhat Positive,2021
1456,1999,Female,"Professional, Scientific and Technical",Professionals - Health Professionals,Between 5 and 19,No,Group household,Between 6 and 12 months,Metro,100% - I spent all of my time remote working,100% - All of my time,90%,Strongly agree,Strongly agree,Strongly agree,Strongly agree,Strongly agree,100% - All of my time,Less than 10% of my time,Somewhat likely,Very likely,Very likely,I’m 50% more productive when working remotely (or more),2.0,4.0,2.0,4.0,2.0,4.0,2.0,4.0,Somewhat agree,Strongly agree,Somewhat agree,Strongly Positive,2021
1457,1992,Male,"Transport, Postal and Warehousing","Professionals - Business, Human Resource and Marketing Professionals",More than 200,No,Couple with no dependent children,Between 1 and 5 years,Metro,100% - I spent all of my time remote working,100% - All of my time,100% - I spent all of my time remote working,Strongly agree,Strongly agree,Somewhat agree,Somewhat agree,Strongly agree,100% - All of my time,100% - All of my time,Somewhat unlikely,Very likely,Somewhat likely,I’m 50% more productive when working remotely (or more),3.5,8.0,3.0,1.5,0.0,8.0,4.0,4.0,Strongly agree,Strongly agree,Neither agree nor disagree,Strongly Positive,2021
1458,1994,Female,Wholesale Trade,Clerical and administrative workers - Office Managers and Program Administrators,Between 20 and 199,No,Couple with dependent children,Between 6 and 12 months,Metro,30%,30%,30%,Neither agree nor disagree,Somewhat agree,Somewhat agree,Somewhat agree,Somewhat agree,50% - About half of my time,10%,Somewhat unlikely,Somewhat likely,Somewhat unlikely,I’m 50% more productive when working remotely (or more),3.0,9.0,2.0,3.0,3.0,9.0,2.0,3.0,Strongly agree,Somewhat agree,Neither agree nor disagree,Somewhat Positive,2021
1459,1993,Female,Other Services,"Professionals - Legal, Social and Welfare Professionals",Between 20 and 199,No,Couple with no dependent children,Between 1 and 5 years,Metro,Less than 10% of my time,Less than 10% of my time,100% - I spent all of my time remote working,Neither agree nor disagree,Somewhat agree,Somewhat agree,Neither agree nor disagree,Strongly agree,100% - All of my time,100% - All of my time,Somewhat likely,Neither unlikely or likely,Neither unlikely or likely,I’m 50% more productive when working remotely (or more),2.5,7.5,3.0,3.0,0.5,8.5,2.0,5.0,Strongly agree,Neither agree nor disagree,Neither agree nor disagree,Strongly Positive,2021
1460,1996,Female,"Rental, Hiring and Real Estate","Managers - Hospitality, Retail and Service Managers",Between 5 and 19,Yes,Couple with dependent children,More than 5 years,Regional,40%,40%,40%,Strongly agree,Strongly agree,Strongly agree,Strongly agree,Strongly agree,40%,50% - About half of my time,Somewhat unlikely,Somewhat likely,Somewhat unlikely,My productivity is about same when I work remotely,2.0,7.0,2.0,5.0,1.0,7.0,2.0,5.0,Strongly agree,Somewhat agree,Somewhat agree,Strongly Positive,2021
1461,1973,Male,Financial and Insurance,"Managers - Chief Executives, General Managers and Legislators",Between 20 and 199,Yes,Couple with dependent children,More than 5 years,Metro,30%,40%,50% - I spent about half of my time remote working,Strongly agree,Somewhat agree,Strongly agree,Strongly agree,Strongly agree,40%,30%,Very likely,Very likely,Somewhat likely,I’m 10% more productive when working remotely,1.0,8.0,3.0,5.0,1.0,10.0,4.0,3.0,Strongly agree,Somewhat agree,Somewhat agree,Strongly Positive,2021
1462,1987,Female,Administrative and Support,Clerical and administrative workers - Personal Assistants and Secretaries,Between 20 and 199,No,Couple with dependent children,More than 5 years,Regional,20%,50% - About half of my time,50% - I spent about half of my time remote working,Strongly agree,Somewhat agree,Somewhat agree,Strongly disagree,Strongly agree,50% - About half of my time,40%,Very unlikely,Very unlikely,Very unlikely,I’m 50% more productive when working remotely (or more),4.0,7.5,2.5,2.0,1.0,9.0,3.0,3.0,Strongly agree,Strongly agree,Somewhat disagree,Neither positive nor negative,2021
1463,1976,Female,Education and Training,Clerical and administrative workers - Other Clerical and Administrative Workers,More than 200,No,Multiple family household,More than 5 years,Metro,30%,I would not have preferred to work remotely,10%,Strongly agree,Somewhat disagree,Strongly agree,Somewhat agree,Strongly agree,I would not have preferred to work remotely,Less than 10% of my time,Neither unlikely or likely,Neither unlikely or likely,Neither unlikely or likely,I’m 40% more productive when working remotely,1.0,8.0,2.0,7.0,1.0,9.0,2.0,6.0,Neither agree nor disagree,Neither agree nor disagree,Strongly agree,Neither positive nor negative,2021
1464,1997,Male,"Transport, Postal and Warehousing",Machinery operators and drivers - Mobile Plant Operators,Between 20 and 199,No,Couple with dependent children,Between 1 and 5 years,Metro,20%,20%,10%,Neither agree nor disagree,Somewhat agree,Somewhat agree,Somewhat agree,Somewhat agree,20%,20%,Neither unlikely or likely,Somewhat unlikely,Neither unlikely or likely,I’m 40% more productive when working remotely,0.2,12.0,2.0,2.0,0.0,10.0,3.0,4.0,Strongly agree,Somewhat agree,Neither agree nor disagree,Somewhat Positive,2021
1465,1995,Male,Financial and Insurance,"Professionals - Business, Human Resource and Marketing Professionals",More than 200,No,Single person,More than 5 years,Metro,100% - I spent all of my time remote working,100% - All of my time,100% - I spent all of my time remote working,Somewhat agree,Strongly agree,Somewhat agree,Strongly agree,Somewhat agree,100% - All of my time,100% - All of my time,Very likely,Very likely,Very likely,My productivity is about same when I work remotely,2.0,7.5,1.5,6.0,0.0,7.5,4.0,5.0,Strongly agree,Strongly agree,Neither agree nor disagree,Strongly Positive,2021
1466,1980,Female,Financial and Insurance,"Professionals - Business, Human Resource and Marketing Professionals",More than 200,No,Couple with no dependent children,Between 1 and 5 years,Metro,80%,80%,70%,Strongly agree,Somewhat agree,Strongly agree,Somewhat agree,Somewhat agree,80%,60%,Somewhat unlikely,Somewhat likely,Somewhat unlikely,I’m 20% less productive when working remotely,4.0,9.0,1.0,4.0,0.5,9.5,3.0,4.0,Neither agree nor disagree,Strongly agree,Somewhat agree,Somewhat Positive,2021
1467,1988,Male,Financial and Insurance,Professionals - ICT Professionals,More than 200,No,Couple with no dependent children,Between 1 and 5 years,Metro,100% - I spent all of my time remote working,80%,80%,Strongly agree,Strongly agree,Strongly agree,Strongly agree,Somewhat agree,80%,70%,Somewhat unlikely,Somewhat unlikely,Somewhat unlikely,My productivity is about same when I work remotely,1.0,9.0,2.0,5.0,0.25,9.5,2.0,5.25,Neither agree nor disagree,Somewhat disagree,Somewhat agree,Strongly Positive,2021
1468,1982,Female,Information Media and Telecommunications,Professionals - ICT Professionals,More than 200,No,Single person,Between 1 and 5 years,Metro,100% - I spent all of my time remote working,100% - All of my time,100% - I spent all of my time remote working,Strongly agree,Somewhat agree,Somewhat agree,Strongly agree,Strongly agree,100% - All of my time,90%,Somewhat likely,Very likely,Somewhat likely,I’m 50% more productive when working remotely (or more),2.0,8.0,2.0,4.0,1.0,8.0,3.0,4.0,Strongly agree,Strongly agree,Neither agree nor disagree,Strongly Positive,2021
1469,1980,Male,Construction,Managers - Specialist Managers,More than 200,Yes,Group household,Between 1 and 5 years,Metro,90%,10%,10%,Strongly agree,Strongly agree,Strongly agree,Strongly agree,Somewhat agree,10%,10%,Somewhat unlikely,Somewhat unlikely,Somewhat unlikely,I’m 10% less productive when working remotely,1.0,10.0,1.0,5.0,0.0,12.0,1.0,4.0,Neither agree nor disagree,Neither agree nor disagree,Somewhat disagree,Somewhat Positive,2021
1470,1983,Female,Administrative and Support,Clerical and administrative workers - General Clerical Workers,More than 200,No,Couple with dependent children,Between 1 and 5 years,Regional,30%,100% - All of my time,Less than 10% of my time,Somewhat agree,Somewhat agree,Strongly agree,Somewhat disagree,Strongly agree,100% - All of my time,100% - All of my time,Neither unlikely or likely,Neither unlikely or likely,Very unlikely,I’m 50% more productive when working remotely (or more),2.0,8.0,3.0,4.0,0.0,8.0,3.0,5.0,Strongly agree,Strongly agree,Neither agree nor disagree,Strongly Negative,2021
1471,1993,Female,Other Services,"Professionals - Design, Engineering, Science and Transport Professionals",More than 200,No,Single person,Between 1 and 5 years,Metro,10%,10%,Less than 10% of my time,Strongly agree,Neither agree nor disagree,Strongly agree,Somewhat agree,Somewhat disagree,I would not have preferred to work remotely,10%,Somewhat likely,Somewhat likely,Neither unlikely or likely,I’m 20% less productive when working remotely,2.0,8.0,3.0,2.0,0.0,9.0,3.0,3.0,Somewhat agree,Somewhat agree,Strongly agree,Somewhat Positive,2021
1472,1999,Female,"Agriculture, Forestry and Fishing","Managers - Chief Executives, General Managers and Legislators",I am a sole trader/owner-operator,Yes,Couple with no dependent children,Between 6 and 12 months,Regional,Less than 10% of my time,30%,20%,Neither agree nor disagree,Neither agree nor disagree,Somewhat disagree,Neither agree nor disagree,Somewhat agree,20%,100% - All of my time,Neither unlikely or likely,Somewhat likely,Somewhat likely,I’m 30% less productive when working remotely,5.0,3.0,9.0,6.0,5.0,6.0,8.0,3.0,Neither agree nor disagree,Strongly agree,Strongly disagree,Neither positive nor negative,2021
1473,1987,Female,Administrative and Support,Clerical and administrative workers - Office Managers and Program Administrators,Between 5 and 19,No,Couple with dependent children,More than 5 years,Metro,80%,80%,80%,Neither agree nor disagree,Strongly agree,Somewhat disagree,Strongly agree,Strongly agree,80%,80%,Neither unlikely or likely,Very likely,Very likely,I’m 10% less productive when working remotely,1.0,5.0,4.0,5.0,1.0,3.0,3.0,8.0,Neither agree nor disagree,Somewhat disagree,Neither agree nor disagree,Strongly Positive,2021
1474,1981,Female,Construction,"Managers - Hospitality, Retail and Service Managers",Between 20 and 199,Yes,Couple with dependent children,Between 6 and 12 months,Metro,60%,20%,30%,Strongly agree,Strongly agree,Strongly agree,Neither agree nor disagree,Strongly agree,20%,10%,Somewhat likely,Very likely,Somewhat unlikely,I’m 10% less productive when working remotely,1.0,8.0,4.0,4.0,1.0,8.0,4.0,4.0,Neither agree nor disagree,Neither agree nor disagree,Somewhat disagree,Neither positive nor negative,2021
1475,1991,Female,Education and Training,"Professionals - Business, Human Resource and Marketing Professionals",Between 5 and 19,No,Group household,More than 5 years,Metro,20%,50% - About half of my time,20%,Neither agree nor disagree,Somewhat agree,Strongly agree,Neither agree nor disagree,Somewhat agree,50% - About half of my time,50% - About half of my time,Very unlikely,Very unlikely,Very unlikely,I’m 30% more productive when working remotely,1.5,7.0,1.0,5.5,0.5,7.0,2.0,5.5,Somewhat agree,Somewhat disagree,Somewhat agree,Neither positive nor negative,2021
1476,1978,Female,Other Services,Clerical and administrative workers - Numerical Clerks,More than 200,No,Couple with dependent children,More than 5 years,Metro,100% - I spent all of my time remote working,100% - All of my time,80%,Strongly agree,Strongly agree,Strongly agree,Strongly agree,Strongly agree,80%,80%,Neither unlikely or likely,Somewhat likely,Somewhat likely,I’m 10% more productive when working remotely,1.0,8.0,3.0,2.0,,9.0,3.0,2.0,Somewhat agree,Somewhat disagree,Somewhat agree,Strongly Positive,2021
1477,1988,Female,Health Care and Social Assistance,Sales workers - Sales Representatives and Agents,More than 200,No,Couple with no dependent children,More than 5 years,Regional,90%,100% - All of my time,100% - I spent all of my time remote working,Strongly agree,Strongly agree,Strongly agree,Strongly agree,Strongly agree,100% - All of my time,100% - All of my time,Very likely,Neither unlikely or likely,Very likely,My productivity is about same when I work remotely,3.0,3.0,1.0,9.0,0.0,3.0,1.0,12.0,Neither agree nor disagree,Neither agree nor disagree,Neither agree nor disagree,Strongly Positive,2021
1478,1993,Male,Education and Training,Managers - Specialist Managers,Between 5 and 19,No,Single person,Between 1 and 5 years,Metro,Rarely or never,10%,20%,Somewhat agree,Somewhat agree,Somewhat agree,Somewhat agree,Somewhat agree,10%,20%,Somewhat unlikely,Somewhat likely,Neither unlikely or likely,I’m 40% more productive when working remotely,10.0,5.0,3.0,6.0,6.0,6.0,0.0,6.0,Neither agree nor disagree,Somewhat disagree,Somewhat agree,Somewhat Positive,2021
1479,1977,Male,Other Services,Professionals - ICT Professionals,More than 200,No,Couple with dependent children,More than 5 years,Regional,20%,20%,20%,Strongly agree,Neither agree nor disagree,Neither agree nor disagree,Somewhat agree,Neither agree nor disagree,20%,20%,Neither unlikely or likely,Neither unlikely or likely,Neither unlikely or likely,I’m 10% more productive when working remotely,1.25,8.0,4.0,2.75,0.0,8.5,4.0,3.5,Somewhat agree,Somewhat agree,Somewhat disagree,Somewhat Positive,2021
1480,1980,Male,Health Care and Social Assistance,Professionals - Health Professionals,Between 20 and 199,No,Couple with dependent children,Between 1 and 5 years,Metro,Less than 10% of my time,10%,Less than 10% of my time,Somewhat disagree,Somewhat disagree,Somewhat disagree,Somewhat disagree,Strongly disagree,20%,50% - About half of my time,Neither unlikely or likely,Neither unlikely or likely,Neither unlikely or likely,I’m 10% less productive when working remotely,5.0,8.0,4.0,0.0,1.0,8.0,3.0,4.0,Strongly agree,Strongly agree,Strongly disagree,Somewhat Negative,2021
1481,1978,Male,"Professional, Scientific and Technical",Clerical and administrative workers - Numerical Clerks,Between 20 and 199,No,Couple with dependent children,Between 1 and 5 years,Metro,70%,30%,70%,Neither agree nor disagree,Somewhat agree,Somewhat agree,Neither agree nor disagree,Strongly agree,30%,30%,Somewhat unlikely,Somewhat likely,Somewhat likely,I’m 10% less productive when working remotely,2.0,8.0,3.0,4.0,3.0,8.0,3.0,3.0,Somewhat disagree,Somewhat disagree,Strongly agree,Somewhat Positive,2021
1482,1993,Female,Health Care and Social Assistance,"Managers - Chief Executives, General Managers and Legislators",Between 5 and 19,Yes,Couple with no dependent children,Between 1 and 5 years,Regional,80%,90%,70%,Strongly agree,Somewhat agree,Somewhat disagree,Somewhat agree,Somewhat disagree,90%,80%,Somewhat unlikely,Somewhat unlikely,Somewhat unlikely,I’m 10% more productive when working remotely,1.0,9.0,3.0,3.0,0.5,10.0,2.5,2.0,Somewhat agree,Somewhat agree,Somewhat disagree,Somewhat Positive,2021
1483,1980,Male,Financial and Insurance,Managers - Farmers and Farm Managers,More than 200,Yes,Couple with dependent children,Between 1 and 5 years,Regional,30%,40%,30%,Somewhat agree,Neither agree nor disagree,Neither agree nor disagree,Strongly agree,Somewhat agree,40%,50% - About half of my time,Somewhat likely,Somewhat likely,Very likely,I’m 10% more productive when working remotely,6.0,8.0,1.0,5.0,1.0,3.0,5.0,6.0,Somewhat agree,Neither agree nor disagree,Strongly agree,Somewhat Positive,2021
1484,1993,Female,Health Care and Social Assistance,Community and personal service workers - Health and Welfare Support Workers,More than 200,No,Couple with dependent children,Between 1 and 5 years,Regional,20%,20%,Rarely or never,Strongly agree,Strongly agree,Neither agree nor disagree,Somewhat agree,Somewhat agree,20%,40%,Somewhat likely,Somewhat likely,Somewhat likely,I’m 40% more productive when working remotely,4.0,8.5,3.0,0.5,1.0,8.5,3.5,2.0,Somewhat agree,Somewhat agree,Somewhat agree,Strongly Positive,2021
1485,1989,Female,Financial and Insurance,Managers - Specialist Managers,More than 200,Yes,Couple with dependent children,More than 5 years,Regional,10%,70%,10%,Strongly disagree,Strongly disagree,Somewhat disagree,Strongly disagree,Somewhat agree,60%,50% - About half of my time,Somewhat unlikely,Somewhat unlikely,Somewhat unlikely,I’m 30% more productive when working remotely,3.0,8.0,3.0,2.0,0.5,8.0,3.0,4.5,Somewhat agree,Somewhat agree,Neither agree nor disagree,Somewhat Negative,2021
1486,1996,Female,Construction,Labourers - Construction and Mining Labourers,More than 200,No,Couple with dependent children,Between 1 and 5 years,Metro,100% - I spent all of my time remote working,100% - All of my time,100% - I spent all of my time remote working,Strongly agree,Strongly agree,Strongly agree,Strongly agree,Strongly agree,90%,100% - All of my time,Very likely,Very likely,Very likely,I’m 50% more productive when working remotely (or more),4.0,7.0,2.0,4.0,4.0,7.0,2.0,4.0,Strongly agree,Strongly agree,Strongly agree,Strongly Positive,2021
1487,1985,Male,Health Care and Social Assistance,Professionals - Health Professionals,More than 200,Yes,Couple with dependent children,More than 5 years,Metro,70%,70%,80%,Strongly agree,Strongly agree,Somewhat agree,Somewhat agree,Strongly agree,90%,90%,Very likely,Somewhat likely,Somewhat likely,I’m 40% more productive when working remotely,6.0,4.0,6.0,1.0,2.0,6.0,5.0,7.0,Neither agree nor disagree,Strongly agree,Somewhat agree,Strongly Positive,2021
1488,1987,Female,Health Care and Social Assistance,Professionals - Health Professionals,Between 5 and 19,No,Couple with no dependent children,Between 1 and 5 years,Metro,Less than 10% of my time,I would not have preferred to work remotely,Rarely or never,Neither agree nor disagree,Somewhat agree,Somewhat agree,Neither agree nor disagree,Strongly agree,I would not have preferred to work remotely,I would prefer not to work remotely,Very unlikely,Very unlikely,Very unlikely,I’m 20% less productive when working remotely,0.5,8.5,2.0,5.0,0.0,8.0,1.0,6.0,Somewhat agree,Strongly disagree,Somewhat disagree,Neither positive nor negative,2021
1489,1995,Female,Financial and Insurance,"Professionals - Design, Engineering, Science and Transport Professionals",More than 200,No,Single person,Between 6 and 12 months,Metro,90%,90%,90%,Strongly agree,Strongly agree,Strongly agree,Strongly agree,Somewhat agree,100% - All of my time,100% - All of my time,Neither unlikely or likely,Somewhat likely,Somewhat likely,I’m 20% more productive when working remotely,4.0,8.0,2.0,2.0,0.0,8.0,4.0,4.0,Strongly agree,Strongly agree,Somewhat agree,Strongly Positive,2021
1490,1993,Female,Administrative and Support,Clerical and administrative workers - Other Clerical and Administrative Workers,Between 20 and 199,No,Couple with dependent children,More than 5 years,Metro,50% - I spent about half of my time remote working,50% - About half of my time,50% - I spent about half of my time remote working,Neither agree nor disagree,Neither agree nor disagree,Neither agree nor disagree,Neither agree nor disagree,Neither agree nor disagree,50% - About half of my time,20%,Neither unlikely or likely,Neither unlikely or likely,Neither unlikely or likely,My productivity is about same when I work remotely,3.0,6.0,3.0,6.0,3.0,6.0,3.0,6.0,Neither agree nor disagree,Neither agree nor disagree,Neither agree nor disagree,Neither positive nor negative,2021
1491,1980,Female,Financial and Insurance,Clerical and administrative workers - Other Clerical and Administrative Workers,More than 200,No,Multiple family household,More than 5 years,Metro,50% - I spent about half of my time remote working,50% - About half of my time,50% - I spent about half of my time remote working,Strongly agree,Neither agree nor disagree,Strongly disagree,Somewhat agree,Strongly disagree,50% - About half of my time,50% - About half of my time,Somewhat likely,Somewhat likely,Very likely,My productivity is about same when I work remotely,0.5,8.0,2.0,6.5,0.5,5.0,2.0,9.5,Strongly disagree,Neither agree nor disagree,Neither agree nor disagree,Neither positive nor negative,2021
1492,1994,Female,Financial and Insurance,"Professionals - Business, Human Resource and Marketing Professionals",More than 200,No,Multiple family household,Between 1 and 5 years,Metro,100% - I spent all of my time remote working,100% - All of my time,90%,Strongly agree,Strongly agree,Strongly agree,Strongly agree,Somewhat agree,100% - All of my time,90%,Somewhat likely,Somewhat likely,Somewhat likely,I’m 30% more productive when working remotely,0.2,8.0,0.0,5.8,0.2,8.0,0.0,5.8,Somewhat agree,Strongly disagree,Somewhat agree,Strongly Positive,2021
1493,1986,Male,Information Media and Telecommunications,"Managers - Chief Executives, General Managers and Legislators",Between 20 and 199,Yes,Other one family household,More than 5 years,Metro,40%,40%,40%,Somewhat agree,Strongly agree,Somewhat agree,Strongly agree,Strongly agree,30%,90%,Very likely,Very likely,Somewhat likely,I’m 30% more productive when working remotely,2.0,2.0,4.0,8.0,4.0,6.0,6.0,2.0,Neither agree nor disagree,Somewhat agree,Neither agree nor disagree,Strongly Positive,2021
1494,1973,Female,Arts and Recreation,"Professionals - Business, Human Resource and Marketing Professionals",Between 20 and 199,No,Single person,Between 6 and 12 months,Metro,Less than 10% of my time,50% - About half of my time,Less than 10% of my time,Strongly disagree,Somewhat agree,Somewhat disagree,Somewhat disagree,Somewhat agree,50% - About half of my time,50% - About half of my time,Somewhat unlikely,Somewhat unlikely,Somewhat unlikely,My productivity is about same when I work remotely,1.5,8.0,3.0,4.5,0.0,8.0,4.0,5.0,Strongly agree,Somewhat agree,Somewhat agree,Neither positive nor negative,2021
1495,1994,Female,Manufacturing,Clerical and administrative workers - Office Managers and Program Administrators,More than 200,No,One parent family with dependent children,Between 6 and 12 months,Metro,90%,90%,90%,Somewhat agree,Somewhat agree,Somewhat agree,Somewhat agree,Strongly agree,90%,90%,Very likely,Very likely,Very likely,I’m 40% more productive when working remotely,2.0,8.0,4.0,2.0,2.0,8.0,3.0,3.0,Neither agree nor disagree,Neither agree nor disagree,Neither agree nor disagree,Strongly Positive,2021
1496,1988,Male,Manufacturing,Clerical and administrative workers - Office Managers and Program Administrators,More than 200,Yes,Couple with dependent children,Between 1 and 5 years,Metro,20%,20%,10%,Somewhat agree,Somewhat disagree,Somewhat agree,Neither agree nor disagree,Somewhat agree,20%,30%,Somewhat likely,Somewhat likely,Neither unlikely or likely,I’m 10% more productive when working remotely,2.0,8.0,6.0,4.0,1.0,8.0,7.0,2.0,Somewhat agree,Somewhat disagree,Neither agree nor disagree,Somewhat Positive,2021
1497,1990,Female,Mining,Clerical and administrative workers - Numerical Clerks,Between 5 and 19,Yes,Couple with dependent children,More than 5 years,Regional,50% - I spent about half of my time remote working,50% - About half of my time,40%,Somewhat agree,Somewhat agree,Somewhat agree,Somewhat agree,Somewhat agree,80%,20%,Neither unlikely or likely,Somewhat likely,Somewhat likely,I’m 20% more productive when working remotely,2.0,10.0,3.0,2.0,,10.0,2.0,4.0,Neither agree nor disagree,Somewhat agree,Somewhat disagree,Somewhat Positive,2021
1498,1995,Female,Financial and Insurance,"Professionals - Business, Human Resource and Marketing Professionals",More than 200,No,Couple with no dependent children,Between 6 and 12 months,Metro,100% - I spent all of my time remote working,70%,100% - I spent all of my time remote working,Strongly agree,Strongly agree,Strongly agree,Strongly agree,Strongly agree,70%,70%,Very likely,Very likely,Very likely,I’m 30% more productive when working remotely,2.0,9.0,3.0,2.0,0.0,8.0,4.0,3.0,Strongly agree,Strongly agree,Somewhat agree,Somewhat Positive,2021
1499,1976,Female,Manufacturing,Managers - Specialist Managers,More than 200,Yes,Couple with dependent children,More than 5 years,Metro,60%,80%,50% - I spent about half of my time remote working,Somewhat agree,Somewhat agree,Somewhat agree,Strongly agree,Strongly agree,80%,60%,Somewhat unlikely,Somewhat unlikely,Neither unlikely or likely,I’m 40% more productive when working remotely,0.5,8.0,3.0,6.5,0.0,9.0,3.0,6.0,Neither agree nor disagree,Strongly disagree,Neither agree nor disagree,Strongly Positive,2021
1500,1964,Female,Financial and Insurance,Clerical and administrative workers - Clerical and Office Support Workers,Between 20 and 199,No,Single person,More than 5 years,Metro,20%,50% - About half of my time,50% - I spent about half of my time remote working,Somewhat agree,Strongly agree,Somewhat agree,Strongly agree,Somewhat agree,50% - About half of my time,50% - About half of my time,Somewhat unlikely,Somewhat likely,Somewhat likely,I’m 50% more productive when working remotely (or more),1.0,8.0,3.0,5.0,1.0,8.0,3.0,5.0,Somewhat agree,Somewhat agree,Somewhat agree,Strongly Positive,2021
1501,1980,Female,Mining,"Managers - Chief Executives, General Managers and Legislators",More than 200,Yes,Group household,More than 5 years,Metro,100% - I spent all of my time remote working,100% - All of my time,20%,Neither agree nor disagree,Somewhat agree,Somewhat agree,Somewhat agree,Somewhat agree,50% - About half of my time,40%,Somewhat unlikely,Somewhat unlikely,Somewhat unlikely,My productivity is about same when I work remotely,2.5,10.0,1.0,2.5,0.0,13.0,1.0,3.0,Somewhat agree,Neither agree nor disagree,Somewhat agree,Somewhat Positive,2021
1502,1989,Female,Other Services,Managers - Specialist Managers,Between 20 and 199,Yes,Couple with dependent children,More than 5 years,Metro,Less than 10% of my time,50% - About half of my time,Less than 10% of my time,Somewhat disagree,Somewhat disagree,Somewhat agree,Neither agree nor disagree,Strongly agree,40%,60%,Neither unlikely or likely,Somewhat likely,Neither unlikely or likely,My productivity is about same when I work remotely,2.0,8.0,3.0,3.0,0.0,8.0,4.0,4.0,Somewhat agree,Strongly agree,Neither agree nor disagree,Somewhat Negative,2021
1503,1979,Male,Other Services,Clerical and administrative workers - Other Clerical and Administrative Workers,More than 200,No,Couple with dependent children,More than 5 years,Regional,100% - I spent all of my time remote working,100% - All of my time,100% - I spent all of my time remote working,Strongly agree,Strongly agree,Strongly agree,Strongly agree,Strongly agree,100% - All of my time,100% - All of my time,Somewhat likely,Somewhat likely,Somewhat unlikely,I’m 20% less productive when working remotely,1.0,11.0,2.0,2.0,0.0,12.0,2.0,2.0,Somewhat disagree,Somewhat disagree,Strongly agree,Strongly Positive,2021
1504,1974,Male,Construction,Technicians and trades workers - Construction Trades Workers,Between 1 and 4,Yes,Couple with dependent children,Between 6 and 12 months,Metro,Rarely or never,50% - About half of my time,30%,Neither agree nor disagree,Somewhat disagree,Somewhat disagree,Somewhat disagree,Neither agree nor disagree,40%,30%,Somewhat unlikely,Somewhat unlikely,Neither unlikely or likely,I’m 40% more productive when working remotely,1.0,1.0,1.0,1.0,,24.0,,,Somewhat disagree,Somewhat disagree,Neither agree nor disagree,Somewhat Negative,2021
1505,1989,Male,Financial and Insurance,"Professionals - Business, Human Resource and Marketing Professionals",More than 200,Yes,Couple with no dependent children,Between 1 and 5 years,Metro,60%,50% - About half of my time,40%,Neither agree nor disagree,Neither agree nor disagree,Neither agree nor disagree,Neither agree nor disagree,Neither agree nor disagree,30%,30%,Somewhat likely,Neither unlikely or likely,Neither unlikely or likely,I’m 40% more productive when working remotely,1.0,10.0,2.0,4.0,1.0,10.0,2.0,4.0,Somewhat agree,Somewhat agree,Somewhat agree,Neither positive nor negative,2021
1506,1987,Female,Mining,Clerical and administrative workers - Office Managers and Program Administrators,More than 200,Yes,Couple with dependent children,Between 6 and 12 months,Regional,20%,20%,20%,Somewhat agree,Somewhat agree,Somewhat agree,Neither agree nor disagree,Neither agree nor disagree,20%,20%,Somewhat likely,Somewhat likely,Neither unlikely or likely,I’m 20% more productive when working remotely,1.0,8.0,4.0,3.0,0.0,8.0,5.0,3.0,Somewhat agree,Neither agree nor disagree,Somewhat agree,Somewhat Positive,2021
1507,1963,Female,Health Care and Social Assistance,"Managers - Hospitality, Retail and Service Managers",More than 200,Yes,Multiple family household,More than 5 years,Metro,20%,50% - About half of my time,20%,Somewhat disagree,Somewhat agree,Strongly disagree,Somewhat agree,Somewhat agree,50% - About half of my time,50% - About half of my time,Somewhat likely,Somewhat likely,Somewhat unlikely,I’m 50% more productive when working remotely (or more),2.0,9.0,2.0,4.0,0.0,10.0,3.0,4.0,Strongly agree,Strongly disagree,Neither agree nor disagree,Somewhat Positive,2021
1508,1995,Male,Wholesale Trade,"Managers - Chief Executives, General Managers and Legislators",Between 5 and 19,Yes,Couple with dependent children,Between 1 and 5 years,Metro,30%,40%,30%,Neither agree nor disagree,Somewhat agree,Neither agree nor disagree,Somewhat agree,Somewhat agree,30%,30%,Somewhat likely,Neither unlikely or likely,Somewhat likely,I’m 30% more productive when working remotely,2.0,8.0,4.0,3.0,3.0,8.0,3.0,3.0,Neither agree nor disagree,Somewhat agree,Somewhat agree,Somewhat Positive,2021
1509,1993,Female,Health Care and Social Assistance,Professionals - Health Professionals,Between 5 and 19,Yes,Multiple family household,More than 5 years,Metro,Less than 10% of my time,I would not have preferred to work remotely,Less than 10% of my time,Somewhat disagree,Somewhat disagree,Strongly disagree,Neither agree nor disagree,Neither agree nor disagree,I would not have preferred to work remotely,I would prefer not to work remotely,Very unlikely,Very unlikely,Very unlikely,My productivity is about same when I work remotely,3.0,10.0,2.0,2.0,1.0,8.0,3.0,4.0,Neither agree nor disagree,Somewhat agree,Neither agree nor disagree,Neither positive nor negative,2021
1510,1979,Female,Administrative and Support,Clerical and administrative workers - Clerical and Office Support Workers,Between 20 and 199,No,One parent family with dependent children,More than 5 years,Regional,Rarely or never,100% - All of my time,Rarely or never,Strongly disagree,Strongly disagree,Strongly disagree,Strongly disagree,Strongly agree,90%,90%,Very unlikely,Very unlikely,Very unlikely,My productivity is about same when I work remotely,3.0,7.0,4.0,2.0,1.0,7.0,4.0,4.0,Strongly agree,Strongly agree,Strongly disagree,Somewhat Negative,2021
1511,1965,Female,Education and Training,"Managers - Chief Executives, General Managers and Legislators",Between 1 and 4,Yes,Couple with no dependent children,More than 5 years,Metro,Less than 10% of my time,Less than 10% of my time,Less than 10% of my time,Somewhat agree,Somewhat agree,Somewhat agree,Strongly agree,Somewhat agree,Less than 10% of my time,Less than 10% of my time,Somewhat likely,Somewhat likely,Somewhat likely,My productivity is about same when I work remotely,1.0,7.0,4.0,4.0,0.5,7.0,4.0,4.5,Neither agree nor disagree,Neither agree nor disagree,Neither agree nor disagree,Somewhat Positive,2021
1512,1987,Female,Mining,Clerical and administrative workers - Office Managers and Program Administrators,More than 200,No,Couple with dependent children,Between 1 and 5 years,Regional,20%,20%,20%,Neither agree nor disagree,Neither agree nor disagree,Somewhat agree,Neither agree nor disagree,Neither agree nor disagree,20%,20%,Somewhat likely,Somewhat likely,Somewhat likely,I’m 20% more productive when working remotely,1.0,8.0,4.0,3.0,0.0,8.0,5.0,3.0,Somewhat agree,Somewhat agree,Neither agree nor disagree,Somewhat Positive,2021
